<?xml version="1.0" encoding="UTF-8"?>
<gpx version="1.1" creator="velo-build_pch_route" xmlns="http://www.topografix.com/GPX/1/1" xmlns:xsi="http://www.w3.org/2001/XMLSchema-instance" xsi:schemaLocation="http://www.topografix.com/GPX/1/1 http://www.topografix.com/GPX/1/1/gpx.xsd">
  <metadata>
    <name>Day 2 - Limekiln State Park to Refugio State Beach (with waypoints)</name>
    <desc>The southern Big Sur coast (Kirk Creek, Gorda, Ragged Point), the elephant seals at Piedras Blancas, Cambria and Morro Bay, inland to San Luis Obispo, down the dunes through Guadalupe to Lompoc, over the Santa Rosa Hills to Las Cruces and out to the Gaviota coast.</desc>
    <time>2026-08-07T22:16:52Z</time>
  </metadata>
  <wpt lat="36.010023" lon="-121.518095">
    <ele>36.0</ele>
    <name>0km Limekiln State Park Campground</name>
    <desc>OSM campground (way/222438819); fee=yes</desc>
    <sym>Campground</sym>
    <type>camp</type>
  </wpt>
  <wpt lat="36.010590" lon="-121.518541">
    <ele>31.0</ele>
    <name>0km (toilets)</name>
    <desc>OSM toilets (node/9454049966)</desc>
    <sym>Restroom</sym>
    <type>toilet</type>
  </wpt>
  <wpt lat="36.010526" lon="-121.518493">
    <ele>31.0</ele>
    <name>0km (drinking water)</name>
    <desc>OSM drinking water (node/4581447538)</desc>
    <sym>Drinking Water</sym>
    <type>water</type>
  </wpt>
  <wpt lat="36.009980" lon="-121.518350">
    <ele>30.0</ele>
    <name>0km Limekiln SP - NIGHT 1 (hike/bike $5)</name>
    <desc>NIGHT 1 (if booking rather than camping wild). Reopened to camping 1 Apr 2026 after the Highway 1 slide closures. Hike/bike site $5/night; you must arrive on foot or by bike (no vehicle) and may stay a maximum of 2 consecutive nights. Fresh water, token hot showers ($1 / 5 min), toilets. Check-in 14:00, check-out 12:00. Sites 1-29 (Beach 1-12, Redwood 13-29). CRITICAL: California State Parks states 'Reservations are strongly encouraged for all campsites. There are no first-come, first-served campsites.' Do NOT plan to walk up. ReserveCalifornia 800-444-7275. SRC parks.ca.gov/?page_id=31154</desc>
    <sym>Campground</sym>
    <type>camp</type>
  </wpt>
  <wpt lat="36.009276" lon="-121.518805">
    <ele>24.0</ele>
    <name>0km (toilets)</name>
    <desc>OSM toilets (way/796353595)</desc>
    <sym>Restroom</sym>
    <type>toilet</type>
  </wpt>
  <wpt lat="36.015709" lon="-121.498476">
    <ele>51.0</ele>
    <name>1km Espinosa Camp</name>
    <desc>OSM campground (node/3164155348)</desc>
    <sym>Campground</sym>
    <type>camp</type>
  </wpt>
  <wpt lat="35.990843" lon="-121.496124">
    <ele>71.0</ele>
    <name>3km (toilets)</name>
    <desc>OSM toilets (node/9454049965)</desc>
    <sym>Restroom</sym>
    <type>toilet</type>
  </wpt>
  <wpt lat="35.990156" lon="-121.495926">
    <ele>60.0</ele>
    <name>3km Kirk Creek Campground</name>
    <desc>OSM campground (way/222438818); drinking_water=no; fee=yes; operator=U.S. Forest Service; toilets=yes</desc>
    <sym>Campground</sym>
    <type>camp</type>
  </wpt>
  <wpt lat="35.989930" lon="-121.495709">
    <ele>60.0</ele>
    <name>3km (toilets)</name>
    <desc>OSM toilets (node/2330796916)</desc>
    <sym>Restroom</sym>
    <type>toilet</type>
  </wpt>
  <wpt lat="35.989160" lon="-121.495570">
    <ele>58.0</ele>
    <name>3km Kirk Creek Campground (USFS) - fallback</name>
    <desc>3.5 km SOUTH of Limekiln, on the ocean bluff where Nacimiento-Fergusson Road meets Highway 1. USFS Los Padres, recreation.gov. The obvious fallback if Limekiln has no bed. VERIFY hiker/biker availability and whether any sites are held back for walk-ups - USFS policy differs from State Parks. No potable water historically; carry what you need.</desc>
    <sym>Campground</sym>
    <type>camp</type>
  </wpt>
  <wpt lat="35.987449" lon="-121.483647">
    <ele>30.0</ele>
    <name>4km (campground)</name>
    <desc>OSM campground (node/5883278086)</desc>
    <sym>Campground</sym>
    <type>camp</type>
  </wpt>
  <wpt lat="35.983496" lon="-121.491910">
    <ele>27.0</ele>
    <name>4km (toilets)</name>
    <desc>OSM toilets (node/9454049967)</desc>
    <sym>Restroom</sym>
    <type>toilet</type>
  </wpt>
  <wpt lat="35.932883" lon="-121.468238">
    <ele>51.0</ele>
    <name>10km (drinking water)</name>
    <desc>OSM drinking water (node/11333692369)</desc>
    <sym>Drinking Water</sym>
    <type>water</type>
  </wpt>
  <wpt lat="35.921667" lon="-121.466502">
    <ele>55.0</ele>
    <name>12km (toilets)</name>
    <desc>OSM toilets (node/2611711835)</desc>
    <sym>Restroom</sym>
    <type>toilet</type>
  </wpt>
  <wpt lat="35.920000" lon="-121.465000">
    <ele>62.0</ele>
    <name>12km INFO Regent's Slide - reopened, monitored</name>
    <desc>The slide that closed Big Sur for two years. Highway 1 reopened here on 14 January 2026, about 90 days early, after an $82 million repair. Caltrans calls the slope stable and monitors it continuously (prisms, accelerometer arrays, inclinometers, drone survey, piezometers). This is why the ride is possible at all in 2026 - and why you check QuickMap before departing anyway. Position approximate. SRC gov.ca.gov 14 Jan 2026 / Caltrans D5</desc>
    <sym>Flag, Blue</sym>
    <type>info</type>
  </wpt>
  <wpt lat="35.918776" lon="-121.466794">
    <ele>61.0</ele>
    <name>12km Hike &amp; Bike. Plaskett Creek Campground</name>
    <desc>OSM campground (node/6532838286); opening_hours=24/7; phone=+1-805-434-1996</desc>
    <sym>Campground</sym>
    <type>camp</type>
  </wpt>
  <wpt lat="35.917880" lon="-121.466421">
    <ele>61.0</ele>
    <name>12km Plaskett Creek Campground</name>
    <desc>OSM campground (way/255485280); phone=+1-805-434-1996</desc>
    <sym>Campground</sym>
    <type>camp</type>
  </wpt>
  <wpt lat="35.918565" lon="-121.466323">
    <ele>61.0</ele>
    <name>12km Plasket Creek</name>
    <desc>OSM toilets (node/6532838485); opening_hours=24/7; operator=Plasket Creek</desc>
    <sym>Restroom</sym>
    <type>toilet</type>
  </wpt>
  <wpt lat="35.918382" lon="-121.465833">
    <ele>61.0</ele>
    <name>12km (drinking water)</name>
    <desc>OSM drinking water (node/2710018892)</desc>
    <sym>Drinking Water</sym>
    <type>water</type>
  </wpt>
  <wpt lat="35.917880" lon="-121.466650">
    <ele>61.0</ele>
    <name>12km Plaskett Creek Campground (USFS)</name>
    <desc>12.5 km south of Limekiln, across Highway 1 from Sand Dollar Beach. USFS, recreation.gov. Second fallback south of Limekiln. VERIFY water.</desc>
    <sym>Campground</sym>
    <type>camp</type>
  </wpt>
  <wpt lat="35.917359" lon="-121.467129">
    <ele>62.0</ele>
    <name>12km Plasket Creek Campground</name>
    <desc>OSM toilets (node/6532816796); opening_hours=24/7; operator=Plasket Creek Campground</desc>
    <sym>Restroom</sym>
    <type>toilet</type>
  </wpt>
  <wpt lat="35.917678" lon="-121.467551">
    <ele>62.0</ele>
    <name>12km (drinking water)</name>
    <desc>OSM drinking water (node/2710018880)</desc>
    <sym>Drinking Water</sym>
    <type>water</type>
  </wpt>
  <wpt lat="35.916428" lon="-121.467357">
    <ele>62.0</ele>
    <name>12km Plaskett Creek Group Campground</name>
    <desc>OSM campground (way/265336158)</desc>
    <sym>Campground</sym>
    <type>camp</type>
  </wpt>
  <wpt lat="35.915942" lon="-121.467405">
    <ele>66.0</ele>
    <name>12km (toilets)</name>
    <desc>OSM toilets (node/2710018860)</desc>
    <sym>Restroom</sym>
    <type>toilet</type>
  </wpt>
  <wpt lat="35.915906" lon="-121.467484">
    <ele>66.0</ele>
    <name>12km (drinking water)</name>
    <desc>OSM drinking water (node/2710018859)</desc>
    <sym>Drinking Water</sym>
    <type>water</type>
  </wpt>
  <wpt lat="35.893694" lon="-121.461187">
    <ele>42.0</ele>
    <name>15km (toilets)</name>
    <desc>OSM toilets (node/1365575873)</desc>
    <sym>Restroom</sym>
    <type>toilet</type>
  </wpt>
  <wpt lat="35.884270" lon="-121.455330">
    <ele>90.0</ele>
    <name>16km Treebones Resort (yurts)</name>
    <desc>South of Limekiln on day 2. Yurts with real beds. The plan notes a two-night minimum, which usually rules it out for a through-ride - VERIFY, they sometimes release single nights late.</desc>
    <sym>Lodging</sym>
    <type>lodging</type>
  </wpt>
  <wpt lat="35.876616" lon="-121.446145">
    <ele>105.0</ele>
    <name>18km Gorda General Store</name>
    <desc>OSM convenience (node/6344833297)</desc>
    <sym>Convenience Store</sym>
    <type>food</type>
  </wpt>
  <wpt lat="35.876124" lon="-121.445863">
    <ele>107.0</ele>
    <name>18km (fuel+shop)</name>
    <desc>OSM fuel+shop (node/1365587647)</desc>
    <sym>Gas Station</sym>
    <type>food</type>
  </wpt>
  <wpt lat="35.876410" lon="-121.446140">
    <ele>107.0</ele>
    <name>18km Gorda Springs Resort (cabins) + store + fuel</name>
    <desc>Cabins, and one of only a handful of shops on this coast. Not bookable online in practice - the plan says call 805-924-1825. VERIFY the number before relying on it.</desc>
    <sym>Lodging</sym>
    <type>lodging</type>
  </wpt>
  <wpt lat="35.876410" lon="-121.446140">
    <ele>107.0</ele>
    <name>18km SERVICES Gorda Springs - store + fuel</name>
    <desc>20 km south of Limekiln. Small store and fuel; famously expensive. On day 2 this is your first resupply chance after camp.</desc>
    <sym>Convenience Store</sym>
    <type>services</type>
  </wpt>
  <wpt lat="35.839857" lon="-121.377164">
    <ele>181.0</ele>
    <name>25km Buckeye Camp</name>
    <desc>OSM campground (node/549024885); access=yes; fee=no</desc>
    <sym>Campground</sym>
    <type>camp</type>
  </wpt>
  <wpt lat="35.840848" lon="-121.378320">
    <ele>181.0</ele>
    <name>25km North Buckeye Camp</name>
    <desc>OSM campground (node/2866684419); access=yes; fee=no; operator=Los Padres National Forest</desc>
    <sym>Campground</sym>
    <type>camp</type>
  </wpt>
  <wpt lat="35.837633" lon="-121.380721">
    <ele>181.0</ele>
    <name>25km (campground)</name>
    <desc>OSM campground (node/9044792596)</desc>
    <sym>Campground</sym>
    <type>camp</type>
  </wpt>
  <wpt lat="35.840507" lon="-121.377685">
    <ele>181.0</ele>
    <name>25km Los Padres National Forest</name>
    <desc>OSM campground (node/9706524585); access=yes; fee=no; operator=Los Padres National Forest</desc>
    <sym>Campground</sym>
    <type>camp</type>
  </wpt>
  <wpt lat="35.781450" lon="-121.329983">
    <ele>107.0</ele>
    <name>36km MiniMart</name>
    <desc>OSM convenience (node/4744364988)</desc>
    <sym>Convenience Store</sym>
    <type>food</type>
  </wpt>
  <wpt lat="35.780720" lon="-121.330830">
    <ele>101.0</ele>
    <name>36km Ragged Point Inn (39 rooms) + market + fuel</name>
    <desc>39 conventional rooms, restaurant, market and fuel at the south end of the Big Sur cliffs - the most reliable indoor bed on the coast, but as a day-1 finish it makes for a ~333 km day. Last real services before San Simeon.</desc>
    <sym>Lodging</sym>
    <type>lodging</type>
  </wpt>
  <wpt lat="35.780720" lon="-121.330830">
    <ele>101.0</ele>
    <name>36km SERVICES Ragged Point - market + restaurant + fuel</name>
    <desc>39 km into day 2. The first substantial services since Big Sur Village and the last before San Simeon.</desc>
    <sym>Convenience Store</sym>
    <type>services</type>
  </wpt>
  <wpt lat="35.643811" lon="-121.187585">
    <ele>12.0</ele>
    <name>60km (toilets)</name>
    <desc>OSM toilets (node/1366792134)</desc>
    <sym>Restroom</sym>
    <type>toilet</type>
  </wpt>
  <wpt lat="35.614308" lon="-121.145563">
    <ele>19.0</ele>
    <name>65km Mini mart</name>
    <desc>OSM convenience (node/12823875473)</desc>
    <sym>Convenience Store</sym>
    <type>food</type>
  </wpt>
  <wpt lat="35.596940" lon="-121.125594">
    <ele>12.0</ele>
    <name>68km Hiker-Biker Campsite - San Simeon Creek</name>
    <desc>OSM campground (node/10902819188); access=yes; fee=yes</desc>
    <sym>Campground</sym>
    <type>camp</type>
  </wpt>
  <wpt lat="35.597617" lon="-121.123865">
    <ele>12.0</ele>
    <name>68km San Simeon Creek Campground</name>
    <desc>OSM campground (way/1117620313); opening_hours=Mo-Su 08:00-20:00</desc>
    <sym>Campground</sym>
    <type>camp</type>
  </wpt>
  <wpt lat="35.596798" lon="-121.124307">
    <ele>10.0</ele>
    <name>68km (toilets)</name>
    <desc>OSM toilets (way/179698131)</desc>
    <sym>Restroom</sym>
    <type>toilet</type>
  </wpt>
  <wpt lat="35.594638" lon="-121.124073">
    <ele>9.0</ele>
    <name>68km (toilets)</name>
    <desc>OSM toilets (node/8813137190)</desc>
    <sym>Restroom</sym>
    <type>toilet</type>
  </wpt>
  <wpt lat="35.594371" lon="-121.116010">
    <ele>10.0</ele>
    <name>68km San Simeon Creek Campground</name>
    <desc>OSM campground (way/38460775); fee=yes; phone=+1-805-927-2020; shower=yes</desc>
    <sym>Campground</sym>
    <type>camp</type>
  </wpt>
  <wpt lat="35.592350" lon="-121.124460">
    <ele>10.0</ele>
    <name>68km San Simeon Acres (motel strip)</name>
    <desc>Ordinary motels in numbers, 10 km south of the Hearst Castle entrance. The reliable indoor fallback if everything north of here has failed, but it turns day 1 into a ~365 km ride.</desc>
    <sym>Lodging</sym>
    <type>lodging</type>
  </wpt>
  <wpt lat="35.594576" lon="-121.111034">
    <ele>10.0</ele>
    <name>68km Washburn Campground</name>
    <desc>OSM campground (way/1117620315); drinking_water=yes; shower=no; toilets=yes</desc>
    <sym>Campground</sym>
    <type>camp</type>
  </wpt>
  <wpt lat="35.584637" lon="-121.121803">
    <ele>22.0</ele>
    <name>69km (drinking water)</name>
    <desc>OSM drinking water (node/1484890224)</desc>
    <sym>Drinking Water</sym>
    <type>water</type>
  </wpt>
  <wpt lat="35.582276" lon="-121.120295">
    <ele>14.0</ele>
    <name>70km (toilets)</name>
    <desc>OSM toilets (node/1485048493)</desc>
    <sym>Restroom</sym>
    <type>toilet</type>
  </wpt>
  <wpt lat="35.581941" lon="-121.120969">
    <ele>14.0</ele>
    <name>70km (drinking water)</name>
    <desc>OSM drinking water (node/1484915566)</desc>
    <sym>Drinking Water</sym>
    <type>water</type>
  </wpt>
  <wpt lat="35.581680" lon="-121.120300">
    <ele>14.0</ele>
    <name>70km (drinking water)</name>
    <desc>OSM drinking water (node/1484915576)</desc>
    <sym>Drinking Water</sym>
    <type>water</type>
  </wpt>
  <wpt lat="35.568767" lon="-121.102256">
    <ele>10.0</ele>
    <name>72km Old Cambria Market Place</name>
    <desc>OSM convenience (node/1485703332)</desc>
    <sym>Convenience Store</sym>
    <type>food</type>
  </wpt>
  <wpt lat="35.566169" lon="-121.098685">
    <ele>13.0</ele>
    <name>72km Cambria General Store</name>
    <desc>OSM fuel+shop (node/1485265749)</desc>
    <sym>Gas Station</sym>
    <type>food</type>
  </wpt>
  <wpt lat="35.563192" lon="-121.091926">
    <ele>29.0</ele>
    <name>73km Cookie Crock Market</name>
    <desc>OSM supermarket (node/2169219434); website=https://www.cookiecrock.com/</desc>
    <sym>Shopping Center</sym>
    <type>food</type>
  </wpt>
  <wpt lat="35.561741" lon="-121.085270">
    <ele>23.0</ele>
    <name>73km (toilets)</name>
    <desc>OSM toilets (way/1463210742)</desc>
    <sym>Restroom</sym>
    <type>toilet</type>
  </wpt>
  <wpt lat="35.563628" lon="-121.082983">
    <ele>28.0</ele>
    <name>74km Chevron</name>
    <desc>OSM fuel+shop (way/135307482)</desc>
    <sym>Gas Station</sym>
    <type>food</type>
  </wpt>
  <wpt lat="35.563302" lon="-121.083157">
    <ele>28.0</ele>
    <name>74km (toilets)</name>
    <desc>OSM toilets (node/3070912892)</desc>
    <sym>Restroom</sym>
    <type>toilet</type>
  </wpt>
  <wpt lat="35.564021" lon="-121.082037">
    <ele>25.0</ele>
    <name>74km Soto's Market</name>
    <desc>OSM convenience (node/1485252127)</desc>
    <sym>Convenience Store</sym>
    <type>food</type>
  </wpt>
  <wpt lat="35.560756" lon="-121.077040">
    <ele>74.0</ele>
    <name>75km (toilets)</name>
    <desc>OSM toilets (way/346082390)</desc>
    <sym>Restroom</sym>
    <type>toilet</type>
  </wpt>
  <wpt lat="35.560349" lon="-121.076118">
    <ele>88.0</ele>
    <name>75km (toilets)</name>
    <desc>OSM toilets (way/346082388)</desc>
    <sym>Restroom</sym>
    <type>toilet</type>
  </wpt>
  <wpt lat="35.508642" lon="-121.022851">
    <ele>62.0</ele>
    <name>82km (toilets)</name>
    <desc>OSM toilets (node/7771003772)</desc>
    <sym>Restroom</sym>
    <type>toilet</type>
  </wpt>
  <wpt lat="35.449007" lon="-120.906010">
    <ele>8.0</ele>
    <name>96km (toilets)</name>
    <desc>OSM toilets (node/2011431101)</desc>
    <sym>Restroom</sym>
    <type>toilet</type>
  </wpt>
  <wpt lat="35.435295" lon="-120.887811">
    <ele>9.0</ele>
    <name>98km (toilets)</name>
    <desc>OSM toilets (way/319785786); access=yes</desc>
    <sym>Restroom</sym>
    <type>toilet</type>
  </wpt>
  <wpt lat="35.421079" lon="-120.876075">
    <ele>12.0</ele>
    <name>100km (fuel+shop)</name>
    <desc>OSM fuel+shop (node/11151868830)</desc>
    <sym>Gas Station</sym>
    <type>food</type>
  </wpt>
  <wpt lat="35.400677" lon="-120.867059">
    <ele>16.0</ele>
    <name>102km (toilets)</name>
    <desc>OSM toilets (way/205260708); access=yes</desc>
    <sym>Restroom</sym>
    <type>toilet</type>
  </wpt>
  <wpt lat="35.400344" lon="-120.866818">
    <ele>14.0</ele>
    <name>102km Morro Strand State Beach Campground</name>
    <desc>OSM campground (way/190787466); access=yes; fee=yes; operator=California Department of Parks and Recreation; phone=+1-805-772-8812; website=https://www.parks.ca.gov/?page_id=593</desc>
    <sym>Campground</sym>
    <type>camp</type>
  </wpt>
  <wpt lat="35.389951" lon="-120.857248">
    <ele>10.0</ele>
    <name>104km Spencer's Fresh Market</name>
    <desc>OSM supermarket (way/166142420)</desc>
    <sym>Shopping Center</sym>
    <type>food</type>
  </wpt>
  <wpt lat="35.388585" lon="-120.860255">
    <ele>10.0</ele>
    <name>104km (toilets)</name>
    <desc>OSM toilets (way/164971575)</desc>
    <sym>Restroom</sym>
    <type>toilet</type>
  </wpt>
  <wpt lat="35.380033" lon="-120.854467">
    <ele>10.0</ele>
    <name>105km Chevron</name>
    <desc>OSM fuel+shop (way/381371481); operator=Chevron</desc>
    <sym>Gas Station</sym>
    <type>food</type>
  </wpt>
  <wpt lat="35.377853" lon="-120.860624">
    <ele>10.0</ele>
    <name>105km Morro Dunes RV Park</name>
    <desc>OSM campground (way/164559026); phone=+1-805-772-2722; website=https://morrodunes.com/</desc>
    <sym>Campground</sym>
    <type>camp</type>
  </wpt>
  <wpt lat="35.369390" lon="-120.850941">
    <ele>25.0</ele>
    <name>106km (toilets)</name>
    <desc>OSM toilets (way/310109853); phone=+1-805-772-2515</desc>
    <sym>Restroom</sym>
    <type>toilet</type>
  </wpt>
  <wpt lat="35.367499" lon="-120.844438">
    <ele>23.0</ele>
    <name>107km Albertsons</name>
    <desc>OSM supermarket (way/320121809); opening_hours=Mo-Su 06:00-23:00; phone=+1 805-772-0670; toilets=yes; website=https://local.albertsons.com/ca/morro-bay/730-quintana-rd.html</desc>
    <sym>Shopping Center</sym>
    <type>food</type>
  </wpt>
  <wpt lat="35.367587" lon="-120.854105">
    <ele>23.0</ele>
    <name>107km (drinking water)</name>
    <desc>OSM drinking water (node/9674865893); access=yes; fee=no</desc>
    <sym>Drinking Water</sym>
    <type>water</type>
  </wpt>
  <wpt lat="35.365784" lon="-120.852839">
    <ele>21.0</ele>
    <name>107km (toilets)</name>
    <desc>OSM toilets (way/163124127); fee=no</desc>
    <sym>Restroom</sym>
    <type>toilet</type>
  </wpt>
  <wpt lat="35.361479" lon="-120.847021">
    <ele>23.0</ele>
    <name>107km (toilets)</name>
    <desc>OSM toilets (way/381379364)</desc>
    <sym>Restroom</sym>
    <type>toilet</type>
  </wpt>
  <wpt lat="35.351206" lon="-120.841325">
    <ele>44.0</ele>
    <name>109km (toilets)</name>
    <desc>OSM toilets (way/326162832)</desc>
    <sym>Restroom</sym>
    <type>toilet</type>
  </wpt>
  <wpt lat="35.347957" lon="-120.839639">
    <ele>54.0</ele>
    <name>109km Hiker-Biker Campsite - Morro Bay SP</name>
    <desc>OSM campground (node/10902819189); access=yes; fee=yes</desc>
    <sym>Campground</sym>
    <type>camp</type>
  </wpt>
  <wpt lat="35.347103" lon="-120.839670">
    <ele>53.0</ele>
    <name>109km Morro Bay State Park</name>
    <desc>OSM campground (way/316595700); drinking_water=yes; fee=yes; phone=+1 805 772 2560; shower=yes; toilets=yes</desc>
    <sym>Campground</sym>
    <type>camp</type>
  </wpt>
  <wpt lat="35.349763" lon="-120.839095">
    <ele>54.0</ele>
    <name>109km (drinking water)</name>
    <desc>OSM drinking water (node/3327782980)</desc>
    <sym>Drinking Water</sym>
    <type>water</type>
  </wpt>
  <wpt lat="35.354962" lon="-120.834788">
    <ele>56.0</ele>
    <name>109km (toilets)</name>
    <desc>OSM toilets (way/326162833)</desc>
    <sym>Restroom</sym>
    <type>toilet</type>
  </wpt>
  <wpt lat="35.354937" lon="-120.834789">
    <ele>56.0</ele>
    <name>109km (drinking water)</name>
    <desc>OSM drinking water (node/3327783246)</desc>
    <sym>Drinking Water</sym>
    <type>water</type>
  </wpt>
  <wpt lat="35.342770" lon="-120.826020">
    <ele>9.0</ele>
    <name>112km Morro Bay SP campground</name>
    <desc>Day 2 escape hatch a third of the way in, if the day falls apart early. Has a hike/bike site. Water, showers.</desc>
    <sym>Campground</sym>
    <type>camp</type>
  </wpt>
  <wpt lat="35.311862" lon="-120.832629">
    <ele>39.0</ele>
    <name>116km Los Osos Mexican Market</name>
    <desc>OSM supermarket (node/2229328054)</desc>
    <sym>Shopping Center</sym>
    <type>food</type>
  </wpt>
  <wpt lat="35.310837" lon="-120.833501">
    <ele>41.0</ele>
    <name>116km Shell</name>
    <desc>OSM fuel+shop (way/158897138)</desc>
    <sym>Gas Station</sym>
    <type>food</type>
  </wpt>
  <wpt lat="35.311845" lon="-120.829992">
    <ele>42.0</ele>
    <name>116km Grocery Outlet</name>
    <desc>OSM supermarket (way/242400313); toilets=yes; website=https://www.haggen.com/</desc>
    <sym>Shopping Center</sym>
    <type>food</type>
  </wpt>
  <wpt lat="35.311277" lon="-120.826836">
    <ele>50.0</ele>
    <name>117km Ralphs</name>
    <desc>OSM supermarket (node/1274889705); opening_hours=Mo-Fr 09:00-21:00;Sa-Su 10:00-18:00; phone=+1 805-528-0244; toilets=yes; website=https://www.ralphs.com/stores/grocery/ca/los-osos/los-osos/703/00271</desc>
    <sym>Shopping Center</sym>
    <type>food</type>
  </wpt>
  <wpt lat="35.296169" lon="-120.675562">
    <ele>79.0</ele>
    <name>132km (toilets)</name>
    <desc>OSM toilets (way/366848630)</desc>
    <sym>Restroom</sym>
    <type>toilet</type>
  </wpt>
  <wpt lat="35.296236" lon="-120.674516">
    <ele>81.0</ele>
    <name>132km (toilets)</name>
    <desc>OSM toilets (way/366848629)</desc>
    <sym>Restroom</sym>
    <type>toilet</type>
  </wpt>
  <wpt lat="35.293278" lon="-120.673133">
    <ele>80.0</ele>
    <name>132km Foothill Cyclery</name>
    <desc>OSM bike shop (node/393024498); opening_hours=Mo-Fr 10:00-18:00; Sa 10:00-17:00; phone=+1-805-541-4101</desc>
    <sym>Mine</sym>
    <type>bikeshop</type>
  </wpt>
  <wpt lat="35.293088" lon="-120.673001">
    <ele>79.0</ele>
    <name>132km California Fresh Market</name>
    <desc>OSM supermarket (way/45599266); website=https://www.californiafreshmarket.com/StoreLocator/Store?L=131671&amp;M=&amp;From=&amp;S=</desc>
    <sym>Shopping Center</sym>
    <type>food</type>
  </wpt>
  <wpt lat="35.294863" lon="-120.669995">
    <ele>82.0</ele>
    <name>133km Lassens Natural Foods &amp; Vitamins</name>
    <desc>OSM supermarket (node/4446333908); website=https://www.lassens.com/</desc>
    <sym>Shopping Center</sym>
    <type>food</type>
  </wpt>
  <wpt lat="35.300420" lon="-120.658874">
    <ele>81.0</ele>
    <name>133km (bike shop)</name>
    <desc>OSM bike shop (node/6636002236)</desc>
    <sym>Mine</sym>
    <type>bikeshop</type>
  </wpt>
  <wpt lat="35.293741" lon="-120.668332">
    <ele>81.0</ele>
    <name>133km Shell</name>
    <desc>OSM fuel+shop (way/45599544)</desc>
    <sym>Gas Station</sym>
    <type>food</type>
  </wpt>
  <wpt lat="35.294405" lon="-120.668578">
    <ele>81.0</ele>
    <name>133km Chevron</name>
    <desc>OSM fuel+shop (way/45599610)</desc>
    <sym>Gas Station</sym>
    <type>food</type>
  </wpt>
  <wpt lat="35.290369" lon="-120.665130">
    <ele>72.0</ele>
    <name>133km (toilets)</name>
    <desc>OSM toilets (way/216532233); access=yes</desc>
    <sym>Restroom</sym>
    <type>toilet</type>
  </wpt>
  <wpt lat="35.288999" lon="-120.664923">
    <ele>72.0</ele>
    <name>134km (convenience)</name>
    <desc>OSM convenience (way/45630177)</desc>
    <sym>Convenience Store</sym>
    <type>food</type>
  </wpt>
  <wpt lat="35.289619" lon="-120.664363">
    <ele>72.0</ele>
    <name>134km (drinking water)</name>
    <desc>OSM drinking water (node/12922469269); access=yes; fee=no</desc>
    <sym>Drinking Water</sym>
    <type>water</type>
  </wpt>
  <wpt lat="35.283793" lon="-120.657711">
    <ele>74.0</ele>
    <name>134km Cambria Bicycle Outfitters</name>
    <desc>OSM bike shop (node/3857898565)</desc>
    <sym>Mine</sym>
    <type>bikeshop</type>
  </wpt>
  <wpt lat="35.282471" lon="-120.661453">
    <ele>74.0</ele>
    <name>134km (toilets)</name>
    <desc>OSM toilets (node/5396122562); access=yes</desc>
    <sym>Restroom</sym>
    <type>toilet</type>
  </wpt>
  <wpt lat="35.282875" lon="-120.662597">
    <ele>74.0</ele>
    <name>134km (toilets)</name>
    <desc>OSM toilets (node/11916074451)</desc>
    <sym>Restroom</sym>
    <type>toilet</type>
  </wpt>
  <wpt lat="35.279103" lon="-120.660620">
    <ele>68.0</ele>
    <name>135km Bike SLO County/SLO Bike Kitchen</name>
    <desc>OSM bike shop (node/4931258724)</desc>
    <sym>Mine</sym>
    <type>bikeshop</type>
  </wpt>
  <wpt lat="35.279165" lon="-120.660625">
    <ele>68.0</ele>
    <name>135km (toilets)</name>
    <desc>OSM toilets (node/9484032000)</desc>
    <sym>Restroom</sym>
    <type>toilet</type>
  </wpt>
  <wpt lat="35.279606" lon="-120.661522">
    <ele>68.0</ele>
    <name>135km (drinking water)</name>
    <desc>OSM drinking water (node/9666126070); fee=no</desc>
    <sym>Drinking Water</sym>
    <type>water</type>
  </wpt>
  <wpt lat="35.280313" lon="-120.662266">
    <ele>69.0</ele>
    <name>135km (drinking water)</name>
    <desc>OSM drinking water (node/9666126107); access=yes; fee=no</desc>
    <sym>Drinking Water</sym>
    <type>water</type>
  </wpt>
  <wpt lat="35.276320" lon="-120.654680">
    <ele>68.0</ele>
    <name>135km BAILOUT San Luis Obispo Amtrak</name>
    <desc>1011 Railroad Avenue. Coast Starlight AND Pacific Surfliner - the best bail-out on the whole route, and it sits directly on day 2 at km ~148. Surfliner has roll-on bicycle racks. VERIFY 2026 bike reservation rules.</desc>
    <sym>Car</sym>
    <type>bailout</type>
  </wpt>
  <wpt lat="35.279938" lon="-120.664574">
    <ele>68.0</ele>
    <name>135km (toilets)</name>
    <desc>OSM toilets (way/45638125); access=yes; fee=no</desc>
    <sym>Restroom</sym>
    <type>toilet</type>
  </wpt>
  <wpt lat="35.278003" lon="-120.664281">
    <ele>66.0</ele>
    <name>135km 7-Eleven</name>
    <desc>OSM convenience (node/2383837471); phone=+1 805-543-1331; website=https://www.7-eleven.com/locations/ca/san-luis-obispo/692-marsh-st-27835</desc>
    <sym>Convenience Store</sym>
    <type>food</type>
  </wpt>
  <wpt lat="35.277106" lon="-120.666158">
    <ele>61.0</ele>
    <name>135km (toilets)</name>
    <desc>OSM toilets (node/12338026770)</desc>
    <sym>Restroom</sym>
    <type>toilet</type>
  </wpt>
  <wpt lat="35.278117" lon="-120.666538">
    <ele>62.0</ele>
    <name>135km (toilets)</name>
    <desc>OSM toilets (way/1333420710); access=customers</desc>
    <sym>Restroom</sym>
    <type>toilet</type>
  </wpt>
  <wpt lat="35.275465" lon="-120.668708">
    <ele>56.0</ele>
    <name>136km ExtraMile</name>
    <desc>OSM convenience (way/216511907)</desc>
    <sym>Convenience Store</sym>
    <type>food</type>
  </wpt>
  <wpt lat="35.273321" lon="-120.669754">
    <ele>55.0</ele>
    <name>136km Wally's Bicycle Works</name>
    <desc>OSM bike shop (way/45644735)</desc>
    <sym>Mine</sym>
    <type>bikeshop</type>
  </wpt>
  <wpt lat="35.269374" lon="-120.670827">
    <ele>51.0</ele>
    <name>136km SLO Beverage 'n More</name>
    <desc>OSM convenience (node/2004789314)</desc>
    <sym>Convenience Store</sym>
    <type>food</type>
  </wpt>
  <wpt lat="35.268831" lon="-120.669882">
    <ele>50.0</ele>
    <name>136km (convenience)</name>
    <desc>OSM convenience (way/45617294)</desc>
    <sym>Convenience Store</sym>
    <type>food</type>
  </wpt>
  <wpt lat="35.263514" lon="-120.675736">
    <ele>56.0</ele>
    <name>137km Ralphs</name>
    <desc>OSM supermarket (way/45637750); opening_hours=Mo-Su 06:00-01:00; phone=+1 805-546-0407; toilets=yes; website=https://www.ralphs.com/stores/grocery/ca/san-luis-obispo/madonna-plaza/703/00656</desc>
    <sym>Shopping Center</sym>
    <type>food</type>
  </wpt>
  <wpt lat="35.245052" lon="-120.673269">
    <ele>40.0</ele>
    <name>139km Trader Joe's</name>
    <desc>OSM supermarket (way/1343239087); opening_hours=08:00-21:00; phone=+1 805-783-2780; toilets=yes; website=https://locations.traderjoes.com/ca/san-luis-obispo/41/</desc>
    <sym>Shopping Center</sym>
    <type>food</type>
  </wpt>
  <wpt lat="35.244205" lon="-120.672184">
    <ele>40.0</ele>
    <name>139km Art's Cyclery</name>
    <desc>OSM bike shop (node/4335697760)</desc>
    <sym>Mine</sym>
    <type>bikeshop</type>
  </wpt>
  <wpt lat="35.185782" lon="-120.702859">
    <ele>16.0</ele>
    <name>147km (toilets)</name>
    <desc>OSM toilets (node/1367899646); access=yes; fee=no</desc>
    <sym>Restroom</sym>
    <type>toilet</type>
  </wpt>
  <wpt lat="35.183604" lon="-120.702784">
    <ele>14.0</ele>
    <name>147km Avila Koa Campground</name>
    <desc>OSM campground (way/390311273); fee=yes; shower=yes; toilets=yes; website=https://koa.com/campgrounds/avila/</desc>
    <sym>Campground</sym>
    <type>camp</type>
  </wpt>
  <wpt lat="35.163242" lon="-120.687571">
    <ele>31.0</ele>
    <name>150km Shell</name>
    <desc>OSM fuel+shop (node/3528360152); phone=+1 805-773-1622; website=https://www.shell.us/</desc>
    <sym>Gas Station</sym>
    <type>food</type>
  </wpt>
  <wpt lat="35.160432" lon="-120.686268">
    <ele>36.0</ele>
    <name>150km (drinking water)</name>
    <desc>OSM drinking water (node/4990873720)</desc>
    <sym>Drinking Water</sym>
    <type>water</type>
  </wpt>
  <wpt lat="35.155821" lon="-120.667945">
    <ele>27.0</ele>
    <name>152km Shell Beach Liquor &amp; Deli</name>
    <desc>OSM convenience (node/3522696126); phone=+1 805-773-4753</desc>
    <sym>Convenience Store</sym>
    <type>food</type>
  </wpt>
  <wpt lat="35.154462" lon="-120.665373">
    <ele>28.0</ele>
    <name>152km (toilets)</name>
    <desc>OSM toilets (node/2033204336); fee=no</desc>
    <sym>Restroom</sym>
    <type>toilet</type>
  </wpt>
  <wpt lat="35.154442" lon="-120.665391">
    <ele>28.0</ele>
    <name>152km (drinking water)</name>
    <desc>OSM drinking water (node/2033206163)</desc>
    <sym>Drinking Water</sym>
    <type>water</type>
  </wpt>
  <wpt lat="35.151484" lon="-120.652957">
    <ele>33.0</ele>
    <name>153km (toilets)</name>
    <desc>OSM toilets (way/1124736010); access=yes; fee=no; opening_hours=sunrise-sunset</desc>
    <sym>Restroom</sym>
    <type>toilet</type>
  </wpt>
  <wpt lat="35.151475" lon="-120.652939">
    <ele>33.0</ele>
    <name>153km (drinking water)</name>
    <desc>OSM drinking water (node/13289932401)</desc>
    <sym>Drinking Water</sym>
    <type>water</type>
  </wpt>
  <wpt lat="35.144189" lon="-120.642433">
    <ele>18.0</ele>
    <name>155km Price Street Market</name>
    <desc>OSM convenience (node/5222415132); phone=+1-805-773-4338</desc>
    <sym>Convenience Store</sym>
    <type>food</type>
  </wpt>
  <wpt lat="35.142105" lon="-120.644428">
    <ele>18.0</ele>
    <name>155km (toilets)</name>
    <desc>OSM toilets (node/2983995631); access=yes</desc>
    <sym>Restroom</sym>
    <type>toilet</type>
  </wpt>
  <wpt lat="35.141123" lon="-120.641694">
    <ele>14.0</ele>
    <name>155km (toilets)</name>
    <desc>OSM toilets (way/310618477); access=yes</desc>
    <sym>Restroom</sym>
    <type>toilet</type>
  </wpt>
  <wpt lat="35.140251" lon="-120.641148">
    <ele>14.0</ele>
    <name>155km (bike shop)</name>
    <desc>OSM bike shop (node/12476316786); website=https://pedegoelectricbikes.com/dealers/pismo-beach/</desc>
    <sym>Mine</sym>
    <type>bikeshop</type>
  </wpt>
  <wpt lat="35.139623" lon="-120.642966">
    <ele>14.0</ele>
    <name>155km Convenience Shop</name>
    <desc>OSM convenience (node/5254757793)</desc>
    <sym>Convenience Store</sym>
    <type>food</type>
  </wpt>
  <wpt lat="35.139121" lon="-120.643002">
    <ele>14.0</ele>
    <name>155km (toilets)</name>
    <desc>OSM toilets (way/1047680907); access=yes; fee=no</desc>
    <sym>Restroom</sym>
    <type>toilet</type>
  </wpt>
  <wpt lat="35.139090" lon="-120.642997">
    <ele>14.0</ele>
    <name>155km (drinking water)</name>
    <desc>OSM drinking water (node/13846641388); access=yes; fee=no</desc>
    <sym>Drinking Water</sym>
    <type>water</type>
  </wpt>
  <wpt lat="35.140304" lon="-120.638846">
    <ele>10.0</ele>
    <name>155km Pismo Food Store</name>
    <desc>OSM convenience (way/117991731)</desc>
    <sym>Convenience Store</sym>
    <type>food</type>
  </wpt>
  <wpt lat="35.136669" lon="-120.638388">
    <ele>6.0</ele>
    <name>155km 7-Eleven</name>
    <desc>OSM convenience (way/201661666); opening_hours=24/7; phone=+1-805-773-1208</desc>
    <sym>Convenience Store</sym>
    <type>food</type>
  </wpt>
  <wpt lat="35.135063" lon="-120.638352">
    <ele>6.0</ele>
    <name>156km (toilets)</name>
    <desc>OSM toilets (way/217797207)</desc>
    <sym>Restroom</sym>
    <type>toilet</type>
  </wpt>
  <wpt lat="35.133825" lon="-120.638132">
    <ele>7.0</ele>
    <name>156km (toilets)</name>
    <desc>OSM toilets (way/163114407)</desc>
    <sym>Restroom</sym>
    <type>toilet</type>
  </wpt>
  <wpt lat="35.134013" lon="-120.637336">
    <ele>7.0</ele>
    <name>156km (toilets)</name>
    <desc>OSM toilets (way/201661691)</desc>
    <sym>Restroom</sym>
    <type>toilet</type>
  </wpt>
  <wpt lat="35.133458" lon="-120.636826">
    <ele>8.0</ele>
    <name>156km (toilets)</name>
    <desc>OSM toilets (way/163114408)</desc>
    <sym>Restroom</sym>
    <type>toilet</type>
  </wpt>
  <wpt lat="35.135528" lon="-120.633323">
    <ele>8.0</ele>
    <name>156km (toilets)</name>
    <desc>OSM toilets (way/163117348)</desc>
    <sym>Restroom</sym>
    <type>toilet</type>
  </wpt>
  <wpt lat="35.134868" lon="-120.632900">
    <ele>7.0</ele>
    <name>156km (toilets)</name>
    <desc>OSM toilets (way/163117349)</desc>
    <sym>Restroom</sym>
    <type>toilet</type>
  </wpt>
  <wpt lat="35.134358" lon="-120.634444">
    <ele>7.0</ele>
    <name>156km (toilets)</name>
    <desc>OSM toilets (way/163117350)</desc>
    <sym>Restroom</sym>
    <type>toilet</type>
  </wpt>
  <wpt lat="35.132858" lon="-120.636424">
    <ele>7.0</ele>
    <name>156km (toilets)</name>
    <desc>OSM toilets (way/201661635)</desc>
    <sym>Restroom</sym>
    <type>toilet</type>
  </wpt>
  <wpt lat="35.133472" lon="-120.633438">
    <ele>7.0</ele>
    <name>156km (toilets)</name>
    <desc>OSM toilets (way/163117352)</desc>
    <sym>Restroom</sym>
    <type>toilet</type>
  </wpt>
  <wpt lat="35.130544" lon="-120.635167">
    <ele>6.0</ele>
    <name>156km Pismo State Beach, North Beach Campground</name>
    <desc>OSM campground (way/220452304); operator=State of CA; phone=+1-805-473-7220</desc>
    <sym>Campground</sym>
    <type>camp</type>
  </wpt>
  <wpt lat="35.131207" lon="-120.634716">
    <ele>6.0</ele>
    <name>156km (toilets)</name>
    <desc>OSM toilets (node/13135074029)</desc>
    <sym>Restroom</sym>
    <type>toilet</type>
  </wpt>
  <wpt lat="35.130540" lon="-120.634890">
    <ele>6.0</ele>
    <name>156km Pismo SB - North Beach campground</name>
    <desc>Day 2 escape hatch around halfway. Hike/bike site. Water, showers.</desc>
    <sym>Campground</sym>
    <type>camp</type>
  </wpt>
  <wpt lat="35.130259" lon="-120.633725">
    <ele>6.0</ele>
    <name>156km (toilets)</name>
    <desc>OSM toilets (node/13135074028)</desc>
    <sym>Restroom</sym>
    <type>toilet</type>
  </wpt>
  <wpt lat="35.129777" lon="-120.635064">
    <ele>6.0</ele>
    <name>156km (toilets)</name>
    <desc>OSM toilets (node/13135118186)</desc>
    <sym>Restroom</sym>
    <type>toilet</type>
  </wpt>
  <wpt lat="35.128732" lon="-120.632324">
    <ele>10.0</ele>
    <name>157km (toilets)</name>
    <desc>OSM toilets (node/3955708117)</desc>
    <sym>Restroom</sym>
    <type>toilet</type>
  </wpt>
  <wpt lat="35.121749" lon="-120.629048">
    <ele>6.0</ele>
    <name>157km Coastal Vibes</name>
    <desc>OSM bike shop (node/12476592939)</desc>
    <sym>Mine</sym>
    <type>bikeshop</type>
  </wpt>
  <wpt lat="35.121429" lon="-120.626618">
    <ele>5.0</ele>
    <name>158km 7-Eleven</name>
    <desc>OSM convenience (node/12119301582)</desc>
    <sym>Convenience Store</sym>
    <type>food</type>
  </wpt>
  <wpt lat="35.121254" lon="-120.623311">
    <ele>6.0</ele>
    <name>158km Third base</name>
    <desc>OSM supermarket (node/13228068569)</desc>
    <sym>Shopping Center</sym>
    <type>food</type>
  </wpt>
  <wpt lat="35.110536" lon="-120.624649">
    <ele>8.0</ele>
    <name>159km Hiker-Biker Campsite - Coastal Dunes</name>
    <desc>OSM campground (node/10902819190); access=yes; fee=yes</desc>
    <sym>Campground</sym>
    <type>camp</type>
  </wpt>
  <wpt lat="35.109004" lon="-120.627144">
    <ele>10.0</ele>
    <name>159km Pismo State Beach Oceano Campground</name>
    <desc>OSM campground (way/43701060); phone=+1 805 473 7220</desc>
    <sym>Campground</sym>
    <type>camp</type>
  </wpt>
  <wpt lat="35.110425" lon="-120.626804">
    <ele>8.0</ele>
    <name>159km (toilets)</name>
    <desc>OSM toilets (way/205382936)</desc>
    <sym>Restroom</sym>
    <type>toilet</type>
  </wpt>
  <wpt lat="35.109481" lon="-120.626897">
    <ele>10.0</ele>
    <name>159km (toilets)</name>
    <desc>OSM toilets (way/205382937)</desc>
    <sym>Restroom</sym>
    <type>toilet</type>
  </wpt>
  <wpt lat="35.107630" lon="-120.623041">
    <ele>11.0</ele>
    <name>159km (toilets)</name>
    <desc>OSM toilets (way/310132860)</desc>
    <sym>Restroom</sym>
    <type>toilet</type>
  </wpt>
  <wpt lat="35.106793" lon="-120.623546">
    <ele>11.0</ele>
    <name>159km Johnson’s Market &amp; Gifts</name>
    <desc>OSM convenience (way/160150381)</desc>
    <sym>Convenience Store</sym>
    <type>food</type>
  </wpt>
  <wpt lat="35.103915" lon="-120.624918">
    <ele>11.0</ele>
    <name>159km Self-serve Fuel</name>
    <desc>OSM fuel+shop (way/160136990); opening_hours=24/7; operator=ACI Jet; phone=+1-805-782-9722; website=https://fbo.acijet.com/oceano/</desc>
    <sym>Gas Station</sym>
    <type>food</type>
  </wpt>
  <wpt lat="35.103474" lon="-120.623980">
    <ele>12.0</ele>
    <name>159km Oceano Airport Campground</name>
    <desc>OSM campground (way/326810768); website=https://www.oceanoairport.com/facilities.html</desc>
    <sym>Campground</sym>
    <type>camp</type>
  </wpt>
  <wpt lat="35.101030" lon="-120.615220">
    <ele>9.0</ele>
    <name>160km (fuel+shop)</name>
    <desc>OSM fuel+shop (node/11922400876)</desc>
    <sym>Gas Station</sym>
    <type>food</type>
  </wpt>
  <wpt lat="35.099625" lon="-120.613030">
    <ele>10.0</ele>
    <name>160km (toilets)</name>
    <desc>OSM toilets (node/11922400881); access=customers</desc>
    <sym>Restroom</sym>
    <type>toilet</type>
  </wpt>
  <wpt lat="35.098539" lon="-120.609593">
    <ele>12.0</ele>
    <name>161km Central Market</name>
    <desc>OSM supermarket (way/161091623)</desc>
    <sym>Shopping Center</sym>
    <type>food</type>
  </wpt>
  <wpt lat="35.096760" lon="-120.606410">
    <ele>13.0</ele>
    <name>161km (toilets)</name>
    <desc>OSM toilets (way/312682735)</desc>
    <sym>Restroom</sym>
    <type>toilet</type>
  </wpt>
  <wpt lat="35.080476" lon="-120.587302">
    <ele>56.0</ele>
    <name>164km Chevron</name>
    <desc>OSM fuel+shop (way/200677502)</desc>
    <sym>Gas Station</sym>
    <type>food</type>
  </wpt>
  <wpt lat="35.066110" lon="-120.594680">
    <ele>37.0</ele>
    <name>166km (toilets)</name>
    <desc>OSM toilets (way/361792417)</desc>
    <sym>Restroom</sym>
    <type>toilet</type>
  </wpt>
  <wpt lat="34.972447" lon="-120.571532">
    <ele>28.0</ele>
    <name>179km Chevron</name>
    <desc>OSM fuel+shop (node/2149646082)</desc>
    <sym>Gas Station</sym>
    <type>food</type>
  </wpt>
  <wpt lat="34.967518" lon="-120.574359">
    <ele>25.0</ele>
    <name>180km YK Market</name>
    <desc>OSM convenience (node/2149991009)</desc>
    <sym>Convenience Store</sym>
    <type>food</type>
  </wpt>
  <wpt lat="34.711650" lon="-120.460680">
    <ele>132.0</ele>
    <name>218km HAZARD Vandenberg - CA-1 can close at short notice</name>
    <desc>Day 2 passes Vandenberg SFB on CA-1. Launch operations close roads around the base at a few hours' notice - a documented example closed CA-246 between CA-1 and Mission Gate Road from 10:00 to 15:00 on 2 Mar 2026 for a launch that then scrubbed. That closure was on CA-246, NOT on this route's CA-1 line, but CA-1 itself has been closed here for base incidents and carries ongoing Caltrans roadwork (Vandenberg Village, Santa Lucia Canyon Rd). Check QuickMap and the Vandenberg launch schedule for your date; there is no good detour - the inland alternative is US-101 via Santa Maria and Los Alamos.</desc>
    <sym>Danger Area</sym>
    <type>hazard</type>
  </wpt>
  <wpt lat="34.662249" lon="-120.456035">
    <ele>30.0</ele>
    <name>223km Albertsons</name>
    <desc>OSM supermarket (way/1154403463); opening_hours=Mo-Su 06:00-00:00; phone=+1 805-736-3948; toilets=yes; website=https://local.albertsons.com/ca/lompoc/1500-n-h-st.html</desc>
    <sym>Shopping Center</sym>
    <type>food</type>
  </wpt>
  <wpt lat="34.660552" lon="-120.458046">
    <ele>30.0</ele>
    <name>223km (fuel+shop)</name>
    <desc>OSM fuel+shop (way/1507374576)</desc>
    <sym>Gas Station</sym>
    <type>food</type>
  </wpt>
  <wpt lat="34.654214" lon="-120.459074">
    <ele>28.0</ele>
    <name>224km Spencer's Fresh Markets</name>
    <desc>OSM supermarket (node/13841791190); opening_hours=closed "Not open yet"</desc>
    <sym>Shopping Center</sym>
    <type>food</type>
  </wpt>
  <wpt lat="34.653694" lon="-120.458146">
    <ele>28.0</ele>
    <name>224km Convenient Food Mart</name>
    <desc>OSM convenience (way/988984200)</desc>
    <sym>Convenience Store</sym>
    <type>food</type>
  </wpt>
  <wpt lat="34.653794" lon="-120.457253">
    <ele>27.0</ele>
    <name>224km Chevron</name>
    <desc>OSM convenience (node/9178522173)</desc>
    <sym>Convenience Store</sym>
    <type>food</type>
  </wpt>
  <wpt lat="34.653107" lon="-120.457302">
    <ele>27.0</ele>
    <name>224km (convenience)</name>
    <desc>OSM convenience (way/812812667)</desc>
    <sym>Convenience Store</sym>
    <type>food</type>
  </wpt>
  <wpt lat="34.649853" lon="-120.459024">
    <ele>32.0</ele>
    <name>224km Aldi</name>
    <desc>OSM supermarket (node/13819959925); opening_hours=Mo-Su 09:00-21:00; website=https://info.aldi.us/stores/l/ca/lompoc/729-north-h-street/fc39</desc>
    <sym>Shopping Center</sym>
    <type>food</type>
  </wpt>
  <wpt lat="34.649576" lon="-120.456913">
    <ele>32.0</ele>
    <name>224km La Favorita Maket</name>
    <desc>OSM supermarket (node/13854771508)</desc>
    <sym>Shopping Center</sym>
    <type>food</type>
  </wpt>
  <wpt lat="34.647208" lon="-120.456962">
    <ele>32.0</ele>
    <name>225km Bicycle Works</name>
    <desc>OSM bike shop (node/13854771538)</desc>
    <sym>Mine</sym>
    <type>bikeshop</type>
  </wpt>
  <wpt lat="34.647261" lon="-120.458193">
    <ele>32.0</ele>
    <name>225km (fuel+shop)</name>
    <desc>OSM fuel+shop (node/13819959929)</desc>
    <sym>Gas Station</sym>
    <type>food</type>
  </wpt>
  <wpt lat="34.638635" lon="-120.454502">
    <ele>34.0</ele>
    <name>226km Grocery Outlet</name>
    <desc>OSM supermarket (node/6143921093)</desc>
    <sym>Shopping Center</sym>
    <type>food</type>
  </wpt>
  <wpt lat="34.639223" lon="-120.440751">
    <ele>36.0</ele>
    <name>227km Circle K</name>
    <desc>OSM fuel+shop (node/2455001207); website=https://www.circlek.com/store-locator/US/lompoc/1421-ocean/2701215</desc>
    <sym>Gas Station</sym>
    <type>food</type>
  </wpt>
  <wpt lat="34.647302" lon="-120.432293">
    <ele>38.0</ele>
    <name>228km River Park</name>
    <desc>OSM campground (node/4450005190)</desc>
    <sym>Campground</sym>
    <type>camp</type>
  </wpt>
  <wpt lat="34.515000" lon="-120.228000">
    <ele>110.0</ele>
    <name>257km INFO Gaviota Tunnel - bicycles ARE allowed</name>
    <desc>US-101 through Gaviota Pass. Bicycles are allowed through the Gaviota Tunnel - it is the only route between the South Coast and the Santa Ynez Valley. Southbound you are descending; take the lane through the bore and run lights. Position approximate.</desc>
    <sym>Flag, Blue</sym>
    <type>info</type>
  </wpt>
  <wpt lat="34.490000" lon="-120.220000">
    <ele>75.0</ele>
    <name>260km WATER Gaviota rest area - best water on the Gaviota coast</name>
    <desc>Riders single this out: 'there are very few opportunities for water or food between Lompoc and Santa Barbara. The rest stop at Gaviota is the best place to water up.' Position approximate - it is on US-101 near the CA-1 junction. SRC rbw-owners-bunch cyclist thread</desc>
    <sym>Drinking Water</sym>
    <type>water</type>
  </wpt>
  <wpt lat="34.484965" lon="-120.228653">
    <ele>32.0</ele>
    <name>260km (toilets)</name>
    <desc>OSM toilets (way/166267576); access=yes</desc>
    <sym>Restroom</sym>
    <type>toilet</type>
  </wpt>
  <wpt lat="34.483837" lon="-120.230727">
    <ele>28.0</ele>
    <name>260km (toilets)</name>
    <desc>OSM toilets (way/99417115); access=yes</desc>
    <sym>Restroom</sym>
    <type>toilet</type>
  </wpt>
  <wpt lat="34.472433" lon="-120.228350">
    <ele>41.0</ele>
    <name>262km Gaviota Campground</name>
    <desc>OSM campground (way/346087566); access=yes; drinking_water=yes; fee=yes; shower=yes; toilets=yes</desc>
    <sym>Campground</sym>
    <type>camp</type>
  </wpt>
  <wpt lat="34.471915" lon="-120.228078">
    <ele>41.0</ele>
    <name>262km (drinking water)</name>
    <desc>OSM drinking water (node/8329180802)</desc>
    <sym>Drinking Water</sym>
    <type>water</type>
  </wpt>
  <wpt lat="34.471800" lon="-120.228600">
    <ele>41.0</ele>
    <name>262km Gaviota SP - NIGHT 2 alt (16 km earlier)</name>
    <desc>Where CA-1 meets US-101 at the coast, under the railway trestle. Hike-and-bike campsites confirmed; drinking water, restrooms/showers, camp store. Open August 2026, reservable via ReserveCalifornia. (805) 968-1033. Stops day 2 ~18 km earlier than Refugio, at the cost of a longer day 3. Known to be windy. SRC parks.ca.gov Gaviota page</desc>
    <sym>Campground</sym>
    <type>camp</type>
  </wpt>
  <wpt lat="34.470000" lon="-120.130000">
    <ele>29.0</ele>
    <name>270km HAZARD narrow southbound 101 bridge (Baron Ranch)</name>
    <desc>The Gaviota-coast 101 shoulder is wide, but riders single out the narrow SOUTHBOUND bridge near the Baron Ranch trailhead. Short, signed, good sight lines - but the shoulder pinches. Position approximate. SRC rbw-owners-bunch cyclist thread, Lompoc-Santa Barbara</desc>
    <sym>Danger Area</sym>
    <type>hazard</type>
  </wpt>
  <wpt lat="34.463103" lon="-120.071781">
    <ele>40.0</ele>
    <name>276km (toilets)</name>
    <desc>OSM toilets (way/899676449); access=yes; fee=no</desc>
    <sym>Restroom</sym>
    <type>toilet</type>
  </wpt>
  <wpt lat="34.464075" lon="-120.070494">
    <ele>11.0</ele>
    <name>278km (campground)</name>
    <desc>OSM campground (way/899676442); access=yes; drinking_water=yes; fee=yes; shower=yes; toilets=yes</desc>
    <sym>Campground</sym>
    <type>camp</type>
  </wpt>
  <wpt lat="34.463585" lon="-120.070222">
    <ele>11.0</ele>
    <name>278km (toilets)</name>
    <desc>OSM toilets (way/899676448); access=yes; fee=no</desc>
    <sym>Restroom</sym>
    <type>toilet</type>
  </wpt>
  <wpt lat="34.463739" lon="-120.068540">
    <ele>10.0</ele>
    <name>278km (campground)</name>
    <desc>OSM campground (way/899676441); access=yes; drinking_water=yes; fee=yes; shower=yes; toilets=yes</desc>
    <sym>Campground</sym>
    <type>camp</type>
  </wpt>
  <wpt lat="34.463769" lon="-120.069087">
    <ele>10.0</ele>
    <name>278km (toilets)</name>
    <desc>OSM toilets (way/899676445); access=yes; fee=no</desc>
    <sym>Restroom</sym>
    <type>toilet</type>
  </wpt>
  <wpt lat="34.463484" lon="-120.068436">
    <ele>10.0</ele>
    <name>278km (toilets)</name>
    <desc>OSM toilets (way/899676446); access=yes; fee=no</desc>
    <sym>Restroom</sym>
    <type>toilet</type>
  </wpt>
  <wpt lat="34.463319" lon="-120.067283">
    <ele>12.0</ele>
    <name>278km (campground)</name>
    <desc>OSM campground (way/899676439); access=yes; drinking_water=yes; fee=yes; shower=yes; toilets=yes</desc>
    <sym>Campground</sym>
    <type>camp</type>
  </wpt>
  <wpt lat="34.463580" lon="-120.067463">
    <ele>12.0</ele>
    <name>278km (toilets)</name>
    <desc>OSM toilets (way/899676440); access=yes; fee=no</desc>
    <sym>Restroom</sym>
    <type>toilet</type>
  </wpt>
  <wpt lat="34.462430" lon="-120.048300">
    <ele>11.0</ele>
    <name>280km Refugio SB - NIGHT 2 (hike/bike)</name>
    <desc>NIGHT 2 (if booking rather than camping wild). 10 Refugio Beach Road, Goleta CA 93117 - 20 miles west of Santa Barbara, off US-101 at Refugio Road. Hike-and-bike campsites confirmed; drinking water, restrooms, showers, outdoor showers, and a camp store on site. Open August 2026. Park/district phone (805) 968-1033. VERIFY the per-person hike/bike rate: the $10/person figure in the plan is NOT published on the park page - phone it. SRC parks.ca.gov/refugio</desc>
    <sym>Campground</sym>
    <type>camp</type>
  </wpt>
  <wpt lat="34.460000" lon="-120.024000">
    <ele>11.0</ele>
    <name>280km El Capitan SB - NIGHT 2 alt (3 km later)</name>
    <desc>Third of the three Gaviota-coast hike/bike parks, 2.6 km east of Refugio, and the one with the most services. Reported first-come, first-served on the middle/upper loops through 28 Jun 2026 - VERIFY current status and whether that extends to August.</desc>
    <sym>Campground</sym>
    <type>camp</type>
  </wpt>
  <wpt lat="34.461000" lon="-120.036000">
    <ele>11.0</ele>
    <name>280km INFO Aniso Trail - paved path El Capitan &lt;-&gt; Refugio</name>
    <desc>A 2.5 mile undulating paved bike path along the bluff between El Capitan and Refugio - the pleasant way to start day 3 instead of the 101 shoulder. A segment has been closed for storm damage; VERIFY on site, and drop back onto 101 if it is shut.</desc>
    <sym>Bike Trail</sym>
    <type>info</type>
  </wpt>
  <trk>
    <name>Day 2 - Limekiln State Park to Refugio State Beach</name>
    <trkseg>
     <trkpt lat="36.009981" lon="-121.518383"><ele>30.0</ele></trkpt>
     <trkpt lat="36.010114" lon="-121.518343"><ele>30.8</ele></trkpt>
     <trkpt lat="36.009933" lon="-121.518139"><ele>36.8</ele></trkpt>
     <trkpt lat="36.009408" lon="-121.517914"><ele>38.0</ele></trkpt>
     <trkpt lat="36.009187" lon="-121.517957"><ele>33.2</ele></trkpt>
     <trkpt lat="36.009025" lon="-121.518070"><ele>28.2</ele></trkpt>
     <trkpt lat="36.008900" lon="-121.518220"><ele>23.5</ele></trkpt>
     <trkpt lat="36.008766" lon="-121.518268"><ele>22.2</ele></trkpt>
     <trkpt lat="36.008648" lon="-121.518165"><ele>23.8</ele></trkpt>
     <trkpt lat="36.008545" lon="-121.518204"><ele>22.8</ele></trkpt>
     <trkpt lat="36.008415" lon="-121.517815"><ele>26.0</ele></trkpt>
     <trkpt lat="36.008208" lon="-121.516445"><ele>38.5</ele></trkpt>
     <trkpt lat="36.007878" lon="-121.515218"><ele>42.2</ele></trkpt>
     <trkpt lat="36.007865" lon="-121.513923"><ele>44.5</ele></trkpt>
     <trkpt lat="36.007774" lon="-121.513334"><ele>41.0</ele></trkpt>
     <trkpt lat="36.007610" lon="-121.512770"><ele>45.2</ele></trkpt>
     <trkpt lat="36.007121" lon="-121.511475"><ele>53.2</ele></trkpt>
     <trkpt lat="36.006999" lon="-121.511255"><ele>52.8</ele></trkpt>
     <trkpt lat="36.006343" lon="-121.510299"><ele>47.5</ele></trkpt>
     <trkpt lat="36.005669" lon="-121.509182"><ele>50.8</ele></trkpt>
     <trkpt lat="36.005250" lon="-121.508755"><ele>49.0</ele></trkpt>
     <trkpt lat="36.004681" lon="-121.507858"><ele>53.5</ele></trkpt>
     <trkpt lat="36.003855" lon="-121.506914"><ele>58.8</ele></trkpt>
     <trkpt lat="36.003373" lon="-121.506166"><ele>58.5</ele></trkpt>
     <trkpt lat="36.002763" lon="-121.505068"><ele>71.0</ele></trkpt>
     <trkpt lat="36.002253" lon="-121.504556"><ele>67.2</ele></trkpt>
     <trkpt lat="36.001787" lon="-121.503857"><ele>68.5</ele></trkpt>
     <trkpt lat="36.001116" lon="-121.502989"><ele>69.0</ele></trkpt>
     <trkpt lat="36.000884" lon="-121.502616"><ele>69.0</ele></trkpt>
     <trkpt lat="36.000618" lon="-121.501992"><ele>75.5</ele></trkpt>
     <trkpt lat="36.000413" lon="-121.501654"><ele>75.8</ele></trkpt>
     <trkpt lat="36.000180" lon="-121.501378"><ele>80.8</ele></trkpt>
     <trkpt lat="35.999642" lon="-121.500958"><ele>80.0</ele></trkpt>
     <trkpt lat="35.998892" lon="-121.500236"><ele>75.8</ele></trkpt>
     <trkpt lat="35.996956" lon="-121.498690"><ele>86.8</ele></trkpt>
     <trkpt lat="35.996511" lon="-121.498254"><ele>88.8</ele></trkpt>
     <trkpt lat="35.996050" lon="-121.498007"><ele>93.2</ele></trkpt>
     <trkpt lat="35.992224" lon="-121.496324"><ele>72.5</ele></trkpt>
     <trkpt lat="35.989714" lon="-121.494681"><ele>59.0</ele></trkpt>
     <trkpt lat="35.988660" lon="-121.494144"><ele>58.5</ele></trkpt>
     <trkpt lat="35.986162" lon="-121.492998"><ele>45.0</ele></trkpt>
     <trkpt lat="35.985277" lon="-121.492698"><ele>36.0</ele></trkpt>
     <trkpt lat="35.984900" lon="-121.492392"><ele>36.5</ele></trkpt>
     <trkpt lat="35.984586" lon="-121.491954"><ele>37.0</ele></trkpt>
     <trkpt lat="35.984314" lon="-121.491685"><ele>34.8</ele></trkpt>
     <trkpt lat="35.983857" lon="-121.491344"><ele>27.2</ele></trkpt>
     <trkpt lat="35.983349" lon="-121.491070"><ele>18.0</ele></trkpt>
     <trkpt lat="35.981668" lon="-121.490224"><ele>29.5</ele></trkpt>
     <trkpt lat="35.981198" lon="-121.490050"><ele>38.0</ele></trkpt>
     <trkpt lat="35.980745" lon="-121.490063"><ele>39.0</ele></trkpt>
     <trkpt lat="35.980401" lon="-121.490139"><ele>33.5</ele></trkpt>
     <trkpt lat="35.980060" lon="-121.490100"><ele>33.5</ele></trkpt>
     <trkpt lat="35.979819" lon="-121.489982"><ele>34.8</ele></trkpt>
     <trkpt lat="35.979160" lon="-121.489485"><ele>46.2</ele></trkpt>
     <trkpt lat="35.978747" lon="-121.489243"><ele>49.5</ele></trkpt>
     <trkpt lat="35.976221" lon="-121.488365"><ele>50.8</ele></trkpt>
     <trkpt lat="35.975030" lon="-121.487894"><ele>66.8</ele></trkpt>
     <trkpt lat="35.974333" lon="-121.487750"><ele>61.8</ele></trkpt>
     <trkpt lat="35.973725" lon="-121.487511"><ele>57.5</ele></trkpt>
     <trkpt lat="35.973446" lon="-121.487358"><ele>53.8</ele></trkpt>
     <trkpt lat="35.972224" lon="-121.486201"><ele>52.2</ele></trkpt>
     <trkpt lat="35.971282" lon="-121.485187"><ele>57.0</ele></trkpt>
     <trkpt lat="35.970766" lon="-121.484780"><ele>60.8</ele></trkpt>
     <trkpt lat="35.970347" lon="-121.484508"><ele>66.5</ele></trkpt>
     <trkpt lat="35.968703" lon="-121.483631"><ele>64.0</ele></trkpt>
     <trkpt lat="35.968512" lon="-121.483554"><ele>64.0</ele></trkpt>
     <trkpt lat="35.967921" lon="-121.483442"><ele>64.0</ele></trkpt>
     <trkpt lat="35.967437" lon="-121.483470"><ele>64.2</ele></trkpt>
     <trkpt lat="35.965816" lon="-121.484047"><ele>50.8</ele></trkpt>
     <trkpt lat="35.965472" lon="-121.484122"><ele>48.0</ele></trkpt>
     <trkpt lat="35.965056" lon="-121.484131"><ele>48.0</ele></trkpt>
     <trkpt lat="35.961765" lon="-121.483810"><ele>49.8</ele></trkpt>
     <trkpt lat="35.961421" lon="-121.483680"><ele>52.0</ele></trkpt>
     <trkpt lat="35.961076" lon="-121.483485"><ele>55.5</ele></trkpt>
     <trkpt lat="35.959984" lon="-121.482699"><ele>68.5</ele></trkpt>
     <trkpt lat="35.959585" lon="-121.482459"><ele>72.5</ele></trkpt>
     <trkpt lat="35.958561" lon="-121.481962"><ele>77.8</ele></trkpt>
     <trkpt lat="35.957752" lon="-121.481694"><ele>79.8</ele></trkpt>
     <trkpt lat="35.956951" lon="-121.481520"><ele>79.0</ele></trkpt>
     <trkpt lat="35.956296" lon="-121.481455"><ele>79.2</ele></trkpt>
     <trkpt lat="35.954539" lon="-121.481426"><ele>67.0</ele></trkpt>
     <trkpt lat="35.953923" lon="-121.481339"><ele>65.2</ele></trkpt>
     <trkpt lat="35.952843" lon="-121.481018"><ele>60.2</ele></trkpt>
     <trkpt lat="35.951775" lon="-121.480547"><ele>53.2</ele></trkpt>
     <trkpt lat="35.938780" lon="-121.471540"><ele>41.8</ele></trkpt>
     <trkpt lat="35.937200" lon="-121.470409"><ele>36.0</ele></trkpt>
     <trkpt lat="35.936333" lon="-121.469881"><ele>39.8</ele></trkpt>
     <trkpt lat="35.935281" lon="-121.469416"><ele>41.0</ele></trkpt>
     <trkpt lat="35.930990" lon="-121.468513"><ele>53.8</ele></trkpt>
     <trkpt lat="35.925380" lon="-121.466334"><ele>58.5</ele></trkpt>
     <trkpt lat="35.924683" lon="-121.466158"><ele>62.0</ele></trkpt>
     <trkpt lat="35.923521" lon="-121.466036"><ele>62.2</ele></trkpt>
     <trkpt lat="35.922757" lon="-121.466050"><ele>57.5</ele></trkpt>
     <trkpt lat="35.921420" lon="-121.466285"><ele>55.0</ele></trkpt>
     <trkpt lat="35.920348" lon="-121.466679"><ele>62.2</ele></trkpt>
     <trkpt lat="35.919693" lon="-121.467046"><ele>61.8</ele></trkpt>
     <trkpt lat="35.918054" lon="-121.468274"><ele>62.0</ele></trkpt>
     <trkpt lat="35.917037" lon="-121.468934"><ele>62.5</ele></trkpt>
     <trkpt lat="35.916380" lon="-121.469189"><ele>64.0</ele></trkpt>
     <trkpt lat="35.916157" lon="-121.469221"><ele>64.5</ele></trkpt>
     <trkpt lat="35.915446" lon="-121.469200"><ele>65.8</ele></trkpt>
     <trkpt lat="35.914805" lon="-121.469039"><ele>67.0</ele></trkpt>
     <trkpt lat="35.913727" lon="-121.468314"><ele>64.5</ele></trkpt>
     <trkpt lat="35.907124" lon="-121.462848"><ele>102.8</ele></trkpt>
     <trkpt lat="35.906889" lon="-121.462670"><ele>101.0</ele></trkpt>
     <trkpt lat="35.905560" lon="-121.462165"><ele>88.5</ele></trkpt>
     <trkpt lat="35.905409" lon="-121.462058"><ele>88.2</ele></trkpt>
     <trkpt lat="35.905139" lon="-121.461646"><ele>98.0</ele></trkpt>
     <trkpt lat="35.904916" lon="-121.461400"><ele>100.8</ele></trkpt>
     <trkpt lat="35.904732" lon="-121.461231"><ele>102.2</ele></trkpt>
     <trkpt lat="35.904533" lon="-121.461133"><ele>101.5</ele></trkpt>
     <trkpt lat="35.904378" lon="-121.461086"><ele>100.0</ele></trkpt>
     <trkpt lat="35.904048" lon="-121.461102"><ele>95.5</ele></trkpt>
     <trkpt lat="35.903184" lon="-121.461418"><ele>88.2</ele></trkpt>
     <trkpt lat="35.901178" lon="-121.462674"><ele>79.2</ele></trkpt>
     <trkpt lat="35.900876" lon="-121.462771"><ele>82.5</ele></trkpt>
     <trkpt lat="35.900583" lon="-121.462783"><ele>80.5</ele></trkpt>
     <trkpt lat="35.900236" lon="-121.462691"><ele>78.5</ele></trkpt>
     <trkpt lat="35.899801" lon="-121.462366"><ele>71.2</ele></trkpt>
     <trkpt lat="35.899593" lon="-121.462053"><ele>69.0</ele></trkpt>
     <trkpt lat="35.899236" lon="-121.461242"><ele>79.2</ele></trkpt>
     <trkpt lat="35.899045" lon="-121.460895"><ele>82.8</ele></trkpt>
     <trkpt lat="35.898610" lon="-121.460401"><ele>78.0</ele></trkpt>
     <trkpt lat="35.898107" lon="-121.460054"><ele>70.2</ele></trkpt>
     <trkpt lat="35.897829" lon="-121.459926"><ele>67.5</ele></trkpt>
     <trkpt lat="35.896978" lon="-121.459719"><ele>66.2</ele></trkpt>
     <trkpt lat="35.896692" lon="-121.459670"><ele>67.5</ele></trkpt>
     <trkpt lat="35.896052" lon="-121.459748"><ele>55.8</ele></trkpt>
     <trkpt lat="35.895705" lon="-121.459868"><ele>49.5</ele></trkpt>
     <trkpt lat="35.895429" lon="-121.460115"><ele>44.2</ele></trkpt>
     <trkpt lat="35.895221" lon="-121.460211"><ele>43.2</ele></trkpt>
     <trkpt lat="35.894579" lon="-121.460390"><ele>42.5</ele></trkpt>
     <trkpt lat="35.892741" lon="-121.460683"><ele>40.8</ele></trkpt>
     <trkpt lat="35.891218" lon="-121.460684"><ele>50.5</ele></trkpt>
     <trkpt lat="35.890580" lon="-121.460860"><ele>53.5</ele></trkpt>
     <trkpt lat="35.889995" lon="-121.461181"><ele>61.2</ele></trkpt>
     <trkpt lat="35.889749" lon="-121.461208"><ele>61.5</ele></trkpt>
     <trkpt lat="35.889256" lon="-121.461145"><ele>64.2</ele></trkpt>
     <trkpt lat="35.888318" lon="-121.460575"><ele>71.0</ele></trkpt>
     <trkpt lat="35.887525" lon="-121.460547"><ele>66.0</ele></trkpt>
     <trkpt lat="35.887202" lon="-121.460444"><ele>68.5</ele></trkpt>
     <trkpt lat="35.886972" lon="-121.460284"><ele>72.2</ele></trkpt>
     <trkpt lat="35.886606" lon="-121.459921"><ele>76.2</ele></trkpt>
     <trkpt lat="35.883898" lon="-121.456793"><ele>89.8</ele></trkpt>
     <trkpt lat="35.882840" lon="-121.455464"><ele>86.5</ele></trkpt>
     <trkpt lat="35.882609" lon="-121.454952"><ele>91.8</ele></trkpt>
     <trkpt lat="35.882504" lon="-121.454609"><ele>90.8</ele></trkpt>
     <trkpt lat="35.882210" lon="-121.453281"><ele>83.5</ele></trkpt>
     <trkpt lat="35.881898" lon="-121.452506"><ele>97.2</ele></trkpt>
     <trkpt lat="35.881714" lon="-121.452184"><ele>99.2</ele></trkpt>
     <trkpt lat="35.880549" lon="-121.450843"><ele>103.5</ele></trkpt>
     <trkpt lat="35.878851" lon="-121.449015"><ele>106.8</ele></trkpt>
     <trkpt lat="35.877693" lon="-121.447669"><ele>112.0</ele></trkpt>
     <trkpt lat="35.876545" lon="-121.446440"><ele>104.8</ele></trkpt>
     <trkpt lat="35.875492" lon="-121.445611"><ele>114.8</ele></trkpt>
     <trkpt lat="35.874792" lon="-121.445220"><ele>116.5</ele></trkpt>
     <trkpt lat="35.872655" lon="-121.444267"><ele>105.2</ele></trkpt>
     <trkpt lat="35.872336" lon="-121.444052"><ele>103.0</ele></trkpt>
     <trkpt lat="35.872063" lon="-121.443759"><ele>99.8</ele></trkpt>
     <trkpt lat="35.871843" lon="-121.443404"><ele>101.0</ele></trkpt>
     <trkpt lat="35.871692" lon="-121.442987"><ele>99.0</ele></trkpt>
     <trkpt lat="35.871031" lon="-121.439886"><ele>97.5</ele></trkpt>
     <trkpt lat="35.870892" lon="-121.439460"><ele>90.0</ele></trkpt>
     <trkpt lat="35.870660" lon="-121.439062"><ele>88.8</ele></trkpt>
     <trkpt lat="35.869522" lon="-121.437880"><ele>94.8</ele></trkpt>
     <trkpt lat="35.867791" lon="-121.436207"><ele>102.8</ele></trkpt>
     <trkpt lat="35.867488" lon="-121.435979"><ele>105.2</ele></trkpt>
     <trkpt lat="35.866874" lon="-121.435705"><ele>84.2</ele></trkpt>
     <trkpt lat="35.866628" lon="-121.435509"><ele>78.8</ele></trkpt>
     <trkpt lat="35.866468" lon="-121.435222"><ele>78.2</ele></trkpt>
     <trkpt lat="35.866331" lon="-121.434722"><ele>84.0</ele></trkpt>
     <trkpt lat="35.866050" lon="-121.434036"><ele>81.0</ele></trkpt>
     <trkpt lat="35.865287" lon="-121.432883"><ele>56.2</ele></trkpt>
     <trkpt lat="35.864275" lon="-121.431940"><ele>45.5</ele></trkpt>
     <trkpt lat="35.864021" lon="-121.431619"><ele>44.2</ele></trkpt>
     <trkpt lat="35.863935" lon="-121.431477"><ele>43.8</ele></trkpt>
     <trkpt lat="35.863326" lon="-121.429649"><ele>39.5</ele></trkpt>
     <trkpt lat="35.863200" lon="-121.429400"><ele>43.5</ele></trkpt>
     <trkpt lat="35.862957" lon="-121.429062"><ele>46.0</ele></trkpt>
     <trkpt lat="35.862083" lon="-121.428266"><ele>40.0</ele></trkpt>
     <trkpt lat="35.861078" lon="-121.426331"><ele>45.0</ele></trkpt>
     <trkpt lat="35.860323" lon="-121.425196"><ele>33.8</ele></trkpt>
     <trkpt lat="35.860073" lon="-121.424633"><ele>33.0</ele></trkpt>
     <trkpt lat="35.859956" lon="-121.424310"><ele>33.8</ele></trkpt>
     <trkpt lat="35.859832" lon="-121.423768"><ele>35.0</ele></trkpt>
     <trkpt lat="35.859543" lon="-121.422187"><ele>36.5</ele></trkpt>
     <trkpt lat="35.859184" lon="-121.420643"><ele>32.0</ele></trkpt>
     <trkpt lat="35.858875" lon="-121.418555"><ele>30.5</ele></trkpt>
     <trkpt lat="35.858482" lon="-121.416709"><ele>23.2</ele></trkpt>
     <trkpt lat="35.858151" lon="-121.415857"><ele>28.2</ele></trkpt>
     <trkpt lat="35.857742" lon="-121.415005"><ele>33.5</ele></trkpt>
     <trkpt lat="35.857386" lon="-121.414436"><ele>33.5</ele></trkpt>
     <trkpt lat="35.856211" lon="-121.412798"><ele>49.2</ele></trkpt>
     <trkpt lat="35.855941" lon="-121.412473"><ele>44.8</ele></trkpt>
     <trkpt lat="35.855424" lon="-121.411978"><ele>45.8</ele></trkpt>
     <trkpt lat="35.854997" lon="-121.411699"><ele>32.0</ele></trkpt>
     <trkpt lat="35.854705" lon="-121.411585"><ele>37.2</ele></trkpt>
     <trkpt lat="35.854007" lon="-121.411526"><ele>31.2</ele></trkpt>
     <trkpt lat="35.853861" lon="-121.411434"><ele>32.8</ele></trkpt>
     <trkpt lat="35.853707" lon="-121.411273"><ele>36.2</ele></trkpt>
     <trkpt lat="35.853236" lon="-121.410416"><ele>58.2</ele></trkpt>
     <trkpt lat="35.852963" lon="-121.410144"><ele>60.0</ele></trkpt>
     <trkpt lat="35.852688" lon="-121.409975"><ele>52.8</ele></trkpt>
     <trkpt lat="35.852387" lon="-121.409853"><ele>48.2</ele></trkpt>
     <trkpt lat="35.851060" lon="-121.409524"><ele>48.2</ele></trkpt>
     <trkpt lat="35.850821" lon="-121.409412"><ele>48.2</ele></trkpt>
     <trkpt lat="35.850665" lon="-121.409291"><ele>48.2</ele></trkpt>
     <trkpt lat="35.850106" lon="-121.408301"><ele>47.2</ele></trkpt>
     <trkpt lat="35.849613" lon="-121.407828"><ele>47.5</ele></trkpt>
     <trkpt lat="35.849319" lon="-121.407614"><ele>47.8</ele></trkpt>
     <trkpt lat="35.848796" lon="-121.407315"><ele>48.0</ele></trkpt>
     <trkpt lat="35.848411" lon="-121.407197"><ele>54.2</ele></trkpt>
     <trkpt lat="35.846918" lon="-121.407082"><ele>66.5</ele></trkpt>
     <trkpt lat="35.846658" lon="-121.407018"><ele>63.0</ele></trkpt>
     <trkpt lat="35.846474" lon="-121.406860"><ele>66.0</ele></trkpt>
     <trkpt lat="35.846330" lon="-121.406633"><ele>71.5</ele></trkpt>
     <trkpt lat="35.846239" lon="-121.406289"><ele>77.8</ele></trkpt>
     <trkpt lat="35.846239" lon="-121.406010"><ele>85.0</ele></trkpt>
     <trkpt lat="35.846188" lon="-121.405744"><ele>90.0</ele></trkpt>
     <trkpt lat="35.846049" lon="-121.405567"><ele>90.8</ele></trkpt>
     <trkpt lat="35.845704" lon="-121.405493"><ele>86.8</ele></trkpt>
     <trkpt lat="35.844849" lon="-121.405584"><ele>73.0</ele></trkpt>
     <trkpt lat="35.844657" lon="-121.405512"><ele>69.0</ele></trkpt>
     <trkpt lat="35.844329" lon="-121.405211"><ele>70.0</ele></trkpt>
     <trkpt lat="35.844186" lon="-121.404999"><ele>74.5</ele></trkpt>
     <trkpt lat="35.843920" lon="-121.404324"><ele>86.0</ele></trkpt>
     <trkpt lat="35.843781" lon="-121.404083"><ele>88.2</ele></trkpt>
     <trkpt lat="35.843271" lon="-121.403439"><ele>92.8</ele></trkpt>
     <trkpt lat="35.842362" lon="-121.401643"><ele>110.8</ele></trkpt>
     <trkpt lat="35.842072" lon="-121.401234"><ele>115.5</ele></trkpt>
     <trkpt lat="35.841834" lon="-121.401039"><ele>117.2</ele></trkpt>
     <trkpt lat="35.841419" lon="-121.400878"><ele>120.5</ele></trkpt>
     <trkpt lat="35.841130" lon="-121.400861"><ele>122.8</ele></trkpt>
     <trkpt lat="35.840425" lon="-121.401042"><ele>108.8</ele></trkpt>
     <trkpt lat="35.840176" lon="-121.401025"><ele>104.8</ele></trkpt>
     <trkpt lat="35.839984" lon="-121.400893"><ele>108.2</ele></trkpt>
     <trkpt lat="35.839828" lon="-121.400542"><ele>115.0</ele></trkpt>
     <trkpt lat="35.839767" lon="-121.400165"><ele>127.8</ele></trkpt>
     <trkpt lat="35.839683" lon="-121.399910"><ele>135.8</ele></trkpt>
     <trkpt lat="35.839429" lon="-121.399599"><ele>141.5</ele></trkpt>
     <trkpt lat="35.837714" lon="-121.398164"><ele>144.5</ele></trkpt>
     <trkpt lat="35.837455" lon="-121.397877"><ele>146.2</ele></trkpt>
     <trkpt lat="35.837244" lon="-121.397602"><ele>148.2</ele></trkpt>
     <trkpt lat="35.837078" lon="-121.397282"><ele>150.5</ele></trkpt>
     <trkpt lat="35.836856" lon="-121.396642"><ele>157.5</ele></trkpt>
     <trkpt lat="35.836647" lon="-121.396208"><ele>157.8</ele></trkpt>
     <trkpt lat="35.835902" lon="-121.395262"><ele>156.2</ele></trkpt>
     <trkpt lat="35.835790" lon="-121.395020"><ele>157.5</ele></trkpt>
     <trkpt lat="35.835719" lon="-121.394744"><ele>156.5</ele></trkpt>
     <trkpt lat="35.835713" lon="-121.394440"><ele>159.2</ele></trkpt>
     <trkpt lat="35.835769" lon="-121.394126"><ele>164.0</ele></trkpt>
     <trkpt lat="35.836206" lon="-121.393258"><ele>174.5</ele></trkpt>
     <trkpt lat="35.836328" lon="-121.392854"><ele>179.5</ele></trkpt>
     <trkpt lat="35.836348" lon="-121.392629"><ele>178.8</ele></trkpt>
     <trkpt lat="35.836310" lon="-121.392325"><ele>178.8</ele></trkpt>
     <trkpt lat="35.836188" lon="-121.392083"><ele>180.0</ele></trkpt>
     <trkpt lat="35.836092" lon="-121.391983"><ele>181.0</ele></trkpt>
     <trkpt lat="35.835933" lon="-121.391954"><ele>180.0</ele></trkpt>
     <trkpt lat="35.835760" lon="-121.391992"><ele>181.0</ele></trkpt>
     <trkpt lat="35.835308" lon="-121.392390"><ele>184.5</ele></trkpt>
     <trkpt lat="35.834865" lon="-121.392967"><ele>169.2</ele></trkpt>
     <trkpt lat="35.834611" lon="-121.393117"><ele>165.5</ele></trkpt>
     <trkpt lat="35.834498" lon="-121.393124"><ele>167.0</ele></trkpt>
     <trkpt lat="35.834363" lon="-121.393116"><ele>169.5</ele></trkpt>
     <trkpt lat="35.834076" lon="-121.392893"><ele>181.0</ele></trkpt>
     <trkpt lat="35.833991" lon="-121.392774"><ele>184.2</ele></trkpt>
     <trkpt lat="35.833741" lon="-121.392171"><ele>201.2</ele></trkpt>
     <trkpt lat="35.833667" lon="-121.392059"><ele>203.2</ele></trkpt>
     <trkpt lat="35.833484" lon="-121.391912"><ele>203.5</ele></trkpt>
     <trkpt lat="35.833255" lon="-121.391889"><ele>200.5</ele></trkpt>
     <trkpt lat="35.832754" lon="-121.391994"><ele>200.5</ele></trkpt>
     <trkpt lat="35.832426" lon="-121.391921"><ele>203.0</ele></trkpt>
     <trkpt lat="35.832126" lon="-121.391633"><ele>204.0</ele></trkpt>
     <trkpt lat="35.831397" lon="-121.390690"><ele>207.0</ele></trkpt>
     <trkpt lat="35.831024" lon="-121.389804"><ele>227.8</ele></trkpt>
     <trkpt lat="35.830882" lon="-121.389650"><ele>229.5</ele></trkpt>
     <trkpt lat="35.830591" lon="-121.389476"><ele>229.0</ele></trkpt>
     <trkpt lat="35.829889" lon="-121.389166"><ele>228.2</ele></trkpt>
     <trkpt lat="35.829535" lon="-121.388928"><ele>225.8</ele></trkpt>
     <trkpt lat="35.829317" lon="-121.388737"><ele>225.5</ele></trkpt>
     <trkpt lat="35.829122" lon="-121.388492"><ele>227.8</ele></trkpt>
     <trkpt lat="35.828407" lon="-121.387278"><ele>232.5</ele></trkpt>
     <trkpt lat="35.828077" lon="-121.386918"><ele>232.0</ele></trkpt>
     <trkpt lat="35.827769" lon="-121.386645"><ele>229.5</ele></trkpt>
     <trkpt lat="35.827435" lon="-121.386419"><ele>225.0</ele></trkpt>
     <trkpt lat="35.826384" lon="-121.385845"><ele>214.2</ele></trkpt>
     <trkpt lat="35.826035" lon="-121.385353"><ele>213.0</ele></trkpt>
     <trkpt lat="35.825931" lon="-121.385100"><ele>213.5</ele></trkpt>
     <trkpt lat="35.825726" lon="-121.384197"><ele>218.2</ele></trkpt>
     <trkpt lat="35.825660" lon="-121.383622"><ele>223.5</ele></trkpt>
     <trkpt lat="35.825673" lon="-121.382986"><ele>233.2</ele></trkpt>
     <trkpt lat="35.825648" lon="-121.382730"><ele>235.5</ele></trkpt>
     <trkpt lat="35.825570" lon="-121.382519"><ele>235.5</ele></trkpt>
     <trkpt lat="35.824373" lon="-121.380986"><ele>235.5</ele></trkpt>
     <trkpt lat="35.823609" lon="-121.380535"><ele>237.5</ele></trkpt>
     <trkpt lat="35.823229" lon="-121.380150"><ele>237.5</ele></trkpt>
     <trkpt lat="35.823077" lon="-121.379850"><ele>238.8</ele></trkpt>
     <trkpt lat="35.822933" lon="-121.379360"><ele>241.2</ele></trkpt>
     <trkpt lat="35.822942" lon="-121.378363"><ele>241.2</ele></trkpt>
     <trkpt lat="35.822868" lon="-121.378073"><ele>244.2</ele></trkpt>
     <trkpt lat="35.822725" lon="-121.377839"><ele>245.8</ele></trkpt>
     <trkpt lat="35.822584" lon="-121.377698"><ele>246.0</ele></trkpt>
     <trkpt lat="35.822393" lon="-121.377648"><ele>244.0</ele></trkpt>
     <trkpt lat="35.821462" lon="-121.377526"><ele>230.0</ele></trkpt>
     <trkpt lat="35.821236" lon="-121.377397"><ele>224.0</ele></trkpt>
     <trkpt lat="35.821078" lon="-121.377177"><ele>220.5</ele></trkpt>
     <trkpt lat="35.821031" lon="-121.376965"><ele>221.0</ele></trkpt>
     <trkpt lat="35.821032" lon="-121.376742"><ele>222.8</ele></trkpt>
     <trkpt lat="35.821127" lon="-121.376454"><ele>220.2</ele></trkpt>
     <trkpt lat="35.821262" lon="-121.376292"><ele>219.8</ele></trkpt>
     <trkpt lat="35.821530" lon="-121.376118"><ele>222.5</ele></trkpt>
     <trkpt lat="35.821695" lon="-121.375944"><ele>223.0</ele></trkpt>
     <trkpt lat="35.821809" lon="-121.375710"><ele>224.2</ele></trkpt>
     <trkpt lat="35.821854" lon="-121.375347"><ele>226.2</ele></trkpt>
     <trkpt lat="35.821845" lon="-121.375010"><ele>226.5</ele></trkpt>
     <trkpt lat="35.821780" lon="-121.374612"><ele>228.5</ele></trkpt>
     <trkpt lat="35.821675" lon="-121.374368"><ele>229.2</ele></trkpt>
     <trkpt lat="35.821548" lon="-121.374220"><ele>228.5</ele></trkpt>
     <trkpt lat="35.821353" lon="-121.374102"><ele>228.0</ele></trkpt>
     <trkpt lat="35.821153" lon="-121.374054"><ele>226.2</ele></trkpt>
     <trkpt lat="35.820896" lon="-121.374096"><ele>219.5</ele></trkpt>
     <trkpt lat="35.820182" lon="-121.374476"><ele>202.5</ele></trkpt>
     <trkpt lat="35.819913" lon="-121.374523"><ele>197.8</ele></trkpt>
     <trkpt lat="35.819698" lon="-121.374430"><ele>195.8</ele></trkpt>
     <trkpt lat="35.819177" lon="-121.373853"><ele>203.8</ele></trkpt>
     <trkpt lat="35.818849" lon="-121.373777"><ele>201.5</ele></trkpt>
     <trkpt lat="35.818520" lon="-121.373872"><ele>193.2</ele></trkpt>
     <trkpt lat="35.818144" lon="-121.373896"><ele>182.2</ele></trkpt>
     <trkpt lat="35.817963" lon="-121.373844"><ele>177.0</ele></trkpt>
     <trkpt lat="35.817839" lon="-121.373753"><ele>175.2</ele></trkpt>
     <trkpt lat="35.817702" lon="-121.373597"><ele>174.5</ele></trkpt>
     <trkpt lat="35.817586" lon="-121.373248"><ele>177.8</ele></trkpt>
     <trkpt lat="35.817510" lon="-121.371620"><ele>182.8</ele></trkpt>
     <trkpt lat="35.817424" lon="-121.371216"><ele>181.2</ele></trkpt>
     <trkpt lat="35.817293" lon="-121.370878"><ele>177.8</ele></trkpt>
     <trkpt lat="35.817104" lon="-121.370573"><ele>175.0</ele></trkpt>
     <trkpt lat="35.816715" lon="-121.370202"><ele>166.5</ele></trkpt>
     <trkpt lat="35.816394" lon="-121.370052"><ele>163.2</ele></trkpt>
     <trkpt lat="35.814723" lon="-121.369870"><ele>137.0</ele></trkpt>
     <trkpt lat="35.814442" lon="-121.369777"><ele>132.2</ele></trkpt>
     <trkpt lat="35.814323" lon="-121.369677"><ele>131.8</ele></trkpt>
     <trkpt lat="35.814141" lon="-121.369271"><ele>136.8</ele></trkpt>
     <trkpt lat="35.813928" lon="-121.367417"><ele>143.0</ele></trkpt>
     <trkpt lat="35.813815" lon="-121.367070"><ele>144.0</ele></trkpt>
     <trkpt lat="35.813636" lon="-121.366742"><ele>141.2</ele></trkpt>
     <trkpt lat="35.813399" lon="-121.366499"><ele>135.8</ele></trkpt>
     <trkpt lat="35.813104" lon="-121.366357"><ele>134.2</ele></trkpt>
     <trkpt lat="35.812015" lon="-121.366262"><ele>115.5</ele></trkpt>
     <trkpt lat="35.811868" lon="-121.366160"><ele>115.5</ele></trkpt>
     <trkpt lat="35.811695" lon="-121.365946"><ele>119.8</ele></trkpt>
     <trkpt lat="35.811537" lon="-121.365673"><ele>122.2</ele></trkpt>
     <trkpt lat="35.811455" lon="-121.365175"><ele>122.8</ele></trkpt>
     <trkpt lat="35.811670" lon="-121.364113"><ele>124.8</ele></trkpt>
     <trkpt lat="35.811527" lon="-121.362659"><ele>104.0</ele></trkpt>
     <trkpt lat="35.811539" lon="-121.362403"><ele>100.0</ele></trkpt>
     <trkpt lat="35.811601" lon="-121.362155"><ele>96.5</ele></trkpt>
     <trkpt lat="35.811715" lon="-121.361984"><ele>96.0</ele></trkpt>
     <trkpt lat="35.811902" lon="-121.361834"><ele>95.8</ele></trkpt>
     <trkpt lat="35.812944" lon="-121.361501"><ele>105.8</ele></trkpt>
     <trkpt lat="35.813262" lon="-121.361294"><ele>104.2</ele></trkpt>
     <trkpt lat="35.813555" lon="-121.361190"><ele>106.5</ele></trkpt>
     <trkpt lat="35.813768" lon="-121.361063"><ele>107.2</ele></trkpt>
     <trkpt lat="35.814069" lon="-121.360716"><ele>105.2</ele></trkpt>
     <trkpt lat="35.814407" lon="-121.360189"><ele>102.8</ele></trkpt>
     <trkpt lat="35.814818" lon="-121.359807"><ele>104.2</ele></trkpt>
     <trkpt lat="35.815503" lon="-121.359323"><ele>109.2</ele></trkpt>
     <trkpt lat="35.815629" lon="-121.359193"><ele>109.5</ele></trkpt>
     <trkpt lat="35.815693" lon="-121.359078"><ele>110.0</ele></trkpt>
     <trkpt lat="35.815712" lon="-121.358905"><ele>109.5</ele></trkpt>
     <trkpt lat="35.815609" lon="-121.358672"><ele>107.8</ele></trkpt>
     <trkpt lat="35.815503" lon="-121.358580"><ele>107.5</ele></trkpt>
     <trkpt lat="35.815325" lon="-121.358567"><ele>107.2</ele></trkpt>
     <trkpt lat="35.814844" lon="-121.358841"><ele>101.5</ele></trkpt>
     <trkpt lat="35.814293" lon="-121.358910"><ele>102.5</ele></trkpt>
     <trkpt lat="35.813262" lon="-121.358844"><ele>107.0</ele></trkpt>
     <trkpt lat="35.811952" lon="-121.358605"><ele>125.8</ele></trkpt>
     <trkpt lat="35.811763" lon="-121.358605"><ele>128.0</ele></trkpt>
     <trkpt lat="35.811607" lon="-121.358666"><ele>127.2</ele></trkpt>
     <trkpt lat="35.811307" lon="-121.358902"><ele>121.8</ele></trkpt>
     <trkpt lat="35.810967" lon="-121.358939"><ele>128.0</ele></trkpt>
     <trkpt lat="35.810683" lon="-121.359047"><ele>131.8</ele></trkpt>
     <trkpt lat="35.810012" lon="-121.359589"><ele>133.8</ele></trkpt>
     <trkpt lat="35.809589" lon="-121.360028"><ele>142.5</ele></trkpt>
     <trkpt lat="35.809475" lon="-121.360244"><ele>141.5</ele></trkpt>
     <trkpt lat="35.809345" lon="-121.360636"><ele>132.5</ele></trkpt>
     <trkpt lat="35.809224" lon="-121.360788"><ele>130.8</ele></trkpt>
     <trkpt lat="35.808980" lon="-121.360784"><ele>130.5</ele></trkpt>
     <trkpt lat="35.808622" lon="-121.360579"><ele>134.2</ele></trkpt>
     <trkpt lat="35.808448" lon="-121.360310"><ele>142.5</ele></trkpt>
     <trkpt lat="35.808355" lon="-121.359949"><ele>155.0</ele></trkpt>
     <trkpt lat="35.808246" lon="-121.359698"><ele>157.5</ele></trkpt>
     <trkpt lat="35.807825" lon="-121.359139"><ele>154.8</ele></trkpt>
     <trkpt lat="35.807606" lon="-121.358396"><ele>167.2</ele></trkpt>
     <trkpt lat="35.807300" lon="-121.357904"><ele>167.2</ele></trkpt>
     <trkpt lat="35.806961" lon="-121.357223"><ele>174.8</ele></trkpt>
     <trkpt lat="35.806824" lon="-121.356848"><ele>183.8</ele></trkpt>
     <trkpt lat="35.806688" lon="-121.356687"><ele>186.5</ele></trkpt>
     <trkpt lat="35.806258" lon="-121.356399"><ele>180.0</ele></trkpt>
     <trkpt lat="35.806140" lon="-121.356212"><ele>179.8</ele></trkpt>
     <trkpt lat="35.805928" lon="-121.355190"><ele>189.0</ele></trkpt>
     <trkpt lat="35.805993" lon="-121.353664"><ele>210.0</ele></trkpt>
     <trkpt lat="35.805947" lon="-121.353362"><ele>212.5</ele></trkpt>
     <trkpt lat="35.805853" lon="-121.353122"><ele>214.2</ele></trkpt>
     <trkpt lat="35.805728" lon="-121.352931"><ele>216.5</ele></trkpt>
     <trkpt lat="35.805216" lon="-121.352412"><ele>222.2</ele></trkpt>
     <trkpt lat="35.805060" lon="-121.352342"><ele>221.8</ele></trkpt>
     <trkpt lat="35.804690" lon="-121.352311"><ele>214.0</ele></trkpt>
     <trkpt lat="35.804488" lon="-121.352239"><ele>212.8</ele></trkpt>
     <trkpt lat="35.803671" lon="-121.351620"><ele>223.0</ele></trkpt>
     <trkpt lat="35.803536" lon="-121.351427"><ele>221.0</ele></trkpt>
     <trkpt lat="35.803515" lon="-121.351213"><ele>220.5</ele></trkpt>
     <trkpt lat="35.803557" lon="-121.351071"><ele>222.0</ele></trkpt>
     <trkpt lat="35.804159" lon="-121.349991"><ele>239.8</ele></trkpt>
     <trkpt lat="35.804169" lon="-121.349764"><ele>245.0</ele></trkpt>
     <trkpt lat="35.804099" lon="-121.349597"><ele>246.0</ele></trkpt>
     <trkpt lat="35.803915" lon="-121.349478"><ele>242.2</ele></trkpt>
     <trkpt lat="35.803591" lon="-121.349510"><ele>229.8</ele></trkpt>
     <trkpt lat="35.803390" lon="-121.349419"><ele>226.0</ele></trkpt>
     <trkpt lat="35.803242" lon="-121.349276"><ele>227.2</ele></trkpt>
     <trkpt lat="35.803079" lon="-121.349027"><ele>232.8</ele></trkpt>
     <trkpt lat="35.802964" lon="-121.348964"><ele>232.8</ele></trkpt>
     <trkpt lat="35.802837" lon="-121.348984"><ele>229.0</ele></trkpt>
     <trkpt lat="35.802504" lon="-121.349146"><ele>214.0</ele></trkpt>
     <trkpt lat="35.802286" lon="-121.349101"><ele>212.2</ele></trkpt>
     <trkpt lat="35.801938" lon="-121.348884"><ele>214.2</ele></trkpt>
     <trkpt lat="35.801304" lon="-121.348596"><ele>205.2</ele></trkpt>
     <trkpt lat="35.800766" lon="-121.347993"><ele>211.2</ele></trkpt>
     <trkpt lat="35.800567" lon="-121.347844"><ele>215.2</ele></trkpt>
     <trkpt lat="35.800314" lon="-121.347741"><ele>217.2</ele></trkpt>
     <trkpt lat="35.799626" lon="-121.347704"><ele>205.8</ele></trkpt>
     <trkpt lat="35.798813" lon="-121.347810"><ele>180.8</ele></trkpt>
     <trkpt lat="35.798657" lon="-121.347751"><ele>178.5</ele></trkpt>
     <trkpt lat="35.798580" lon="-121.347632"><ele>179.2</ele></trkpt>
     <trkpt lat="35.798571" lon="-121.347429"><ele>181.2</ele></trkpt>
     <trkpt lat="35.798763" lon="-121.346908"><ele>182.8</ele></trkpt>
     <trkpt lat="35.798921" lon="-121.346715"><ele>186.5</ele></trkpt>
     <trkpt lat="35.799160" lon="-121.346605"><ele>196.2</ele></trkpt>
     <trkpt lat="35.799298" lon="-121.346445"><ele>204.5</ele></trkpt>
     <trkpt lat="35.799285" lon="-121.346276"><ele>207.8</ele></trkpt>
     <trkpt lat="35.799186" lon="-121.346160"><ele>208.0</ele></trkpt>
     <trkpt lat="35.798754" lon="-121.346055"><ele>195.8</ele></trkpt>
     <trkpt lat="35.798402" lon="-121.346095"><ele>182.2</ele></trkpt>
     <trkpt lat="35.798132" lon="-121.346227"><ele>179.5</ele></trkpt>
     <trkpt lat="35.797529" lon="-121.346680"><ele>169.2</ele></trkpt>
     <trkpt lat="35.797336" lon="-121.346757"><ele>163.8</ele></trkpt>
     <trkpt lat="35.797125" lon="-121.346765"><ele>159.8</ele></trkpt>
     <trkpt lat="35.796714" lon="-121.346503"><ele>161.0</ele></trkpt>
     <trkpt lat="35.796397" lon="-121.346055"><ele>164.2</ele></trkpt>
     <trkpt lat="35.796175" lon="-121.345836"><ele>163.5</ele></trkpt>
     <trkpt lat="35.795542" lon="-121.345397"><ele>157.8</ele></trkpt>
     <trkpt lat="35.795026" lon="-121.345153"><ele>151.2</ele></trkpt>
     <trkpt lat="35.794844" lon="-121.344870"><ele>145.5</ele></trkpt>
     <trkpt lat="35.794809" lon="-121.344719"><ele>145.2</ele></trkpt>
     <trkpt lat="35.794859" lon="-121.344182"><ele>154.8</ele></trkpt>
     <trkpt lat="35.794788" lon="-121.343789"><ele>157.2</ele></trkpt>
     <trkpt lat="35.794420" lon="-121.342955"><ele>158.8</ele></trkpt>
     <trkpt lat="35.794235" lon="-121.342431"><ele>163.2</ele></trkpt>
     <trkpt lat="35.794236" lon="-121.342243"><ele>166.5</ele></trkpt>
     <trkpt lat="35.794363" lon="-121.341920"><ele>175.2</ele></trkpt>
     <trkpt lat="35.794331" lon="-121.341730"><ele>177.8</ele></trkpt>
     <trkpt lat="35.794206" lon="-121.341664"><ele>176.8</ele></trkpt>
     <trkpt lat="35.793803" lon="-121.341800"><ele>163.0</ele></trkpt>
     <trkpt lat="35.793332" lon="-121.341725"><ele>152.5</ele></trkpt>
     <trkpt lat="35.793161" lon="-121.341650"><ele>147.0</ele></trkpt>
     <trkpt lat="35.793015" lon="-121.341530"><ele>146.2</ele></trkpt>
     <trkpt lat="35.792715" lon="-121.340857"><ele>165.0</ele></trkpt>
     <trkpt lat="35.792236" lon="-121.340356"><ele>162.2</ele></trkpt>
     <trkpt lat="35.790979" lon="-121.339526"><ele>150.8</ele></trkpt>
     <trkpt lat="35.790744" lon="-121.339454"><ele>147.0</ele></trkpt>
     <trkpt lat="35.790398" lon="-121.339420"><ele>137.8</ele></trkpt>
     <trkpt lat="35.789576" lon="-121.338959"><ele>134.0</ele></trkpt>
     <trkpt lat="35.788958" lon="-121.338444"><ele>124.8</ele></trkpt>
     <trkpt lat="35.788481" lon="-121.337892"><ele>111.5</ele></trkpt>
     <trkpt lat="35.788304" lon="-121.337616"><ele>112.0</ele></trkpt>
     <trkpt lat="35.788298" lon="-121.337281"><ele>115.2</ele></trkpt>
     <trkpt lat="35.788483" lon="-121.336859"><ele>121.5</ele></trkpt>
     <trkpt lat="35.788516" lon="-121.336658"><ele>122.2</ele></trkpt>
     <trkpt lat="35.788524" lon="-121.335811"><ele>124.8</ele></trkpt>
     <trkpt lat="35.788485" lon="-121.335596"><ele>124.2</ele></trkpt>
     <trkpt lat="35.788424" lon="-121.335488"><ele>122.0</ele></trkpt>
     <trkpt lat="35.788176" lon="-121.335273"><ele>117.8</ele></trkpt>
     <trkpt lat="35.787564" lon="-121.334861"><ele>117.8</ele></trkpt>
     <trkpt lat="35.787312" lon="-121.334439"><ele>122.8</ele></trkpt>
     <trkpt lat="35.787044" lon="-121.334200"><ele>124.8</ele></trkpt>
     <trkpt lat="35.786752" lon="-121.334105"><ele>124.2</ele></trkpt>
     <trkpt lat="35.785867" lon="-121.334033"><ele>111.0</ele></trkpt>
     <trkpt lat="35.785784" lon="-121.333994"><ele>109.2</ele></trkpt>
     <trkpt lat="35.785689" lon="-121.333901"><ele>108.0</ele></trkpt>
     <trkpt lat="35.785513" lon="-121.333485"><ele>117.8</ele></trkpt>
     <trkpt lat="35.785278" lon="-121.333263"><ele>121.2</ele></trkpt>
     <trkpt lat="35.785088" lon="-121.333152"><ele>122.2</ele></trkpt>
     <trkpt lat="35.784632" lon="-121.333063"><ele>102.0</ele></trkpt>
     <trkpt lat="35.784416" lon="-121.332924"><ele>97.0</ele></trkpt>
     <trkpt lat="35.784205" lon="-121.332643"><ele>101.2</ele></trkpt>
     <trkpt lat="35.784010" lon="-121.332113"><ele>113.0</ele></trkpt>
     <trkpt lat="35.783763" lon="-121.331828"><ele>109.5</ele></trkpt>
     <trkpt lat="35.783283" lon="-121.330987"><ele>109.2</ele></trkpt>
     <trkpt lat="35.782291" lon="-121.329556"><ele>109.5</ele></trkpt>
     <trkpt lat="35.782113" lon="-121.329439"><ele>109.5</ele></trkpt>
     <trkpt lat="35.781948" lon="-121.329406"><ele>109.2</ele></trkpt>
     <trkpt lat="35.780721" lon="-121.329587"><ele>100.8</ele></trkpt>
     <trkpt lat="35.780278" lon="-121.329556"><ele>96.8</ele></trkpt>
     <trkpt lat="35.779987" lon="-121.329468"><ele>95.8</ele></trkpt>
     <trkpt lat="35.779196" lon="-121.329149"><ele>104.0</ele></trkpt>
     <trkpt lat="35.777612" lon="-121.328205"><ele>103.5</ele></trkpt>
     <trkpt lat="35.776163" lon="-121.327565"><ele>98.8</ele></trkpt>
     <trkpt lat="35.775792" lon="-121.327348"><ele>95.8</ele></trkpt>
     <trkpt lat="35.775014" lon="-121.326560"><ele>96.0</ele></trkpt>
     <trkpt lat="35.774532" lon="-121.326185"><ele>93.2</ele></trkpt>
     <trkpt lat="35.774359" lon="-121.326083"><ele>93.8</ele></trkpt>
     <trkpt lat="35.773784" lon="-121.325939"><ele>87.5</ele></trkpt>
     <trkpt lat="35.773551" lon="-121.325818"><ele>88.8</ele></trkpt>
     <trkpt lat="35.773334" lon="-121.325367"><ele>92.2</ele></trkpt>
     <trkpt lat="35.773170" lon="-121.325158"><ele>92.2</ele></trkpt>
     <trkpt lat="35.773096" lon="-121.325117"><ele>91.8</ele></trkpt>
     <trkpt lat="35.772698" lon="-121.325086"><ele>84.8</ele></trkpt>
     <trkpt lat="35.772475" lon="-121.325000"><ele>84.0</ele></trkpt>
     <trkpt lat="35.772002" lon="-121.324502"><ele>81.5</ele></trkpt>
     <trkpt lat="35.771734" lon="-121.324293"><ele>81.5</ele></trkpt>
     <trkpt lat="35.771061" lon="-121.324155"><ele>76.8</ele></trkpt>
     <trkpt lat="35.770486" lon="-121.323728"><ele>70.8</ele></trkpt>
     <trkpt lat="35.769937" lon="-121.323508"><ele>61.0</ele></trkpt>
     <trkpt lat="35.769553" lon="-121.323238"><ele>51.8</ele></trkpt>
     <trkpt lat="35.769257" lon="-121.322889"><ele>45.2</ele></trkpt>
     <trkpt lat="35.769223" lon="-121.322740"><ele>45.5</ele></trkpt>
     <trkpt lat="35.769532" lon="-121.322042"><ele>63.0</ele></trkpt>
     <trkpt lat="35.769706" lon="-121.321802"><ele>69.5</ele></trkpt>
     <trkpt lat="35.769705" lon="-121.321610"><ele>71.0</ele></trkpt>
     <trkpt lat="35.769600" lon="-121.321453"><ele>71.2</ele></trkpt>
     <trkpt lat="35.769478" lon="-121.321428"><ele>70.5</ele></trkpt>
     <trkpt lat="35.769406" lon="-121.321470"><ele>68.8</ele></trkpt>
     <trkpt lat="35.768916" lon="-121.321901"><ele>56.8</ele></trkpt>
     <trkpt lat="35.768664" lon="-121.322038"><ele>53.8</ele></trkpt>
     <trkpt lat="35.768087" lon="-121.322184"><ele>48.0</ele></trkpt>
     <trkpt lat="35.767701" lon="-121.322576"><ele>38.0</ele></trkpt>
     <trkpt lat="35.767241" lon="-121.322705"><ele>34.2</ele></trkpt>
     <trkpt lat="35.767076" lon="-121.322715"><ele>31.5</ele></trkpt>
     <trkpt lat="35.766862" lon="-121.322663"><ele>28.8</ele></trkpt>
     <trkpt lat="35.766634" lon="-121.322405"><ele>28.5</ele></trkpt>
     <trkpt lat="35.766315" lon="-121.321675"><ele>28.8</ele></trkpt>
     <trkpt lat="35.765030" lon="-121.319939"><ele>16.0</ele></trkpt>
     <trkpt lat="35.764425" lon="-121.319404"><ele>9.5</ele></trkpt>
     <trkpt lat="35.763905" lon="-121.319121"><ele>9.8</ele></trkpt>
     <trkpt lat="35.763481" lon="-121.318955"><ele>9.8</ele></trkpt>
     <trkpt lat="35.763205" lon="-121.318876"><ele>10.2</ele></trkpt>
     <trkpt lat="35.762739" lon="-121.318875"><ele>11.2</ele></trkpt>
     <trkpt lat="35.762538" lon="-121.318962"><ele>11.8</ele></trkpt>
     <trkpt lat="35.762178" lon="-121.319253"><ele>17.5</ele></trkpt>
     <trkpt lat="35.761995" lon="-121.319543"><ele>20.5</ele></trkpt>
     <trkpt lat="35.761735" lon="-121.320554"><ele>23.5</ele></trkpt>
     <trkpt lat="35.761649" lon="-121.320744"><ele>24.5</ele></trkpt>
     <trkpt lat="35.761453" lon="-121.321050"><ele>28.8</ele></trkpt>
     <trkpt lat="35.761147" lon="-121.321356"><ele>34.2</ele></trkpt>
     <trkpt lat="35.760981" lon="-121.321449"><ele>36.5</ele></trkpt>
     <trkpt lat="35.760615" lon="-121.321543"><ele>38.2</ele></trkpt>
     <trkpt lat="35.760309" lon="-121.321536"><ele>38.5</ele></trkpt>
     <trkpt lat="35.759949" lon="-121.321427"><ele>39.0</ele></trkpt>
     <trkpt lat="35.759643" lon="-121.321215"><ele>40.0</ele></trkpt>
     <trkpt lat="35.759288" lon="-121.320752"><ele>41.2</ele></trkpt>
     <trkpt lat="35.757708" lon="-121.318189"><ele>39.0</ele></trkpt>
     <trkpt lat="35.756762" lon="-121.316463"><ele>41.0</ele></trkpt>
     <trkpt lat="35.756510" lon="-121.316078"><ele>42.2</ele></trkpt>
     <trkpt lat="35.753687" lon="-121.312604"><ele>37.8</ele></trkpt>
     <trkpt lat="35.753471" lon="-121.312379"><ele>38.8</ele></trkpt>
     <trkpt lat="35.753020" lon="-121.312045"><ele>39.5</ele></trkpt>
     <trkpt lat="35.752413" lon="-121.311795"><ele>39.8</ele></trkpt>
     <trkpt lat="35.751669" lon="-121.311716"><ele>41.8</ele></trkpt>
     <trkpt lat="35.750768" lon="-121.311761"><ele>43.8</ele></trkpt>
     <trkpt lat="35.749140" lon="-121.311757"><ele>37.2</ele></trkpt>
     <trkpt lat="35.748280" lon="-121.311838"><ele>44.0</ele></trkpt>
     <trkpt lat="35.744162" lon="-121.312472"><ele>33.0</ele></trkpt>
     <trkpt lat="35.728194" lon="-121.314710"><ele>31.5</ele></trkpt>
     <trkpt lat="35.727451" lon="-121.314750"><ele>31.5</ele></trkpt>
     <trkpt lat="35.727012" lon="-121.314616"><ele>29.8</ele></trkpt>
     <trkpt lat="35.725778" lon="-121.313667"><ele>28.0</ele></trkpt>
     <trkpt lat="35.725287" lon="-121.313454"><ele>27.8</ele></trkpt>
     <trkpt lat="35.725002" lon="-121.313269"><ele>28.0</ele></trkpt>
     <trkpt lat="35.724729" lon="-121.312953"><ele>26.2</ele></trkpt>
     <trkpt lat="35.723626" lon="-121.311412"><ele>22.8</ele></trkpt>
     <trkpt lat="35.723165" lon="-121.310853"><ele>23.8</ele></trkpt>
     <trkpt lat="35.722267" lon="-121.310067"><ele>26.2</ele></trkpt>
     <trkpt lat="35.716434" lon="-121.306553"><ele>16.0</ele></trkpt>
     <trkpt lat="35.712301" lon="-121.304129"><ele>7.0</ele></trkpt>
     <trkpt lat="35.711907" lon="-121.303935"><ele>7.0</ele></trkpt>
     <trkpt lat="35.711338" lon="-121.303726"><ele>6.5</ele></trkpt>
     <trkpt lat="35.710720" lon="-121.303636"><ele>5.5</ele></trkpt>
     <trkpt lat="35.710020" lon="-121.303622"><ele>6.2</ele></trkpt>
     <trkpt lat="35.708069" lon="-121.304073"><ele>12.2</ele></trkpt>
     <trkpt lat="35.706319" lon="-121.304396"><ele>26.8</ele></trkpt>
     <trkpt lat="35.705533" lon="-121.304437"><ele>26.0</ele></trkpt>
     <trkpt lat="35.704673" lon="-121.304270"><ele>21.5</ele></trkpt>
     <trkpt lat="35.703780" lon="-121.303952"><ele>18.8</ele></trkpt>
     <trkpt lat="35.703042" lon="-121.303534"><ele>15.5</ele></trkpt>
     <trkpt lat="35.702404" lon="-121.302948"><ele>15.2</ele></trkpt>
     <trkpt lat="35.701873" lon="-121.302353"><ele>16.0</ele></trkpt>
     <trkpt lat="35.701235" lon="-121.301331"><ele>18.0</ele></trkpt>
     <trkpt lat="35.700575" lon="-121.299737"><ele>19.0</ele></trkpt>
     <trkpt lat="35.698837" lon="-121.295172"><ele>25.0</ele></trkpt>
     <trkpt lat="35.698402" lon="-121.294318"><ele>22.8</ele></trkpt>
     <trkpt lat="35.697793" lon="-121.293487"><ele>21.0</ele></trkpt>
     <trkpt lat="35.696897" lon="-121.292628"><ele>15.5</ele></trkpt>
     <trkpt lat="35.692474" lon="-121.288649"><ele>20.0</ele></trkpt>
     <trkpt lat="35.690817" lon="-121.287241"><ele>15.2</ele></trkpt>
     <trkpt lat="35.690075" lon="-121.286926"><ele>14.8</ele></trkpt>
     <trkpt lat="35.689515" lon="-121.286773"><ele>14.2</ele></trkpt>
     <trkpt lat="35.688877" lon="-121.286732"><ele>13.8</ele></trkpt>
     <trkpt lat="35.687648" lon="-121.286937"><ele>15.5</ele></trkpt>
     <trkpt lat="35.687137" lon="-121.286902"><ele>15.8</ele></trkpt>
     <trkpt lat="35.686604" lon="-121.286773"><ele>15.5</ele></trkpt>
     <trkpt lat="35.685948" lon="-121.286437"><ele>14.0</ele></trkpt>
     <trkpt lat="35.684774" lon="-121.285479"><ele>12.8</ele></trkpt>
     <trkpt lat="35.684265" lon="-121.285184"><ele>12.5</ele></trkpt>
     <trkpt lat="35.683419" lon="-121.284935"><ele>14.0</ele></trkpt>
     <trkpt lat="35.683041" lon="-121.284896"><ele>13.5</ele></trkpt>
     <trkpt lat="35.678602" lon="-121.285002"><ele>19.5</ele></trkpt>
     <trkpt lat="35.677100" lon="-121.284657"><ele>18.8</ele></trkpt>
     <trkpt lat="35.676283" lon="-121.284322"><ele>17.8</ele></trkpt>
     <trkpt lat="35.675402" lon="-121.283769"><ele>16.5</ele></trkpt>
     <trkpt lat="35.674574" lon="-121.283070"><ele>16.0</ele></trkpt>
     <trkpt lat="35.672426" lon="-121.280797"><ele>26.0</ele></trkpt>
     <trkpt lat="35.670210" lon="-121.278319"><ele>26.2</ele></trkpt>
     <trkpt lat="35.670023" lon="-121.277966"><ele>26.8</ele></trkpt>
     <trkpt lat="35.669714" lon="-121.277207"><ele>27.5</ele></trkpt>
     <trkpt lat="35.668797" lon="-121.274798"><ele>28.8</ele></trkpt>
     <trkpt lat="35.667486" lon="-121.271121"><ele>18.0</ele></trkpt>
     <trkpt lat="35.667210" lon="-121.270045"><ele>17.0</ele></trkpt>
     <trkpt lat="35.666492" lon="-121.266716"><ele>19.0</ele></trkpt>
     <trkpt lat="35.664939" lon="-121.262689"><ele>18.0</ele></trkpt>
     <trkpt lat="35.664839" lon="-121.262303"><ele>15.5</ele></trkpt>
     <trkpt lat="35.664707" lon="-121.260977"><ele>12.2</ele></trkpt>
     <trkpt lat="35.664631" lon="-121.260548"><ele>11.2</ele></trkpt>
     <trkpt lat="35.664481" lon="-121.260041"><ele>10.2</ele></trkpt>
     <trkpt lat="35.663123" lon="-121.256659"><ele>9.8</ele></trkpt>
     <trkpt lat="35.662822" lon="-121.256181"><ele>8.5</ele></trkpt>
     <trkpt lat="35.660482" lon="-121.253013"><ele>11.5</ele></trkpt>
     <trkpt lat="35.660317" lon="-121.252844"><ele>11.5</ele></trkpt>
     <trkpt lat="35.659207" lon="-121.251991"><ele>12.2</ele></trkpt>
     <trkpt lat="35.658723" lon="-121.251482"><ele>12.8</ele></trkpt>
     <trkpt lat="35.658398" lon="-121.250983"><ele>14.2</ele></trkpt>
     <trkpt lat="35.655875" lon="-121.245970"><ele>11.0</ele></trkpt>
     <trkpt lat="35.655495" lon="-121.245379"><ele>11.0</ele></trkpt>
     <trkpt lat="35.654805" lon="-121.244547"><ele>9.0</ele></trkpt>
     <trkpt lat="35.654435" lon="-121.243970"><ele>7.5</ele></trkpt>
     <trkpt lat="35.654158" lon="-121.243432"><ele>8.5</ele></trkpt>
     <trkpt lat="35.653957" lon="-121.242909"><ele>9.0</ele></trkpt>
     <trkpt lat="35.653698" lon="-121.241804"><ele>9.2</ele></trkpt>
     <trkpt lat="35.653640" lon="-121.241005"><ele>9.2</ele></trkpt>
     <trkpt lat="35.653672" lon="-121.240171"><ele>8.8</ele></trkpt>
     <trkpt lat="35.653948" lon="-121.237864"><ele>8.5</ele></trkpt>
     <trkpt lat="35.653927" lon="-121.236663"><ele>10.0</ele></trkpt>
     <trkpt lat="35.653757" lon="-121.235777"><ele>11.5</ele></trkpt>
     <trkpt lat="35.653600" lon="-121.235213"><ele>11.5</ele></trkpt>
     <trkpt lat="35.652833" lon="-121.232974"><ele>10.5</ele></trkpt>
     <trkpt lat="35.652614" lon="-121.232124"><ele>9.5</ele></trkpt>
     <trkpt lat="35.652449" lon="-121.231058"><ele>7.5</ele></trkpt>
     <trkpt lat="35.652421" lon="-121.230557"><ele>8.0</ele></trkpt>
     <trkpt lat="35.652438" lon="-121.229542"><ele>9.8</ele></trkpt>
     <trkpt lat="35.653169" lon="-121.222873"><ele>9.8</ele></trkpt>
     <trkpt lat="35.653271" lon="-121.221655"><ele>9.5</ele></trkpt>
     <trkpt lat="35.653130" lon="-121.217274"><ele>16.8</ele></trkpt>
     <trkpt lat="35.652935" lon="-121.215093"><ele>24.2</ele></trkpt>
     <trkpt lat="35.652740" lon="-121.213903"><ele>26.2</ele></trkpt>
     <trkpt lat="35.652408" lon="-121.212862"><ele>27.5</ele></trkpt>
     <trkpt lat="35.651460" lon="-121.210753"><ele>26.8</ele></trkpt>
     <trkpt lat="35.651306" lon="-121.210230"><ele>26.2</ele></trkpt>
     <trkpt lat="35.651241" lon="-121.209809"><ele>25.8</ele></trkpt>
     <trkpt lat="35.651232" lon="-121.209470"><ele>25.8</ele></trkpt>
     <trkpt lat="35.651283" lon="-121.208899"><ele>24.8</ele></trkpt>
     <trkpt lat="35.651735" lon="-121.207307"><ele>21.8</ele></trkpt>
     <trkpt lat="35.651879" lon="-121.206614"><ele>22.2</ele></trkpt>
     <trkpt lat="35.651940" lon="-121.205828"><ele>23.2</ele></trkpt>
     <trkpt lat="35.651813" lon="-121.204799"><ele>27.2</ele></trkpt>
     <trkpt lat="35.651604" lon="-121.204129"><ele>28.0</ele></trkpt>
     <trkpt lat="35.646548" lon="-121.192243"><ele>21.2</ele></trkpt>
     <trkpt lat="35.642208" lon="-121.181242"><ele>11.8</ele></trkpt>
     <trkpt lat="35.641853" lon="-121.180199"><ele>11.8</ele></trkpt>
     <trkpt lat="35.641601" lon="-121.179320"><ele>13.5</ele></trkpt>
     <trkpt lat="35.640668" lon="-121.175506"><ele>11.8</ele></trkpt>
     <trkpt lat="35.640291" lon="-121.174314"><ele>15.5</ele></trkpt>
     <trkpt lat="35.638031" lon="-121.169310"><ele>20.0</ele></trkpt>
     <trkpt lat="35.636691" lon="-121.166514"><ele>22.8</ele></trkpt>
     <trkpt lat="35.636180" lon="-121.165708"><ele>21.8</ele></trkpt>
     <trkpt lat="35.635583" lon="-121.165021"><ele>24.0</ele></trkpt>
     <trkpt lat="35.635182" lon="-121.164655"><ele>20.8</ele></trkpt>
     <trkpt lat="35.632296" lon="-121.162405"><ele>14.5</ele></trkpt>
     <trkpt lat="35.629865" lon="-121.160701"><ele>12.2</ele></trkpt>
     <trkpt lat="35.627588" lon="-121.158954"><ele>8.5</ele></trkpt>
     <trkpt lat="35.626099" lon="-121.157621"><ele>11.2</ele></trkpt>
     <trkpt lat="35.625263" lon="-121.156755"><ele>11.5</ele></trkpt>
     <trkpt lat="35.624522" lon="-121.156091"><ele>14.2</ele></trkpt>
     <trkpt lat="35.622449" lon="-121.154671"><ele>18.0</ele></trkpt>
     <trkpt lat="35.621555" lon="-121.153995"><ele>18.0</ele></trkpt>
     <trkpt lat="35.620588" lon="-121.153128"><ele>18.2</ele></trkpt>
     <trkpt lat="35.619639" lon="-121.152116"><ele>22.0</ele></trkpt>
     <trkpt lat="35.617885" lon="-121.149831"><ele>22.0</ele></trkpt>
     <trkpt lat="35.615467" lon="-121.146970"><ele>17.8</ele></trkpt>
     <trkpt lat="35.614341" lon="-121.145683"><ele>18.8</ele></trkpt>
     <trkpt lat="35.613253" lon="-121.144567"><ele>18.0</ele></trkpt>
     <trkpt lat="35.611642" lon="-121.142689"><ele>16.8</ele></trkpt>
     <trkpt lat="35.605384" lon="-121.135234"><ele>26.2</ele></trkpt>
     <trkpt lat="35.599156" lon="-121.127947"><ele>19.8</ele></trkpt>
     <trkpt lat="35.598209" lon="-121.127052"><ele>21.0</ele></trkpt>
     <trkpt lat="35.597549" lon="-121.126587"><ele>16.5</ele></trkpt>
     <trkpt lat="35.596829" lon="-121.126195"><ele>11.8</ele></trkpt>
     <trkpt lat="35.594255" lon="-121.125097"><ele>8.8</ele></trkpt>
     <trkpt lat="35.591889" lon="-121.124297"><ele>10.0</ele></trkpt>
     <trkpt lat="35.589434" lon="-121.123301"><ele>18.5</ele></trkpt>
     <trkpt lat="35.587463" lon="-121.122463"><ele>19.2</ele></trkpt>
     <trkpt lat="35.586491" lon="-121.121904"><ele>21.5</ele></trkpt>
     <trkpt lat="35.585954" lon="-121.121519"><ele>21.2</ele></trkpt>
     <trkpt lat="35.585509" lon="-121.121133"><ele>21.8</ele></trkpt>
     <trkpt lat="35.583803" lon="-121.119485"><ele>19.5</ele></trkpt>
     <trkpt lat="35.581640" lon="-121.117478"><ele>12.0</ele></trkpt>
     <trkpt lat="35.576619" lon="-121.112640"><ele>18.2</ele></trkpt>
     <trkpt lat="35.576031" lon="-121.112231"><ele>18.2</ele></trkpt>
     <trkpt lat="35.575355" lon="-121.111878"><ele>18.2</ele></trkpt>
     <trkpt lat="35.573531" lon="-121.111305"><ele>23.5</ele></trkpt>
     <trkpt lat="35.572849" lon="-121.111006"><ele>24.2</ele></trkpt>
     <trkpt lat="35.572087" lon="-121.110515"><ele>24.2</ele></trkpt>
     <trkpt lat="35.571294" lon="-121.109762"><ele>24.2</ele></trkpt>
     <trkpt lat="35.570731" lon="-121.109044"><ele>23.5</ele></trkpt>
     <trkpt lat="35.570462" lon="-121.108594"><ele>24.0</ele></trkpt>
     <trkpt lat="35.570080" lon="-121.107745"><ele>23.2</ele></trkpt>
     <trkpt lat="35.569862" lon="-121.107110"><ele>22.5</ele></trkpt>
     <trkpt lat="35.569122" lon="-121.104508"><ele>16.0</ele></trkpt>
     <trkpt lat="35.568927" lon="-121.103931"><ele>15.0</ele></trkpt>
     <trkpt lat="35.569162" lon="-121.103736"><ele>20.0</ele></trkpt>
     <trkpt lat="35.568602" lon="-121.102716"><ele>12.5</ele></trkpt>
     <trkpt lat="35.568469" lon="-121.102409"><ele>10.5</ele></trkpt>
     <trkpt lat="35.568305" lon="-121.101870"><ele>10.5</ele></trkpt>
     <trkpt lat="35.567965" lon="-121.101107"><ele>14.5</ele></trkpt>
     <trkpt lat="35.564808" lon="-121.096489"><ele>19.0</ele></trkpt>
     <trkpt lat="35.564185" lon="-121.095524"><ele>19.2</ele></trkpt>
     <trkpt lat="35.563713" lon="-121.094668"><ele>23.8</ele></trkpt>
     <trkpt lat="35.563482" lon="-121.094155"><ele>26.8</ele></trkpt>
     <trkpt lat="35.563102" lon="-121.093053"><ele>31.5</ele></trkpt>
     <trkpt lat="35.562873" lon="-121.092022"><ele>29.0</ele></trkpt>
     <trkpt lat="35.562742" lon="-121.091001"><ele>29.2</ele></trkpt>
     <trkpt lat="35.562712" lon="-121.089875"><ele>31.5</ele></trkpt>
     <trkpt lat="35.562778" lon="-121.088889"><ele>29.0</ele></trkpt>
     <trkpt lat="35.562908" lon="-121.088013"><ele>26.8</ele></trkpt>
     <trkpt lat="35.563812" lon="-121.083263"><ele>27.5</ele></trkpt>
     <trkpt lat="35.564303" lon="-121.081560"><ele>24.5</ele></trkpt>
     <trkpt lat="35.563615" lon="-121.081318"><ele>22.0</ele></trkpt>
     <trkpt lat="35.563296" lon="-121.082427"><ele>23.8</ele></trkpt>
     <trkpt lat="35.561620" lon="-121.081857"><ele>36.8</ele></trkpt>
     <trkpt lat="35.561607" lon="-121.081391"><ele>36.0</ele></trkpt>
     <trkpt lat="35.561543" lon="-121.080974"><ele>37.8</ele></trkpt>
     <trkpt lat="35.561319" lon="-121.080446"><ele>47.0</ele></trkpt>
     <trkpt lat="35.561168" lon="-121.079903"><ele>51.5</ele></trkpt>
     <trkpt lat="35.561069" lon="-121.079755"><ele>55.8</ele></trkpt>
     <trkpt lat="35.560626" lon="-121.079498"><ele>64.2</ele></trkpt>
     <trkpt lat="35.560004" lon="-121.079331"><ele>68.2</ele></trkpt>
     <trkpt lat="35.559785" lon="-121.078821"><ele>72.2</ele></trkpt>
     <trkpt lat="35.559608" lon="-121.078597"><ele>75.0</ele></trkpt>
     <trkpt lat="35.559403" lon="-121.078489"><ele>77.0</ele></trkpt>
     <trkpt lat="35.558659" lon="-121.078373"><ele>84.0</ele></trkpt>
     <trkpt lat="35.558502" lon="-121.078266"><ele>85.8</ele></trkpt>
     <trkpt lat="35.558175" lon="-121.077749"><ele>88.2</ele></trkpt>
     <trkpt lat="35.558102" lon="-121.077310"><ele>89.2</ele></trkpt>
     <trkpt lat="35.558230" lon="-121.076519"><ele>90.0</ele></trkpt>
     <trkpt lat="35.558236" lon="-121.076171"><ele>88.5</ele></trkpt>
     <trkpt lat="35.558114" lon="-121.076085"><ele>88.8</ele></trkpt>
     <trkpt lat="35.556683" lon="-121.075479"><ele>85.2</ele></trkpt>
     <trkpt lat="35.554582" lon="-121.074508"><ele>78.0</ele></trkpt>
     <trkpt lat="35.554277" lon="-121.074263"><ele>77.2</ele></trkpt>
     <trkpt lat="35.554144" lon="-121.074097"><ele>77.0</ele></trkpt>
     <trkpt lat="35.553941" lon="-121.073724"><ele>78.0</ele></trkpt>
     <trkpt lat="35.553848" lon="-121.073400"><ele>77.5</ele></trkpt>
     <trkpt lat="35.553837" lon="-121.073152"><ele>79.0</ele></trkpt>
     <trkpt lat="35.553209" lon="-121.072829"><ele>81.5</ele></trkpt>
     <trkpt lat="35.552383" lon="-121.072331"><ele>81.8</ele></trkpt>
     <trkpt lat="35.552072" lon="-121.072064"><ele>84.2</ele></trkpt>
     <trkpt lat="35.551621" lon="-121.071478"><ele>86.8</ele></trkpt>
     <trkpt lat="35.551446" lon="-121.071472"><ele>87.0</ele></trkpt>
     <trkpt lat="35.551309" lon="-121.071570"><ele>87.0</ele></trkpt>
     <trkpt lat="35.545517" lon="-121.065257"><ele>51.0</ele></trkpt>
     <trkpt lat="35.544516" lon="-121.064103"><ele>44.5</ele></trkpt>
     <trkpt lat="35.543901" lon="-121.063235"><ele>41.5</ele></trkpt>
     <trkpt lat="35.543534" lon="-121.062612"><ele>40.2</ele></trkpt>
     <trkpt lat="35.541922" lon="-121.059611"><ele>35.5</ele></trkpt>
     <trkpt lat="35.541494" lon="-121.058892"><ele>35.2</ele></trkpt>
     <trkpt lat="35.540343" lon="-121.057391"><ele>34.5</ele></trkpt>
     <trkpt lat="35.536999" lon="-121.053263"><ele>44.0</ele></trkpt>
     <trkpt lat="35.535998" lon="-121.052339"><ele>48.8</ele></trkpt>
     <trkpt lat="35.532525" lon="-121.049975"><ele>53.8</ele></trkpt>
     <trkpt lat="35.531843" lon="-121.049414"><ele>51.8</ele></trkpt>
     <trkpt lat="35.529538" lon="-121.047180"><ele>46.0</ele></trkpt>
     <trkpt lat="35.527192" lon="-121.044805"><ele>36.8</ele></trkpt>
     <trkpt lat="35.526471" lon="-121.044271"><ele>37.0</ele></trkpt>
     <trkpt lat="35.524059" lon="-121.043021"><ele>37.5</ele></trkpt>
     <trkpt lat="35.523603" lon="-121.042700"><ele>38.5</ele></trkpt>
     <trkpt lat="35.522869" lon="-121.042003"><ele>39.2</ele></trkpt>
     <trkpt lat="35.522130" lon="-121.040988"><ele>40.8</ele></trkpt>
     <trkpt lat="35.519947" lon="-121.037390"><ele>41.0</ele></trkpt>
     <trkpt lat="35.519290" lon="-121.036350"><ele>42.0</ele></trkpt>
     <trkpt lat="35.518750" lon="-121.035592"><ele>43.5</ele></trkpt>
     <trkpt lat="35.512136" lon="-121.029377"><ele>53.2</ele></trkpt>
     <trkpt lat="35.511370" lon="-121.028531"><ele>54.2</ele></trkpt>
     <trkpt lat="35.510706" lon="-121.027667"><ele>56.0</ele></trkpt>
     <trkpt lat="35.508251" lon="-121.023823"><ele>61.8</ele></trkpt>
     <trkpt lat="35.504718" lon="-121.017989"><ele>97.2</ele></trkpt>
     <trkpt lat="35.502973" lon="-121.015270"><ele>85.5</ele></trkpt>
     <trkpt lat="35.502064" lon="-121.014131"><ele>84.0</ele></trkpt>
     <trkpt lat="35.498488" lon="-121.010134"><ele>72.0</ele></trkpt>
     <trkpt lat="35.497808" lon="-121.009300"><ele>74.0</ele></trkpt>
     <trkpt lat="35.494836" lon="-121.005342"><ele>62.8</ele></trkpt>
     <trkpt lat="35.494297" lon="-121.004688"><ele>59.5</ele></trkpt>
     <trkpt lat="35.493922" lon="-121.004355"><ele>59.0</ele></trkpt>
     <trkpt lat="35.493471" lon="-121.004038"><ele>56.5</ele></trkpt>
     <trkpt lat="35.491496" lon="-121.003069"><ele>54.8</ele></trkpt>
     <trkpt lat="35.490945" lon="-121.002700"><ele>52.8</ele></trkpt>
     <trkpt lat="35.490256" lon="-121.002123"><ele>51.8</ele></trkpt>
     <trkpt lat="35.487999" lon="-121.000032"><ele>54.8</ele></trkpt>
     <trkpt lat="35.486759" lon="-120.998973"><ele>51.8</ele></trkpt>
     <trkpt lat="35.482440" lon="-120.996471"><ele>47.5</ele></trkpt>
     <trkpt lat="35.481855" lon="-120.996075"><ele>44.0</ele></trkpt>
     <trkpt lat="35.480870" lon="-120.995220"><ele>37.0</ele></trkpt>
     <trkpt lat="35.480305" lon="-120.994587"><ele>36.2</ele></trkpt>
     <trkpt lat="35.478707" lon="-120.992359"><ele>30.2</ele></trkpt>
     <trkpt lat="35.478155" lon="-120.991687"><ele>27.2</ele></trkpt>
     <trkpt lat="35.477899" lon="-120.991434"><ele>26.8</ele></trkpt>
     <trkpt lat="35.477272" lon="-120.990934"><ele>25.2</ele></trkpt>
     <trkpt lat="35.475794" lon="-120.990014"><ele>24.8</ele></trkpt>
     <trkpt lat="35.475490" lon="-120.989787"><ele>27.0</ele></trkpt>
     <trkpt lat="35.474755" lon="-120.989082"><ele>29.0</ele></trkpt>
     <trkpt lat="35.474344" lon="-120.988549"><ele>27.8</ele></trkpt>
     <trkpt lat="35.473984" lon="-120.987931"><ele>26.5</ele></trkpt>
     <trkpt lat="35.473591" lon="-120.987014"><ele>25.5</ele></trkpt>
     <trkpt lat="35.473378" lon="-120.986225"><ele>21.8</ele></trkpt>
     <trkpt lat="35.472982" lon="-120.984107"><ele>21.0</ele></trkpt>
     <trkpt lat="35.472879" lon="-120.983757"><ele>20.0</ele></trkpt>
     <trkpt lat="35.472538" lon="-120.982880"><ele>15.5</ele></trkpt>
     <trkpt lat="35.472094" lon="-120.982030"><ele>16.0</ele></trkpt>
     <trkpt lat="35.469256" lon="-120.977644"><ele>9.5</ele></trkpt>
     <trkpt lat="35.466120" lon="-120.973477"><ele>9.5</ele></trkpt>
     <trkpt lat="35.465377" lon="-120.972376"><ele>13.0</ele></trkpt>
     <trkpt lat="35.455832" lon="-120.956221"><ele>18.0</ele></trkpt>
     <trkpt lat="35.455196" lon="-120.954809"><ele>19.0</ele></trkpt>
     <trkpt lat="35.451483" lon="-120.944428"><ele>24.5</ele></trkpt>
     <trkpt lat="35.451134" lon="-120.943201"><ele>26.5</ele></trkpt>
     <trkpt lat="35.450838" lon="-120.941529"><ele>30.5</ele></trkpt>
     <trkpt lat="35.450077" lon="-120.933721"><ele>13.8</ele></trkpt>
     <trkpt lat="35.449389" lon="-120.926190"><ele>27.5</ele></trkpt>
     <trkpt lat="35.449345" lon="-120.925244"><ele>26.5</ele></trkpt>
     <trkpt lat="35.449488" lon="-120.921862"><ele>23.8</ele></trkpt>
     <trkpt lat="35.449919" lon="-120.917894"><ele>22.8</ele></trkpt>
     <trkpt lat="35.449586" lon="-120.917703"><ele>20.0</ele></trkpt>
     <trkpt lat="35.449485" lon="-120.917512"><ele>19.0</ele></trkpt>
     <trkpt lat="35.449475" lon="-120.917276"><ele>18.8</ele></trkpt>
     <trkpt lat="35.449854" lon="-120.916182"><ele>21.8</ele></trkpt>
     <trkpt lat="35.449943" lon="-120.914991"><ele>17.0</ele></trkpt>
     <trkpt lat="35.449845" lon="-120.914040"><ele>17.2</ele></trkpt>
     <trkpt lat="35.449312" lon="-120.912201"><ele>18.0</ele></trkpt>
     <trkpt lat="35.449249" lon="-120.911826"><ele>18.8</ele></trkpt>
     <trkpt lat="35.449229" lon="-120.911257"><ele>20.5</ele></trkpt>
     <trkpt lat="35.449281" lon="-120.910732"><ele>22.8</ele></trkpt>
     <trkpt lat="35.449350" lon="-120.910410"><ele>21.8</ele></trkpt>
     <trkpt lat="35.449923" lon="-120.908718"><ele>14.5</ele></trkpt>
     <trkpt lat="35.450021" lon="-120.908235"><ele>12.2</ele></trkpt>
     <trkpt lat="35.450035" lon="-120.907591"><ele>8.2</ele></trkpt>
     <trkpt lat="35.449937" lon="-120.906801"><ele>6.0</ele></trkpt>
     <trkpt lat="35.449822" lon="-120.906426"><ele>6.2</ele></trkpt>
     <trkpt lat="35.449554" lon="-120.905805"><ele>8.0</ele></trkpt>
     <trkpt lat="35.443814" lon="-120.894197"><ele>25.2</ele></trkpt>
     <trkpt lat="35.442702" lon="-120.892022"><ele>26.5</ele></trkpt>
     <trkpt lat="35.442151" lon="-120.891144"><ele>26.0</ele></trkpt>
     <trkpt lat="35.441360" lon="-120.890264"><ele>24.8</ele></trkpt>
     <trkpt lat="35.439542" lon="-120.888515"><ele>18.8</ele></trkpt>
     <trkpt lat="35.439241" lon="-120.888292"><ele>19.0</ele></trkpt>
     <trkpt lat="35.438628" lon="-120.887901"><ele>15.8</ele></trkpt>
     <trkpt lat="35.437901" lon="-120.887538"><ele>13.8</ele></trkpt>
     <trkpt lat="35.433202" lon="-120.885650"><ele>13.2</ele></trkpt>
     <trkpt lat="35.432690" lon="-120.885367"><ele>14.2</ele></trkpt>
     <trkpt lat="35.431884" lon="-120.884759"><ele>13.5</ele></trkpt>
     <trkpt lat="35.428439" lon="-120.881697"><ele>14.2</ele></trkpt>
     <trkpt lat="35.427217" lon="-120.880849"><ele>15.8</ele></trkpt>
     <trkpt lat="35.422964" lon="-120.878417"><ele>18.5</ele></trkpt>
     <trkpt lat="35.419754" lon="-120.876945"><ele>11.0</ele></trkpt>
     <trkpt lat="35.414089" lon="-120.873730"><ele>7.5</ele></trkpt>
     <trkpt lat="35.412705" lon="-120.873094"><ele>6.2</ele></trkpt>
     <trkpt lat="35.409723" lon="-120.872248"><ele>16.2</ele></trkpt>
     <trkpt lat="35.409139" lon="-120.872027"><ele>18.2</ele></trkpt>
     <trkpt lat="35.408563" lon="-120.871706"><ele>20.2</ele></trkpt>
     <trkpt lat="35.407950" lon="-120.871234"><ele>21.0</ele></trkpt>
     <trkpt lat="35.404034" lon="-120.867673"><ele>16.0</ele></trkpt>
     <trkpt lat="35.401755" lon="-120.865065"><ele>14.2</ele></trkpt>
     <trkpt lat="35.401066" lon="-120.864381"><ele>14.2</ele></trkpt>
     <trkpt lat="35.400094" lon="-120.863558"><ele>14.8</ele></trkpt>
     <trkpt lat="35.399558" lon="-120.863180"><ele>14.5</ele></trkpt>
     <trkpt lat="35.398181" lon="-120.862345"><ele>14.0</ele></trkpt>
     <trkpt lat="35.397075" lon="-120.861852"><ele>14.2</ele></trkpt>
     <trkpt lat="35.390083" lon="-120.859203"><ele>10.2</ele></trkpt>
     <trkpt lat="35.387676" lon="-120.858330"><ele>9.2</ele></trkpt>
     <trkpt lat="35.384537" lon="-120.857083"><ele>9.5</ele></trkpt>
     <trkpt lat="35.382841" lon="-120.856462"><ele>10.5</ele></trkpt>
     <trkpt lat="35.379978" lon="-120.855910"><ele>9.5</ele></trkpt>
     <trkpt lat="35.379962" lon="-120.856072"><ele>9.0</ele></trkpt>
     <trkpt lat="35.379742" lon="-120.855963"><ele>9.5</ele></trkpt>
     <trkpt lat="35.378858" lon="-120.855673"><ele>10.0</ele></trkpt>
     <trkpt lat="35.378233" lon="-120.855544"><ele>10.8</ele></trkpt>
     <trkpt lat="35.377902" lon="-120.855388"><ele>10.2</ele></trkpt>
     <trkpt lat="35.377268" lon="-120.854979"><ele>9.5</ele></trkpt>
     <trkpt lat="35.376607" lon="-120.854856"><ele>8.5</ele></trkpt>
     <trkpt lat="35.376327" lon="-120.854464"><ele>8.2</ele></trkpt>
     <trkpt lat="35.375552" lon="-120.853945"><ele>9.2</ele></trkpt>
     <trkpt lat="35.375202" lon="-120.853779"><ele>9.8</ele></trkpt>
     <trkpt lat="35.374729" lon="-120.853414"><ele>9.5</ele></trkpt>
     <trkpt lat="35.373991" lon="-120.852978"><ele>9.8</ele></trkpt>
     <trkpt lat="35.373393" lon="-120.852379"><ele>12.8</ele></trkpt>
     <trkpt lat="35.373258" lon="-120.852085"><ele>14.0</ele></trkpt>
     <trkpt lat="35.372971" lon="-120.851679"><ele>17.2</ele></trkpt>
     <trkpt lat="35.372937" lon="-120.851400"><ele>17.2</ele></trkpt>
     <trkpt lat="35.372787" lon="-120.851369"><ele>18.2</ele></trkpt>
     <trkpt lat="35.372396" lon="-120.851143"><ele>20.0</ele></trkpt>
     <trkpt lat="35.371881" lon="-120.850589"><ele>21.0</ele></trkpt>
     <trkpt lat="35.371359" lon="-120.850203"><ele>20.2</ele></trkpt>
     <trkpt lat="35.370622" lon="-120.850029"><ele>23.8</ele></trkpt>
     <trkpt lat="35.369932" lon="-120.849990"><ele>25.8</ele></trkpt>
     <trkpt lat="35.360214" lon="-120.849968"><ele>23.0</ele></trkpt>
     <trkpt lat="35.360017" lon="-120.849948"><ele>23.2</ele></trkpt>
     <trkpt lat="35.359001" lon="-120.849530"><ele>29.0</ele></trkpt>
     <trkpt lat="35.358559" lon="-120.849242"><ele>26.2</ele></trkpt>
     <trkpt lat="35.357562" lon="-120.848435"><ele>18.2</ele></trkpt>
     <trkpt lat="35.356157" lon="-120.846592"><ele>16.8</ele></trkpt>
     <trkpt lat="35.356084" lon="-120.846435"><ele>17.2</ele></trkpt>
     <trkpt lat="35.356023" lon="-120.846130"><ele>18.8</ele></trkpt>
     <trkpt lat="35.356018" lon="-120.845353"><ele>23.0</ele></trkpt>
     <trkpt lat="35.355964" lon="-120.844892"><ele>25.2</ele></trkpt>
     <trkpt lat="35.355888" lon="-120.844685"><ele>26.0</ele></trkpt>
     <trkpt lat="35.355704" lon="-120.844459"><ele>26.5</ele></trkpt>
     <trkpt lat="35.354685" lon="-120.843894"><ele>27.8</ele></trkpt>
     <trkpt lat="35.354464" lon="-120.843813"><ele>29.5</ele></trkpt>
     <trkpt lat="35.353919" lon="-120.843726"><ele>31.2</ele></trkpt>
     <trkpt lat="35.353763" lon="-120.842687"><ele>41.2</ele></trkpt>
     <trkpt lat="35.353448" lon="-120.841926"><ele>43.8</ele></trkpt>
     <trkpt lat="35.353373" lon="-120.841576"><ele>44.5</ele></trkpt>
     <trkpt lat="35.353386" lon="-120.841365"><ele>45.5</ele></trkpt>
     <trkpt lat="35.353565" lon="-120.840531"><ele>50.8</ele></trkpt>
     <trkpt lat="35.353560" lon="-120.840201"><ele>51.5</ele></trkpt>
     <trkpt lat="35.353503" lon="-120.839939"><ele>51.8</ele></trkpt>
     <trkpt lat="35.353238" lon="-120.839376"><ele>53.5</ele></trkpt>
     <trkpt lat="35.352585" lon="-120.838431"><ele>52.2</ele></trkpt>
     <trkpt lat="35.352222" lon="-120.837788"><ele>53.2</ele></trkpt>
     <trkpt lat="35.351868" lon="-120.836764"><ele>51.2</ele></trkpt>
     <trkpt lat="35.351738" lon="-120.835987"><ele>56.5</ele></trkpt>
     <trkpt lat="35.351413" lon="-120.834581"><ele>38.5</ele></trkpt>
     <trkpt lat="35.351337" lon="-120.833857"><ele>30.8</ele></trkpt>
     <trkpt lat="35.351415" lon="-120.833499"><ele>29.5</ele></trkpt>
     <trkpt lat="35.351480" lon="-120.833365"><ele>29.2</ele></trkpt>
     <trkpt lat="35.351765" lon="-120.833015"><ele>30.8</ele></trkpt>
     <trkpt lat="35.352049" lon="-120.832393"><ele>30.0</ele></trkpt>
     <trkpt lat="35.352384" lon="-120.831988"><ele>28.8</ele></trkpt>
     <trkpt lat="35.352566" lon="-120.831533"><ele>25.0</ele></trkpt>
     <trkpt lat="35.352850" lon="-120.831041"><ele>19.5</ele></trkpt>
     <trkpt lat="35.353576" lon="-120.830047"><ele>15.5</ele></trkpt>
     <trkpt lat="35.353879" lon="-120.829549"><ele>12.5</ele></trkpt>
     <trkpt lat="35.354791" lon="-120.828569"><ele>11.8</ele></trkpt>
     <trkpt lat="35.354932" lon="-120.828344"><ele>9.8</ele></trkpt>
     <trkpt lat="35.355019" lon="-120.828050"><ele>8.2</ele></trkpt>
     <trkpt lat="35.353849" lon="-120.827506"><ele>6.0</ele></trkpt>
     <trkpt lat="35.353534" lon="-120.827422"><ele>6.2</ele></trkpt>
     <trkpt lat="35.353288" lon="-120.827408"><ele>7.2</ele></trkpt>
     <trkpt lat="35.353018" lon="-120.827455"><ele>10.0</ele></trkpt>
     <trkpt lat="35.352693" lon="-120.827590"><ele>11.8</ele></trkpt>
     <trkpt lat="35.352159" lon="-120.828019"><ele>9.8</ele></trkpt>
     <trkpt lat="35.351860" lon="-120.828167"><ele>8.8</ele></trkpt>
     <trkpt lat="35.351429" lon="-120.828243"><ele>8.2</ele></trkpt>
     <trkpt lat="35.350802" lon="-120.828272"><ele>8.0</ele></trkpt>
     <trkpt lat="35.350185" lon="-120.828058"><ele>8.5</ele></trkpt>
     <trkpt lat="35.349918" lon="-120.827898"><ele>9.0</ele></trkpt>
     <trkpt lat="35.349715" lon="-120.827699"><ele>9.5</ele></trkpt>
     <trkpt lat="35.349338" lon="-120.827138"><ele>10.8</ele></trkpt>
     <trkpt lat="35.348924" lon="-120.826790"><ele>10.0</ele></trkpt>
     <trkpt lat="35.348724" lon="-120.826687"><ele>9.5</ele></trkpt>
     <trkpt lat="35.347855" lon="-120.826399"><ele>7.0</ele></trkpt>
     <trkpt lat="35.346823" lon="-120.825813"><ele>6.5</ele></trkpt>
     <trkpt lat="35.346319" lon="-120.825696"><ele>6.8</ele></trkpt>
     <trkpt lat="35.344806" lon="-120.825611"><ele>8.5</ele></trkpt>
     <trkpt lat="35.343819" lon="-120.825356"><ele>11.2</ele></trkpt>
     <trkpt lat="35.342684" lon="-120.824824"><ele>8.5</ele></trkpt>
     <trkpt lat="35.340966" lon="-120.823766"><ele>9.0</ele></trkpt>
     <trkpt lat="35.340337" lon="-120.823506"><ele>9.0</ele></trkpt>
     <trkpt lat="35.339877" lon="-120.823368"><ele>8.2</ele></trkpt>
     <trkpt lat="35.339382" lon="-120.823290"><ele>6.5</ele></trkpt>
     <trkpt lat="35.334796" lon="-120.823310"><ele>8.5</ele></trkpt>
     <trkpt lat="35.333322" lon="-120.823362"><ele>26.0</ele></trkpt>
     <trkpt lat="35.330268" lon="-120.823362"><ele>28.8</ele></trkpt>
     <trkpt lat="35.329564" lon="-120.823324"><ele>27.8</ele></trkpt>
     <trkpt lat="35.328759" lon="-120.823112"><ele>31.0</ele></trkpt>
     <trkpt lat="35.328234" lon="-120.822866"><ele>35.0</ele></trkpt>
     <trkpt lat="35.326613" lon="-120.821735"><ele>38.5</ele></trkpt>
     <trkpt lat="35.326006" lon="-120.821409"><ele>34.5</ele></trkpt>
     <trkpt lat="35.325608" lon="-120.821273"><ele>31.5</ele></trkpt>
     <trkpt lat="35.324918" lon="-120.821149"><ele>26.8</ele></trkpt>
     <trkpt lat="35.324567" lon="-120.821124"><ele>25.2</ele></trkpt>
     <trkpt lat="35.324026" lon="-120.821161"><ele>23.5</ele></trkpt>
     <trkpt lat="35.323506" lon="-120.821279"><ele>23.8</ele></trkpt>
     <trkpt lat="35.322844" lon="-120.821551"><ele>24.0</ele></trkpt>
     <trkpt lat="35.322379" lon="-120.821841"><ele>26.0</ele></trkpt>
     <trkpt lat="35.321069" lon="-120.822964"><ele>31.8</ele></trkpt>
     <trkpt lat="35.320691" lon="-120.823192"><ele>31.0</ele></trkpt>
     <trkpt lat="35.320172" lon="-120.823363"><ele>30.2</ele></trkpt>
     <trkpt lat="35.319694" lon="-120.823412"><ele>29.8</ele></trkpt>
     <trkpt lat="35.317399" lon="-120.823455"><ele>35.8</ele></trkpt>
     <trkpt lat="35.314278" lon="-120.823434"><ele>33.8</ele></trkpt>
     <trkpt lat="35.313690" lon="-120.823484"><ele>37.0</ele></trkpt>
     <trkpt lat="35.313001" lon="-120.823616"><ele>39.5</ele></trkpt>
     <trkpt lat="35.312507" lon="-120.823766"><ele>39.8</ele></trkpt>
     <trkpt lat="35.312644" lon="-120.824482"><ele>39.8</ele></trkpt>
     <trkpt lat="35.313142" lon="-120.828622"><ele>39.2</ele></trkpt>
     <trkpt lat="35.313183" lon="-120.833312"><ele>39.0</ele></trkpt>
     <trkpt lat="35.311968" lon="-120.833253"><ele>39.2</ele></trkpt>
     <trkpt lat="35.311124" lon="-120.833148"><ele>40.0</ele></trkpt>
     <trkpt lat="35.310763" lon="-120.833224"><ele>40.8</ele></trkpt>
     <trkpt lat="35.310765" lon="-120.832979"><ele>41.2</ele></trkpt>
     <trkpt lat="35.310713" lon="-120.832635"><ele>42.5</ele></trkpt>
     <trkpt lat="35.311089" lon="-120.832485"><ele>41.5</ele></trkpt>
     <trkpt lat="35.310915" lon="-120.831186"><ele>42.0</ele></trkpt>
     <trkpt lat="35.310543" lon="-120.827176"><ele>50.2</ele></trkpt>
     <trkpt lat="35.310398" lon="-120.826333"><ele>50.5</ele></trkpt>
     <trkpt lat="35.310148" lon="-120.825582"><ele>51.2</ele></trkpt>
     <trkpt lat="35.310138" lon="-120.825419"><ele>51.2</ele></trkpt>
     <trkpt lat="35.309129" lon="-120.823584"><ele>54.8</ele></trkpt>
     <trkpt lat="35.308861" lon="-120.822995"><ele>54.8</ele></trkpt>
     <trkpt lat="35.308773" lon="-120.822682"><ele>54.0</ele></trkpt>
     <trkpt lat="35.305732" lon="-120.810526"><ele>30.0</ele></trkpt>
     <trkpt lat="35.303512" lon="-120.801413"><ele>36.0</ele></trkpt>
     <trkpt lat="35.303234" lon="-120.800191"><ele>35.0</ele></trkpt>
     <trkpt lat="35.302387" lon="-120.795601"><ele>29.2</ele></trkpt>
     <trkpt lat="35.302028" lon="-120.794200"><ele>26.2</ele></trkpt>
     <trkpt lat="35.301744" lon="-120.793344"><ele>20.8</ele></trkpt>
     <trkpt lat="35.299369" lon="-120.787138"><ele>14.8</ele></trkpt>
     <trkpt lat="35.299200" lon="-120.786609"><ele>13.8</ele></trkpt>
     <trkpt lat="35.298943" lon="-120.785504"><ele>14.5</ele></trkpt>
     <trkpt lat="35.298835" lon="-120.784783"><ele>14.0</ele></trkpt>
     <trkpt lat="35.298751" lon="-120.783533"><ele>13.8</ele></trkpt>
     <trkpt lat="35.298813" lon="-120.782090"><ele>15.0</ele></trkpt>
     <trkpt lat="35.298958" lon="-120.781006"><ele>14.8</ele></trkpt>
     <trkpt lat="35.299110" lon="-120.780338"><ele>15.2</ele></trkpt>
     <trkpt lat="35.299786" lon="-120.777973"><ele>16.2</ele></trkpt>
     <trkpt lat="35.299927" lon="-120.777095"><ele>16.5</ele></trkpt>
     <trkpt lat="35.299966" lon="-120.776610"><ele>17.0</ele></trkpt>
     <trkpt lat="35.299965" lon="-120.775762"><ele>19.2</ele></trkpt>
     <trkpt lat="35.299907" lon="-120.775198"><ele>22.8</ele></trkpt>
     <trkpt lat="35.299662" lon="-120.774054"><ele>21.8</ele></trkpt>
     <trkpt lat="35.291468" lon="-120.751847"><ele>39.2</ele></trkpt>
     <trkpt lat="35.281895" lon="-120.725729"><ele>53.2</ele></trkpt>
     <trkpt lat="35.278208" lon="-120.715661"><ele>44.2</ele></trkpt>
     <trkpt lat="35.277299" lon="-120.713019"><ele>45.5</ele></trkpt>
     <trkpt lat="35.276889" lon="-120.712120"><ele>44.8</ele></trkpt>
     <trkpt lat="35.276607" lon="-120.711622"><ele>44.2</ele></trkpt>
     <trkpt lat="35.277066" lon="-120.711284"><ele>43.5</ele></trkpt>
     <trkpt lat="35.281222" lon="-120.708807"><ele>43.0</ele></trkpt>
     <trkpt lat="35.281539" lon="-120.708542"><ele>43.0</ele></trkpt>
     <trkpt lat="35.281887" lon="-120.708146"><ele>43.2</ele></trkpt>
     <trkpt lat="35.282313" lon="-120.707350"><ele>44.8</ele></trkpt>
     <trkpt lat="35.284192" lon="-120.703126"><ele>52.5</ele></trkpt>
     <trkpt lat="35.284516" lon="-120.702623"><ele>51.2</ele></trkpt>
     <trkpt lat="35.286128" lon="-120.700603"><ele>52.2</ele></trkpt>
     <trkpt lat="35.286392" lon="-120.700163"><ele>52.0</ele></trkpt>
     <trkpt lat="35.288102" lon="-120.695969"><ele>61.8</ele></trkpt>
     <trkpt lat="35.289872" lon="-120.692240"><ele>67.2</ele></trkpt>
     <trkpt lat="35.291281" lon="-120.690138"><ele>76.2</ele></trkpt>
     <trkpt lat="35.292017" lon="-120.688643"><ele>86.8</ele></trkpt>
     <trkpt lat="35.292373" lon="-120.688191"><ele>86.5</ele></trkpt>
     <trkpt lat="35.293723" lon="-120.686710"><ele>94.2</ele></trkpt>
     <trkpt lat="35.293977" lon="-120.686284"><ele>94.2</ele></trkpt>
     <trkpt lat="35.294085" lon="-120.685962"><ele>93.2</ele></trkpt>
     <trkpt lat="35.294141" lon="-120.685548"><ele>92.8</ele></trkpt>
     <trkpt lat="35.294142" lon="-120.677253"><ele>81.5</ele></trkpt>
     <trkpt lat="35.294042" lon="-120.668035"><ele>80.8</ele></trkpt>
     <trkpt lat="35.292396" lon="-120.667438"><ele>78.0</ele></trkpt>
     <trkpt lat="35.291857" lon="-120.667308"><ele>78.2</ele></trkpt>
     <trkpt lat="35.290511" lon="-120.666873"><ele>74.8</ele></trkpt>
     <trkpt lat="35.290182" lon="-120.666679"><ele>73.8</ele></trkpt>
     <trkpt lat="35.289663" lon="-120.666223"><ele>71.8</ele></trkpt>
     <trkpt lat="35.289597" lon="-120.666098"><ele>71.5</ele></trkpt>
     <trkpt lat="35.282598" lon="-120.659977"><ele>74.0</ele></trkpt>
     <trkpt lat="35.281810" lon="-120.661266"><ele>73.5</ele></trkpt>
     <trkpt lat="35.280574" lon="-120.663494"><ele>70.5</ele></trkpt>
     <trkpt lat="35.279870" lon="-120.662866"><ele>68.5</ele></trkpt>
     <trkpt lat="35.276650" lon="-120.668192"><ele>58.8</ele></trkpt>
     <trkpt lat="35.275364" lon="-120.669180"><ele>55.5</ele></trkpt>
     <trkpt lat="35.275203" lon="-120.669263"><ele>55.8</ele></trkpt>
     <trkpt lat="35.269003" lon="-120.670367"><ele>50.5</ele></trkpt>
     <trkpt lat="35.264437" lon="-120.670470"><ele>55.5</ele></trkpt>
     <trkpt lat="35.263941" lon="-120.670456"><ele>55.8</ele></trkpt>
     <trkpt lat="35.263454" lon="-120.670304"><ele>55.5</ele></trkpt>
     <trkpt lat="35.261601" lon="-120.669319"><ele>52.0</ele></trkpt>
     <trkpt lat="35.261296" lon="-120.669195"><ele>51.0</ele></trkpt>
     <trkpt lat="35.258616" lon="-120.668555"><ele>50.0</ele></trkpt>
     <trkpt lat="35.257898" lon="-120.668542"><ele>49.2</ele></trkpt>
     <trkpt lat="35.255302" lon="-120.668791"><ele>44.5</ele></trkpt>
     <trkpt lat="35.254947" lon="-120.668865"><ele>45.0</ele></trkpt>
     <trkpt lat="35.254466" lon="-120.669062"><ele>46.2</ele></trkpt>
     <trkpt lat="35.243165" lon="-120.675825"><ele>39.5</ele></trkpt>
     <trkpt lat="35.236645" lon="-120.680225"><ele>30.8</ele></trkpt>
     <trkpt lat="35.236305" lon="-120.680513"><ele>31.8</ele></trkpt>
     <trkpt lat="35.235878" lon="-120.680917"><ele>31.5</ele></trkpt>
     <trkpt lat="35.235438" lon="-120.681459"><ele>29.5</ele></trkpt>
     <trkpt lat="35.234823" lon="-120.682475"><ele>29.8</ele></trkpt>
     <trkpt lat="35.232651" lon="-120.687664"><ele>27.8</ele></trkpt>
     <trkpt lat="35.232368" lon="-120.688209"><ele>26.2</ele></trkpt>
     <trkpt lat="35.231111" lon="-120.690074"><ele>29.5</ele></trkpt>
     <trkpt lat="35.230879" lon="-120.690340"><ele>32.2</ele></trkpt>
     <trkpt lat="35.230697" lon="-120.690468"><ele>32.8</ele></trkpt>
     <trkpt lat="35.230242" lon="-120.690603"><ele>31.0</ele></trkpt>
     <trkpt lat="35.228654" lon="-120.690806"><ele>27.2</ele></trkpt>
     <trkpt lat="35.227621" lon="-120.690783"><ele>25.2</ele></trkpt>
     <trkpt lat="35.225619" lon="-120.690608"><ele>22.2</ele></trkpt>
     <trkpt lat="35.225121" lon="-120.690644"><ele>26.5</ele></trkpt>
     <trkpt lat="35.224859" lon="-120.690731"><ele>28.2</ele></trkpt>
     <trkpt lat="35.224593" lon="-120.690889"><ele>29.5</ele></trkpt>
     <trkpt lat="35.224230" lon="-120.691253"><ele>30.5</ele></trkpt>
     <trkpt lat="35.223507" lon="-120.692530"><ele>27.0</ele></trkpt>
     <trkpt lat="35.223223" lon="-120.692930"><ele>27.2</ele></trkpt>
     <trkpt lat="35.223327" lon="-120.693224"><ele>28.5</ele></trkpt>
     <trkpt lat="35.223202" lon="-120.693439"><ele>28.8</ele></trkpt>
     <trkpt lat="35.223072" lon="-120.693542"><ele>28.8</ele></trkpt>
     <trkpt lat="35.222787" lon="-120.693620"><ele>29.2</ele></trkpt>
     <trkpt lat="35.222562" lon="-120.693625"><ele>29.2</ele></trkpt>
     <trkpt lat="35.221289" lon="-120.693294"><ele>30.0</ele></trkpt>
     <trkpt lat="35.221043" lon="-120.693267"><ele>30.2</ele></trkpt>
     <trkpt lat="35.220829" lon="-120.693280"><ele>30.5</ele></trkpt>
     <trkpt lat="35.220363" lon="-120.693425"><ele>29.5</ele></trkpt>
     <trkpt lat="35.220100" lon="-120.693580"><ele>29.0</ele></trkpt>
     <trkpt lat="35.218295" lon="-120.694895"><ele>27.2</ele></trkpt>
     <trkpt lat="35.215870" lon="-120.696875"><ele>35.2</ele></trkpt>
     <trkpt lat="35.215631" lon="-120.697024"><ele>38.5</ele></trkpt>
     <trkpt lat="35.215186" lon="-120.697201"><ele>41.5</ele></trkpt>
     <trkpt lat="35.214645" lon="-120.697277"><ele>42.2</ele></trkpt>
     <trkpt lat="35.213118" lon="-120.697233"><ele>39.2</ele></trkpt>
     <trkpt lat="35.211083" lon="-120.697241"><ele>32.8</ele></trkpt>
     <trkpt lat="35.208830" lon="-120.697483"><ele>29.8</ele></trkpt>
     <trkpt lat="35.206047" lon="-120.697145"><ele>20.5</ele></trkpt>
     <trkpt lat="35.205460" lon="-120.697146"><ele>20.5</ele></trkpt>
     <trkpt lat="35.204821" lon="-120.697207"><ele>22.0</ele></trkpt>
     <trkpt lat="35.202022" lon="-120.697655"><ele>21.0</ele></trkpt>
     <trkpt lat="35.201650" lon="-120.697748"><ele>21.2</ele></trkpt>
     <trkpt lat="35.200520" lon="-120.698170"><ele>20.0</ele></trkpt>
     <trkpt lat="35.199291" lon="-120.698731"><ele>22.8</ele></trkpt>
     <trkpt lat="35.197013" lon="-120.699921"><ele>27.2</ele></trkpt>
     <trkpt lat="35.196117" lon="-120.700568"><ele>27.8</ele></trkpt>
     <trkpt lat="35.195039" lon="-120.700540"><ele>23.2</ele></trkpt>
     <trkpt lat="35.194125" lon="-120.700614"><ele>20.5</ele></trkpt>
     <trkpt lat="35.191899" lon="-120.701199"><ele>18.8</ele></trkpt>
     <trkpt lat="35.188421" lon="-120.701631"><ele>24.5</ele></trkpt>
     <trkpt lat="35.187586" lon="-120.701953"><ele>21.0</ele></trkpt>
     <trkpt lat="35.186183" lon="-120.702907"><ele>17.0</ele></trkpt>
     <trkpt lat="35.185518" lon="-120.703201"><ele>15.0</ele></trkpt>
     <trkpt lat="35.181794" lon="-120.704011"><ele>18.5</ele></trkpt>
     <trkpt lat="35.181327" lon="-120.704023"><ele>21.0</ele></trkpt>
     <trkpt lat="35.181178" lon="-120.704098"><ele>21.2</ele></trkpt>
     <trkpt lat="35.181076" lon="-120.704236"><ele>22.8</ele></trkpt>
     <trkpt lat="35.180229" lon="-120.703351"><ele>28.2</ele></trkpt>
     <trkpt lat="35.180003" lon="-120.703003"><ele>27.8</ele></trkpt>
     <trkpt lat="35.179869" lon="-120.702666"><ele>30.5</ele></trkpt>
     <trkpt lat="35.179765" lon="-120.702144"><ele>32.8</ele></trkpt>
     <trkpt lat="35.179700" lon="-120.700515"><ele>36.2</ele></trkpt>
     <trkpt lat="35.179545" lon="-120.700313"><ele>38.0</ele></trkpt>
     <trkpt lat="35.179242" lon="-120.700066"><ele>40.0</ele></trkpt>
     <trkpt lat="35.179124" lon="-120.699758"><ele>41.0</ele></trkpt>
     <trkpt lat="35.178830" lon="-120.699391"><ele>46.0</ele></trkpt>
     <trkpt lat="35.178029" lon="-120.698786"><ele>53.5</ele></trkpt>
     <trkpt lat="35.177309" lon="-120.698410"><ele>54.2</ele></trkpt>
     <trkpt lat="35.176787" lon="-120.698269"><ele>53.2</ele></trkpt>
     <trkpt lat="35.175848" lon="-120.698295"><ele>45.5</ele></trkpt>
     <trkpt lat="35.175131" lon="-120.698191"><ele>42.0</ele></trkpt>
     <trkpt lat="35.174371" lon="-120.697929"><ele>38.0</ele></trkpt>
     <trkpt lat="35.173709" lon="-120.697530"><ele>35.2</ele></trkpt>
     <trkpt lat="35.173132" lon="-120.697017"><ele>35.5</ele></trkpt>
     <trkpt lat="35.172085" lon="-120.695833"><ele>35.5</ele></trkpt>
     <trkpt lat="35.170823" lon="-120.694557"><ele>34.0</ele></trkpt>
     <trkpt lat="35.169520" lon="-120.693137"><ele>35.2</ele></trkpt>
     <trkpt lat="35.168798" lon="-120.692461"><ele>35.2</ele></trkpt>
     <trkpt lat="35.166833" lon="-120.690791"><ele>34.2</ele></trkpt>
     <trkpt lat="35.165031" lon="-120.689166"><ele>31.2</ele></trkpt>
     <trkpt lat="35.164348" lon="-120.688601"><ele>28.8</ele></trkpt>
     <trkpt lat="35.163848" lon="-120.687990"><ele>29.5</ele></trkpt>
     <trkpt lat="35.163627" lon="-120.687650"><ele>30.5</ele></trkpt>
     <trkpt lat="35.163404" lon="-120.687185"><ele>31.8</ele></trkpt>
     <trkpt lat="35.162779" lon="-120.685330"><ele>35.8</ele></trkpt>
     <trkpt lat="35.161257" lon="-120.681289"><ele>38.5</ele></trkpt>
     <trkpt lat="35.159871" lon="-120.677762"><ele>35.0</ele></trkpt>
     <trkpt lat="35.159626" lon="-120.677214"><ele>36.2</ele></trkpt>
     <trkpt lat="35.155165" lon="-120.665815"><ele>29.0</ele></trkpt>
     <trkpt lat="35.154918" lon="-120.665242"><ele>28.5</ele></trkpt>
     <trkpt lat="35.154491" lon="-120.664584"><ele>26.0</ele></trkpt>
     <trkpt lat="35.154259" lon="-120.664106"><ele>23.5</ele></trkpt>
     <trkpt lat="35.154072" lon="-120.663477"><ele>19.8</ele></trkpt>
     <trkpt lat="35.153879" lon="-120.662511"><ele>24.5</ele></trkpt>
     <trkpt lat="35.153722" lon="-120.662082"><ele>25.2</ele></trkpt>
     <trkpt lat="35.153430" lon="-120.661434"><ele>27.0</ele></trkpt>
     <trkpt lat="35.152143" lon="-120.659018"><ele>32.0</ele></trkpt>
     <trkpt lat="35.151808" lon="-120.658198"><ele>36.0</ele></trkpt>
     <trkpt lat="35.150968" lon="-120.655860"><ele>30.8</ele></trkpt>
     <trkpt lat="35.149604" lon="-120.653161"><ele>31.5</ele></trkpt>
     <trkpt lat="35.149478" lon="-120.652680"><ele>31.8</ele></trkpt>
     <trkpt lat="35.149506" lon="-120.651748"><ele>34.8</ele></trkpt>
     <trkpt lat="35.149451" lon="-120.651357"><ele>36.5</ele></trkpt>
     <trkpt lat="35.147786" lon="-120.647064"><ele>37.8</ele></trkpt>
     <trkpt lat="35.147486" lon="-120.646465"><ele>35.8</ele></trkpt>
     <trkpt lat="35.147314" lon="-120.646215"><ele>35.8</ele></trkpt>
     <trkpt lat="35.146654" lon="-120.645477"><ele>34.0</ele></trkpt>
     <trkpt lat="35.146335" lon="-120.644891"><ele>35.2</ele></trkpt>
     <trkpt lat="35.146084" lon="-120.644899"><ele>34.5</ele></trkpt>
     <trkpt lat="35.145822" lon="-120.644835"><ele>33.5</ele></trkpt>
     <trkpt lat="35.144397" lon="-120.644712"><ele>23.8</ele></trkpt>
     <trkpt lat="35.144117" lon="-120.644611"><ele>22.5</ele></trkpt>
     <trkpt lat="35.143949" lon="-120.644499"><ele>22.0</ele></trkpt>
     <trkpt lat="35.142072" lon="-120.642410"><ele>16.0</ele></trkpt>
     <trkpt lat="35.141883" lon="-120.642262"><ele>15.8</ele></trkpt>
     <trkpt lat="35.141448" lon="-120.642144"><ele>14.8</ele></trkpt>
     <trkpt lat="35.141221" lon="-120.641991"><ele>14.5</ele></trkpt>
     <trkpt lat="35.138042" lon="-120.638450"><ele>6.5</ele></trkpt>
     <trkpt lat="35.137777" lon="-120.638252"><ele>6.0</ele></trkpt>
     <trkpt lat="35.137530" lon="-120.638141"><ele>5.8</ele></trkpt>
     <trkpt lat="35.136289" lon="-120.637943"><ele>5.5</ele></trkpt>
     <trkpt lat="35.135860" lon="-120.637709"><ele>5.8</ele></trkpt>
     <trkpt lat="35.132407" lon="-120.633926"><ele>6.2</ele></trkpt>
     <trkpt lat="35.131501" lon="-120.632877"><ele>5.8</ele></trkpt>
     <trkpt lat="35.131045" lon="-120.632468"><ele>6.0</ele></trkpt>
     <trkpt lat="35.130627" lon="-120.632166"><ele>8.8</ele></trkpt>
     <trkpt lat="35.130020" lon="-120.631998"><ele>15.8</ele></trkpt>
     <trkpt lat="35.127116" lon="-120.631794"><ele>8.5</ele></trkpt>
     <trkpt lat="35.126598" lon="-120.631729"><ele>9.5</ele></trkpt>
     <trkpt lat="35.125903" lon="-120.631572"><ele>9.0</ele></trkpt>
     <trkpt lat="35.124734" lon="-120.631128"><ele>8.2</ele></trkpt>
     <trkpt lat="35.122178" lon="-120.629926"><ele>6.5</ele></trkpt>
     <trkpt lat="35.121045" lon="-120.629699"><ele>5.2</ele></trkpt>
     <trkpt lat="35.120574" lon="-120.629523"><ele>5.5</ele></trkpt>
     <trkpt lat="35.114249" lon="-120.626561"><ele>9.2</ele></trkpt>
     <trkpt lat="35.106663" lon="-120.623074"><ele>11.8</ele></trkpt>
     <trkpt lat="35.106274" lon="-120.622843"><ele>11.5</ele></trkpt>
     <trkpt lat="35.106045" lon="-120.622653"><ele>11.0</ele></trkpt>
     <trkpt lat="35.103816" lon="-120.620404"><ele>12.2</ele></trkpt>
     <trkpt lat="35.103561" lon="-120.619982"><ele>12.0</ele></trkpt>
     <trkpt lat="35.103433" lon="-120.619632"><ele>12.5</ele></trkpt>
     <trkpt lat="35.103234" lon="-120.618814"><ele>13.5</ele></trkpt>
     <trkpt lat="35.103148" lon="-120.618573"><ele>14.2</ele></trkpt>
     <trkpt lat="35.102915" lon="-120.618146"><ele>14.8</ele></trkpt>
     <trkpt lat="35.098411" lon="-120.611933"><ele>8.0</ele></trkpt>
     <trkpt lat="35.098189" lon="-120.611415"><ele>8.0</ele></trkpt>
     <trkpt lat="35.098149" lon="-120.610781"><ele>8.8</ele></trkpt>
     <trkpt lat="35.098128" lon="-120.603950"><ele>13.8</ele></trkpt>
     <trkpt lat="35.098158" lon="-120.591120"><ele>14.5</ele></trkpt>
     <trkpt lat="35.097899" lon="-120.591183"><ele>14.8</ele></trkpt>
     <trkpt lat="35.097287" lon="-120.591546"><ele>14.5</ele></trkpt>
     <trkpt lat="35.096980" lon="-120.591614"><ele>14.2</ele></trkpt>
     <trkpt lat="35.086676" lon="-120.591629"><ele>10.8</ele></trkpt>
     <trkpt lat="35.086303" lon="-120.591581"><ele>10.5</ele></trkpt>
     <trkpt lat="35.085731" lon="-120.591364"><ele>10.2</ele></trkpt>
     <trkpt lat="35.085377" lon="-120.591107"><ele>10.8</ele></trkpt>
     <trkpt lat="35.083195" lon="-120.589115"><ele>31.0</ele></trkpt>
     <trkpt lat="35.082344" lon="-120.588232"><ele>49.0</ele></trkpt>
     <trkpt lat="35.080765" lon="-120.586704"><ele>56.0</ele></trkpt>
     <trkpt lat="35.079652" lon="-120.587742"><ele>56.5</ele></trkpt>
     <trkpt lat="35.078928" lon="-120.588513"><ele>58.8</ele></trkpt>
     <trkpt lat="35.078384" lon="-120.588912"><ele>61.2</ele></trkpt>
     <trkpt lat="35.078062" lon="-120.589068"><ele>63.0</ele></trkpt>
     <trkpt lat="35.077741" lon="-120.589162"><ele>64.2</ele></trkpt>
     <trkpt lat="35.075546" lon="-120.589606"><ele>65.2</ele></trkpt>
     <trkpt lat="35.073577" lon="-120.590343"><ele>74.2</ele></trkpt>
     <trkpt lat="35.072567" lon="-120.590799"><ele>75.0</ele></trkpt>
     <trkpt lat="35.064016" lon="-120.596947"><ele>36.8</ele></trkpt>
     <trkpt lat="35.063371" lon="-120.597212"><ele>37.8</ele></trkpt>
     <trkpt lat="35.062974" lon="-120.597295"><ele>38.0</ele></trkpt>
     <trkpt lat="35.062325" lon="-120.597303"><ele>37.5</ele></trkpt>
     <trkpt lat="35.059818" lon="-120.596947"><ele>32.8</ele></trkpt>
     <trkpt lat="35.058450" lon="-120.596799"><ele>21.8</ele></trkpt>
     <trkpt lat="35.057377" lon="-120.596557"><ele>20.2</ele></trkpt>
     <trkpt lat="35.055897" lon="-120.595983"><ele>24.8</ele></trkpt>
     <trkpt lat="35.053744" lon="-120.595639"><ele>36.5</ele></trkpt>
     <trkpt lat="35.053315" lon="-120.595545"><ele>37.5</ele></trkpt>
     <trkpt lat="35.052825" lon="-120.595327"><ele>34.8</ele></trkpt>
     <trkpt lat="35.052357" lon="-120.595004"><ele>34.5</ele></trkpt>
     <trkpt lat="35.051959" lon="-120.594596"><ele>37.5</ele></trkpt>
     <trkpt lat="35.051052" lon="-120.593542"><ele>38.0</ele></trkpt>
     <trkpt lat="35.050589" lon="-120.593174"><ele>37.0</ele></trkpt>
     <trkpt lat="35.050120" lon="-120.592930"><ele>36.5</ele></trkpt>
     <trkpt lat="35.049587" lon="-120.592785"><ele>37.2</ele></trkpt>
     <trkpt lat="35.048962" lon="-120.592713"><ele>38.0</ele></trkpt>
     <trkpt lat="35.048373" lon="-120.592565"><ele>39.2</ele></trkpt>
     <trkpt lat="35.048025" lon="-120.592358"><ele>38.8</ele></trkpt>
     <trkpt lat="35.047767" lon="-120.592128"><ele>38.2</ele></trkpt>
     <trkpt lat="35.047571" lon="-120.591851"><ele>38.5</ele></trkpt>
     <trkpt lat="35.047402" lon="-120.591534"><ele>39.0</ele></trkpt>
     <trkpt lat="35.047315" lon="-120.591267"><ele>39.0</ele></trkpt>
     <trkpt lat="35.047249" lon="-120.590926"><ele>39.2</ele></trkpt>
     <trkpt lat="35.047232" lon="-120.590500"><ele>38.5</ele></trkpt>
     <trkpt lat="35.047260" lon="-120.585712"><ele>44.0</ele></trkpt>
     <trkpt lat="35.047243" lon="-120.579103"><ele>51.0</ele></trkpt>
     <trkpt lat="35.047294" lon="-120.576913"><ele>48.0</ele></trkpt>
     <trkpt lat="35.047287" lon="-120.572247"><ele>53.8</ele></trkpt>
     <trkpt lat="35.047235" lon="-120.571572"><ele>56.5</ele></trkpt>
     <trkpt lat="35.047136" lon="-120.570980"><ele>56.8</ele></trkpt>
     <trkpt lat="35.046931" lon="-120.570347"><ele>53.5</ele></trkpt>
     <trkpt lat="35.046682" lon="-120.569812"><ele>50.2</ele></trkpt>
     <trkpt lat="35.046178" lon="-120.569115"><ele>52.2</ele></trkpt>
     <trkpt lat="35.045835" lon="-120.568771"><ele>54.2</ele></trkpt>
     <trkpt lat="35.045466" lon="-120.568514"><ele>55.8</ele></trkpt>
     <trkpt lat="35.045009" lon="-120.568278"><ele>57.0</ele></trkpt>
     <trkpt lat="35.044439" lon="-120.568124"><ele>57.2</ele></trkpt>
     <trkpt lat="35.043688" lon="-120.568076"><ele>56.2</ele></trkpt>
     <trkpt lat="35.040976" lon="-120.568067"><ele>57.8</ele></trkpt>
     <trkpt lat="35.040496" lon="-120.567989"><ele>57.2</ele></trkpt>
     <trkpt lat="35.040032" lon="-120.567792"><ele>60.0</ele></trkpt>
     <trkpt lat="35.039439" lon="-120.567316"><ele>62.8</ele></trkpt>
     <trkpt lat="35.034977" lon="-120.561972"><ele>77.0</ele></trkpt>
     <trkpt lat="35.034765" lon="-120.561782"><ele>77.0</ele></trkpt>
     <trkpt lat="35.034246" lon="-120.561447"><ele>76.2</ele></trkpt>
     <trkpt lat="35.033885" lon="-120.561285"><ele>77.8</ele></trkpt>
     <trkpt lat="35.033140" lon="-120.561123"><ele>81.0</ele></trkpt>
     <trkpt lat="35.027287" lon="-120.561154"><ele>73.0</ele></trkpt>
     <trkpt lat="35.026812" lon="-120.561166"><ele>71.8</ele></trkpt>
     <trkpt lat="35.026590" lon="-120.561231"><ele>71.0</ele></trkpt>
     <trkpt lat="35.019650" lon="-120.563876"><ele>36.2</ele></trkpt>
     <trkpt lat="35.014680" lon="-120.565995"><ele>23.8</ele></trkpt>
     <trkpt lat="35.010384" lon="-120.567742"><ele>22.2</ele></trkpt>
     <trkpt lat="35.004801" lon="-120.570088"><ele>24.5</ele></trkpt>
     <trkpt lat="35.003790" lon="-120.570462"><ele>25.2</ele></trkpt>
     <trkpt lat="35.002944" lon="-120.570519"><ele>25.8</ele></trkpt>
     <trkpt lat="34.999055" lon="-120.570466"><ele>27.2</ele></trkpt>
     <trkpt lat="34.996235" lon="-120.570579"><ele>25.2</ele></trkpt>
     <trkpt lat="34.994027" lon="-120.570534"><ele>24.8</ele></trkpt>
     <trkpt lat="34.981219" lon="-120.570585"><ele>26.5</ele></trkpt>
     <trkpt lat="34.973936" lon="-120.571102"><ele>27.0</ele></trkpt>
     <trkpt lat="34.973445" lon="-120.571236"><ele>26.8</ele></trkpt>
     <trkpt lat="34.973187" lon="-120.571366"><ele>27.2</ele></trkpt>
     <trkpt lat="34.971598" lon="-120.572329"><ele>27.8</ele></trkpt>
     <trkpt lat="34.971440" lon="-120.571969"><ele>27.8</ele></trkpt>
     <trkpt lat="34.971598" lon="-120.572329"><ele>27.8</ele></trkpt>
     <trkpt lat="34.969233" lon="-120.573823"><ele>24.0</ele></trkpt>
     <trkpt lat="34.967966" lon="-120.573885"><ele>24.2</ele></trkpt>
     <trkpt lat="34.952828" lon="-120.574106"><ele>26.2</ele></trkpt>
     <trkpt lat="34.944281" lon="-120.574175"><ele>25.8</ele></trkpt>
     <trkpt lat="34.942937" lon="-120.574224"><ele>27.8</ele></trkpt>
     <trkpt lat="34.942101" lon="-120.574145"><ele>26.5</ele></trkpt>
     <trkpt lat="34.941248" lon="-120.573881"><ele>25.0</ele></trkpt>
     <trkpt lat="34.940639" lon="-120.573612"><ele>25.2</ele></trkpt>
     <trkpt lat="34.938866" lon="-120.572400"><ele>27.5</ele></trkpt>
     <trkpt lat="34.932527" lon="-120.568366"><ele>39.8</ele></trkpt>
     <trkpt lat="34.924221" lon="-120.563793"><ele>50.0</ele></trkpt>
     <trkpt lat="34.923516" lon="-120.563344"><ele>52.8</ele></trkpt>
     <trkpt lat="34.922702" lon="-120.562617"><ele>54.0</ele></trkpt>
     <trkpt lat="34.922330" lon="-120.562166"><ele>53.2</ele></trkpt>
     <trkpt lat="34.906178" lon="-120.539239"><ele>40.2</ele></trkpt>
     <trkpt lat="34.904739" lon="-120.537131"><ele>44.8</ele></trkpt>
     <trkpt lat="34.904140" lon="-120.536047"><ele>46.8</ele></trkpt>
     <trkpt lat="34.903647" lon="-120.534955"><ele>47.8</ele></trkpt>
     <trkpt lat="34.900581" lon="-120.526860"><ele>37.8</ele></trkpt>
     <trkpt lat="34.900126" lon="-120.525972"><ele>39.2</ele></trkpt>
     <trkpt lat="34.899541" lon="-120.525167"><ele>40.2</ele></trkpt>
     <trkpt lat="34.898245" lon="-120.523838"><ele>40.8</ele></trkpt>
     <trkpt lat="34.897783" lon="-120.523263"><ele>38.8</ele></trkpt>
     <trkpt lat="34.896461" lon="-120.520660"><ele>39.5</ele></trkpt>
     <trkpt lat="34.895397" lon="-120.518893"><ele>41.5</ele></trkpt>
     <trkpt lat="34.891581" lon="-120.512966"><ele>48.5</ele></trkpt>
     <trkpt lat="34.890545" lon="-120.511457"><ele>45.8</ele></trkpt>
     <trkpt lat="34.887557" lon="-120.506901"><ele>49.2</ele></trkpt>
     <trkpt lat="34.886065" lon="-120.504547"><ele>54.5</ele></trkpt>
     <trkpt lat="34.883932" lon="-120.501375"><ele>54.2</ele></trkpt>
     <trkpt lat="34.883140" lon="-120.500049"><ele>53.5</ele></trkpt>
     <trkpt lat="34.881407" lon="-120.497459"><ele>56.8</ele></trkpt>
     <trkpt lat="34.881218" lon="-120.497070"><ele>56.5</ele></trkpt>
     <trkpt lat="34.877291" lon="-120.487366"><ele>67.0</ele></trkpt>
     <trkpt lat="34.875943" lon="-120.482874"><ele>73.2</ele></trkpt>
     <trkpt lat="34.871866" lon="-120.469631"><ele>74.8</ele></trkpt>
     <trkpt lat="34.871317" lon="-120.468242"><ele>75.2</ele></trkpt>
     <trkpt lat="34.870793" lon="-120.467358"><ele>75.0</ele></trkpt>
     <trkpt lat="34.863982" lon="-120.456971"><ele>89.2</ele></trkpt>
     <trkpt lat="34.863278" lon="-120.455978"><ele>90.0</ele></trkpt>
     <trkpt lat="34.862921" lon="-120.455554"><ele>89.8</ele></trkpt>
     <trkpt lat="34.862494" lon="-120.455141"><ele>92.0</ele></trkpt>
     <trkpt lat="34.861770" lon="-120.454574"><ele>94.8</ele></trkpt>
     <trkpt lat="34.861376" lon="-120.454357"><ele>97.0</ele></trkpt>
     <trkpt lat="34.860561" lon="-120.454042"><ele>102.0</ele></trkpt>
     <trkpt lat="34.859627" lon="-120.453846"><ele>104.8</ele></trkpt>
     <trkpt lat="34.859056" lon="-120.453804"><ele>105.5</ele></trkpt>
     <trkpt lat="34.856236" lon="-120.453778"><ele>110.2</ele></trkpt>
     <trkpt lat="34.855046" lon="-120.453637"><ele>112.8</ele></trkpt>
     <trkpt lat="34.853692" lon="-120.453538"><ele>111.5</ele></trkpt>
     <trkpt lat="34.851965" lon="-120.453347"><ele>114.8</ele></trkpt>
     <trkpt lat="34.849580" lon="-120.452939"><ele>122.0</ele></trkpt>
     <trkpt lat="34.834567" lon="-120.451341"><ele>149.2</ele></trkpt>
     <trkpt lat="34.833449" lon="-120.451143"><ele>156.2</ele></trkpt>
     <trkpt lat="34.828948" lon="-120.450189"><ele>169.5</ele></trkpt>
     <trkpt lat="34.827394" lon="-120.449903"><ele>166.2</ele></trkpt>
     <trkpt lat="34.826881" lon="-120.449849"><ele>165.2</ele></trkpt>
     <trkpt lat="34.826100" lon="-120.449864"><ele>165.2</ele></trkpt>
     <trkpt lat="34.824505" lon="-120.449978"><ele>172.2</ele></trkpt>
     <trkpt lat="34.822403" lon="-120.450149"><ele>173.0</ele></trkpt>
     <trkpt lat="34.821189" lon="-120.450303"><ele>163.8</ele></trkpt>
     <trkpt lat="34.820419" lon="-120.450319"><ele>167.2</ele></trkpt>
     <trkpt lat="34.819764" lon="-120.450254"><ele>172.5</ele></trkpt>
     <trkpt lat="34.817329" lon="-120.449775"><ele>158.0</ele></trkpt>
     <trkpt lat="34.812430" lon="-120.448635"><ele>142.0</ele></trkpt>
     <trkpt lat="34.812018" lon="-120.448505"><ele>141.2</ele></trkpt>
     <trkpt lat="34.811480" lon="-120.448317"><ele>140.8</ele></trkpt>
     <trkpt lat="34.810805" lon="-120.448010"><ele>140.5</ele></trkpt>
     <trkpt lat="34.808369" lon="-120.446842"><ele>138.5</ele></trkpt>
     <trkpt lat="34.796065" lon="-120.440456"><ele>130.5</ele></trkpt>
     <trkpt lat="34.785283" lon="-120.435016"><ele>119.0</ele></trkpt>
     <trkpt lat="34.772556" lon="-120.428989"><ele>102.2</ele></trkpt>
     <trkpt lat="34.769161" lon="-120.427601"><ele>104.2</ele></trkpt>
     <trkpt lat="34.768677" lon="-120.427266"><ele>105.0</ele></trkpt>
     <trkpt lat="34.768041" lon="-120.426744"><ele>104.5</ele></trkpt>
     <trkpt lat="34.767770" lon="-120.426423"><ele>102.0</ele></trkpt>
     <trkpt lat="34.767540" lon="-120.426108"><ele>99.2</ele></trkpt>
     <trkpt lat="34.767291" lon="-120.425671"><ele>98.2</ele></trkpt>
     <trkpt lat="34.766474" lon="-120.424129"><ele>99.8</ele></trkpt>
     <trkpt lat="34.757291" lon="-120.426808"><ele>104.2</ele></trkpt>
     <trkpt lat="34.757152" lon="-120.426795"><ele>105.2</ele></trkpt>
     <trkpt lat="34.756958" lon="-120.427147"><ele>106.8</ele></trkpt>
     <trkpt lat="34.756875" lon="-120.427507"><ele>107.8</ele></trkpt>
     <trkpt lat="34.756855" lon="-120.427838"><ele>110.5</ele></trkpt>
     <trkpt lat="34.756951" lon="-120.428210"><ele>111.5</ele></trkpt>
     <trkpt lat="34.757463" lon="-120.429272"><ele>109.8</ele></trkpt>
     <trkpt lat="34.757474" lon="-120.429575"><ele>111.2</ele></trkpt>
     <trkpt lat="34.757394" lon="-120.429868"><ele>115.8</ele></trkpt>
     <trkpt lat="34.757376" lon="-120.430212"><ele>119.0</ele></trkpt>
     <trkpt lat="34.757745" lon="-120.431316"><ele>119.0</ele></trkpt>
     <trkpt lat="34.757756" lon="-120.431446"><ele>119.5</ele></trkpt>
     <trkpt lat="34.757732" lon="-120.431573"><ele>120.2</ele></trkpt>
     <trkpt lat="34.757603" lon="-120.431767"><ele>121.0</ele></trkpt>
     <trkpt lat="34.757442" lon="-120.431877"><ele>121.0</ele></trkpt>
     <trkpt lat="34.756894" lon="-120.432058"><ele>122.2</ele></trkpt>
     <trkpt lat="34.756408" lon="-120.432066"><ele>124.2</ele></trkpt>
     <trkpt lat="34.755730" lon="-120.432160"><ele>125.5</ele></trkpt>
     <trkpt lat="34.754950" lon="-120.432415"><ele>127.0</ele></trkpt>
     <trkpt lat="34.754067" lon="-120.432384"><ele>128.2</ele></trkpt>
     <trkpt lat="34.753918" lon="-120.432430"><ele>129.2</ele></trkpt>
     <trkpt lat="34.753627" lon="-120.432676"><ele>131.2</ele></trkpt>
     <trkpt lat="34.753214" lon="-120.433496"><ele>133.0</ele></trkpt>
     <trkpt lat="34.752962" lon="-120.433766"><ele>135.8</ele></trkpt>
     <trkpt lat="34.752784" lon="-120.433876"><ele>137.0</ele></trkpt>
     <trkpt lat="34.752221" lon="-120.434080"><ele>138.0</ele></trkpt>
     <trkpt lat="34.751008" lon="-120.434616"><ele>140.0</ele></trkpt>
     <trkpt lat="34.749775" lon="-120.435512"><ele>143.5</ele></trkpt>
     <trkpt lat="34.749458" lon="-120.435611"><ele>146.2</ele></trkpt>
     <trkpt lat="34.748894" lon="-120.435673"><ele>151.0</ele></trkpt>
     <trkpt lat="34.747356" lon="-120.436406"><ele>160.2</ele></trkpt>
     <trkpt lat="34.747105" lon="-120.436502"><ele>161.5</ele></trkpt>
     <trkpt lat="34.746239" lon="-120.436685"><ele>163.0</ele></trkpt>
     <trkpt lat="34.745434" lon="-120.437013"><ele>168.8</ele></trkpt>
     <trkpt lat="34.745027" lon="-120.437327"><ele>169.2</ele></trkpt>
     <trkpt lat="34.744707" lon="-120.437702"><ele>174.2</ele></trkpt>
     <trkpt lat="34.744359" lon="-120.438599"><ele>184.8</ele></trkpt>
     <trkpt lat="34.743988" lon="-120.439065"><ele>188.0</ele></trkpt>
     <trkpt lat="34.743907" lon="-120.439266"><ele>191.0</ele></trkpt>
     <trkpt lat="34.743845" lon="-120.439663"><ele>198.2</ele></trkpt>
     <trkpt lat="34.743747" lon="-120.439780"><ele>200.0</ele></trkpt>
     <trkpt lat="34.743577" lon="-120.439769"><ele>200.0</ele></trkpt>
     <trkpt lat="34.743252" lon="-120.439606"><ele>201.0</ele></trkpt>
     <trkpt lat="34.743181" lon="-120.439470"><ele>202.5</ele></trkpt>
     <trkpt lat="34.743260" lon="-120.439156"><ele>198.2</ele></trkpt>
     <trkpt lat="34.743273" lon="-120.438649"><ele>202.5</ele></trkpt>
     <trkpt lat="34.743438" lon="-120.438242"><ele>198.2</ele></trkpt>
     <trkpt lat="34.743430" lon="-120.438034"><ele>195.2</ele></trkpt>
     <trkpt lat="34.743318" lon="-120.437867"><ele>195.5</ele></trkpt>
     <trkpt lat="34.742726" lon="-120.437558"><ele>206.8</ele></trkpt>
     <trkpt lat="34.742432" lon="-120.437466"><ele>210.2</ele></trkpt>
     <trkpt lat="34.741372" lon="-120.437459"><ele>224.2</ele></trkpt>
     <trkpt lat="34.741193" lon="-120.437346"><ele>222.2</ele></trkpt>
     <trkpt lat="34.741050" lon="-120.437161"><ele>216.5</ele></trkpt>
     <trkpt lat="34.740863" lon="-120.437078"><ele>216.0</ele></trkpt>
     <trkpt lat="34.740664" lon="-120.437136"><ele>220.5</ele></trkpt>
     <trkpt lat="34.740248" lon="-120.437416"><ele>234.0</ele></trkpt>
     <trkpt lat="34.740043" lon="-120.437427"><ele>235.2</ele></trkpt>
     <trkpt lat="34.739935" lon="-120.437363"><ele>232.8</ele></trkpt>
     <trkpt lat="34.739705" lon="-120.437104"><ele>223.2</ele></trkpt>
     <trkpt lat="34.739523" lon="-120.437093"><ele>222.8</ele></trkpt>
     <trkpt lat="34.739277" lon="-120.437280"><ele>228.0</ele></trkpt>
     <trkpt lat="34.738824" lon="-120.438009"><ele>243.2</ele></trkpt>
     <trkpt lat="34.738305" lon="-120.438383"><ele>246.5</ele></trkpt>
     <trkpt lat="34.738218" lon="-120.438405"><ele>249.0</ele></trkpt>
     <trkpt lat="34.738055" lon="-120.438350"><ele>251.2</ele></trkpt>
     <trkpt lat="34.737970" lon="-120.438216"><ele>251.0</ele></trkpt>
     <trkpt lat="34.737793" lon="-120.437486"><ele>243.5</ele></trkpt>
     <trkpt lat="34.737732" lon="-120.437355"><ele>240.8</ele></trkpt>
     <trkpt lat="34.737567" lon="-120.437207"><ele>239.2</ele></trkpt>
     <trkpt lat="34.737289" lon="-120.437196"><ele>240.5</ele></trkpt>
     <trkpt lat="34.737110" lon="-120.437334"><ele>245.2</ele></trkpt>
     <trkpt lat="34.736855" lon="-120.437756"><ele>258.0</ele></trkpt>
     <trkpt lat="34.736641" lon="-120.437874"><ele>262.8</ele></trkpt>
     <trkpt lat="34.735980" lon="-120.438010"><ele>268.8</ele></trkpt>
     <trkpt lat="34.735862" lon="-120.437962"><ele>267.8</ele></trkpt>
     <trkpt lat="34.735609" lon="-120.437743"><ele>260.8</ele></trkpt>
     <trkpt lat="34.735494" lon="-120.437712"><ele>260.0</ele></trkpt>
     <trkpt lat="34.735312" lon="-120.437754"><ele>260.5</ele></trkpt>
     <trkpt lat="34.735150" lon="-120.437945"><ele>262.2</ele></trkpt>
     <trkpt lat="34.735109" lon="-120.438165"><ele>264.2</ele></trkpt>
     <trkpt lat="34.735175" lon="-120.438601"><ele>267.5</ele></trkpt>
     <trkpt lat="34.735870" lon="-120.440175"><ele>285.2</ele></trkpt>
     <trkpt lat="34.735880" lon="-120.440447"><ele>288.2</ele></trkpt>
     <trkpt lat="34.735794" lon="-120.440632"><ele>289.0</ele></trkpt>
     <trkpt lat="34.735716" lon="-120.440688"><ele>289.8</ele></trkpt>
     <trkpt lat="34.735560" lon="-120.440696"><ele>290.0</ele></trkpt>
     <trkpt lat="34.735208" lon="-120.440602"><ele>288.2</ele></trkpt>
     <trkpt lat="34.734811" lon="-120.440670"><ele>291.8</ele></trkpt>
     <trkpt lat="34.734566" lon="-120.440667"><ele>293.8</ele></trkpt>
     <trkpt lat="34.734209" lon="-120.440492"><ele>293.0</ele></trkpt>
     <trkpt lat="34.733914" lon="-120.440432"><ele>293.8</ele></trkpt>
     <trkpt lat="34.732801" lon="-120.440632"><ele>294.5</ele></trkpt>
     <trkpt lat="34.732382" lon="-120.440564"><ele>295.2</ele></trkpt>
     <trkpt lat="34.731867" lon="-120.440618"><ele>298.8</ele></trkpt>
     <trkpt lat="34.731724" lon="-120.440728"><ele>296.8</ele></trkpt>
     <trkpt lat="34.731681" lon="-120.440818"><ele>294.2</ele></trkpt>
     <trkpt lat="34.731689" lon="-120.441123"><ele>285.2</ele></trkpt>
     <trkpt lat="34.731616" lon="-120.441272"><ele>282.5</ele></trkpt>
     <trkpt lat="34.731084" lon="-120.441539"><ele>290.0</ele></trkpt>
     <trkpt lat="34.730920" lon="-120.441733"><ele>290.2</ele></trkpt>
     <trkpt lat="34.730884" lon="-120.441865"><ele>289.0</ele></trkpt>
     <trkpt lat="34.730889" lon="-120.442215"><ele>282.8</ele></trkpt>
     <trkpt lat="34.730851" lon="-120.442317"><ele>282.2</ele></trkpt>
     <trkpt lat="34.730475" lon="-120.442904"><ele>272.0</ele></trkpt>
     <trkpt lat="34.730385" lon="-120.442974"><ele>271.0</ele></trkpt>
     <trkpt lat="34.730179" lon="-120.443038"><ele>271.8</ele></trkpt>
     <trkpt lat="34.729698" lon="-120.442932"><ele>274.8</ele></trkpt>
     <trkpt lat="34.729482" lon="-120.442957"><ele>272.2</ele></trkpt>
     <trkpt lat="34.729125" lon="-120.443134"><ele>266.5</ele></trkpt>
     <trkpt lat="34.728789" lon="-120.443391"><ele>260.0</ele></trkpt>
     <trkpt lat="34.728490" lon="-120.443445"><ele>257.0</ele></trkpt>
     <trkpt lat="34.728345" lon="-120.443375"><ele>258.5</ele></trkpt>
     <trkpt lat="34.728205" lon="-120.443183"><ele>256.0</ele></trkpt>
     <trkpt lat="34.728174" lon="-120.442897"><ele>254.8</ele></trkpt>
     <trkpt lat="34.728322" lon="-120.442498"><ele>258.5</ele></trkpt>
     <trkpt lat="34.728688" lon="-120.442127"><ele>266.8</ele></trkpt>
     <trkpt lat="34.728739" lon="-120.441910"><ele>268.0</ele></trkpt>
     <trkpt lat="34.728716" lon="-120.441837"><ele>267.5</ele></trkpt>
     <trkpt lat="34.728628" lon="-120.441757"><ele>265.2</ele></trkpt>
     <trkpt lat="34.727980" lon="-120.441540"><ele>250.2</ele></trkpt>
     <trkpt lat="34.727735" lon="-120.441317"><ele>245.5</ele></trkpt>
     <trkpt lat="34.727688" lon="-120.441099"><ele>245.5</ele></trkpt>
     <trkpt lat="34.727747" lon="-120.440886"><ele>248.5</ele></trkpt>
     <trkpt lat="34.727740" lon="-120.440683"><ele>248.5</ele></trkpt>
     <trkpt lat="34.727630" lon="-120.440514"><ele>245.5</ele></trkpt>
     <trkpt lat="34.727436" lon="-120.440330"><ele>241.0</ele></trkpt>
     <trkpt lat="34.727400" lon="-120.440236"><ele>240.2</ele></trkpt>
     <trkpt lat="34.727410" lon="-120.440054"><ele>240.8</ele></trkpt>
     <trkpt lat="34.727575" lon="-120.439761"><ele>246.5</ele></trkpt>
     <trkpt lat="34.727521" lon="-120.439513"><ele>247.2</ele></trkpt>
     <trkpt lat="34.727167" lon="-120.439273"><ele>241.0</ele></trkpt>
     <trkpt lat="34.726812" lon="-120.438911"><ele>236.2</ele></trkpt>
     <trkpt lat="34.726054" lon="-120.437977"><ele>231.5</ele></trkpt>
     <trkpt lat="34.725756" lon="-120.437693"><ele>227.5</ele></trkpt>
     <trkpt lat="34.723403" lon="-120.436568"><ele>210.5</ele></trkpt>
     <trkpt lat="34.722949" lon="-120.436267"><ele>208.2</ele></trkpt>
     <trkpt lat="34.721801" lon="-120.435108"><ele>203.5</ele></trkpt>
     <trkpt lat="34.721403" lon="-120.434837"><ele>202.2</ele></trkpt>
     <trkpt lat="34.720711" lon="-120.434512"><ele>200.0</ele></trkpt>
     <trkpt lat="34.719185" lon="-120.433886"><ele>194.5</ele></trkpt>
     <trkpt lat="34.717780" lon="-120.433564"><ele>183.2</ele></trkpt>
     <trkpt lat="34.716976" lon="-120.433458"><ele>179.5</ele></trkpt>
     <trkpt lat="34.716577" lon="-120.433487"><ele>178.5</ele></trkpt>
     <trkpt lat="34.715211" lon="-120.434122"><ele>170.0</ele></trkpt>
     <trkpt lat="34.714464" lon="-120.434535"><ele>168.0</ele></trkpt>
     <trkpt lat="34.713694" lon="-120.434900"><ele>165.5</ele></trkpt>
     <trkpt lat="34.712207" lon="-120.435473"><ele>157.0</ele></trkpt>
     <trkpt lat="34.710978" lon="-120.435909"><ele>149.2</ele></trkpt>
     <trkpt lat="34.708924" lon="-120.436392"><ele>144.0</ele></trkpt>
     <trkpt lat="34.708583" lon="-120.436559"><ele>143.5</ele></trkpt>
     <trkpt lat="34.708171" lon="-120.436821"><ele>144.0</ele></trkpt>
     <trkpt lat="34.707795" lon="-120.437145"><ele>144.2</ele></trkpt>
     <trkpt lat="34.706531" lon="-120.438500"><ele>139.0</ele></trkpt>
     <trkpt lat="34.706085" lon="-120.438885"><ele>137.8</ele></trkpt>
     <trkpt lat="34.705609" lon="-120.439211"><ele>137.5</ele></trkpt>
     <trkpt lat="34.690200" lon="-120.448050"><ele>97.5</ele></trkpt>
     <trkpt lat="34.686784" lon="-120.450069"><ele>106.2</ele></trkpt>
     <trkpt lat="34.680326" lon="-120.454535"><ele>71.2</ele></trkpt>
     <trkpt lat="34.680032" lon="-120.454809"><ele>69.5</ele></trkpt>
     <trkpt lat="34.678362" lon="-120.456040"><ele>57.8</ele></trkpt>
     <trkpt lat="34.677629" lon="-120.456458"><ele>55.0</ele></trkpt>
     <trkpt lat="34.677221" lon="-120.456618"><ele>52.8</ele></trkpt>
     <trkpt lat="34.676706" lon="-120.456779"><ele>49.2</ele></trkpt>
     <trkpt lat="34.674078" lon="-120.457290"><ele>44.5</ele></trkpt>
     <trkpt lat="34.671370" lon="-120.457668"><ele>25.2</ele></trkpt>
     <trkpt lat="34.671399" lon="-120.457867"><ele>25.2</ele></trkpt>
     <trkpt lat="34.669974" lon="-120.457964"><ele>24.2</ele></trkpt>
     <trkpt lat="34.669738" lon="-120.457907"><ele>24.5</ele></trkpt>
     <trkpt lat="34.669526" lon="-120.457786"><ele>24.8</ele></trkpt>
     <trkpt lat="34.669323" lon="-120.457773"><ele>24.8</ele></trkpt>
     <trkpt lat="34.667294" lon="-120.457805"><ele>26.8</ele></trkpt>
     <trkpt lat="34.666327" lon="-120.457843"><ele>27.8</ele></trkpt>
     <trkpt lat="34.666189" lon="-120.457880"><ele>27.8</ele></trkpt>
     <trkpt lat="34.663372" lon="-120.457973"><ele>30.8</ele></trkpt>
     <trkpt lat="34.662906" lon="-120.457939"><ele>29.5</ele></trkpt>
     <trkpt lat="34.662905" lon="-120.457841"><ele>29.8</ele></trkpt>
     <trkpt lat="34.658483" lon="-120.457724"><ele>29.0</ele></trkpt>
     <trkpt lat="34.658281" lon="-120.457652"><ele>28.8</ele></trkpt>
     <trkpt lat="34.656189" lon="-120.457669"><ele>27.8</ele></trkpt>
     <trkpt lat="34.653402" lon="-120.457757"><ele>27.5</ele></trkpt>
     <trkpt lat="34.653385" lon="-120.456453"><ele>28.5</ele></trkpt>
     <trkpt lat="34.639013" lon="-120.456601"><ele>34.0</ele></trkpt>
     <trkpt lat="34.639023" lon="-120.457841"><ele>34.0</ele></trkpt>
     <trkpt lat="34.640636" lon="-120.457853"><ele>33.2</ele></trkpt>
     <trkpt lat="34.640486" lon="-120.440281"><ele>37.5</ele></trkpt>
     <trkpt lat="34.643681" lon="-120.440251"><ele>36.5</ele></trkpt>
     <trkpt lat="34.643650" lon="-120.436127"><ele>37.5</ele></trkpt>
     <trkpt lat="34.643587" lon="-120.435951"><ele>37.5</ele></trkpt>
     <trkpt lat="34.641300" lon="-120.435921"><ele>41.8</ele></trkpt>
     <trkpt lat="34.640813" lon="-120.435725"><ele>44.2</ele></trkpt>
     <trkpt lat="34.638342" lon="-120.434405"><ele>51.8</ele></trkpt>
     <trkpt lat="34.637988" lon="-120.434265"><ele>52.2</ele></trkpt>
     <trkpt lat="34.637581" lon="-120.434187"><ele>52.8</ele></trkpt>
     <trkpt lat="34.637276" lon="-120.434181"><ele>53.2</ele></trkpt>
     <trkpt lat="34.636268" lon="-120.434335"><ele>54.8</ele></trkpt>
     <trkpt lat="34.635948" lon="-120.434307"><ele>55.2</ele></trkpt>
     <trkpt lat="34.635644" lon="-120.434214"><ele>55.8</ele></trkpt>
     <trkpt lat="34.635303" lon="-120.434016"><ele>58.2</ele></trkpt>
     <trkpt lat="34.634977" lon="-120.433709"><ele>61.2</ele></trkpt>
     <trkpt lat="34.634261" lon="-120.432604"><ele>65.5</ele></trkpt>
     <trkpt lat="34.634044" lon="-120.432348"><ele>66.8</ele></trkpt>
     <trkpt lat="34.633685" lon="-120.432077"><ele>70.8</ele></trkpt>
     <trkpt lat="34.633281" lon="-120.431922"><ele>71.2</ele></trkpt>
     <trkpt lat="34.632913" lon="-120.431897"><ele>75.0</ele></trkpt>
     <trkpt lat="34.632556" lon="-120.431967"><ele>79.8</ele></trkpt>
     <trkpt lat="34.631111" lon="-120.432602"><ele>83.2</ele></trkpt>
     <trkpt lat="34.630370" lon="-120.432801"><ele>80.5</ele></trkpt>
     <trkpt lat="34.629485" lon="-120.432849"><ele>72.5</ele></trkpt>
     <trkpt lat="34.628526" lon="-120.432700"><ele>69.8</ele></trkpt>
     <trkpt lat="34.628011" lon="-120.432517"><ele>68.8</ele></trkpt>
     <trkpt lat="34.627389" lon="-120.432195"><ele>71.5</ele></trkpt>
     <trkpt lat="34.623529" lon="-120.429533"><ele>79.8</ele></trkpt>
     <trkpt lat="34.622818" lon="-120.429182"><ele>84.5</ele></trkpt>
     <trkpt lat="34.618636" lon="-120.427864"><ele>86.8</ele></trkpt>
     <trkpt lat="34.617687" lon="-120.427700"><ele>80.5</ele></trkpt>
     <trkpt lat="34.615023" lon="-120.427531"><ele>58.8</ele></trkpt>
     <trkpt lat="34.614314" lon="-120.427373"><ele>55.2</ele></trkpt>
     <trkpt lat="34.613693" lon="-120.427108"><ele>55.2</ele></trkpt>
     <trkpt lat="34.613387" lon="-120.426947"><ele>55.8</ele></trkpt>
     <trkpt lat="34.612762" lon="-120.426453"><ele>57.2</ele></trkpt>
     <trkpt lat="34.612328" lon="-120.425992"><ele>57.2</ele></trkpt>
     <trkpt lat="34.612058" lon="-120.425622"><ele>57.0</ele></trkpt>
     <trkpt lat="34.611616" lon="-120.424831"><ele>57.0</ele></trkpt>
     <trkpt lat="34.609307" lon="-120.420322"><ele>67.0</ele></trkpt>
     <trkpt lat="34.609085" lon="-120.419951"><ele>70.8</ele></trkpt>
     <trkpt lat="34.608647" lon="-120.419390"><ele>68.8</ele></trkpt>
     <trkpt lat="34.608121" lon="-120.418894"><ele>65.0</ele></trkpt>
     <trkpt lat="34.607517" lon="-120.418502"><ele>64.5</ele></trkpt>
     <trkpt lat="34.606725" lon="-120.418197"><ele>64.5</ele></trkpt>
     <trkpt lat="34.602216" lon="-120.417298"><ele>70.8</ele></trkpt>
     <trkpt lat="34.601753" lon="-120.417252"><ele>71.0</ele></trkpt>
     <trkpt lat="34.601327" lon="-120.417304"><ele>72.2</ele></trkpt>
     <trkpt lat="34.600411" lon="-120.417645"><ele>73.5</ele></trkpt>
     <trkpt lat="34.599634" lon="-120.417801"><ele>75.0</ele></trkpt>
     <trkpt lat="34.599302" lon="-120.417764"><ele>75.0</ele></trkpt>
     <trkpt lat="34.598839" lon="-120.417608"><ele>71.5</ele></trkpt>
     <trkpt lat="34.598636" lon="-120.417492"><ele>69.5</ele></trkpt>
     <trkpt lat="34.598294" lon="-120.417198"><ele>68.8</ele></trkpt>
     <trkpt lat="34.598041" lon="-120.416890"><ele>68.0</ele></trkpt>
     <trkpt lat="34.597828" lon="-120.416502"><ele>67.5</ele></trkpt>
     <trkpt lat="34.597563" lon="-120.415671"><ele>68.0</ele></trkpt>
     <trkpt lat="34.596677" lon="-120.412076"><ele>71.5</ele></trkpt>
     <trkpt lat="34.596534" lon="-120.411733"><ele>74.2</ele></trkpt>
     <trkpt lat="34.596204" lon="-120.411180"><ele>74.8</ele></trkpt>
     <trkpt lat="34.595748" lon="-120.410702"><ele>71.2</ele></trkpt>
     <trkpt lat="34.595140" lon="-120.410346"><ele>70.8</ele></trkpt>
     <trkpt lat="34.589892" lon="-120.408480"><ele>73.8</ele></trkpt>
     <trkpt lat="34.588772" lon="-120.408259"><ele>75.0</ele></trkpt>
     <trkpt lat="34.585986" lon="-120.407959"><ele>85.8</ele></trkpt>
     <trkpt lat="34.585317" lon="-120.407720"><ele>86.5</ele></trkpt>
     <trkpt lat="34.584776" lon="-120.407345"><ele>86.5</ele></trkpt>
     <trkpt lat="34.584460" lon="-120.407017"><ele>87.0</ele></trkpt>
     <trkpt lat="34.584276" lon="-120.406765"><ele>87.0</ele></trkpt>
     <trkpt lat="34.583976" lon="-120.406195"><ele>87.2</ele></trkpt>
     <trkpt lat="34.583740" lon="-120.405476"><ele>87.2</ele></trkpt>
     <trkpt lat="34.583665" lon="-120.404837"><ele>86.8</ele></trkpt>
     <trkpt lat="34.583668" lon="-120.404491"><ele>86.8</ele></trkpt>
     <trkpt lat="34.583741" lon="-120.403907"><ele>87.8</ele></trkpt>
     <trkpt lat="34.584648" lon="-120.399532"><ele>104.5</ele></trkpt>
     <trkpt lat="34.585005" lon="-120.397448"><ele>108.0</ele></trkpt>
     <trkpt lat="34.585090" lon="-120.396623"><ele>112.5</ele></trkpt>
     <trkpt lat="34.585013" lon="-120.395769"><ele>116.0</ele></trkpt>
     <trkpt lat="34.584437" lon="-120.393478"><ele>112.2</ele></trkpt>
     <trkpt lat="34.584355" lon="-120.392974"><ele>112.5</ele></trkpt>
     <trkpt lat="34.584216" lon="-120.390881"><ele>117.8</ele></trkpt>
     <trkpt lat="34.584045" lon="-120.389582"><ele>136.8</ele></trkpt>
     <trkpt lat="34.583716" lon="-120.387600"><ele>135.8</ele></trkpt>
     <trkpt lat="34.583575" lon="-120.385604"><ele>117.8</ele></trkpt>
     <trkpt lat="34.583485" lon="-120.385188"><ele>120.5</ele></trkpt>
     <trkpt lat="34.583345" lon="-120.384806"><ele>123.2</ele></trkpt>
     <trkpt lat="34.583170" lon="-120.384468"><ele>124.2</ele></trkpt>
     <trkpt lat="34.582847" lon="-120.384003"><ele>133.8</ele></trkpt>
     <trkpt lat="34.582342" lon="-120.383499"><ele>129.2</ele></trkpt>
     <trkpt lat="34.581700" lon="-120.382990"><ele>122.5</ele></trkpt>
     <trkpt lat="34.581238" lon="-120.382502"><ele>119.8</ele></trkpt>
     <trkpt lat="34.581014" lon="-120.382119"><ele>123.8</ele></trkpt>
     <trkpt lat="34.580450" lon="-120.380533"><ele>132.5</ele></trkpt>
     <trkpt lat="34.580276" lon="-120.380131"><ele>134.0</ele></trkpt>
     <trkpt lat="34.580098" lon="-120.379850"><ele>135.2</ele></trkpt>
     <trkpt lat="34.577059" lon="-120.376302"><ele>137.8</ele></trkpt>
     <trkpt lat="34.575854" lon="-120.375030"><ele>139.0</ele></trkpt>
     <trkpt lat="34.575197" lon="-120.374238"><ele>147.0</ele></trkpt>
     <trkpt lat="34.573705" lon="-120.372127"><ele>144.2</ele></trkpt>
     <trkpt lat="34.573362" lon="-120.371748"><ele>144.0</ele></trkpt>
     <trkpt lat="34.572963" lon="-120.371393"><ele>145.5</ele></trkpt>
     <trkpt lat="34.572369" lon="-120.370956"><ele>146.0</ele></trkpt>
     <trkpt lat="34.568192" lon="-120.368740"><ele>146.0</ele></trkpt>
     <trkpt lat="34.567997" lon="-120.368601"><ele>146.5</ele></trkpt>
     <trkpt lat="34.567629" lon="-120.368230"><ele>147.2</ele></trkpt>
     <trkpt lat="34.566591" lon="-120.366570"><ele>147.5</ele></trkpt>
     <trkpt lat="34.566107" lon="-120.366083"><ele>141.8</ele></trkpt>
     <trkpt lat="34.565988" lon="-120.366009"><ele>141.0</ele></trkpt>
     <trkpt lat="34.565751" lon="-120.365881"><ele>140.8</ele></trkpt>
     <trkpt lat="34.563970" lon="-120.365174"><ele>138.2</ele></trkpt>
     <trkpt lat="34.557400" lon="-120.362604"><ele>149.5</ele></trkpt>
     <trkpt lat="34.555820" lon="-120.361924"><ele>151.0</ele></trkpt>
     <trkpt lat="34.555455" lon="-120.361723"><ele>149.8</ele></trkpt>
     <trkpt lat="34.551890" lon="-120.359395"><ele>150.0</ele></trkpt>
     <trkpt lat="34.551154" lon="-120.358942"><ele>149.5</ele></trkpt>
     <trkpt lat="34.549669" lon="-120.358138"><ele>156.5</ele></trkpt>
     <trkpt lat="34.541306" lon="-120.354212"><ele>160.0</ele></trkpt>
     <trkpt lat="34.539038" lon="-120.353099"><ele>166.5</ele></trkpt>
     <trkpt lat="34.538262" lon="-120.352636"><ele>169.5</ele></trkpt>
     <trkpt lat="34.537672" lon="-120.352157"><ele>169.0</ele></trkpt>
     <trkpt lat="34.530342" lon="-120.344600"><ele>179.0</ele></trkpt>
     <trkpt lat="34.529591" lon="-120.343996"><ele>179.8</ele></trkpt>
     <trkpt lat="34.525661" lon="-120.341652"><ele>187.8</ele></trkpt>
     <trkpt lat="34.524217" lon="-120.340722"><ele>189.2</ele></trkpt>
     <trkpt lat="34.523594" lon="-120.340177"><ele>188.8</ele></trkpt>
     <trkpt lat="34.522765" lon="-120.339210"><ele>186.0</ele></trkpt>
     <trkpt lat="34.522203" lon="-120.338330"><ele>184.5</ele></trkpt>
     <trkpt lat="34.521976" lon="-120.337871"><ele>184.0</ele></trkpt>
     <trkpt lat="34.521743" lon="-120.337318"><ele>183.8</ele></trkpt>
     <trkpt lat="34.518746" lon="-120.328938"><ele>195.0</ele></trkpt>
     <trkpt lat="34.518375" lon="-120.327601"><ele>203.2</ele></trkpt>
     <trkpt lat="34.517991" lon="-120.325288"><ele>217.5</ele></trkpt>
     <trkpt lat="34.517847" lon="-120.323788"><ele>213.0</ele></trkpt>
     <trkpt lat="34.517658" lon="-120.320149"><ele>222.0</ele></trkpt>
     <trkpt lat="34.517593" lon="-120.319439"><ele>223.8</ele></trkpt>
     <trkpt lat="34.517541" lon="-120.317859"><ele>230.8</ele></trkpt>
     <trkpt lat="34.517559" lon="-120.317521"><ele>232.8</ele></trkpt>
     <trkpt lat="34.517663" lon="-120.316780"><ele>239.5</ele></trkpt>
     <trkpt lat="34.517878" lon="-120.316003"><ele>236.5</ele></trkpt>
     <trkpt lat="34.518273" lon="-120.314992"><ele>229.0</ele></trkpt>
     <trkpt lat="34.519588" lon="-120.312390"><ele>223.5</ele></trkpt>
     <trkpt lat="34.520954" lon="-120.309812"><ele>237.8</ele></trkpt>
     <trkpt lat="34.521372" lon="-120.308950"><ele>236.0</ele></trkpt>
     <trkpt lat="34.521683" lon="-120.308196"><ele>237.2</ele></trkpt>
     <trkpt lat="34.522337" lon="-120.306304"><ele>247.5</ele></trkpt>
     <trkpt lat="34.524077" lon="-120.300835"><ele>237.5</ele></trkpt>
     <trkpt lat="34.524681" lon="-120.298708"><ele>242.0</ele></trkpt>
     <trkpt lat="34.526059" lon="-120.292352"><ele>256.0</ele></trkpt>
     <trkpt lat="34.526226" lon="-120.291138"><ele>259.5</ele></trkpt>
     <trkpt lat="34.526256" lon="-120.290476"><ele>261.2</ele></trkpt>
     <trkpt lat="34.526261" lon="-120.289862"><ele>261.2</ele></trkpt>
     <trkpt lat="34.526162" lon="-120.288733"><ele>259.0</ele></trkpt>
     <trkpt lat="34.525935" lon="-120.287541"><ele>262.8</ele></trkpt>
     <trkpt lat="34.525767" lon="-120.286927"><ele>265.5</ele></trkpt>
     <trkpt lat="34.525484" lon="-120.286132"><ele>269.5</ele></trkpt>
     <trkpt lat="34.525218" lon="-120.285536"><ele>273.2</ele></trkpt>
     <trkpt lat="34.524591" lon="-120.284318"><ele>279.2</ele></trkpt>
     <trkpt lat="34.523596" lon="-120.282518"><ele>284.8</ele></trkpt>
     <trkpt lat="34.523160" lon="-120.281366"><ele>289.0</ele></trkpt>
     <trkpt lat="34.522933" lon="-120.280257"><ele>297.8</ele></trkpt>
     <trkpt lat="34.522260" lon="-120.274819"><ele>320.5</ele></trkpt>
     <trkpt lat="34.522045" lon="-120.273709"><ele>327.0</ele></trkpt>
     <trkpt lat="34.520184" lon="-120.267548"><ele>329.2</ele></trkpt>
     <trkpt lat="34.519524" lon="-120.265519"><ele>305.0</ele></trkpt>
     <trkpt lat="34.518369" lon="-120.262527"><ele>285.2</ele></trkpt>
     <trkpt lat="34.518200" lon="-120.261913"><ele>277.8</ele></trkpt>
     <trkpt lat="34.518051" lon="-120.261242"><ele>272.0</ele></trkpt>
     <trkpt lat="34.517964" lon="-120.260476"><ele>268.5</ele></trkpt>
     <trkpt lat="34.517906" lon="-120.257285"><ele>257.8</ele></trkpt>
     <trkpt lat="34.517731" lon="-120.254600"><ele>228.8</ele></trkpt>
     <trkpt lat="34.517619" lon="-120.253699"><ele>221.5</ele></trkpt>
     <trkpt lat="34.517315" lon="-120.252605"><ele>219.2</ele></trkpt>
     <trkpt lat="34.516464" lon="-120.250246"><ele>199.5</ele></trkpt>
     <trkpt lat="34.515758" lon="-120.248063"><ele>185.5</ele></trkpt>
     <trkpt lat="34.514633" lon="-120.243394"><ele>148.2</ele></trkpt>
     <trkpt lat="34.514185" lon="-120.241997"><ele>145.8</ele></trkpt>
     <trkpt lat="34.513164" lon="-120.239060"><ele>138.8</ele></trkpt>
     <trkpt lat="34.512172" lon="-120.236621"><ele>129.2</ele></trkpt>
     <trkpt lat="34.511768" lon="-120.236902"><ele>127.5</ele></trkpt>
     <trkpt lat="34.511638" lon="-120.236862"><ele>128.0</ele></trkpt>
     <trkpt lat="34.511580" lon="-120.236778"><ele>129.5</ele></trkpt>
     <trkpt lat="34.511061" lon="-120.235853"><ele>127.8</ele></trkpt>
     <trkpt lat="34.510785" lon="-120.235249"><ele>122.8</ele></trkpt>
     <trkpt lat="34.510283" lon="-120.233937"><ele>120.5</ele></trkpt>
     <trkpt lat="34.510033" lon="-120.233378"><ele>117.2</ele></trkpt>
     <trkpt lat="34.509957" lon="-120.233179"><ele>117.8</ele></trkpt>
     <trkpt lat="34.509841" lon="-120.232647"><ele>118.5</ele></trkpt>
     <trkpt lat="34.509796" lon="-120.231210"><ele>113.2</ele></trkpt>
     <trkpt lat="34.509698" lon="-120.230830"><ele>110.5</ele></trkpt>
     <trkpt lat="34.509457" lon="-120.230395"><ele>108.2</ele></trkpt>
     <trkpt lat="34.508577" lon="-120.229384"><ele>104.8</ele></trkpt>
     <trkpt lat="34.508269" lon="-120.228814"><ele>104.8</ele></trkpt>
     <trkpt lat="34.508038" lon="-120.228956"><ele>107.2</ele></trkpt>
     <trkpt lat="34.508269" lon="-120.228814"><ele>104.8</ele></trkpt>
     <trkpt lat="34.507927" lon="-120.228161"><ele>102.8</ele></trkpt>
     <trkpt lat="34.507646" lon="-120.227898"><ele>101.5</ele></trkpt>
     <trkpt lat="34.507794" lon="-120.227540"><ele>98.8</ele></trkpt>
     <trkpt lat="34.507643" lon="-120.227112"><ele>97.2</ele></trkpt>
     <trkpt lat="34.507471" lon="-120.227103"><ele>97.0</ele></trkpt>
     <trkpt lat="34.507372" lon="-120.227053"><ele>97.0</ele></trkpt>
     <trkpt lat="34.507313" lon="-120.226975"><ele>97.0</ele></trkpt>
     <trkpt lat="34.507297" lon="-120.226741"><ele>96.2</ele></trkpt>
     <trkpt lat="34.505179" lon="-120.226463"><ele>95.0</ele></trkpt>
     <trkpt lat="34.504542" lon="-120.226512"><ele>95.8</ele></trkpt>
     <trkpt lat="34.503454" lon="-120.226834"><ele>93.8</ele></trkpt>
     <trkpt lat="34.502774" lon="-120.227194"><ele>96.8</ele></trkpt>
     <trkpt lat="34.502256" lon="-120.227602"><ele>96.2</ele></trkpt>
     <trkpt lat="34.499833" lon="-120.229979"><ele>85.5</ele></trkpt>
     <trkpt lat="34.499263" lon="-120.230481"><ele>85.0</ele></trkpt>
     <trkpt lat="34.498687" lon="-120.230828"><ele>82.0</ele></trkpt>
     <trkpt lat="34.498224" lon="-120.231031"><ele>80.0</ele></trkpt>
     <trkpt lat="34.497627" lon="-120.231183"><ele>76.0</ele></trkpt>
     <trkpt lat="34.497057" lon="-120.231221"><ele>75.8</ele></trkpt>
     <trkpt lat="34.496502" lon="-120.231164"><ele>76.2</ele></trkpt>
     <trkpt lat="34.495433" lon="-120.230970"><ele>75.8</ele></trkpt>
     <trkpt lat="34.494981" lon="-120.230791"><ele>72.5</ele></trkpt>
     <trkpt lat="34.494583" lon="-120.230480"><ele>77.0</ele></trkpt>
     <trkpt lat="34.494310" lon="-120.230145"><ele>76.5</ele></trkpt>
     <trkpt lat="34.494110" lon="-120.229766"><ele>76.8</ele></trkpt>
     <trkpt lat="34.493427" lon="-120.228057"><ele>76.2</ele></trkpt>
     <trkpt lat="34.493185" lon="-120.227573"><ele>71.0</ele></trkpt>
     <trkpt lat="34.492897" lon="-120.227193"><ele>70.8</ele></trkpt>
     <trkpt lat="34.492472" lon="-120.226842"><ele>62.8</ele></trkpt>
     <trkpt lat="34.492070" lon="-120.226669"><ele>58.0</ele></trkpt>
     <trkpt lat="34.490832" lon="-120.226560"><ele>62.8</ele></trkpt>
     <trkpt lat="34.489748" lon="-120.226257"><ele>75.2</ele></trkpt>
     <trkpt lat="34.489187" lon="-120.226232"><ele>67.5</ele></trkpt>
     <trkpt lat="34.488864" lon="-120.226270"><ele>63.0</ele></trkpt>
     <trkpt lat="34.488364" lon="-120.226426"><ele>54.5</ele></trkpt>
     <trkpt lat="34.487967" lon="-120.226633"><ele>43.8</ele></trkpt>
     <trkpt lat="34.487381" lon="-120.227085"><ele>36.0</ele></trkpt>
     <trkpt lat="34.486619" lon="-120.227744"><ele>37.2</ele></trkpt>
     <trkpt lat="34.485283" lon="-120.229211"><ele>32.0</ele></trkpt>
     <trkpt lat="34.484563" lon="-120.229884"><ele>28.0</ele></trkpt>
     <trkpt lat="34.484285" lon="-120.230079"><ele>27.5</ele></trkpt>
     <trkpt lat="34.483743" lon="-120.230350"><ele>27.5</ele></trkpt>
     <trkpt lat="34.483404" lon="-120.230449"><ele>27.2</ele></trkpt>
     <trkpt lat="34.482869" lon="-120.230516"><ele>23.5</ele></trkpt>
     <trkpt lat="34.482308" lon="-120.230497"><ele>20.5</ele></trkpt>
     <trkpt lat="34.481606" lon="-120.230271"><ele>17.5</ele></trkpt>
     <trkpt lat="34.475465" lon="-120.227457"><ele>20.0</ele></trkpt>
     <trkpt lat="34.475195" lon="-120.227302"><ele>24.2</ele></trkpt>
     <trkpt lat="34.474725" lon="-120.226948"><ele>33.5</ele></trkpt>
     <trkpt lat="34.474187" lon="-120.226322"><ele>40.8</ele></trkpt>
     <trkpt lat="34.473816" lon="-120.225670"><ele>40.5</ele></trkpt>
     <trkpt lat="34.473588" lon="-120.225102"><ele>40.0</ele></trkpt>
     <trkpt lat="34.473318" lon="-120.224045"><ele>42.0</ele></trkpt>
     <trkpt lat="34.473234" lon="-120.223422"><ele>42.2</ele></trkpt>
     <trkpt lat="34.473211" lon="-120.222956"><ele>43.5</ele></trkpt>
     <trkpt lat="34.473393" lon="-120.202971"><ele>30.5</ele></trkpt>
     <trkpt lat="34.473383" lon="-120.200756"><ele>37.5</ele></trkpt>
     <trkpt lat="34.473197" lon="-120.198739"><ele>37.5</ele></trkpt>
     <trkpt lat="34.471672" lon="-120.189205"><ele>24.2</ele></trkpt>
     <trkpt lat="34.471497" lon="-120.187558"><ele>21.5</ele></trkpt>
     <trkpt lat="34.471452" lon="-120.186047"><ele>23.8</ele></trkpt>
     <trkpt lat="34.471378" lon="-120.168733"><ele>34.0</ele></trkpt>
     <trkpt lat="34.471447" lon="-120.167546"><ele>35.8</ele></trkpt>
     <trkpt lat="34.471546" lon="-120.166793"><ele>33.5</ele></trkpt>
     <trkpt lat="34.474134" lon="-120.152507"><ele>28.2</ele></trkpt>
     <trkpt lat="34.474171" lon="-120.151811"><ele>30.5</ele></trkpt>
     <trkpt lat="34.474237" lon="-120.146610"><ele>34.0</ele></trkpt>
     <trkpt lat="34.474330" lon="-120.145126"><ele>32.5</ele></trkpt>
     <trkpt lat="34.474614" lon="-120.141799"><ele>22.0</ele></trkpt>
     <trkpt lat="34.474497" lon="-120.140280"><ele>26.5</ele></trkpt>
     <trkpt lat="34.474392" lon="-120.140057"><ele>28.5</ele></trkpt>
     <trkpt lat="34.474109" lon="-120.139740"><ele>27.2</ele></trkpt>
     <trkpt lat="34.474037" lon="-120.139500"><ele>27.8</ele></trkpt>
     <trkpt lat="34.473992" lon="-120.138148"><ele>34.0</ele></trkpt>
     <trkpt lat="34.474030" lon="-120.136082"><ele>38.0</ele></trkpt>
     <trkpt lat="34.473971" lon="-120.135119"><ele>35.5</ele></trkpt>
     <trkpt lat="34.472986" lon="-120.129961"><ele>28.8</ele></trkpt>
     <trkpt lat="34.472684" lon="-120.127862"><ele>25.0</ele></trkpt>
     <trkpt lat="34.472146" lon="-120.120992"><ele>26.2</ele></trkpt>
     <trkpt lat="34.471876" lon="-120.118642"><ele>23.5</ele></trkpt>
     <trkpt lat="34.471648" lon="-120.117573"><ele>30.2</ele></trkpt>
     <trkpt lat="34.471310" lon="-120.116637"><ele>31.0</ele></trkpt>
     <trkpt lat="34.469649" lon="-120.113442"><ele>28.8</ele></trkpt>
     <trkpt lat="34.468069" lon="-120.109996"><ele>27.0</ele></trkpt>
     <trkpt lat="34.464807" lon="-120.101159"><ele>18.8</ele></trkpt>
     <trkpt lat="34.464555" lon="-120.100654"><ele>15.8</ele></trkpt>
     <trkpt lat="34.463361" lon="-120.098630"><ele>19.0</ele></trkpt>
     <trkpt lat="34.462855" lon="-120.097532"><ele>18.5</ele></trkpt>
     <trkpt lat="34.462652" lon="-120.096913"><ele>17.8</ele></trkpt>
     <trkpt lat="34.461338" lon="-120.091435"><ele>21.5</ele></trkpt>
     <trkpt lat="34.461141" lon="-120.090137"><ele>20.2</ele></trkpt>
     <trkpt lat="34.461101" lon="-120.088735"><ele>22.2</ele></trkpt>
     <trkpt lat="34.461143" lon="-120.087931"><ele>24.2</ele></trkpt>
     <trkpt lat="34.461510" lon="-120.084604"><ele>28.2</ele></trkpt>
     <trkpt lat="34.461539" lon="-120.083912"><ele>28.0</ele></trkpt>
     <trkpt lat="34.461455" lon="-120.081495"><ele>27.8</ele></trkpt>
     <trkpt lat="34.461474" lon="-120.080743"><ele>29.2</ele></trkpt>
     <trkpt lat="34.461533" lon="-120.080058"><ele>28.2</ele></trkpt>
     <trkpt lat="34.461661" lon="-120.079274"><ele>29.8</ele></trkpt>
     <trkpt lat="34.461853" lon="-120.078471"><ele>36.5</ele></trkpt>
     <trkpt lat="34.462182" lon="-120.077464"><ele>42.8</ele></trkpt>
     <trkpt lat="34.462493" lon="-120.076734"><ele>46.0</ele></trkpt>
     <trkpt lat="34.462918" lon="-120.075976"><ele>53.2</ele></trkpt>
     <trkpt lat="34.464142" lon="-120.074115"><ele>45.5</ele></trkpt>
     <trkpt lat="34.464773" lon="-120.072793"><ele>39.8</ele></trkpt>
     <trkpt lat="34.464949" lon="-120.072320"><ele>36.8</ele></trkpt>
     <trkpt lat="34.465275" lon="-120.071060"><ele>26.2</ele></trkpt>
     <trkpt lat="34.465411" lon="-120.070187"><ele>18.8</ele></trkpt>
     <trkpt lat="34.465466" lon="-120.069450"><ele>17.2</ele></trkpt>
     <trkpt lat="34.465472" lon="-120.068713"><ele>16.2</ele></trkpt>
     <trkpt lat="34.465429" lon="-120.068027"><ele>16.8</ele></trkpt>
     <trkpt lat="34.465187" lon="-120.067086"><ele>18.5</ele></trkpt>
     <trkpt lat="34.464940" lon="-120.066319"><ele>21.8</ele></trkpt>
     <trkpt lat="34.464703" lon="-120.065737"><ele>24.8</ele></trkpt>
     <trkpt lat="34.464193" lon="-120.064856"><ele>28.8</ele></trkpt>
     <trkpt lat="34.463965" lon="-120.064723"><ele>27.2</ele></trkpt>
     <trkpt lat="34.463724" lon="-120.064753"><ele>25.8</ele></trkpt>
     <trkpt lat="34.463622" lon="-120.064826"><ele>25.0</ele></trkpt>
     <trkpt lat="34.463531" lon="-120.064999"><ele>24.2</ele></trkpt>
     <trkpt lat="34.463484" lon="-120.065152"><ele>23.0</ele></trkpt>
     <trkpt lat="34.463489" lon="-120.065331"><ele>22.0</ele></trkpt>
     <trkpt lat="34.463592" lon="-120.065565"><ele>21.2</ele></trkpt>
     <trkpt lat="34.464251" lon="-120.066304"><ele>19.8</ele></trkpt>
     <trkpt lat="34.464084" lon="-120.066608"><ele>17.0</ele></trkpt>
     <trkpt lat="34.464118" lon="-120.066797"><ele>16.2</ele></trkpt>
     <trkpt lat="34.464676" lon="-120.067434"><ele>13.2</ele></trkpt>
     <trkpt lat="34.464813" lon="-120.067668"><ele>12.8</ele></trkpt>
     <trkpt lat="34.464863" lon="-120.068032"><ele>12.5</ele></trkpt>
     <trkpt lat="34.464869" lon="-120.068619"><ele>11.8</ele></trkpt>
     <trkpt lat="34.464993" lon="-120.069378"><ele>12.0</ele></trkpt>
     <trkpt lat="34.464594" lon="-120.069449"><ele>11.0</ele></trkpt>
     <trkpt lat="34.464441" lon="-120.068834"><ele>10.0</ele></trkpt>
     <trkpt lat="34.463974" lon="-120.068136"><ele>10.0</ele></trkpt>
     <trkpt lat="34.463764" lon="-120.067380"><ele>12.5</ele></trkpt>
     <trkpt lat="34.463456" lon="-120.066674"><ele>15.2</ele></trkpt>
     <trkpt lat="34.462908" lon="-120.066293"><ele>12.0</ele></trkpt>
     <trkpt lat="34.462729" lon="-120.066028"><ele>11.8</ele></trkpt>
     <trkpt lat="34.462651" lon="-120.065757"><ele>10.8</ele></trkpt>
     <trkpt lat="34.462233" lon="-120.062794"><ele>0.2</ele></trkpt>
     <trkpt lat="34.462237" lon="-120.062140"><ele>-1.8</ele></trkpt>
     <trkpt lat="34.462068" lon="-120.061645"><ele>-3.5</ele></trkpt>
     <trkpt lat="34.461915" lon="-120.060540"><ele>12.5</ele></trkpt>
     <trkpt lat="34.461928" lon="-120.060221"><ele>13.0</ele></trkpt>
     <trkpt lat="34.461804" lon="-120.059513"><ele>10.2</ele></trkpt>
     <trkpt lat="34.461608" lon="-120.058684"><ele>7.5</ele></trkpt>
     <trkpt lat="34.461590" lon="-120.058365"><ele>6.2</ele></trkpt>
     <trkpt lat="34.461654" lon="-120.057144"><ele>2.0</ele></trkpt>
     <trkpt lat="34.461798" lon="-120.055704"><ele>12.5</ele></trkpt>
     <trkpt lat="34.461911" lon="-120.055232"><ele>12.0</ele></trkpt>
     <trkpt lat="34.462238" lon="-120.052536"><ele>10.8</ele></trkpt>
     <trkpt lat="34.462253" lon="-120.052067"><ele>10.2</ele></trkpt>
     <trkpt lat="34.462158" lon="-120.051541"><ele>9.0</ele></trkpt>
     <trkpt lat="34.462134" lon="-120.051053"><ele>9.0</ele></trkpt>
     <trkpt lat="34.462169" lon="-120.050731"><ele>9.5</ele></trkpt>
     <trkpt lat="34.462430" lon="-120.050050"><ele>13.0</ele></trkpt>
     <trkpt lat="34.462622" lon="-120.048333"><ele>11.0</ele></trkpt>
    </trkseg>
  </trk>
</gpx>
