<?xml version="1.0" encoding="UTF-8"?>
<gpx version="1.1" creator="velo-build_pch_route" xmlns="http://www.topografix.com/GPX/1/1" xmlns:xsi="http://www.w3.org/2001/XMLSchema-instance" xsi:schemaLocation="http://www.topografix.com/GPX/1/1 http://www.topografix.com/GPX/1/1/gpx.xsd">
  <metadata>
    <name>Day 1 variant - stop early at Big Sur Village / Pfeiffer</name>
    <desc>Day 1 cut from 297 km to 256 km by stopping in Big Sur Village instead of pressing on to Limekiln. Worth having loaded: it is the decision point for whether you descend the Big Sur cliffs in the dark, and the village is the last place with food, water and a campground in one spot. Pfeiffer is also the only night on the itinerary where the air is not at saturation (dewpoint spread 11-21 F against 0-2 F at Limekiln) - see check_camp_dewpoint.py. BUT THE 41.8 KM IS NOT SAVED, IT IS DEFERRED: Pfeiffer sits at km 255.2 of the day-1 track, 41.8 km SHORT of Limekiln, on the same line. Pair this with pch_day2_pfeiffer_refugio (321.2 km) - do not pair it with the standard day 2, which starts at Limekiln.</desc>
    <time>2026-08-08T18:30:06Z</time>
  </metadata>
  <trk>
    <name>Day 1 variant - stop early at Big Sur Village / Pfeiffer</name>
    <trkseg>
     <trkpt lat="37.775683" lon="-122.424968"><ele>24.0</ele></trkpt>
     <trkpt lat="37.775280" lon="-122.428132"><ele>33.0</ele></trkpt>
     <trkpt lat="37.774877" lon="-122.431296"><ele>41.9</ele></trkpt>
     <trkpt lat="37.774473" lon="-122.434460"><ele>50.8</ele></trkpt>
     <trkpt lat="37.774070" lon="-122.437624"><ele>59.8</ele></trkpt>
     <trkpt lat="37.773667" lon="-122.440788"><ele>68.8</ele></trkpt>
     <trkpt lat="37.773642" lon="-122.440935"><ele>69.5</ele></trkpt>
     <trkpt lat="37.773523" lon="-122.441026"><ele>70.0</ele></trkpt>
     <trkpt lat="37.773460" lon="-122.441410"><ele>72.2</ele></trkpt>
     <trkpt lat="37.773324" lon="-122.441653"><ele>73.8</ele></trkpt>
     <trkpt lat="37.773085" lon="-122.442721"><ele>74.5</ele></trkpt>
     <trkpt lat="37.773083" lon="-122.442979"><ele>74.2</ele></trkpt>
     <trkpt lat="37.773123" lon="-122.443190"><ele>73.8</ele></trkpt>
     <trkpt lat="37.773110" lon="-122.443619"><ele>74.8</ele></trkpt>
     <trkpt lat="37.773063" lon="-122.443853"><ele>75.8</ele></trkpt>
     <trkpt lat="37.773038" lon="-122.444319"><ele>76.5</ele></trkpt>
     <trkpt lat="37.772951" lon="-122.444563"><ele>76.8</ele></trkpt>
     <trkpt lat="37.772956" lon="-122.445016"><ele>76.0</ele></trkpt>
     <trkpt lat="37.772857" lon="-122.445999"><ele>77.0</ele></trkpt>
     <trkpt lat="37.772829" lon="-122.446163"><ele>77.5</ele></trkpt>
     <trkpt lat="37.772679" lon="-122.446330"><ele>78.8</ele></trkpt>
     <trkpt lat="37.772598" lon="-122.446486"><ele>79.2</ele></trkpt>
     <trkpt lat="37.772688" lon="-122.447098"><ele>79.5</ele></trkpt>
     <trkpt lat="37.772554" lon="-122.447704"><ele>80.0</ele></trkpt>
     <trkpt lat="37.772512" lon="-122.448429"><ele>80.8</ele></trkpt>
     <trkpt lat="37.772414" lon="-122.448768"><ele>80.5</ele></trkpt>
     <trkpt lat="37.772263" lon="-122.448989"><ele>80.5</ele></trkpt>
     <trkpt lat="37.772168" lon="-122.449286"><ele>80.5</ele></trkpt>
     <trkpt lat="37.772219" lon="-122.449934"><ele>79.8</ele></trkpt>
     <trkpt lat="37.772220" lon="-122.450672"><ele>79.8</ele></trkpt>
     <trkpt lat="37.772194" lon="-122.450963"><ele>80.2</ele></trkpt>
     <trkpt lat="37.772098" lon="-122.451331"><ele>81.0</ele></trkpt>
     <trkpt lat="37.772029" lon="-122.452336"><ele>84.0</ele></trkpt>
     <trkpt lat="37.772108" lon="-122.452353"><ele>84.2</ele></trkpt>
     <trkpt lat="37.772160" lon="-122.452632"><ele>84.8</ele></trkpt>
     <trkpt lat="37.771009" lon="-122.455416"><ele>81.2</ele></trkpt>
     <trkpt lat="37.770974" lon="-122.455856"><ele>82.8</ele></trkpt>
     <trkpt lat="37.770919" lon="-122.455976"><ele>83.2</ele></trkpt>
     <trkpt lat="37.770933" lon="-122.456370"><ele>87.0</ele></trkpt>
     <trkpt lat="37.771174" lon="-122.458207"><ele>81.8</ele></trkpt>
     <trkpt lat="37.771465" lon="-122.460065"><ele>81.4</ele></trkpt>
     <trkpt lat="37.771755" lon="-122.461924"><ele>81.0</ele></trkpt>
     <trkpt lat="37.772414" lon="-122.464454"><ele>80.5</ele></trkpt>
     <trkpt lat="37.772572" lon="-122.465268"><ele>78.8</ele></trkpt>
     <trkpt lat="37.772638" lon="-122.465428"><ele>78.5</ele></trkpt>
     <trkpt lat="37.772682" lon="-122.465756"><ele>78.5</ele></trkpt>
     <trkpt lat="37.772571" lon="-122.466579"><ele>77.8</ele></trkpt>
     <trkpt lat="37.772526" lon="-122.467998"><ele>81.8</ele></trkpt>
     <trkpt lat="37.772362" lon="-122.468911"><ele>80.8</ele></trkpt>
     <trkpt lat="37.772155" lon="-122.469385"><ele>80.0</ele></trkpt>
     <trkpt lat="37.771354" lon="-122.470576"><ele>80.5</ele></trkpt>
     <trkpt lat="37.770986" lon="-122.471192"><ele>82.8</ele></trkpt>
     <trkpt lat="37.770804" lon="-122.471618"><ele>85.8</ele></trkpt>
     <trkpt lat="37.770711" lon="-122.472009"><ele>85.5</ele></trkpt>
     <trkpt lat="37.770741" lon="-122.472389"><ele>83.5</ele></trkpt>
     <trkpt lat="37.770867" lon="-122.472843"><ele>81.0</ele></trkpt>
     <trkpt lat="37.771670" lon="-122.475127"><ele>84.8</ele></trkpt>
     <trkpt lat="37.771708" lon="-122.475690"><ele>84.0</ele></trkpt>
     <trkpt lat="37.771669" lon="-122.476161"><ele>83.5</ele></trkpt>
     <trkpt lat="37.771541" lon="-122.476891"><ele>85.0</ele></trkpt>
     <trkpt lat="37.771318" lon="-122.477764"><ele>89.8</ele></trkpt>
     <trkpt lat="37.770497" lon="-122.479924"><ele>77.8</ele></trkpt>
     <trkpt lat="37.769947" lon="-122.479533"><ele>79.5</ele></trkpt>
     <trkpt lat="37.769923" lon="-122.479897"><ele>78.2</ele></trkpt>
     <trkpt lat="37.769710" lon="-122.480596"><ele>75.5</ele></trkpt>
     <trkpt lat="37.769596" lon="-122.481319"><ele>73.8</ele></trkpt>
     <trkpt lat="37.769093" lon="-122.482685"><ele>70.2</ele></trkpt>
     <trkpt lat="37.768748" lon="-122.483774"><ele>63.0</ele></trkpt>
     <trkpt lat="37.768353" lon="-122.485423"><ele>66.5</ele></trkpt>
     <trkpt lat="37.768197" lon="-122.486876"><ele>64.0</ele></trkpt>
     <trkpt lat="37.767889" lon="-122.488394"><ele>57.8</ele></trkpt>
     <trkpt lat="37.767580" lon="-122.489193"><ele>60.5</ele></trkpt>
     <trkpt lat="37.766664" lon="-122.491221"><ele>58.5</ele></trkpt>
     <trkpt lat="37.766324" lon="-122.492114"><ele>54.2</ele></trkpt>
     <trkpt lat="37.766108" lon="-122.492896"><ele>54.2</ele></trkpt>
     <trkpt lat="37.766246" lon="-122.493409"><ele>53.8</ele></trkpt>
     <trkpt lat="37.766383" lon="-122.494517"><ele>50.2</ele></trkpt>
     <trkpt lat="37.766432" lon="-122.495373"><ele>48.5</ele></trkpt>
     <trkpt lat="37.766372" lon="-122.496122"><ele>47.2</ele></trkpt>
     <trkpt lat="37.766193" lon="-122.496542"><ele>47.2</ele></trkpt>
     <trkpt lat="37.765496" lon="-122.497699"><ele>42.5</ele></trkpt>
     <trkpt lat="37.765240" lon="-122.498223"><ele>40.5</ele></trkpt>
     <trkpt lat="37.765139" lon="-122.498319"><ele>40.5</ele></trkpt>
     <trkpt lat="37.764871" lon="-122.499231"><ele>35.5</ele></trkpt>
     <trkpt lat="37.764772" lon="-122.499707"><ele>33.8</ele></trkpt>
     <trkpt lat="37.764780" lon="-122.500143"><ele>32.5</ele></trkpt>
     <trkpt lat="37.764882" lon="-122.501044"><ele>33.0</ele></trkpt>
     <trkpt lat="37.765183" lon="-122.502647"><ele>38.0</ele></trkpt>
     <trkpt lat="37.765504" lon="-122.504075"><ele>35.8</ele></trkpt>
     <trkpt lat="37.765527" lon="-122.504345"><ele>33.8</ele></trkpt>
     <trkpt lat="37.765434" lon="-122.506076"><ele>24.8</ele></trkpt>
     <trkpt lat="37.765252" lon="-122.507004"><ele>17.5</ele></trkpt>
     <trkpt lat="37.764778" lon="-122.508453"><ele>11.2</ele></trkpt>
     <trkpt lat="37.764421" lon="-122.509361"><ele>9.2</ele></trkpt>
     <trkpt lat="37.764360" lon="-122.509418"><ele>9.0</ele></trkpt>
     <trkpt lat="37.764188" lon="-122.509449"><ele>8.2</ele></trkpt>
     <trkpt lat="37.764136" lon="-122.510513"><ele>6.2</ele></trkpt>
     <trkpt lat="37.763947" lon="-122.510451"><ele>6.2</ele></trkpt>
     <trkpt lat="37.763902" lon="-122.510327"><ele>6.5</ele></trkpt>
     <trkpt lat="37.763900" lon="-122.510052"><ele>6.8</ele></trkpt>
     <trkpt lat="37.763394" lon="-122.510077"><ele>6.8</ele></trkpt>
     <trkpt lat="37.763030" lon="-122.510006"><ele>7.5</ele></trkpt>
     <trkpt lat="37.762711" lon="-122.510006"><ele>8.2</ele></trkpt>
     <trkpt lat="37.761653" lon="-122.509877"><ele>8.0</ele></trkpt>
     <trkpt lat="37.761357" lon="-122.509798"><ele>8.0</ele></trkpt>
     <trkpt lat="37.760343" lon="-122.509713"><ele>7.5</ele></trkpt>
     <trkpt lat="37.760270" lon="-122.509709"><ele>7.5</ele></trkpt>
     <trkpt lat="37.760265" lon="-122.509834"><ele>7.2</ele></trkpt>
     <trkpt lat="37.757606" lon="-122.509489"><ele>7.3</ele></trkpt>
     <trkpt lat="37.754946" lon="-122.509143"><ele>7.4</ele></trkpt>
     <trkpt lat="37.752287" lon="-122.508798"><ele>7.4</ele></trkpt>
     <trkpt lat="37.749627" lon="-122.508452"><ele>7.5</ele></trkpt>
     <trkpt lat="37.746968" lon="-122.508107"><ele>7.5</ele></trkpt>
     <trkpt lat="37.744308" lon="-122.507761"><ele>7.6</ele></trkpt>
     <trkpt lat="37.741649" lon="-122.507416"><ele>7.6</ele></trkpt>
     <trkpt lat="37.738989" lon="-122.507070"><ele>7.7</ele></trkpt>
     <trkpt lat="37.736330" lon="-122.506725"><ele>7.8</ele></trkpt>
     <trkpt lat="37.735384" lon="-122.506697"><ele>7.2</ele></trkpt>
     <trkpt lat="37.735361" lon="-122.506843"><ele>6.2</ele></trkpt>
     <trkpt lat="37.734969" lon="-122.506848"><ele>5.5</ele></trkpt>
     <trkpt lat="37.733160" lon="-122.507203"><ele>3.5</ele></trkpt>
     <trkpt lat="37.732673" lon="-122.507228"><ele>2.0</ele></trkpt>
     <trkpt lat="37.732292" lon="-122.507186"><ele>2.5</ele></trkpt>
     <trkpt lat="37.729724" lon="-122.506566"><ele>7.5</ele></trkpt>
     <trkpt lat="37.728012" lon="-122.506320"><ele>9.0</ele></trkpt>
     <trkpt lat="37.727641" lon="-122.506208"><ele>10.8</ele></trkpt>
     <trkpt lat="37.727113" lon="-122.505940"><ele>14.5</ele></trkpt>
     <trkpt lat="37.726537" lon="-122.505471"><ele>18.2</ele></trkpt>
     <trkpt lat="37.726234" lon="-122.505102"><ele>21.2</ele></trkpt>
     <trkpt lat="37.725437" lon="-122.503745"><ele>21.5</ele></trkpt>
     <trkpt lat="37.725089" lon="-122.503290"><ele>17.5</ele></trkpt>
     <trkpt lat="37.724919" lon="-122.503203"><ele>16.5</ele></trkpt>
     <trkpt lat="37.723914" lon="-122.502947"><ele>19.2</ele></trkpt>
     <trkpt lat="37.723167" lon="-122.502573"><ele>20.0</ele></trkpt>
     <trkpt lat="37.722807" lon="-122.502301"><ele>20.8</ele></trkpt>
     <trkpt lat="37.721618" lon="-122.501236"><ele>25.5</ele></trkpt>
     <trkpt lat="37.720823" lon="-122.500672"><ele>24.2</ele></trkpt>
     <trkpt lat="37.720591" lon="-122.500557"><ele>22.8</ele></trkpt>
     <trkpt lat="37.720084" lon="-122.500404"><ele>20.5</ele></trkpt>
     <trkpt lat="37.718436" lon="-122.500298"><ele>26.5</ele></trkpt>
     <trkpt lat="37.718014" lon="-122.500243"><ele>31.0</ele></trkpt>
     <trkpt lat="37.717746" lon="-122.500159"><ele>33.8</ele></trkpt>
     <trkpt lat="37.717229" lon="-122.499884"><ele>38.2</ele></trkpt>
     <trkpt lat="37.715753" lon="-122.498787"><ele>46.8</ele></trkpt>
     <trkpt lat="37.715170" lon="-122.498535"><ele>49.8</ele></trkpt>
     <trkpt lat="37.714616" lon="-122.498436"><ele>52.8</ele></trkpt>
     <trkpt lat="37.712553" lon="-122.498314"><ele>61.5</ele></trkpt>
     <trkpt lat="37.710489" lon="-122.498192"><ele>70.2</ele></trkpt>
     <trkpt lat="37.708911" lon="-122.498244"><ele>69.0</ele></trkpt>
     <trkpt lat="37.706785" lon="-122.498481"><ele>67.8</ele></trkpt>
     <trkpt lat="37.706246" lon="-122.498473"><ele>64.2</ele></trkpt>
     <trkpt lat="37.705810" lon="-122.498392"><ele>62.5</ele></trkpt>
     <trkpt lat="37.703669" lon="-122.497448"><ele>67.8</ele></trkpt>
     <trkpt lat="37.702730" lon="-122.497153"><ele>66.8</ele></trkpt>
     <trkpt lat="37.701049" lon="-122.496294"><ele>65.9</ele></trkpt>
     <trkpt lat="37.699369" lon="-122.495435"><ele>65.0</ele></trkpt>
     <trkpt lat="37.698399" lon="-122.495068"><ele>65.8</ele></trkpt>
     <trkpt lat="37.697663" lon="-122.494896"><ele>68.5</ele></trkpt>
     <trkpt lat="37.696731" lon="-122.494782"><ele>69.5</ele></trkpt>
     <trkpt lat="37.695260" lon="-122.494754"><ele>75.4</ele></trkpt>
     <trkpt lat="37.693789" lon="-122.494726"><ele>81.2</ele></trkpt>
     <trkpt lat="37.693392" lon="-122.494667"><ele>84.2</ele></trkpt>
     <trkpt lat="37.692624" lon="-122.494435"><ele>91.2</ele></trkpt>
     <trkpt lat="37.692219" lon="-122.494251"><ele>93.8</ele></trkpt>
     <trkpt lat="37.691672" lon="-122.493925"><ele>97.0</ele></trkpt>
     <trkpt lat="37.690590" lon="-122.493061"><ele>102.0</ele></trkpt>
     <trkpt lat="37.690474" lon="-122.493037"><ele>102.8</ele></trkpt>
     <trkpt lat="37.690345" lon="-122.493071"><ele>103.5</ele></trkpt>
     <trkpt lat="37.690247" lon="-122.493123"><ele>104.0</ele></trkpt>
     <trkpt lat="37.690140" lon="-122.493268"><ele>104.2</ele></trkpt>
     <trkpt lat="37.688450" lon="-122.491260"><ele>124.0</ele></trkpt>
     <trkpt lat="37.688033" lon="-122.490839"><ele>128.2</ele></trkpt>
     <trkpt lat="37.687543" lon="-122.490439"><ele>132.0</ele></trkpt>
     <trkpt lat="37.687079" lon="-122.490142"><ele>134.5</ele></trkpt>
     <trkpt lat="37.686455" lon="-122.489866"><ele>138.5</ele></trkpt>
     <trkpt lat="37.685803" lon="-122.489745"><ele>142.5</ele></trkpt>
     <trkpt lat="37.685287" lon="-122.489758"><ele>144.5</ele></trkpt>
     <trkpt lat="37.683143" lon="-122.490205"><ele>139.8</ele></trkpt>
     <trkpt lat="37.682543" lon="-122.490252"><ele>140.5</ele></trkpt>
     <trkpt lat="37.681028" lon="-122.490534"><ele>142.5</ele></trkpt>
     <trkpt lat="37.679514" lon="-122.490816"><ele>144.5</ele></trkpt>
     <trkpt lat="37.678817" lon="-122.490906"><ele>147.2</ele></trkpt>
     <trkpt lat="37.677691" lon="-122.490913"><ele>149.0</ele></trkpt>
     <trkpt lat="37.676696" lon="-122.490785"><ele>153.5</ele></trkpt>
     <trkpt lat="37.675990" lon="-122.490600"><ele>158.8</ele></trkpt>
     <trkpt lat="37.673571" lon="-122.489580"><ele>175.2</ele></trkpt>
     <trkpt lat="37.671153" lon="-122.488560"><ele>191.8</ele></trkpt>
     <trkpt lat="37.670944" lon="-122.488440"><ele>192.5</ele></trkpt>
     <trkpt lat="37.670086" lon="-122.487715"><ele>187.8</ele></trkpt>
     <trkpt lat="37.669714" lon="-122.487565"><ele>184.5</ele></trkpt>
     <trkpt lat="37.668075" lon="-122.487073"><ele>178.0</ele></trkpt>
     <trkpt lat="37.667325" lon="-122.486601"><ele>174.5</ele></trkpt>
     <trkpt lat="37.667066" lon="-122.486561"><ele>172.0</ele></trkpt>
     <trkpt lat="37.665611" lon="-122.486587"><ele>153.8</ele></trkpt>
     <trkpt lat="37.664156" lon="-122.486613"><ele>135.5</ele></trkpt>
     <trkpt lat="37.663878" lon="-122.486508"><ele>132.0</ele></trkpt>
     <trkpt lat="37.662310" lon="-122.485655"><ele>119.8</ele></trkpt>
     <trkpt lat="37.662083" lon="-122.485686"><ele>117.8</ele></trkpt>
     <trkpt lat="37.661956" lon="-122.485793"><ele>115.8</ele></trkpt>
     <trkpt lat="37.661864" lon="-122.485954"><ele>113.8</ele></trkpt>
     <trkpt lat="37.661319" lon="-122.487501"><ele>98.2</ele></trkpt>
     <trkpt lat="37.661272" lon="-122.487775"><ele>95.8</ele></trkpt>
     <trkpt lat="37.661268" lon="-122.488222"><ele>92.0</ele></trkpt>
     <trkpt lat="37.660561" lon="-122.488242"><ele>90.0</ele></trkpt>
     <trkpt lat="37.660585" lon="-122.489480"><ele>82.8</ele></trkpt>
     <trkpt lat="37.660652" lon="-122.490051"><ele>80.0</ele></trkpt>
     <trkpt lat="37.660885" lon="-122.490708"><ele>75.5</ele></trkpt>
     <trkpt lat="37.660948" lon="-122.490998"><ele>72.5</ele></trkpt>
     <trkpt lat="37.660948" lon="-122.491301"><ele>68.8</ele></trkpt>
     <trkpt lat="37.660889" lon="-122.491542"><ele>66.5</ele></trkpt>
     <trkpt lat="37.660730" lon="-122.491835"><ele>62.2</ele></trkpt>
     <trkpt lat="37.660489" lon="-122.492065"><ele>57.2</ele></trkpt>
     <trkpt lat="37.660187" lon="-122.492198"><ele>54.5</ele></trkpt>
     <trkpt lat="37.659814" lon="-122.492255"><ele>52.0</ele></trkpt>
     <trkpt lat="37.657431" lon="-122.491810"><ele>48.5</ele></trkpt>
     <trkpt lat="37.657082" lon="-122.491810"><ele>49.2</ele></trkpt>
     <trkpt lat="37.656098" lon="-122.491959"><ele>45.8</ele></trkpt>
     <trkpt lat="37.655701" lon="-122.491929"><ele>44.2</ele></trkpt>
     <trkpt lat="37.655109" lon="-122.491711"><ele>43.2</ele></trkpt>
     <trkpt lat="37.653986" lon="-122.491025"><ele>40.0</ele></trkpt>
     <trkpt lat="37.653452" lon="-122.490833"><ele>37.8</ele></trkpt>
     <trkpt lat="37.653106" lon="-122.490765"><ele>35.8</ele></trkpt>
     <trkpt lat="37.652768" lon="-122.490756"><ele>33.2</ele></trkpt>
     <trkpt lat="37.652340" lon="-122.490869"><ele>30.2</ele></trkpt>
     <trkpt lat="37.652098" lon="-122.490878"><ele>29.8</ele></trkpt>
     <trkpt lat="37.651779" lon="-122.490813"><ele>29.2</ele></trkpt>
     <trkpt lat="37.651656" lon="-122.490840"><ele>28.8</ele></trkpt>
     <trkpt lat="37.651030" lon="-122.490756"><ele>27.5</ele></trkpt>
     <trkpt lat="37.649286" lon="-122.491142"><ele>25.2</ele></trkpt>
     <trkpt lat="37.649278" lon="-122.490570"><ele>25.5</ele></trkpt>
     <trkpt lat="37.648630" lon="-122.490643"><ele>24.2</ele></trkpt>
     <trkpt lat="37.647617" lon="-122.490889"><ele>23.0</ele></trkpt>
     <trkpt lat="37.647086" lon="-122.490881"><ele>23.2</ele></trkpt>
     <trkpt lat="37.646462" lon="-122.491002"><ele>24.8</ele></trkpt>
     <trkpt lat="37.646037" lon="-122.491105"><ele>26.8</ele></trkpt>
     <trkpt lat="37.645076" lon="-122.491444"><ele>30.2</ele></trkpt>
     <trkpt lat="37.643923" lon="-122.491562"><ele>28.8</ele></trkpt>
     <trkpt lat="37.643447" lon="-122.491537"><ele>26.2</ele></trkpt>
     <trkpt lat="37.643065" lon="-122.491407"><ele>25.0</ele></trkpt>
     <trkpt lat="37.640842" lon="-122.490369"><ele>23.0</ele></trkpt>
     <trkpt lat="37.639609" lon="-122.489874"><ele>21.5</ele></trkpt>
     <trkpt lat="37.638943" lon="-122.489668"><ele>19.5</ele></trkpt>
     <trkpt lat="37.638329" lon="-122.489548"><ele>17.8</ele></trkpt>
     <trkpt lat="37.636612" lon="-122.489403"><ele>17.5</ele></trkpt>
     <trkpt lat="37.636525" lon="-122.489347"><ele>18.0</ele></trkpt>
     <trkpt lat="37.636530" lon="-122.488724"><ele>20.5</ele></trkpt>
     <trkpt lat="37.636483" lon="-122.488509"><ele>21.8</ele></trkpt>
     <trkpt lat="37.636478" lon="-122.488135"><ele>23.5</ele></trkpt>
     <trkpt lat="37.635771" lon="-122.488139"><ele>33.5</ele></trkpt>
     <trkpt lat="37.635776" lon="-122.489339"><ele>19.0</ele></trkpt>
     <trkpt lat="37.634166" lon="-122.489296"><ele>16.5</ele></trkpt>
     <trkpt lat="37.632555" lon="-122.489253"><ele>14.0</ele></trkpt>
     <trkpt lat="37.631317" lon="-122.489090"><ele>10.5</ele></trkpt>
     <trkpt lat="37.629870" lon="-122.489035"><ele>6.8</ele></trkpt>
     <trkpt lat="37.629877" lon="-122.489792"><ele>5.0</ele></trkpt>
     <trkpt lat="37.628444" lon="-122.489700"><ele>5.8</ele></trkpt>
     <trkpt lat="37.627530" lon="-122.489582"><ele>7.8</ele></trkpt>
     <trkpt lat="37.626574" lon="-122.489297"><ele>11.8</ele></trkpt>
     <trkpt lat="37.626311" lon="-122.489112"><ele>11.5</ele></trkpt>
     <trkpt lat="37.625142" lon="-122.487829"><ele>15.2</ele></trkpt>
     <trkpt lat="37.623994" lon="-122.486780"><ele>17.6</ele></trkpt>
     <trkpt lat="37.622846" lon="-122.485730"><ele>20.0</ele></trkpt>
     <trkpt lat="37.622520" lon="-122.485515"><ele>19.5</ele></trkpt>
     <trkpt lat="37.622384" lon="-122.485472"><ele>19.2</ele></trkpt>
     <trkpt lat="37.622132" lon="-122.485490"><ele>18.5</ele></trkpt>
     <trkpt lat="37.621721" lon="-122.485745"><ele>16.2</ele></trkpt>
     <trkpt lat="37.621529" lon="-122.485803"><ele>15.8</ele></trkpt>
     <trkpt lat="37.619527" lon="-122.485874"><ele>16.5</ele></trkpt>
     <trkpt lat="37.619389" lon="-122.485960"><ele>17.0</ele></trkpt>
     <trkpt lat="37.619257" lon="-122.486361"><ele>16.8</ele></trkpt>
     <trkpt lat="37.619212" lon="-122.486407"><ele>17.0</ele></trkpt>
     <trkpt lat="37.619101" lon="-122.486361"><ele>18.2</ele></trkpt>
     <trkpt lat="37.618274" lon="-122.485488"><ele>29.8</ele></trkpt>
     <trkpt lat="37.617817" lon="-122.485446"><ele>37.8</ele></trkpt>
     <trkpt lat="37.616518" lon="-122.485519"><ele>40.8</ele></trkpt>
     <trkpt lat="37.616152" lon="-122.485604"><ele>36.0</ele></trkpt>
     <trkpt lat="37.615586" lon="-122.485827"><ele>31.0</ele></trkpt>
     <trkpt lat="37.614699" lon="-122.486395"><ele>28.0</ele></trkpt>
     <trkpt lat="37.614409" lon="-122.486679"><ele>26.2</ele></trkpt>
     <trkpt lat="37.613986" lon="-122.487205"><ele>24.2</ele></trkpt>
     <trkpt lat="37.613966" lon="-122.487388"><ele>23.8</ele></trkpt>
     <trkpt lat="37.614198" lon="-122.487906"><ele>22.0</ele></trkpt>
     <trkpt lat="37.614221" lon="-122.488031"><ele>21.5</ele></trkpt>
     <trkpt lat="37.613955" lon="-122.488648"><ele>19.2</ele></trkpt>
     <trkpt lat="37.613937" lon="-122.488830"><ele>18.8</ele></trkpt>
     <trkpt lat="37.613966" lon="-122.489009"><ele>18.2</ele></trkpt>
     <trkpt lat="37.614072" lon="-122.489192"><ele>17.8</ele></trkpt>
     <trkpt lat="37.614644" lon="-122.489487"><ele>18.5</ele></trkpt>
     <trkpt lat="37.614807" lon="-122.489728"><ele>18.2</ele></trkpt>
     <trkpt lat="37.614853" lon="-122.489902"><ele>18.0</ele></trkpt>
     <trkpt lat="37.614885" lon="-122.490587"><ele>16.5</ele></trkpt>
     <trkpt lat="37.614798" lon="-122.491545"><ele>16.0</ele></trkpt>
     <trkpt lat="37.614609" lon="-122.491880"><ele>16.8</ele></trkpt>
     <trkpt lat="37.613829" lon="-122.492721"><ele>15.2</ele></trkpt>
     <trkpt lat="37.613621" lon="-122.493173"><ele>15.2</ele></trkpt>
     <trkpt lat="37.612643" lon="-122.493567"><ele>8.5</ele></trkpt>
     <trkpt lat="37.612381" lon="-122.493815"><ele>7.8</ele></trkpt>
     <trkpt lat="37.611410" lon="-122.495326"><ele>6.2</ele></trkpt>
     <trkpt lat="37.610987" lon="-122.495745"><ele>6.2</ele></trkpt>
     <trkpt lat="37.611120" lon="-122.496130"><ele>5.5</ele></trkpt>
     <trkpt lat="37.610838" lon="-122.496283"><ele>3.8</ele></trkpt>
     <trkpt lat="37.610354" lon="-122.495083"><ele>6.5</ele></trkpt>
     <trkpt lat="37.609143" lon="-122.496559"><ele>7.0</ele></trkpt>
     <trkpt lat="37.608672" lon="-122.496881"><ele>7.2</ele></trkpt>
     <trkpt lat="37.608637" lon="-122.496952"><ele>7.0</ele></trkpt>
     <trkpt lat="37.608343" lon="-122.496866"><ele>8.5</ele></trkpt>
     <trkpt lat="37.608058" lon="-122.497621"><ele>11.0</ele></trkpt>
     <trkpt lat="37.607822" lon="-122.497726"><ele>12.0</ele></trkpt>
     <trkpt lat="37.607789" lon="-122.497682"><ele>12.0</ele></trkpt>
     <trkpt lat="37.607808" lon="-122.497585"><ele>12.5</ele></trkpt>
     <trkpt lat="37.607773" lon="-122.497551"><ele>12.5</ele></trkpt>
     <trkpt lat="37.607345" lon="-122.497946"><ele>14.8</ele></trkpt>
     <trkpt lat="37.607323" lon="-122.498276"><ele>14.0</ele></trkpt>
     <trkpt lat="37.607225" lon="-122.498049"><ele>17.0</ele></trkpt>
     <trkpt lat="37.607206" lon="-122.498308"><ele>17.0</ele></trkpt>
     <trkpt lat="37.607100" lon="-122.498087"><ele>19.8</ele></trkpt>
     <trkpt lat="37.607077" lon="-122.498341"><ele>20.5</ele></trkpt>
     <trkpt lat="37.606983" lon="-122.498108"><ele>22.8</ele></trkpt>
     <trkpt lat="37.606968" lon="-122.498387"><ele>23.8</ele></trkpt>
     <trkpt lat="37.606871" lon="-122.498131"><ele>25.5</ele></trkpt>
     <trkpt lat="37.606879" lon="-122.498389"><ele>26.2</ele></trkpt>
     <trkpt lat="37.606750" lon="-122.498077"><ele>28.0</ele></trkpt>
     <trkpt lat="37.606751" lon="-122.498299"><ele>29.2</ele></trkpt>
     <trkpt lat="37.606522" lon="-122.498253"><ele>32.8</ele></trkpt>
     <trkpt lat="37.605991" lon="-122.498496"><ele>39.8</ele></trkpt>
     <trkpt lat="37.604926" lon="-122.498796"><ele>37.2</ele></trkpt>
     <trkpt lat="37.604908" lon="-122.498836"><ele>36.5</ele></trkpt>
     <trkpt lat="37.604965" lon="-122.499027"><ele>35.5</ele></trkpt>
     <trkpt lat="37.604823" lon="-122.499230"><ele>33.2</ele></trkpt>
     <trkpt lat="37.604729" lon="-122.499630"><ele>30.2</ele></trkpt>
     <trkpt lat="37.604671" lon="-122.499578"><ele>29.5</ele></trkpt>
     <trkpt lat="37.604668" lon="-122.499232"><ele>27.0</ele></trkpt>
     <trkpt lat="37.604636" lon="-122.499147"><ele>26.0</ele></trkpt>
     <trkpt lat="37.604366" lon="-122.499014"><ele>23.0</ele></trkpt>
     <trkpt lat="37.602368" lon="-122.498596"><ele>10.8</ele></trkpt>
     <trkpt lat="37.602110" lon="-122.498566"><ele>10.8</ele></trkpt>
     <trkpt lat="37.601539" lon="-122.498676"><ele>10.5</ele></trkpt>
     <trkpt lat="37.601316" lon="-122.499105"><ele>7.8</ele></trkpt>
     <trkpt lat="37.601184" lon="-122.499188"><ele>7.8</ele></trkpt>
     <trkpt lat="37.600671" lon="-122.499320"><ele>8.0</ele></trkpt>
     <trkpt lat="37.600401" lon="-122.499457"><ele>7.8</ele></trkpt>
     <trkpt lat="37.600181" lon="-122.499635"><ele>6.5</ele></trkpt>
     <trkpt lat="37.599709" lon="-122.500168"><ele>5.5</ele></trkpt>
     <trkpt lat="37.599667" lon="-122.500148"><ele>5.2</ele></trkpt>
     <trkpt lat="37.599492" lon="-122.500251"><ele>5.0</ele></trkpt>
     <trkpt lat="37.599338" lon="-122.499998"><ele>4.8</ele></trkpt>
     <trkpt lat="37.598360" lon="-122.501086"><ele>2.2</ele></trkpt>
     <trkpt lat="37.597127" lon="-122.502366"><ele>1.9</ele></trkpt>
     <trkpt lat="37.595894" lon="-122.503647"><ele>1.5</ele></trkpt>
     <trkpt lat="37.595944" lon="-122.503840"><ele>1.2</ele></trkpt>
     <trkpt lat="37.594319" lon="-122.505552"><ele>3.5</ele></trkpt>
     <trkpt lat="37.593833" lon="-122.505846"><ele>4.8</ele></trkpt>
     <trkpt lat="37.593350" lon="-122.505887"><ele>6.0</ele></trkpt>
     <trkpt lat="37.592992" lon="-122.505780"><ele>14.8</ele></trkpt>
     <trkpt lat="37.592725" lon="-122.505601"><ele>19.2</ele></trkpt>
     <trkpt lat="37.591003" lon="-122.504125"><ele>49.2</ele></trkpt>
     <trkpt lat="37.590761" lon="-122.503984"><ele>50.8</ele></trkpt>
     <trkpt lat="37.590457" lon="-122.503895"><ele>50.2</ele></trkpt>
     <trkpt lat="37.590105" lon="-122.503939"><ele>54.2</ele></trkpt>
     <trkpt lat="37.589882" lon="-122.504051"><ele>56.5</ele></trkpt>
     <trkpt lat="37.589711" lon="-122.504184"><ele>57.5</ele></trkpt>
     <trkpt lat="37.588885" lon="-122.505088"><ele>77.5</ele></trkpt>
     <trkpt lat="37.588623" lon="-122.505278"><ele>82.0</ele></trkpt>
     <trkpt lat="37.588380" lon="-122.505359"><ele>83.0</ele></trkpt>
     <trkpt lat="37.588103" lon="-122.505360"><ele>84.0</ele></trkpt>
     <trkpt lat="37.587733" lon="-122.505206"><ele>82.5</ele></trkpt>
     <trkpt lat="37.586928" lon="-122.504462"><ele>74.8</ele></trkpt>
     <trkpt lat="37.586618" lon="-122.504265"><ele>74.2</ele></trkpt>
     <trkpt lat="37.586225" lon="-122.504223"><ele>75.0</ele></trkpt>
     <trkpt lat="37.585848" lon="-122.504400"><ele>79.5</ele></trkpt>
     <trkpt lat="37.585583" lon="-122.504729"><ele>77.8</ele></trkpt>
     <trkpt lat="37.585465" lon="-122.505043"><ele>78.5</ele></trkpt>
     <trkpt lat="37.584939" lon="-122.507579"><ele>98.2</ele></trkpt>
     <trkpt lat="37.584992" lon="-122.507612"><ele>100.8</ele></trkpt>
     <trkpt lat="37.585024" lon="-122.507719"><ele>103.2</ele></trkpt>
     <trkpt lat="37.584965" lon="-122.508368"><ele>107.2</ele></trkpt>
     <trkpt lat="37.585015" lon="-122.508766"><ele>109.5</ele></trkpt>
     <trkpt lat="37.585309" lon="-122.509873"><ele>117.5</ele></trkpt>
     <trkpt lat="37.585446" lon="-122.510546"><ele>121.0</ele></trkpt>
     <trkpt lat="37.585316" lon="-122.512282"><ele>133.4</ele></trkpt>
     <trkpt lat="37.585185" lon="-122.514019"><ele>145.8</ele></trkpt>
     <trkpt lat="37.585077" lon="-122.514453"><ele>141.5</ele></trkpt>
     <trkpt lat="37.584913" lon="-122.514765"><ele>140.2</ele></trkpt>
     <trkpt lat="37.584622" lon="-122.515068"><ele>139.0</ele></trkpt>
     <trkpt lat="37.584400" lon="-122.515175"><ele>137.0</ele></trkpt>
     <trkpt lat="37.583979" lon="-122.515224"><ele>136.2</ele></trkpt>
     <trkpt lat="37.583388" lon="-122.515137"><ele>138.5</ele></trkpt>
     <trkpt lat="37.582709" lon="-122.515107"><ele>136.5</ele></trkpt>
     <trkpt lat="37.581606" lon="-122.515215"><ele>126.8</ele></trkpt>
     <trkpt lat="37.581419" lon="-122.515309"><ele>127.5</ele></trkpt>
     <trkpt lat="37.581063" lon="-122.515791"><ele>113.2</ele></trkpt>
     <trkpt lat="37.580793" lon="-122.516033"><ele>110.8</ele></trkpt>
     <trkpt lat="37.579960" lon="-122.516406"><ele>102.8</ele></trkpt>
     <trkpt lat="37.578969" lon="-122.516925"><ele>89.8</ele></trkpt>
     <trkpt lat="37.578658" lon="-122.516951"><ele>88.2</ele></trkpt>
     <trkpt lat="37.577754" lon="-122.516715"><ele>99.2</ele></trkpt>
     <trkpt lat="37.577012" lon="-122.516708"><ele>90.8</ele></trkpt>
     <trkpt lat="37.576451" lon="-122.516767"><ele>86.8</ele></trkpt>
     <trkpt lat="37.575840" lon="-122.517006"><ele>84.2</ele></trkpt>
     <trkpt lat="37.574665" lon="-122.517892"><ele>86.5</ele></trkpt>
     <trkpt lat="37.574443" lon="-122.517962"><ele>88.0</ele></trkpt>
     <trkpt lat="37.574247" lon="-122.517968"><ele>90.8</ele></trkpt>
     <trkpt lat="37.573916" lon="-122.517882"><ele>82.0</ele></trkpt>
     <trkpt lat="37.573710" lon="-122.517754"><ele>78.2</ele></trkpt>
     <trkpt lat="37.573127" lon="-122.516992"><ele>96.0</ele></trkpt>
     <trkpt lat="37.572500" lon="-122.516460"><ele>87.2</ele></trkpt>
     <trkpt lat="37.572438" lon="-122.516441"><ele>85.8</ele></trkpt>
     <trkpt lat="37.572375" lon="-122.516587"><ele>79.2</ele></trkpt>
     <trkpt lat="37.572273" lon="-122.516616"><ele>75.0</ele></trkpt>
     <trkpt lat="37.571846" lon="-122.516034"><ele>76.5</ele></trkpt>
     <trkpt lat="37.571602" lon="-122.515978"><ele>71.0</ele></trkpt>
     <trkpt lat="37.571080" lon="-122.516068"><ele>65.2</ele></trkpt>
     <trkpt lat="37.570706" lon="-122.516198"><ele>53.0</ele></trkpt>
     <trkpt lat="37.570637" lon="-122.516176"><ele>52.5</ele></trkpt>
     <trkpt lat="37.570588" lon="-122.516072"><ele>57.8</ele></trkpt>
     <trkpt lat="37.570593" lon="-122.515934"><ele>66.2</ele></trkpt>
     <trkpt lat="37.570199" lon="-122.515815"><ele>66.2</ele></trkpt>
     <trkpt lat="37.569818" lon="-122.515608"><ele>67.5</ele></trkpt>
     <trkpt lat="37.568431" lon="-122.514404"><ele>55.2</ele></trkpt>
     <trkpt lat="37.567675" lon="-122.513893"><ele>47.2</ele></trkpt>
     <trkpt lat="37.565565" lon="-122.512983"><ele>32.5</ele></trkpt>
     <trkpt lat="37.564554" lon="-122.512601"><ele>37.8</ele></trkpt>
     <trkpt lat="37.564047" lon="-122.512574"><ele>41.5</ele></trkpt>
     <trkpt lat="37.563632" lon="-122.512657"><ele>39.0</ele></trkpt>
     <trkpt lat="37.563102" lon="-122.512986"><ele>40.2</ele></trkpt>
     <trkpt lat="37.562585" lon="-122.513422"><ele>45.2</ele></trkpt>
     <trkpt lat="37.562306" lon="-122.513567"><ele>42.2</ele></trkpt>
     <trkpt lat="37.562044" lon="-122.513634"><ele>38.8</ele></trkpt>
     <trkpt lat="37.561631" lon="-122.513551"><ele>40.0</ele></trkpt>
     <trkpt lat="37.560704" lon="-122.513112"><ele>41.2</ele></trkpt>
     <trkpt lat="37.560438" lon="-122.513085"><ele>41.2</ele></trkpt>
     <trkpt lat="37.560178" lon="-122.513126"><ele>39.0</ele></trkpt>
     <trkpt lat="37.559887" lon="-122.513281"><ele>38.0</ele></trkpt>
     <trkpt lat="37.559773" lon="-122.513394"><ele>39.0</ele></trkpt>
     <trkpt lat="37.559238" lon="-122.514186"><ele>30.0</ele></trkpt>
     <trkpt lat="37.558985" lon="-122.514461"><ele>28.2</ele></trkpt>
     <trkpt lat="37.558710" lon="-122.514599"><ele>27.0</ele></trkpt>
     <trkpt lat="37.558456" lon="-122.514627"><ele>29.5</ele></trkpt>
     <trkpt lat="37.558174" lon="-122.514570"><ele>29.0</ele></trkpt>
     <trkpt lat="37.557850" lon="-122.514393"><ele>25.8</ele></trkpt>
     <trkpt lat="37.557615" lon="-122.514158"><ele>25.5</ele></trkpt>
     <trkpt lat="37.557094" lon="-122.513444"><ele>33.2</ele></trkpt>
     <trkpt lat="37.556850" lon="-122.513238"><ele>32.8</ele></trkpt>
     <trkpt lat="37.556363" lon="-122.512983"><ele>34.8</ele></trkpt>
     <trkpt lat="37.555912" lon="-122.512862"><ele>34.0</ele></trkpt>
     <trkpt lat="37.553426" lon="-122.512421"><ele>25.8</ele></trkpt>
     <trkpt lat="37.550940" lon="-122.511980"><ele>17.5</ele></trkpt>
     <trkpt lat="37.550273" lon="-122.511905"><ele>16.8</ele></trkpt>
     <trkpt lat="37.549705" lon="-122.511907"><ele>15.5</ele></trkpt>
     <trkpt lat="37.548756" lon="-122.512092"><ele>12.2</ele></trkpt>
     <trkpt lat="37.548155" lon="-122.512312"><ele>10.5</ele></trkpt>
     <trkpt lat="37.547844" lon="-122.512476"><ele>9.2</ele></trkpt>
     <trkpt lat="37.545543" lon="-122.514037"><ele>21.0</ele></trkpt>
     <trkpt lat="37.543242" lon="-122.515598"><ele>32.8</ele></trkpt>
     <trkpt lat="37.542825" lon="-122.515850"><ele>31.2</ele></trkpt>
     <trkpt lat="37.542357" lon="-122.516054"><ele>28.2</ele></trkpt>
     <trkpt lat="37.539985" lon="-122.516765"><ele>23.5</ele></trkpt>
     <trkpt lat="37.538277" lon="-122.517240"><ele>20.6</ele></trkpt>
     <trkpt lat="37.536568" lon="-122.517714"><ele>17.8</ele></trkpt>
     <trkpt lat="37.535566" lon="-122.517886"><ele>25.8</ele></trkpt>
     <trkpt lat="37.534552" lon="-122.517899"><ele>29.2</ele></trkpt>
     <trkpt lat="37.533274" lon="-122.517701"><ele>29.0</ele></trkpt>
     <trkpt lat="37.532408" lon="-122.517417"><ele>25.0</ele></trkpt>
     <trkpt lat="37.531566" lon="-122.517014"><ele>23.0</ele></trkpt>
     <trkpt lat="37.530676" lon="-122.516457"><ele>24.2</ele></trkpt>
     <trkpt lat="37.529606" lon="-122.515512"><ele>23.0</ele></trkpt>
     <trkpt lat="37.527816" lon="-122.513743"><ele>22.0</ele></trkpt>
     <trkpt lat="37.526025" lon="-122.511973"><ele>21.0</ele></trkpt>
     <trkpt lat="37.524235" lon="-122.510204"><ele>20.0</ele></trkpt>
     <trkpt lat="37.523137" lon="-122.509111"><ele>20.2</ele></trkpt>
     <trkpt lat="37.522034" lon="-122.507881"><ele>22.8</ele></trkpt>
     <trkpt lat="37.521182" lon="-122.506727"><ele>22.0</ele></trkpt>
     <trkpt lat="37.520483" lon="-122.505600"><ele>23.0</ele></trkpt>
     <trkpt lat="37.519024" lon="-122.502881"><ele>20.9</ele></trkpt>
     <trkpt lat="37.517564" lon="-122.500161"><ele>18.9</ele></trkpt>
     <trkpt lat="37.516104" lon="-122.497441"><ele>16.8</ele></trkpt>
     <trkpt lat="37.514645" lon="-122.494722"><ele>14.8</ele></trkpt>
     <trkpt lat="37.514346" lon="-122.494246"><ele>15.5</ele></trkpt>
     <trkpt lat="37.512722" lon="-122.492012"><ele>14.2</ele></trkpt>
     <trkpt lat="37.511098" lon="-122.489778"><ele>12.8</ele></trkpt>
     <trkpt lat="37.509474" lon="-122.487544"><ele>11.5</ele></trkpt>
     <trkpt lat="37.508223" lon="-122.485889"><ele>9.6</ele></trkpt>
     <trkpt lat="37.506973" lon="-122.484233"><ele>7.8</ele></trkpt>
     <trkpt lat="37.506140" lon="-122.482969"><ele>8.0</ele></trkpt>
     <trkpt lat="37.505598" lon="-122.482008"><ele>9.2</ele></trkpt>
     <trkpt lat="37.505218" lon="-122.481207"><ele>9.8</ele></trkpt>
     <trkpt lat="37.504554" lon="-122.479638"><ele>9.9</ele></trkpt>
     <trkpt lat="37.503890" lon="-122.478070"><ele>10.0</ele></trkpt>
     <trkpt lat="37.502809" lon="-122.475271"><ele>11.4</ele></trkpt>
     <trkpt lat="37.501728" lon="-122.472471"><ele>12.8</ele></trkpt>
     <trkpt lat="37.500646" lon="-122.469672"><ele>14.1</ele></trkpt>
     <trkpt lat="37.499565" lon="-122.466873"><ele>15.5</ele></trkpt>
     <trkpt lat="37.498484" lon="-122.464074"><ele>16.9</ele></trkpt>
     <trkpt lat="37.497402" lon="-122.461275"><ele>18.2</ele></trkpt>
     <trkpt lat="37.496321" lon="-122.458475"><ele>19.6</ele></trkpt>
     <trkpt lat="37.495240" lon="-122.455676"><ele>21.0</ele></trkpt>
     <trkpt lat="37.494805" lon="-122.454884"><ele>20.0</ele></trkpt>
     <trkpt lat="37.494362" lon="-122.454246"><ele>18.8</ele></trkpt>
     <trkpt lat="37.493796" lon="-122.453608"><ele>17.8</ele></trkpt>
     <trkpt lat="37.493292" lon="-122.453179"><ele>15.2</ele></trkpt>
     <trkpt lat="37.491053" lon="-122.451633"><ele>15.8</ele></trkpt>
     <trkpt lat="37.488814" lon="-122.450086"><ele>16.4</ele></trkpt>
     <trkpt lat="37.486575" lon="-122.448540"><ele>16.9</ele></trkpt>
     <trkpt lat="37.484336" lon="-122.446993"><ele>17.5</ele></trkpt>
     <trkpt lat="37.482021" lon="-122.445349"><ele>17.0</ele></trkpt>
     <trkpt lat="37.481520" lon="-122.444878"><ele>16.0</ele></trkpt>
     <trkpt lat="37.479465" lon="-122.442731"><ele>15.6</ele></trkpt>
     <trkpt lat="37.477411" lon="-122.440584"><ele>15.1</ele></trkpt>
     <trkpt lat="37.475356" lon="-122.438436"><ele>14.7</ele></trkpt>
     <trkpt lat="37.473301" lon="-122.436289"><ele>14.2</ele></trkpt>
     <trkpt lat="37.472061" lon="-122.435188"><ele>13.8</ele></trkpt>
     <trkpt lat="37.471059" lon="-122.434365"><ele>13.8</ele></trkpt>
     <trkpt lat="37.470367" lon="-122.433995"><ele>14.5</ele></trkpt>
     <trkpt lat="37.469969" lon="-122.433836"><ele>15.0</ele></trkpt>
     <trkpt lat="37.469140" lon="-122.433632"><ele>16.0</ele></trkpt>
     <trkpt lat="37.468617" lon="-122.433587"><ele>15.5</ele></trkpt>
     <trkpt lat="37.467827" lon="-122.433643"><ele>14.0</ele></trkpt>
     <trkpt lat="37.465970" lon="-122.433932"><ele>15.5</ele></trkpt>
     <trkpt lat="37.464114" lon="-122.434221"><ele>17.0</ele></trkpt>
     <trkpt lat="37.463874" lon="-122.431731"><ele>19.1</ele></trkpt>
     <trkpt lat="37.463634" lon="-122.429242"><ele>21.2</ele></trkpt>
     <trkpt lat="37.461645" lon="-122.429546"><ele>23.2</ele></trkpt>
     <trkpt lat="37.459656" lon="-122.429851"><ele>25.2</ele></trkpt>
     <trkpt lat="37.457667" lon="-122.430155"><ele>27.2</ele></trkpt>
     <trkpt lat="37.455997" lon="-122.429996"><ele>27.0</ele></trkpt>
     <trkpt lat="37.453377" lon="-122.429663"><ele>27.1</ele></trkpt>
     <trkpt lat="37.450757" lon="-122.429329"><ele>27.2</ele></trkpt>
     <trkpt lat="37.450544" lon="-122.429455"><ele>26.8</ele></trkpt>
     <trkpt lat="37.450343" lon="-122.429908"><ele>25.8</ele></trkpt>
     <trkpt lat="37.448919" lon="-122.429171"><ele>25.8</ele></trkpt>
     <trkpt lat="37.447742" lon="-122.428797"><ele>26.5</ele></trkpt>
     <trkpt lat="37.447281" lon="-122.428720"><ele>26.5</ele></trkpt>
     <trkpt lat="37.444825" lon="-122.428393"><ele>27.6</ele></trkpt>
     <trkpt lat="37.442370" lon="-122.428066"><ele>28.7</ele></trkpt>
     <trkpt lat="37.439915" lon="-122.427739"><ele>29.8</ele></trkpt>
     <trkpt lat="37.437459" lon="-122.427412"><ele>30.8</ele></trkpt>
     <trkpt lat="37.435003" lon="-122.427085"><ele>31.9</ele></trkpt>
     <trkpt lat="37.432548" lon="-122.426758"><ele>33.0</ele></trkpt>
     <trkpt lat="37.431372" lon="-122.426660"><ele>34.5</ele></trkpt>
     <trkpt lat="37.429024" lon="-122.426559"><ele>34.5</ele></trkpt>
     <trkpt lat="37.426676" lon="-122.426458"><ele>34.5</ele></trkpt>
     <trkpt lat="37.424328" lon="-122.426357"><ele>34.5</ele></trkpt>
     <trkpt lat="37.423425" lon="-122.426239"><ele>38.2</ele></trkpt>
     <trkpt lat="37.422378" lon="-122.425993"><ele>40.5</ele></trkpt>
     <trkpt lat="37.419849" lon="-122.425179"><ele>41.5</ele></trkpt>
     <trkpt lat="37.417321" lon="-122.424365"><ele>42.5</ele></trkpt>
     <trkpt lat="37.414792" lon="-122.423552"><ele>43.5</ele></trkpt>
     <trkpt lat="37.412263" lon="-122.422738"><ele>44.5</ele></trkpt>
     <trkpt lat="37.409735" lon="-122.421924"><ele>45.5</ele></trkpt>
     <trkpt lat="37.407206" lon="-122.421110"><ele>46.5</ele></trkpt>
     <trkpt lat="37.405239" lon="-122.420459"><ele>46.8</ele></trkpt>
     <trkpt lat="37.403273" lon="-122.419807"><ele>47.0</ele></trkpt>
     <trkpt lat="37.401306" lon="-122.419156"><ele>47.2</ele></trkpt>
     <trkpt lat="37.400562" lon="-122.418870"><ele>47.0</ele></trkpt>
     <trkpt lat="37.400107" lon="-122.418643"><ele>46.5</ele></trkpt>
     <trkpt lat="37.399002" lon="-122.417925"><ele>50.8</ele></trkpt>
     <trkpt lat="37.398346" lon="-122.417358"><ele>51.0</ele></trkpt>
     <trkpt lat="37.397955" lon="-122.416954"><ele>51.0</ele></trkpt>
     <trkpt lat="37.396179" lon="-122.414958"><ele>52.4</ele></trkpt>
     <trkpt lat="37.394402" lon="-122.412963"><ele>53.8</ele></trkpt>
     <trkpt lat="37.392626" lon="-122.410967"><ele>55.2</ele></trkpt>
     <trkpt lat="37.390849" lon="-122.408972"><ele>56.6</ele></trkpt>
     <trkpt lat="37.389073" lon="-122.406976"><ele>58.0</ele></trkpt>
     <trkpt lat="37.388195" lon="-122.406240"><ele>54.5</ele></trkpt>
     <trkpt lat="37.387673" lon="-122.405907"><ele>54.2</ele></trkpt>
     <trkpt lat="37.387093" lon="-122.405623"><ele>56.0</ele></trkpt>
     <trkpt lat="37.386269" lon="-122.405339"><ele>62.0</ele></trkpt>
     <trkpt lat="37.384573" lon="-122.404869"><ele>62.8</ele></trkpt>
     <trkpt lat="37.383738" lon="-122.404661"><ele>56.0</ele></trkpt>
     <trkpt lat="37.382980" lon="-122.404528"><ele>49.5</ele></trkpt>
     <trkpt lat="37.381164" lon="-122.404350"><ele>48.5</ele></trkpt>
     <trkpt lat="37.379650" lon="-122.404316"><ele>57.5</ele></trkpt>
     <trkpt lat="37.376995" lon="-122.404039"><ele>55.5</ele></trkpt>
     <trkpt lat="37.374340" lon="-122.403763"><ele>53.5</ele></trkpt>
     <trkpt lat="37.373830" lon="-122.403804"><ele>53.2</ele></trkpt>
     <trkpt lat="37.373459" lon="-122.403887"><ele>52.8</ele></trkpt>
     <trkpt lat="37.371727" lon="-122.404638"><ele>54.0</ele></trkpt>
     <trkpt lat="37.371110" lon="-122.404820"><ele>52.5</ele></trkpt>
     <trkpt lat="37.370705" lon="-122.404883"><ele>51.8</ele></trkpt>
     <trkpt lat="37.370077" lon="-122.404905"><ele>51.0</ele></trkpt>
     <trkpt lat="37.368634" lon="-122.404865"><ele>48.5</ele></trkpt>
     <trkpt lat="37.367190" lon="-122.404826"><ele>46.0</ele></trkpt>
     <trkpt lat="37.366400" lon="-122.404716"><ele>48.5</ele></trkpt>
     <trkpt lat="37.365716" lon="-122.404487"><ele>55.0</ele></trkpt>
     <trkpt lat="37.365046" lon="-122.404153"><ele>58.2</ele></trkpt>
     <trkpt lat="37.364629" lon="-122.403865"><ele>61.0</ele></trkpt>
     <trkpt lat="37.364162" lon="-122.403469"><ele>62.8</ele></trkpt>
     <trkpt lat="37.362203" lon="-122.401469"><ele>54.6</ele></trkpt>
     <trkpt lat="37.360244" lon="-122.399469"><ele>46.5</ele></trkpt>
     <trkpt lat="37.359291" lon="-122.398134"><ele>37.0</ele></trkpt>
     <trkpt lat="37.359049" lon="-122.397860"><ele>34.5</ele></trkpt>
     <trkpt lat="37.358429" lon="-122.397373"><ele>28.0</ele></trkpt>
     <trkpt lat="37.358000" lon="-122.397157"><ele>22.5</ele></trkpt>
     <trkpt lat="37.357597" lon="-122.397031"><ele>25.0</ele></trkpt>
     <trkpt lat="37.357074" lon="-122.396968"><ele>28.2</ele></trkpt>
     <trkpt lat="37.356713" lon="-122.396989"><ele>30.5</ele></trkpt>
     <trkpt lat="37.356142" lon="-122.397131"><ele>35.2</ele></trkpt>
     <trkpt lat="37.355560" lon="-122.397427"><ele>40.8</ele></trkpt>
     <trkpt lat="37.354222" lon="-122.398357"><ele>52.0</ele></trkpt>
     <trkpt lat="37.353847" lon="-122.398543"><ele>54.0</ele></trkpt>
     <trkpt lat="37.353450" lon="-122.398668"><ele>56.8</ele></trkpt>
     <trkpt lat="37.352855" lon="-122.398732"><ele>63.5</ele></trkpt>
     <trkpt lat="37.351143" lon="-122.398616"><ele>74.2</ele></trkpt>
     <trkpt lat="37.350769" lon="-122.398515"><ele>76.0</ele></trkpt>
     <trkpt lat="37.350405" lon="-122.398349"><ele>78.0</ele></trkpt>
     <trkpt lat="37.349590" lon="-122.397803"><ele>87.0</ele></trkpt>
     <trkpt lat="37.348940" lon="-122.397481"><ele>94.5</ele></trkpt>
     <trkpt lat="37.347035" lon="-122.396964"><ele>116.8</ele></trkpt>
     <trkpt lat="37.346409" lon="-122.396690"><ele>117.8</ele></trkpt>
     <trkpt lat="37.345825" lon="-122.396319"><ele>117.8</ele></trkpt>
     <trkpt lat="37.344406" lon="-122.395077"><ele>121.5</ele></trkpt>
     <trkpt lat="37.343820" lon="-122.394749"><ele>123.0</ele></trkpt>
     <trkpt lat="37.343220" lon="-122.394594"><ele>121.5</ele></trkpt>
     <trkpt lat="37.342772" lon="-122.394572"><ele>123.5</ele></trkpt>
     <trkpt lat="37.342483" lon="-122.394605"><ele>124.0</ele></trkpt>
     <trkpt lat="37.341118" lon="-122.394935"><ele>132.5</ele></trkpt>
     <trkpt lat="37.340492" lon="-122.394958"><ele>135.5</ele></trkpt>
     <trkpt lat="37.340030" lon="-122.394876"><ele>138.5</ele></trkpt>
     <trkpt lat="37.337712" lon="-122.394194"><ele>126.8</ele></trkpt>
     <trkpt lat="37.335393" lon="-122.393511"><ele>115.0</ele></trkpt>
     <trkpt lat="37.333075" lon="-122.392829"><ele>103.2</ele></trkpt>
     <trkpt lat="37.332455" lon="-122.392432"><ele>98.0</ele></trkpt>
     <trkpt lat="37.331337" lon="-122.391426"><ele>87.0</ele></trkpt>
     <trkpt lat="37.331062" lon="-122.391286"><ele>85.8</ele></trkpt>
     <trkpt lat="37.330785" lon="-122.391214"><ele>85.5</ele></trkpt>
     <trkpt lat="37.330484" lon="-122.391205"><ele>85.2</ele></trkpt>
     <trkpt lat="37.330184" lon="-122.391263"><ele>86.2</ele></trkpt>
     <trkpt lat="37.329735" lon="-122.391489"><ele>85.2</ele></trkpt>
     <trkpt lat="37.329354" lon="-122.391856"><ele>79.5</ele></trkpt>
     <trkpt lat="37.329068" lon="-122.392360"><ele>74.5</ele></trkpt>
     <trkpt lat="37.328944" lon="-122.392742"><ele>73.8</ele></trkpt>
     <trkpt lat="37.328873" lon="-122.393290"><ele>75.2</ele></trkpt>
     <trkpt lat="37.329068" lon="-122.394939"><ele>67.5</ele></trkpt>
     <trkpt lat="37.329037" lon="-122.395584"><ele>62.8</ele></trkpt>
     <trkpt lat="37.328872" lon="-122.396240"><ele>58.0</ele></trkpt>
     <trkpt lat="37.328710" lon="-122.396612"><ele>56.2</ele></trkpt>
     <trkpt lat="37.328410" lon="-122.397074"><ele>54.0</ele></trkpt>
     <trkpt lat="37.328177" lon="-122.397321"><ele>52.0</ele></trkpt>
     <trkpt lat="37.326358" lon="-122.398607"><ele>36.1</ele></trkpt>
     <trkpt lat="37.324538" lon="-122.399894"><ele>20.2</ele></trkpt>
     <trkpt lat="37.323113" lon="-122.400811"><ele>9.8</ele></trkpt>
     <trkpt lat="37.321268" lon="-122.401795"><ele>3.8</ele></trkpt>
     <trkpt lat="37.320291" lon="-122.402225"><ele>9.2</ele></trkpt>
     <trkpt lat="37.318984" lon="-122.402703"><ele>24.8</ele></trkpt>
     <trkpt lat="37.318026" lon="-122.402980"><ele>33.0</ele></trkpt>
     <trkpt lat="37.316324" lon="-122.403325"><ele>48.8</ele></trkpt>
     <trkpt lat="37.314000" lon="-122.403637"><ele>47.6</ele></trkpt>
     <trkpt lat="37.311676" lon="-122.403948"><ele>46.5</ele></trkpt>
     <trkpt lat="37.309352" lon="-122.404260"><ele>45.4</ele></trkpt>
     <trkpt lat="37.307028" lon="-122.404572"><ele>44.2</ele></trkpt>
     <trkpt lat="37.305872" lon="-122.404645"><ele>45.8</ele></trkpt>
     <trkpt lat="37.303699" lon="-122.404651"><ele>31.9</ele></trkpt>
     <trkpt lat="37.301527" lon="-122.404658"><ele>18.1</ele></trkpt>
     <trkpt lat="37.299354" lon="-122.404664"><ele>4.2</ele></trkpt>
     <trkpt lat="37.298661" lon="-122.404706"><ele>8.5</ele></trkpt>
     <trkpt lat="37.298239" lon="-122.404791"><ele>11.5</ele></trkpt>
     <trkpt lat="37.297483" lon="-122.405067"><ele>19.2</ele></trkpt>
     <trkpt lat="37.296159" lon="-122.405821"><ele>32.8</ele></trkpt>
     <trkpt lat="37.295597" lon="-122.406088"><ele>38.0</ele></trkpt>
     <trkpt lat="37.294979" lon="-122.406294"><ele>40.2</ele></trkpt>
     <trkpt lat="37.294393" lon="-122.406394"><ele>38.5</ele></trkpt>
     <trkpt lat="37.293770" lon="-122.406396"><ele>38.2</ele></trkpt>
     <trkpt lat="37.292919" lon="-122.406223"><ele>39.5</ele></trkpt>
     <trkpt lat="37.290962" lon="-122.405496"><ele>41.8</ele></trkpt>
     <trkpt lat="37.289005" lon="-122.404770"><ele>44.0</ele></trkpt>
     <trkpt lat="37.288127" lon="-122.404647"><ele>40.5</ele></trkpt>
     <trkpt lat="37.287708" lon="-122.404647"><ele>37.2</ele></trkpt>
     <trkpt lat="37.287079" lon="-122.404722"><ele>37.0</ele></trkpt>
     <trkpt lat="37.286441" lon="-122.404895"><ele>37.5</ele></trkpt>
     <trkpt lat="37.285811" lon="-122.405179"><ele>35.8</ele></trkpt>
     <trkpt lat="37.285421" lon="-122.405408"><ele>34.0</ele></trkpt>
     <trkpt lat="37.283095" lon="-122.407030"><ele>43.8</ele></trkpt>
     <trkpt lat="37.282642" lon="-122.407306"><ele>48.2</ele></trkpt>
     <trkpt lat="37.281758" lon="-122.407738"><ele>46.2</ele></trkpt>
     <trkpt lat="37.281085" lon="-122.407974"><ele>44.8</ele></trkpt>
     <trkpt lat="37.280368" lon="-122.408145"><ele>43.5</ele></trkpt>
     <trkpt lat="37.279674" lon="-122.408234"><ele>40.0</ele></trkpt>
     <trkpt lat="37.278271" lon="-122.408184"><ele>35.5</ele></trkpt>
     <trkpt lat="37.276868" lon="-122.408134"><ele>31.0</ele></trkpt>
     <trkpt lat="37.275797" lon="-122.408220"><ele>22.8</ele></trkpt>
     <trkpt lat="37.273836" lon="-122.408713"><ele>16.2</ele></trkpt>
     <trkpt lat="37.271876" lon="-122.409206"><ele>9.8</ele></trkpt>
     <trkpt lat="37.269915" lon="-122.409699"><ele>3.2</ele></trkpt>
     <trkpt lat="37.268501" lon="-122.410206"><ele>2.8</ele></trkpt>
     <trkpt lat="37.267702" lon="-122.410646"><ele>3.2</ele></trkpt>
     <trkpt lat="37.266842" lon="-122.411189"><ele>4.8</ele></trkpt>
     <trkpt lat="37.265556" lon="-122.411834"><ele>6.8</ele></trkpt>
     <trkpt lat="37.265068" lon="-122.412004"><ele>9.2</ele></trkpt>
     <trkpt lat="37.262876" lon="-122.412448"><ele>8.8</ele></trkpt>
     <trkpt lat="37.261084" lon="-122.412898"><ele>9.2</ele></trkpt>
     <trkpt lat="37.258462" lon="-122.413472"><ele>9.0</ele></trkpt>
     <trkpt lat="37.255841" lon="-122.414047"><ele>8.8</ele></trkpt>
     <trkpt lat="37.254728" lon="-122.414368"><ele>11.2</ele></trkpt>
     <trkpt lat="37.253373" lon="-122.414907"><ele>15.8</ele></trkpt>
     <trkpt lat="37.251204" lon="-122.415953"><ele>12.1</ele></trkpt>
     <trkpt lat="37.249034" lon="-122.416998"><ele>8.5</ele></trkpt>
     <trkpt lat="37.248076" lon="-122.417342"><ele>7.5</ele></trkpt>
     <trkpt lat="37.247379" lon="-122.417517"><ele>7.2</ele></trkpt>
     <trkpt lat="37.246490" lon="-122.417666"><ele>9.2</ele></trkpt>
     <trkpt lat="37.244415" lon="-122.417840"><ele>9.1</ele></trkpt>
     <trkpt lat="37.242339" lon="-122.418014"><ele>9.0</ele></trkpt>
     <trkpt lat="37.241387" lon="-122.417947"><ele>8.5</ele></trkpt>
     <trkpt lat="37.240788" lon="-122.417791"><ele>8.2</ele></trkpt>
     <trkpt lat="37.240202" lon="-122.417553"><ele>8.2</ele></trkpt>
     <trkpt lat="37.239469" lon="-122.417117"><ele>8.5</ele></trkpt>
     <trkpt lat="37.237978" lon="-122.415971"><ele>8.8</ele></trkpt>
     <trkpt lat="37.237248" lon="-122.415588"><ele>8.8</ele></trkpt>
     <trkpt lat="37.236552" lon="-122.415393"><ele>10.5</ele></trkpt>
     <trkpt lat="37.234410" lon="-122.415026"><ele>11.2</ele></trkpt>
     <trkpt lat="37.233738" lon="-122.414792"><ele>10.8</ele></trkpt>
     <trkpt lat="37.232956" lon="-122.414401"><ele>8.8</ele></trkpt>
     <trkpt lat="37.232551" lon="-122.414146"><ele>7.8</ele></trkpt>
     <trkpt lat="37.231871" lon="-122.413610"><ele>7.2</ele></trkpt>
     <trkpt lat="37.230004" lon="-122.412036"><ele>7.4</ele></trkpt>
     <trkpt lat="37.228138" lon="-122.410462"><ele>7.5</ele></trkpt>
     <trkpt lat="37.226271" lon="-122.408889"><ele>7.6</ele></trkpt>
     <trkpt lat="37.224405" lon="-122.407315"><ele>7.8</ele></trkpt>
     <trkpt lat="37.223700" lon="-122.406830"><ele>11.2</ele></trkpt>
     <trkpt lat="37.222972" lon="-122.406493"><ele>17.8</ele></trkpt>
     <trkpt lat="37.222085" lon="-122.406237"><ele>23.5</ele></trkpt>
     <trkpt lat="37.221205" lon="-122.406139"><ele>23.2</ele></trkpt>
     <trkpt lat="37.219382" lon="-122.406191"><ele>19.2</ele></trkpt>
     <trkpt lat="37.217559" lon="-122.406244"><ele>15.2</ele></trkpt>
     <trkpt lat="37.215736" lon="-122.406296"><ele>11.2</ele></trkpt>
     <trkpt lat="37.214817" lon="-122.406231"><ele>12.8</ele></trkpt>
     <trkpt lat="37.213819" lon="-122.406035"><ele>14.8</ele></trkpt>
     <trkpt lat="37.212655" lon="-122.405646"><ele>18.2</ele></trkpt>
     <trkpt lat="37.210586" lon="-122.404666"><ele>20.6</ele></trkpt>
     <trkpt lat="37.208518" lon="-122.403686"><ele>23.0</ele></trkpt>
     <trkpt lat="37.206679" lon="-122.402842"><ele>22.8</ele></trkpt>
     <trkpt lat="37.204839" lon="-122.401998"><ele>22.5</ele></trkpt>
     <trkpt lat="37.203000" lon="-122.401154"><ele>22.2</ele></trkpt>
     <trkpt lat="37.202494" lon="-122.400988"><ele>22.0</ele></trkpt>
     <trkpt lat="37.202011" lon="-122.400894"><ele>21.5</ele></trkpt>
     <trkpt lat="37.200260" lon="-122.400758"><ele>22.4</ele></trkpt>
     <trkpt lat="37.198508" lon="-122.400622"><ele>23.2</ele></trkpt>
     <trkpt lat="37.197494" lon="-122.400440"><ele>23.2</ele></trkpt>
     <trkpt lat="37.196376" lon="-122.400046"><ele>22.0</ele></trkpt>
     <trkpt lat="37.195720" lon="-122.399708"><ele>21.5</ele></trkpt>
     <trkpt lat="37.195028" lon="-122.399259"><ele>20.8</ele></trkpt>
     <trkpt lat="37.192941" lon="-122.397680"><ele>18.8</ele></trkpt>
     <trkpt lat="37.190853" lon="-122.396100"><ele>16.9</ele></trkpt>
     <trkpt lat="37.188766" lon="-122.394521"><ele>15.0</ele></trkpt>
     <trkpt lat="37.187417" lon="-122.393475"><ele>17.1</ele></trkpt>
     <trkpt lat="37.186068" lon="-122.392430"><ele>19.2</ele></trkpt>
     <trkpt lat="37.185456" lon="-122.391860"><ele>20.0</ele></trkpt>
     <trkpt lat="37.184966" lon="-122.391198"><ele>20.0</ele></trkpt>
     <trkpt lat="37.184683" lon="-122.390670"><ele>19.2</ele></trkpt>
     <trkpt lat="37.184443" lon="-122.390049"><ele>17.2</ele></trkpt>
     <trkpt lat="37.184215" lon="-122.389095"><ele>17.0</ele></trkpt>
     <trkpt lat="37.183962" lon="-122.386416"><ele>16.9</ele></trkpt>
     <trkpt lat="37.183709" lon="-122.383737"><ele>16.8</ele></trkpt>
     <trkpt lat="37.183612" lon="-122.383035"><ele>15.2</ele></trkpt>
     <trkpt lat="37.183251" lon="-122.381384"><ele>17.8</ele></trkpt>
     <trkpt lat="37.183092" lon="-122.380822"><ele>19.5</ele></trkpt>
     <trkpt lat="37.182675" lon="-122.379643"><ele>22.5</ele></trkpt>
     <trkpt lat="37.182051" lon="-122.378278"><ele>24.2</ele></trkpt>
     <trkpt lat="37.180652" lon="-122.375710"><ele>25.6</ele></trkpt>
     <trkpt lat="37.179252" lon="-122.373143"><ele>26.9</ele></trkpt>
     <trkpt lat="37.177853" lon="-122.370575"><ele>28.2</ele></trkpt>
     <trkpt lat="37.176453" lon="-122.368007"><ele>29.5</ele></trkpt>
     <trkpt lat="37.175196" lon="-122.365753"><ele>26.2</ele></trkpt>
     <trkpt lat="37.174610" lon="-122.364935"><ele>30.2</ele></trkpt>
     <trkpt lat="37.173895" lon="-122.364243"><ele>32.0</ele></trkpt>
     <trkpt lat="37.173301" lon="-122.363817"><ele>29.5</ele></trkpt>
     <trkpt lat="37.172888" lon="-122.363593"><ele>29.2</ele></trkpt>
     <trkpt lat="37.170703" lon="-122.362707"><ele>24.0</ele></trkpt>
     <trkpt lat="37.168518" lon="-122.361820"><ele>18.8</ele></trkpt>
     <trkpt lat="37.166778" lon="-122.361147"><ele>10.6</ele></trkpt>
     <trkpt lat="37.165039" lon="-122.360475"><ele>2.5</ele></trkpt>
     <trkpt lat="37.164178" lon="-122.360081"><ele>5.5</ele></trkpt>
     <trkpt lat="37.163436" lon="-122.359656"><ele>7.2</ele></trkpt>
     <trkpt lat="37.161574" lon="-122.358383"><ele>11.4</ele></trkpt>
     <trkpt lat="37.159712" lon="-122.357109"><ele>15.6</ele></trkpt>
     <trkpt lat="37.157850" lon="-122.355836"><ele>19.8</ele></trkpt>
     <trkpt lat="37.156417" lon="-122.354724"><ele>23.0</ele></trkpt>
     <trkpt lat="37.155559" lon="-122.353963"><ele>27.5</ele></trkpt>
     <trkpt lat="37.154105" lon="-122.352602"><ele>27.0</ele></trkpt>
     <trkpt lat="37.152652" lon="-122.351241"><ele>26.5</ele></trkpt>
     <trkpt lat="37.151198" lon="-122.349880"><ele>26.0</ele></trkpt>
     <trkpt lat="37.150583" lon="-122.349221"><ele>29.2</ele></trkpt>
     <trkpt lat="37.150044" lon="-122.348515"><ele>32.8</ele></trkpt>
     <trkpt lat="37.149393" lon="-122.347432"><ele>25.2</ele></trkpt>
     <trkpt lat="37.149013" lon="-122.346612"><ele>23.5</ele></trkpt>
     <trkpt lat="37.148675" lon="-122.345743"><ele>23.8</ele></trkpt>
     <trkpt lat="37.148234" lon="-122.344480"><ele>18.8</ele></trkpt>
     <trkpt lat="37.147397" lon="-122.341925"><ele>19.9</ele></trkpt>
     <trkpt lat="37.146560" lon="-122.339369"><ele>20.9</ele></trkpt>
     <trkpt lat="37.145723" lon="-122.336814"><ele>22.1</ele></trkpt>
     <trkpt lat="37.144886" lon="-122.334258"><ele>23.1</ele></trkpt>
     <trkpt lat="37.144049" lon="-122.331703"><ele>24.2</ele></trkpt>
     <trkpt lat="37.143099" lon="-122.328877"><ele>28.2</ele></trkpt>
     <trkpt lat="37.142149" lon="-122.326051"><ele>32.2</ele></trkpt>
     <trkpt lat="37.141199" lon="-122.323225"><ele>36.2</ele></trkpt>
     <trkpt lat="37.140696" lon="-122.322143"><ele>37.5</ele></trkpt>
     <trkpt lat="37.140269" lon="-122.321511"><ele>40.5</ele></trkpt>
     <trkpt lat="37.139828" lon="-122.320965"><ele>41.8</ele></trkpt>
     <trkpt lat="37.138554" lon="-122.319729"><ele>44.2</ele></trkpt>
     <trkpt lat="37.136714" lon="-122.318038"><ele>43.6</ele></trkpt>
     <trkpt lat="37.134874" lon="-122.316348"><ele>43.0</ele></trkpt>
     <trkpt lat="37.133035" lon="-122.314657"><ele>42.4</ele></trkpt>
     <trkpt lat="37.131195" lon="-122.312966"><ele>41.8</ele></trkpt>
     <trkpt lat="37.129445" lon="-122.311413"><ele>36.8</ele></trkpt>
     <trkpt lat="37.128314" lon="-122.310508"><ele>39.8</ele></trkpt>
     <trkpt lat="37.127805" lon="-122.310134"><ele>41.8</ele></trkpt>
     <trkpt lat="37.126525" lon="-122.309320"><ele>37.8</ele></trkpt>
     <trkpt lat="37.124810" lon="-122.308254"><ele>36.9</ele></trkpt>
     <trkpt lat="37.123095" lon="-122.307189"><ele>36.1</ele></trkpt>
     <trkpt lat="37.121380" lon="-122.306123"><ele>35.2</ele></trkpt>
     <trkpt lat="37.119974" lon="-122.305349"><ele>30.0</ele></trkpt>
     <trkpt lat="37.118181" lon="-122.304436"><ele>30.5</ele></trkpt>
     <trkpt lat="37.116389" lon="-122.303523"><ele>31.0</ele></trkpt>
     <trkpt lat="37.115968" lon="-122.303256"><ele>30.5</ele></trkpt>
     <trkpt lat="37.115389" lon="-122.302799"><ele>29.2</ele></trkpt>
     <trkpt lat="37.114867" lon="-122.302257"><ele>28.5</ele></trkpt>
     <trkpt lat="37.114275" lon="-122.301438"><ele>26.2</ele></trkpt>
     <trkpt lat="37.113404" lon="-122.299866"><ele>27.2</ele></trkpt>
     <trkpt lat="37.112532" lon="-122.298294"><ele>28.2</ele></trkpt>
     <trkpt lat="37.111948" lon="-122.297312"><ele>26.0</ele></trkpt>
     <trkpt lat="37.111499" lon="-122.296695"><ele>27.2</ele></trkpt>
     <trkpt lat="37.110986" lon="-122.296135"><ele>27.5</ele></trkpt>
     <trkpt lat="37.108987" lon="-122.294269"><ele>32.5</ele></trkpt>
     <trkpt lat="37.108376" lon="-122.293569"><ele>34.2</ele></trkpt>
     <trkpt lat="37.107126" lon="-122.291899"><ele>29.8</ele></trkpt>
     <trkpt lat="37.105876" lon="-122.290228"><ele>25.2</ele></trkpt>
     <trkpt lat="37.104613" lon="-122.288317"><ele>22.0</ele></trkpt>
     <trkpt lat="37.103349" lon="-122.286406"><ele>18.8</ele></trkpt>
     <trkpt lat="37.102726" lon="-122.285585"><ele>17.2</ele></trkpt>
     <trkpt lat="37.101896" lon="-122.284742"><ele>15.5</ele></trkpt>
     <trkpt lat="37.101567" lon="-122.284468"><ele>14.8</ele></trkpt>
     <trkpt lat="37.100307" lon="-122.283682"><ele>16.2</ele></trkpt>
     <trkpt lat="37.099999" lon="-122.283442"><ele>16.8</ele></trkpt>
     <trkpt lat="37.099264" lon="-122.282743"><ele>17.2</ele></trkpt>
     <trkpt lat="37.098647" lon="-122.282061"><ele>15.2</ele></trkpt>
     <trkpt lat="37.098076" lon="-122.281332"><ele>13.2</ele></trkpt>
     <trkpt lat="37.097630" lon="-122.280655"><ele>10.0</ele></trkpt>
     <trkpt lat="37.097235" lon="-122.279962"><ele>3.8</ele></trkpt>
     <trkpt lat="37.096537" lon="-122.278438"><ele>0.5</ele></trkpt>
     <trkpt lat="37.096019" lon="-122.277598"><ele>0.2</ele></trkpt>
     <trkpt lat="37.095598" lon="-122.277072"><ele>1.8</ele></trkpt>
     <trkpt lat="37.093794" lon="-122.275230"><ele>24.2</ele></trkpt>
     <trkpt lat="37.093055" lon="-122.274659"><ele>27.8</ele></trkpt>
     <trkpt lat="37.092250" lon="-122.274240"><ele>28.5</ele></trkpt>
     <trkpt lat="37.091442" lon="-122.273998"><ele>39.0</ele></trkpt>
     <trkpt lat="37.090400" lon="-122.273807"><ele>43.8</ele></trkpt>
     <trkpt lat="37.089689" lon="-122.273622"><ele>44.2</ele></trkpt>
     <trkpt lat="37.089180" lon="-122.273406"><ele>43.2</ele></trkpt>
     <trkpt lat="37.088495" lon="-122.273004"><ele>43.5</ele></trkpt>
     <trkpt lat="37.087874" lon="-122.272498"><ele>39.0</ele></trkpt>
     <trkpt lat="37.087460" lon="-122.272071"><ele>37.0</ele></trkpt>
     <trkpt lat="37.086532" lon="-122.270836"><ele>36.0</ele></trkpt>
     <trkpt lat="37.085604" lon="-122.269600"><ele>35.0</ele></trkpt>
     <trkpt lat="37.084528" lon="-122.268387"><ele>40.2</ele></trkpt>
     <trkpt lat="37.084045" lon="-122.267938"><ele>41.5</ele></trkpt>
     <trkpt lat="37.082398" lon="-122.266544"><ele>44.4</ele></trkpt>
     <trkpt lat="37.080750" lon="-122.265150"><ele>47.3</ele></trkpt>
     <trkpt lat="37.079103" lon="-122.263756"><ele>50.2</ele></trkpt>
     <trkpt lat="37.078193" lon="-122.263159"><ele>47.2</ele></trkpt>
     <trkpt lat="37.075816" lon="-122.261950"><ele>52.2</ele></trkpt>
     <trkpt lat="37.074966" lon="-122.261431"><ele>51.5</ele></trkpt>
     <trkpt lat="37.074209" lon="-122.260863"><ele>56.5</ele></trkpt>
     <trkpt lat="37.072840" lon="-122.259735"><ele>47.8</ele></trkpt>
     <trkpt lat="37.071472" lon="-122.258607"><ele>39.0</ele></trkpt>
     <trkpt lat="37.069733" lon="-122.257296"><ele>39.8</ele></trkpt>
     <trkpt lat="37.067994" lon="-122.255985"><ele>40.5</ele></trkpt>
     <trkpt lat="37.066851" lon="-122.255266"><ele>47.8</ele></trkpt>
     <trkpt lat="37.064717" lon="-122.253824"><ele>46.6</ele></trkpt>
     <trkpt lat="37.062582" lon="-122.252381"><ele>45.5</ele></trkpt>
     <trkpt lat="37.061896" lon="-122.251862"><ele>46.2</ele></trkpt>
     <trkpt lat="37.061265" lon="-122.251305"><ele>50.2</ele></trkpt>
     <trkpt lat="37.060601" lon="-122.250611"><ele>48.5</ele></trkpt>
     <trkpt lat="37.059314" lon="-122.249126"><ele>47.0</ele></trkpt>
     <trkpt lat="37.058026" lon="-122.247640"><ele>45.5</ele></trkpt>
     <trkpt lat="37.057333" lon="-122.246894"><ele>37.5</ele></trkpt>
     <trkpt lat="37.056606" lon="-122.246199"><ele>39.8</ele></trkpt>
     <trkpt lat="37.054952" lon="-122.244720"><ele>36.5</ele></trkpt>
     <trkpt lat="37.053298" lon="-122.243241"><ele>33.2</ele></trkpt>
     <trkpt lat="37.052512" lon="-122.242458"><ele>31.2</ele></trkpt>
     <trkpt lat="37.050687" lon="-122.240403"><ele>28.8</ele></trkpt>
     <trkpt lat="37.048862" lon="-122.238347"><ele>26.3</ele></trkpt>
     <trkpt lat="37.047037" lon="-122.236292"><ele>23.9</ele></trkpt>
     <trkpt lat="37.045212" lon="-122.234236"><ele>21.4</ele></trkpt>
     <trkpt lat="37.043387" lon="-122.232181"><ele>18.9</ele></trkpt>
     <trkpt lat="37.041562" lon="-122.230125"><ele>16.5</ele></trkpt>
     <trkpt lat="37.039737" lon="-122.228070"><ele>14.0</ele></trkpt>
     <trkpt lat="37.039104" lon="-122.227537"><ele>15.2</ele></trkpt>
     <trkpt lat="37.038197" lon="-122.226995"><ele>18.8</ele></trkpt>
     <trkpt lat="37.037576" lon="-122.226756"><ele>15.2</ele></trkpt>
     <trkpt lat="37.036201" lon="-122.226380"><ele>16.0</ele></trkpt>
     <trkpt lat="37.035362" lon="-122.226001"><ele>24.8</ele></trkpt>
     <trkpt lat="37.034559" lon="-122.225435"><ele>28.2</ele></trkpt>
     <trkpt lat="37.034049" lon="-122.224948"><ele>26.8</ele></trkpt>
     <trkpt lat="37.033424" lon="-122.224143"><ele>27.0</ele></trkpt>
     <trkpt lat="37.031768" lon="-122.221491"><ele>26.3</ele></trkpt>
     <trkpt lat="37.030111" lon="-122.218838"><ele>25.7</ele></trkpt>
     <trkpt lat="37.028455" lon="-122.216186"><ele>25.0</ele></trkpt>
     <trkpt lat="37.027924" lon="-122.215390"><ele>20.0</ele></trkpt>
     <trkpt lat="37.027298" lon="-122.214559"><ele>16.5</ele></trkpt>
     <trkpt lat="37.026301" lon="-122.213442"><ele>17.5</ele></trkpt>
     <trkpt lat="37.024425" lon="-122.211600"><ele>20.2</ele></trkpt>
     <trkpt lat="37.022550" lon="-122.209758"><ele>23.0</ele></trkpt>
     <trkpt lat="37.020674" lon="-122.207916"><ele>25.8</ele></trkpt>
     <trkpt lat="37.019166" lon="-122.206216"><ele>25.6</ele></trkpt>
     <trkpt lat="37.017659" lon="-122.204516"><ele>25.4</ele></trkpt>
     <trkpt lat="37.016151" lon="-122.202816"><ele>25.2</ele></trkpt>
     <trkpt lat="37.014644" lon="-122.201116"><ele>25.0</ele></trkpt>
     <trkpt lat="37.014140" lon="-122.200485"><ele>32.0</ele></trkpt>
     <trkpt lat="37.013416" lon="-122.199280"><ele>32.0</ele></trkpt>
     <trkpt lat="37.012492" lon="-122.197588"><ele>30.4</ele></trkpt>
     <trkpt lat="37.011568" lon="-122.195897"><ele>28.8</ele></trkpt>
     <trkpt lat="37.010571" lon="-122.193777"><ele>26.8</ele></trkpt>
     <trkpt lat="37.009575" lon="-122.191656"><ele>24.9</ele></trkpt>
     <trkpt lat="37.008578" lon="-122.189536"><ele>23.0</ele></trkpt>
     <trkpt lat="37.008119" lon="-122.188669"><ele>25.5</ele></trkpt>
     <trkpt lat="37.007626" lon="-122.187861"><ele>26.5</ele></trkpt>
     <trkpt lat="37.006732" lon="-122.186603"><ele>28.5</ele></trkpt>
     <trkpt lat="37.005874" lon="-122.185571"><ele>24.2</ele></trkpt>
     <trkpt lat="37.004159" lon="-122.183749"><ele>24.0</ele></trkpt>
     <trkpt lat="37.002444" lon="-122.181927"><ele>23.8</ele></trkpt>
     <trkpt lat="37.001315" lon="-122.180759"><ele>16.1</ele></trkpt>
     <trkpt lat="37.000187" lon="-122.179591"><ele>8.5</ele></trkpt>
     <trkpt lat="36.999153" lon="-122.178433"><ele>12.8</ele></trkpt>
     <trkpt lat="36.998688" lon="-122.177834"><ele>19.0</ele></trkpt>
     <trkpt lat="36.998058" lon="-122.176907"><ele>23.2</ele></trkpt>
     <trkpt lat="36.997580" lon="-122.176103"><ele>23.2</ele></trkpt>
     <trkpt lat="36.996294" lon="-122.173811"><ele>24.9</ele></trkpt>
     <trkpt lat="36.995007" lon="-122.171519"><ele>26.6</ele></trkpt>
     <trkpt lat="36.993721" lon="-122.169227"><ele>28.3</ele></trkpt>
     <trkpt lat="36.992435" lon="-122.166935"><ele>30.0</ele></trkpt>
     <trkpt lat="36.991695" lon="-122.165434"><ele>29.1</ele></trkpt>
     <trkpt lat="36.990955" lon="-122.163932"><ele>28.2</ele></trkpt>
     <trkpt lat="36.989706" lon="-122.161210"><ele>28.7</ele></trkpt>
     <trkpt lat="36.988456" lon="-122.158488"><ele>29.1</ele></trkpt>
     <trkpt lat="36.987207" lon="-122.155765"><ele>29.6</ele></trkpt>
     <trkpt lat="36.985957" lon="-122.153043"><ele>30.1</ele></trkpt>
     <trkpt lat="36.984708" lon="-122.150321"><ele>30.5</ele></trkpt>
     <trkpt lat="36.984542" lon="-122.149891"><ele>33.2</ele></trkpt>
     <trkpt lat="36.984347" lon="-122.149160"><ele>37.8</ele></trkpt>
     <trkpt lat="36.984018" lon="-122.146818"><ele>42.0</ele></trkpt>
     <trkpt lat="36.983798" lon="-122.145893"><ele>42.0</ele></trkpt>
     <trkpt lat="36.983570" lon="-122.145293"><ele>46.0</ele></trkpt>
     <trkpt lat="36.982491" lon="-122.143059"><ele>40.1</ele></trkpt>
     <trkpt lat="36.981412" lon="-122.140826"><ele>34.2</ele></trkpt>
     <trkpt lat="36.980282" lon="-122.138782"><ele>30.8</ele></trkpt>
     <trkpt lat="36.979151" lon="-122.136738"><ele>27.2</ele></trkpt>
     <trkpt lat="36.978445" lon="-122.135556"><ele>29.5</ele></trkpt>
     <trkpt lat="36.977744" lon="-122.134562"><ele>31.8</ele></trkpt>
     <trkpt lat="36.976027" lon="-122.132351"><ele>33.8</ele></trkpt>
     <trkpt lat="36.974786" lon="-122.130649"><ele>29.2</ele></trkpt>
     <trkpt lat="36.973218" lon="-122.128445"><ele>24.8</ele></trkpt>
     <trkpt lat="36.971649" lon="-122.126240"><ele>20.2</ele></trkpt>
     <trkpt lat="36.971268" lon="-122.125653"><ele>19.8</ele></trkpt>
     <trkpt lat="36.971046" lon="-122.125219"><ele>19.2</ele></trkpt>
     <trkpt lat="36.970719" lon="-122.124338"><ele>14.0</ele></trkpt>
     <trkpt lat="36.970546" lon="-122.123637"><ele>8.8</ele></trkpt>
     <trkpt lat="36.970456" lon="-122.122910"><ele>7.0</ele></trkpt>
     <trkpt lat="36.970287" lon="-122.119775"><ele>23.8</ele></trkpt>
     <trkpt lat="36.970129" lon="-122.118942"><ele>22.8</ele></trkpt>
     <trkpt lat="36.969886" lon="-122.118123"><ele>20.0</ele></trkpt>
     <trkpt lat="36.969043" lon="-122.116178"><ele>22.5</ele></trkpt>
     <trkpt lat="36.968199" lon="-122.114234"><ele>25.0</ele></trkpt>
     <trkpt lat="36.967334" lon="-122.112132"><ele>25.0</ele></trkpt>
     <trkpt lat="36.966338" lon="-122.109261"><ele>27.9</ele></trkpt>
     <trkpt lat="36.965342" lon="-122.106390"><ele>30.8</ele></trkpt>
     <trkpt lat="36.965037" lon="-122.105716"><ele>32.0</ele></trkpt>
     <trkpt lat="36.964804" lon="-122.105300"><ele>33.5</ele></trkpt>
     <trkpt lat="36.963696" lon="-122.103486"><ele>38.2</ele></trkpt>
     <trkpt lat="36.963280" lon="-122.102580"><ele>41.0</ele></trkpt>
     <trkpt lat="36.963055" lon="-122.101956"><ele>40.5</ele></trkpt>
     <trkpt lat="36.962726" lon="-122.100650"><ele>37.5</ele></trkpt>
     <trkpt lat="36.962148" lon="-122.098044"><ele>37.2</ele></trkpt>
     <trkpt lat="36.961570" lon="-122.095438"><ele>37.0</ele></trkpt>
     <trkpt lat="36.961446" lon="-122.094731"><ele>35.5</ele></trkpt>
     <trkpt lat="36.961345" lon="-122.093682"><ele>31.2</ele></trkpt>
     <trkpt lat="36.961332" lon="-122.092704"><ele>21.5</ele></trkpt>
     <trkpt lat="36.961418" lon="-122.091440"><ele>16.5</ele></trkpt>
     <trkpt lat="36.961653" lon="-122.089766"><ele>16.5</ele></trkpt>
     <trkpt lat="36.961889" lon="-122.088093"><ele>16.5</ele></trkpt>
     <trkpt lat="36.961994" lon="-122.087018"><ele>19.0</ele></trkpt>
     <trkpt lat="36.962178" lon="-122.084175"><ele>12.8</ele></trkpt>
     <trkpt lat="36.962222" lon="-122.081946"><ele>19.2</ele></trkpt>
     <trkpt lat="36.962195" lon="-122.080218"><ele>22.4</ele></trkpt>
     <trkpt lat="36.962169" lon="-122.078490"><ele>25.5</ele></trkpt>
     <trkpt lat="36.962000" lon="-122.078494"><ele>24.0</ele></trkpt>
     <trkpt lat="36.961916" lon="-122.076903"><ele>24.0</ele></trkpt>
     <trkpt lat="36.961883" lon="-122.074026"><ele>25.2</ele></trkpt>
     <trkpt lat="36.961958" lon="-122.073580"><ele>27.8</ele></trkpt>
     <trkpt lat="36.961945" lon="-122.072593"><ele>32.5</ele></trkpt>
     <trkpt lat="36.961715" lon="-122.071403"><ele>28.2</ele></trkpt>
     <trkpt lat="36.961701" lon="-122.071139"><ele>29.0</ele></trkpt>
     <trkpt lat="36.961750" lon="-122.070408"><ele>30.8</ele></trkpt>
     <trkpt lat="36.961676" lon="-122.069417"><ele>32.0</ele></trkpt>
     <trkpt lat="36.961720" lon="-122.069036"><ele>34.5</ele></trkpt>
     <trkpt lat="36.961713" lon="-122.068456"><ele>37.2</ele></trkpt>
     <trkpt lat="36.961506" lon="-122.066986"><ele>34.8</ele></trkpt>
     <trkpt lat="36.961247" lon="-122.063765"><ele>29.5</ele></trkpt>
     <trkpt lat="36.961200" lon="-122.062797"><ele>28.0</ele></trkpt>
     <trkpt lat="36.961164" lon="-122.062607"><ele>27.2</ele></trkpt>
     <trkpt lat="36.960913" lon="-122.062294"><ele>23.8</ele></trkpt>
     <trkpt lat="36.960866" lon="-122.062127"><ele>22.5</ele></trkpt>
     <trkpt lat="36.960862" lon="-122.061883"><ele>21.2</ele></trkpt>
     <trkpt lat="36.960795" lon="-122.061653"><ele>19.8</ele></trkpt>
     <trkpt lat="36.959844" lon="-122.059487"><ele>23.0</ele></trkpt>
     <trkpt lat="36.959795" lon="-122.059065"><ele>22.8</ele></trkpt>
     <trkpt lat="36.959800" lon="-122.057600"><ele>20.5</ele></trkpt>
     <trkpt lat="36.958439" lon="-122.057480"><ele>21.5</ele></trkpt>
     <trkpt lat="36.958710" lon="-122.054864"><ele>20.2</ele></trkpt>
     <trkpt lat="36.958980" lon="-122.052248"><ele>18.8</ele></trkpt>
     <trkpt lat="36.959251" lon="-122.049632"><ele>17.5</ele></trkpt>
     <trkpt lat="36.959303" lon="-122.049453"><ele>17.5</ele></trkpt>
     <trkpt lat="36.959666" lon="-122.046250"><ele>16.5</ele></trkpt>
     <trkpt lat="36.959643" lon="-122.046164"><ele>16.5</ele></trkpt>
     <trkpt lat="36.959669" lon="-122.045852"><ele>16.8</ele></trkpt>
     <trkpt lat="36.959877" lon="-122.044571"><ele>15.2</ele></trkpt>
     <trkpt lat="36.960240" lon="-122.043410"><ele>13.8</ele></trkpt>
     <trkpt lat="36.960664" lon="-122.042395"><ele>15.8</ele></trkpt>
     <trkpt lat="36.960595" lon="-122.042265"><ele>15.0</ele></trkpt>
     <trkpt lat="36.960874" lon="-122.041986"><ele>15.0</ele></trkpt>
     <trkpt lat="36.962306" lon="-122.039576"><ele>19.8</ele></trkpt>
     <trkpt lat="36.962895" lon="-122.038477"><ele>20.8</ele></trkpt>
     <trkpt lat="36.963102" lon="-122.038252"><ele>21.0</ele></trkpt>
     <trkpt lat="36.963147" lon="-122.038155"><ele>21.0</ele></trkpt>
     <trkpt lat="36.963091" lon="-122.038048"><ele>20.5</ele></trkpt>
     <trkpt lat="36.963541" lon="-122.037581"><ele>19.5</ele></trkpt>
     <trkpt lat="36.963528" lon="-122.037422"><ele>19.2</ele></trkpt>
     <trkpt lat="36.963689" lon="-122.037163"><ele>19.2</ele></trkpt>
     <trkpt lat="36.963768" lon="-122.036907"><ele>18.8</ele></trkpt>
     <trkpt lat="36.963842" lon="-122.036190"><ele>19.2</ele></trkpt>
     <trkpt lat="36.963417" lon="-122.035528"><ele>19.8</ele></trkpt>
     <trkpt lat="36.963552" lon="-122.035419"><ele>19.5</ele></trkpt>
     <trkpt lat="36.965370" lon="-122.035237"><ele>20.2</ele></trkpt>
     <trkpt lat="36.967188" lon="-122.035054"><ele>20.8</ele></trkpt>
     <trkpt lat="36.969006" lon="-122.034872"><ele>21.5</ele></trkpt>
     <trkpt lat="36.970631" lon="-122.034504"><ele>23.0</ele></trkpt>
     <trkpt lat="36.972090" lon="-122.034092"><ele>24.2</ele></trkpt>
     <trkpt lat="36.971806" lon="-122.032723"><ele>18.8</ele></trkpt>
     <trkpt lat="36.971881" lon="-122.032552"><ele>18.0</ele></trkpt>
     <trkpt lat="36.972253" lon="-122.032172"><ele>15.5</ele></trkpt>
     <trkpt lat="36.972342" lon="-122.032015"><ele>14.2</ele></trkpt>
     <trkpt lat="36.972626" lon="-122.030646"><ele>9.5</ele></trkpt>
     <trkpt lat="36.974050" lon="-122.030963"><ele>10.2</ele></trkpt>
     <trkpt lat="36.974449" lon="-122.030927"><ele>11.0</ele></trkpt>
     <trkpt lat="36.974814" lon="-122.029064"><ele>9.5</ele></trkpt>
     <trkpt lat="36.975143" lon="-122.029105"><ele>10.8</ele></trkpt>
     <trkpt lat="36.975419" lon="-122.029031"><ele>10.2</ele></trkpt>
     <trkpt lat="36.975583" lon="-122.028936"><ele>9.8</ele></trkpt>
     <trkpt lat="36.976791" lon="-122.027790"><ele>11.5</ele></trkpt>
     <trkpt lat="36.976884" lon="-122.027655"><ele>11.8</ele></trkpt>
     <trkpt lat="36.976899" lon="-122.027098"><ele>9.8</ele></trkpt>
     <trkpt lat="36.977043" lon="-122.026527"><ele>7.8</ele></trkpt>
     <trkpt lat="36.977936" lon="-122.025067"><ele>9.0</ele></trkpt>
     <trkpt lat="36.978830" lon="-122.023606"><ele>10.2</ele></trkpt>
     <trkpt lat="36.978933" lon="-122.023378"><ele>12.2</ele></trkpt>
     <trkpt lat="36.979480" lon="-122.021331"><ele>8.5</ele></trkpt>
     <trkpt lat="36.979860" lon="-122.020373"><ele>7.0</ele></trkpt>
     <trkpt lat="36.980198" lon="-122.019275"><ele>7.8</ele></trkpt>
     <trkpt lat="36.980301" lon="-122.019024"><ele>7.8</ele></trkpt>
     <trkpt lat="36.980396" lon="-122.018941"><ele>7.8</ele></trkpt>
     <trkpt lat="36.980684" lon="-122.018124"><ele>7.5</ele></trkpt>
     <trkpt lat="36.980857" lon="-122.017242"><ele>8.8</ele></trkpt>
     <trkpt lat="36.980847" lon="-122.017099"><ele>9.2</ele></trkpt>
     <trkpt lat="36.980997" lon="-122.016115"><ele>15.8</ele></trkpt>
     <trkpt lat="36.981340" lon="-122.014566"><ele>25.2</ele></trkpt>
     <trkpt lat="36.981364" lon="-122.014193"><ele>26.0</ele></trkpt>
     <trkpt lat="36.981431" lon="-122.013963"><ele>25.5</ele></trkpt>
     <trkpt lat="36.981407" lon="-122.011120"><ele>24.5</ele></trkpt>
     <trkpt lat="36.981382" lon="-122.008276"><ele>23.5</ele></trkpt>
     <trkpt lat="36.981028" lon="-122.008149"><ele>23.2</ele></trkpt>
     <trkpt lat="36.980977" lon="-122.007959"><ele>23.5</ele></trkpt>
     <trkpt lat="36.981347" lon="-122.006569"><ele>24.8</ele></trkpt>
     <trkpt lat="36.981451" lon="-122.005689"><ele>24.2</ele></trkpt>
     <trkpt lat="36.981508" lon="-122.004255"><ele>24.0</ele></trkpt>
     <trkpt lat="36.981439" lon="-122.001583"><ele>22.5</ele></trkpt>
     <trkpt lat="36.981675" lon="-121.998767"><ele>22.5</ele></trkpt>
     <trkpt lat="36.981779" lon="-121.998003"><ele>20.8</ele></trkpt>
     <trkpt lat="36.981894" lon="-121.997557"><ele>19.2</ele></trkpt>
     <trkpt lat="36.981931" lon="-121.997044"><ele>16.2</ele></trkpt>
     <trkpt lat="36.981817" lon="-121.996675"><ele>14.0</ele></trkpt>
     <trkpt lat="36.981733" lon="-121.996537"><ele>14.2</ele></trkpt>
     <trkpt lat="36.981410" lon="-121.996257"><ele>14.5</ele></trkpt>
     <trkpt lat="36.980723" lon="-121.995955"><ele>11.8</ele></trkpt>
     <trkpt lat="36.980475" lon="-121.995789"><ele>10.2</ele></trkpt>
     <trkpt lat="36.980098" lon="-121.995404"><ele>10.5</ele></trkpt>
     <trkpt lat="36.979781" lon="-121.994928"><ele>12.8</ele></trkpt>
     <trkpt lat="36.979684" lon="-121.994701"><ele>14.0</ele></trkpt>
     <trkpt lat="36.979694" lon="-121.994596"><ele>14.5</ele></trkpt>
     <trkpt lat="36.979556" lon="-121.994092"><ele>16.5</ele></trkpt>
     <trkpt lat="36.979445" lon="-121.993273"><ele>18.0</ele></trkpt>
     <trkpt lat="36.979427" lon="-121.992955"><ele>19.8</ele></trkpt>
     <trkpt lat="36.979469" lon="-121.992881"><ele>20.5</ele></trkpt>
     <trkpt lat="36.979441" lon="-121.992526"><ele>22.2</ele></trkpt>
     <trkpt lat="36.979358" lon="-121.992106"><ele>23.0</ele></trkpt>
     <trkpt lat="36.979262" lon="-121.991823"><ele>23.5</ele></trkpt>
     <trkpt lat="36.978860" lon="-121.991035"><ele>24.5</ele></trkpt>
     <trkpt lat="36.978862" lon="-121.990942"><ele>24.8</ele></trkpt>
     <trkpt lat="36.978279" lon="-121.989815"><ele>25.5</ele></trkpt>
     <trkpt lat="36.978205" lon="-121.989779"><ele>25.2</ele></trkpt>
     <trkpt lat="36.977699" lon="-121.988792"><ele>23.8</ele></trkpt>
     <trkpt lat="36.977652" lon="-121.988618"><ele>23.5</ele></trkpt>
     <trkpt lat="36.977134" lon="-121.987548"><ele>22.8</ele></trkpt>
     <trkpt lat="36.976840" lon="-121.986406"><ele>25.2</ele></trkpt>
     <trkpt lat="36.976338" lon="-121.984759"><ele>23.8</ele></trkpt>
     <trkpt lat="36.976206" lon="-121.984440"><ele>24.2</ele></trkpt>
     <trkpt lat="36.976122" lon="-121.984032"><ele>24.8</ele></trkpt>
     <trkpt lat="36.976051" lon="-121.983975"><ele>25.0</ele></trkpt>
     <trkpt lat="36.975767" lon="-121.982948"><ele>26.2</ele></trkpt>
     <trkpt lat="36.975699" lon="-121.982153"><ele>26.8</ele></trkpt>
     <trkpt lat="36.975734" lon="-121.982056"><ele>26.8</ele></trkpt>
     <trkpt lat="36.975692" lon="-121.981553"><ele>26.8</ele></trkpt>
     <trkpt lat="36.975631" lon="-121.981492"><ele>26.8</ele></trkpt>
     <trkpt lat="36.975516" lon="-121.979959"><ele>26.0</ele></trkpt>
     <trkpt lat="36.975551" lon="-121.979864"><ele>26.2</ele></trkpt>
     <trkpt lat="36.975494" lon="-121.979165"><ele>26.2</ele></trkpt>
     <trkpt lat="36.975454" lon="-121.979100"><ele>26.2</ele></trkpt>
     <trkpt lat="36.975427" lon="-121.978296"><ele>26.8</ele></trkpt>
     <trkpt lat="36.975392" lon="-121.978139"><ele>26.5</ele></trkpt>
     <trkpt lat="36.975416" lon="-121.977945"><ele>26.0</ele></trkpt>
     <trkpt lat="36.975306" lon="-121.976830"><ele>23.5</ele></trkpt>
     <trkpt lat="36.975144" lon="-121.976291"><ele>23.2</ele></trkpt>
     <trkpt lat="36.974752" lon="-121.975618"><ele>21.8</ele></trkpt>
     <trkpt lat="36.973982" lon="-121.974658"><ele>20.0</ele></trkpt>
     <trkpt lat="36.973814" lon="-121.974284"><ele>20.5</ele></trkpt>
     <trkpt lat="36.973740" lon="-121.973988"><ele>21.2</ele></trkpt>
     <trkpt lat="36.973677" lon="-121.973614"><ele>22.0</ele></trkpt>
     <trkpt lat="36.973650" lon="-121.973133"><ele>23.2</ele></trkpt>
     <trkpt lat="36.973657" lon="-121.970498"><ele>23.9</ele></trkpt>
     <trkpt lat="36.973664" lon="-121.967862"><ele>24.5</ele></trkpt>
     <trkpt lat="36.973671" lon="-121.965227"><ele>25.1</ele></trkpt>
     <trkpt lat="36.973678" lon="-121.962592"><ele>25.8</ele></trkpt>
     <trkpt lat="36.973679" lon="-121.962488"><ele>25.8</ele></trkpt>
     <trkpt lat="36.973728" lon="-121.962385"><ele>25.8</ele></trkpt>
     <trkpt lat="36.973693" lon="-121.959907"><ele>25.2</ele></trkpt>
     <trkpt lat="36.973739" lon="-121.959670"><ele>25.5</ele></trkpt>
     <trkpt lat="36.973741" lon="-121.957523"><ele>24.0</ele></trkpt>
     <trkpt lat="36.973742" lon="-121.955375"><ele>22.5</ele></trkpt>
     <trkpt lat="36.973624" lon="-121.955076"><ele>21.5</ele></trkpt>
     <trkpt lat="36.973010" lon="-121.954112"><ele>9.5</ele></trkpt>
     <trkpt lat="36.972878" lon="-121.953962"><ele>8.8</ele></trkpt>
     <trkpt lat="36.972580" lon="-121.953740"><ele>7.8</ele></trkpt>
     <trkpt lat="36.972159" lon="-121.953569"><ele>6.2</ele></trkpt>
     <trkpt lat="36.972544" lon="-121.952816"><ele>2.0</ele></trkpt>
     <trkpt lat="36.973097" lon="-121.951998"><ele>3.2</ele></trkpt>
     <trkpt lat="36.973129" lon="-121.952121"><ele>3.2</ele></trkpt>
     <trkpt lat="36.973353" lon="-121.952445"><ele>3.2</ele></trkpt>
     <trkpt lat="36.973798" lon="-121.953065"><ele>4.8</ele></trkpt>
     <trkpt lat="36.974130" lon="-121.953441"><ele>4.5</ele></trkpt>
     <trkpt lat="36.974863" lon="-121.953725"><ele>5.5</ele></trkpt>
     <trkpt lat="36.975202" lon="-121.953751"><ele>7.2</ele></trkpt>
     <trkpt lat="36.975496" lon="-121.953715"><ele>9.2</ele></trkpt>
     <trkpt lat="36.975202" lon="-121.953751"><ele>7.2</ele></trkpt>
     <trkpt lat="36.974863" lon="-121.953725"><ele>5.5</ele></trkpt>
     <trkpt lat="36.974239" lon="-121.953496"><ele>4.8</ele></trkpt>
     <trkpt lat="36.974088" lon="-121.953410"><ele>4.5</ele></trkpt>
     <trkpt lat="36.973798" lon="-121.953065"><ele>4.8</ele></trkpt>
     <trkpt lat="36.974355" lon="-121.952639"><ele>11.2</ele></trkpt>
     <trkpt lat="36.974422" lon="-121.952348"><ele>12.0</ele></trkpt>
     <trkpt lat="36.974779" lon="-121.951714"><ele>12.5</ele></trkpt>
     <trkpt lat="36.974954" lon="-121.951058"><ele>16.5</ele></trkpt>
     <trkpt lat="36.974903" lon="-121.950380"><ele>19.5</ele></trkpt>
     <trkpt lat="36.975630" lon="-121.950247"><ele>19.0</ele></trkpt>
     <trkpt lat="36.976161" lon="-121.947949"><ele>25.2</ele></trkpt>
     <trkpt lat="36.976692" lon="-121.945650"><ele>31.3</ele></trkpt>
     <trkpt lat="36.977223" lon="-121.943352"><ele>37.5</ele></trkpt>
     <trkpt lat="36.977620" lon="-121.941900"><ele>31.8</ele></trkpt>
     <trkpt lat="36.977851" lon="-121.941342"><ele>30.2</ele></trkpt>
     <trkpt lat="36.978508" lon="-121.940155"><ele>30.8</ele></trkpt>
     <trkpt lat="36.979148" lon="-121.939401"><ele>32.8</ele></trkpt>
     <trkpt lat="36.979741" lon="-121.938834"><ele>38.5</ele></trkpt>
     <trkpt lat="36.980263" lon="-121.938492"><ele>45.8</ele></trkpt>
     <trkpt lat="36.982293" lon="-121.937824"><ele>40.8</ele></trkpt>
     <trkpt lat="36.982304" lon="-121.937581"><ele>37.5</ele></trkpt>
     <trkpt lat="36.982368" lon="-121.937457"><ele>36.0</ele></trkpt>
     <trkpt lat="36.982884" lon="-121.937245"><ele>34.5</ele></trkpt>
     <trkpt lat="36.983112" lon="-121.937071"><ele>32.8</ele></trkpt>
     <trkpt lat="36.983292" lon="-121.936843"><ele>30.0</ele></trkpt>
     <trkpt lat="36.983497" lon="-121.936342"><ele>30.5</ele></trkpt>
     <trkpt lat="36.983601" lon="-121.935627"><ele>34.0</ele></trkpt>
     <trkpt lat="36.983677" lon="-121.933180"><ele>42.0</ele></trkpt>
     <trkpt lat="36.983654" lon="-121.932296"><ele>46.0</ele></trkpt>
     <trkpt lat="36.983556" lon="-121.931441"><ele>48.2</ele></trkpt>
     <trkpt lat="36.983260" lon="-121.929679"><ele>43.8</ele></trkpt>
     <trkpt lat="36.982853" lon="-121.926632"><ele>43.6</ele></trkpt>
     <trkpt lat="36.982446" lon="-121.923585"><ele>43.5</ele></trkpt>
     <trkpt lat="36.982386" lon="-121.922834"><ele>44.2</ele></trkpt>
     <trkpt lat="36.982033" lon="-121.920342"><ele>43.0</ele></trkpt>
     <trkpt lat="36.981856" lon="-121.919466"><ele>43.5</ele></trkpt>
     <trkpt lat="36.981635" lon="-121.918610"><ele>45.2</ele></trkpt>
     <trkpt lat="36.981147" lon="-121.917196"><ele>47.5</ele></trkpt>
     <trkpt lat="36.980708" lon="-121.916228"><ele>46.5</ele></trkpt>
     <trkpt lat="36.979427" lon="-121.913768"><ele>49.0</ele></trkpt>
     <trkpt lat="36.978626" lon="-121.912485"><ele>45.5</ele></trkpt>
     <trkpt lat="36.978420" lon="-121.912250"><ele>45.5</ele></trkpt>
     <trkpt lat="36.978194" lon="-121.912112"><ele>45.2</ele></trkpt>
     <trkpt lat="36.977912" lon="-121.912057"><ele>44.8</ele></trkpt>
     <trkpt lat="36.975735" lon="-121.912052"><ele>37.2</ele></trkpt>
     <trkpt lat="36.975667" lon="-121.911809"><ele>36.5</ele></trkpt>
     <trkpt lat="36.975647" lon="-121.911702"><ele>36.2</ele></trkpt>
     <trkpt lat="36.976605" lon="-121.911484"><ele>40.8</ele></trkpt>
     <trkpt lat="36.976928" lon="-121.911315"><ele>42.0</ele></trkpt>
     <trkpt lat="36.978210" lon="-121.910164"><ele>45.5</ele></trkpt>
     <trkpt lat="36.979491" lon="-121.909012"><ele>49.0</ele></trkpt>
     <trkpt lat="36.979714" lon="-121.908774"><ele>49.2</ele></trkpt>
     <trkpt lat="36.979732" lon="-121.908524"><ele>49.0</ele></trkpt>
     <trkpt lat="36.979659" lon="-121.908283"><ele>48.5</ele></trkpt>
     <trkpt lat="36.978688" lon="-121.907428"><ele>44.0</ele></trkpt>
     <trkpt lat="36.976986" lon="-121.905665"><ele>35.8</ele></trkpt>
     <trkpt lat="36.976612" lon="-121.905050"><ele>34.0</ele></trkpt>
     <trkpt lat="36.976351" lon="-121.904353"><ele>27.8</ele></trkpt>
     <trkpt lat="36.976298" lon="-121.903857"><ele>25.8</ele></trkpt>
     <trkpt lat="36.976360" lon="-121.903483"><ele>24.5</ele></trkpt>
     <trkpt lat="36.976499" lon="-121.903167"><ele>24.0</ele></trkpt>
     <trkpt lat="36.977031" lon="-121.902469"><ele>28.5</ele></trkpt>
     <trkpt lat="36.977128" lon="-121.902267"><ele>28.5</ele></trkpt>
     <trkpt lat="36.977205" lon="-121.901775"><ele>27.0</ele></trkpt>
     <trkpt lat="36.977209" lon="-121.901153"><ele>29.2</ele></trkpt>
     <trkpt lat="36.977105" lon="-121.900687"><ele>30.0</ele></trkpt>
     <trkpt lat="36.976948" lon="-121.900359"><ele>29.5</ele></trkpt>
     <trkpt lat="36.976230" lon="-121.899419"><ele>28.5</ele></trkpt>
     <trkpt lat="36.976073" lon="-121.899156"><ele>30.0</ele></trkpt>
     <trkpt lat="36.975668" lon="-121.897925"><ele>31.2</ele></trkpt>
     <trkpt lat="36.975620" lon="-121.897418"><ele>31.5</ele></trkpt>
     <trkpt lat="36.975642" lon="-121.896314"><ele>36.8</ele></trkpt>
     <trkpt lat="36.975694" lon="-121.895940"><ele>41.0</ele></trkpt>
     <trkpt lat="36.975849" lon="-121.895439"><ele>41.0</ele></trkpt>
     <trkpt lat="36.975878" lon="-121.895103"><ele>41.0</ele></trkpt>
     <trkpt lat="36.975839" lon="-121.894883"><ele>40.8</ele></trkpt>
     <trkpt lat="36.975546" lon="-121.894123"><ele>34.8</ele></trkpt>
     <trkpt lat="36.975491" lon="-121.893754"><ele>34.2</ele></trkpt>
     <trkpt lat="36.975586" lon="-121.892010"><ele>37.0</ele></trkpt>
     <trkpt lat="36.975681" lon="-121.890267"><ele>39.8</ele></trkpt>
     <trkpt lat="36.975668" lon="-121.888984"><ele>41.2</ele></trkpt>
     <trkpt lat="36.975563" lon="-121.886938"><ele>45.5</ele></trkpt>
     <trkpt lat="36.975589" lon="-121.886598"><ele>44.2</ele></trkpt>
     <trkpt lat="36.975690" lon="-121.886255"><ele>44.0</ele></trkpt>
     <trkpt lat="36.975846" lon="-121.885988"><ele>43.2</ele></trkpt>
     <trkpt lat="36.976000" lon="-121.885837"><ele>42.5</ele></trkpt>
     <trkpt lat="36.976434" lon="-121.885579"><ele>42.0</ele></trkpt>
     <trkpt lat="36.976506" lon="-121.885411"><ele>42.5</ele></trkpt>
     <trkpt lat="36.976508" lon="-121.885306"><ele>42.8</ele></trkpt>
     <trkpt lat="36.976392" lon="-121.884991"><ele>43.2</ele></trkpt>
     <trkpt lat="36.976001" lon="-121.884490"><ele>44.2</ele></trkpt>
     <trkpt lat="36.975608" lon="-121.884838"><ele>42.2</ele></trkpt>
     <trkpt lat="36.975349" lon="-121.884863"><ele>42.0</ele></trkpt>
     <trkpt lat="36.975061" lon="-121.884648"><ele>42.0</ele></trkpt>
     <trkpt lat="36.974833" lon="-121.884357"><ele>41.8</ele></trkpt>
     <trkpt lat="36.974690" lon="-121.884096"><ele>42.0</ele></trkpt>
     <trkpt lat="36.974100" lon="-121.882706"><ele>48.0</ele></trkpt>
     <trkpt lat="36.973515" lon="-121.881003"><ele>42.5</ele></trkpt>
     <trkpt lat="36.973201" lon="-121.879830"><ele>41.8</ele></trkpt>
     <trkpt lat="36.972488" lon="-121.877881"><ele>41.9</ele></trkpt>
     <trkpt lat="36.971776" lon="-121.875931"><ele>42.0</ele></trkpt>
     <trkpt lat="36.971338" lon="-121.874455"><ele>50.5</ele></trkpt>
     <trkpt lat="36.971372" lon="-121.872939"><ele>52.2</ele></trkpt>
     <trkpt lat="36.971433" lon="-121.872640"><ele>51.2</ele></trkpt>
     <trkpt lat="36.971534" lon="-121.872405"><ele>50.5</ele></trkpt>
     <trkpt lat="36.971736" lon="-121.872138"><ele>49.8</ele></trkpt>
     <trkpt lat="36.972108" lon="-121.871862"><ele>51.2</ele></trkpt>
     <trkpt lat="36.972133" lon="-121.871635"><ele>48.8</ele></trkpt>
     <trkpt lat="36.972082" lon="-121.871498"><ele>48.2</ele></trkpt>
     <trkpt lat="36.971711" lon="-121.871721"><ele>45.8</ele></trkpt>
     <trkpt lat="36.971141" lon="-121.872168"><ele>47.5</ele></trkpt>
     <trkpt lat="36.970871" lon="-121.872464"><ele>47.0</ele></trkpt>
     <trkpt lat="36.970384" lon="-121.873138"><ele>51.0</ele></trkpt>
     <trkpt lat="36.969650" lon="-121.874573"><ele>58.8</ele></trkpt>
     <trkpt lat="36.969537" lon="-121.874386"><ele>60.2</ele></trkpt>
     <trkpt lat="36.969468" lon="-121.874079"><ele>61.8</ele></trkpt>
     <trkpt lat="36.969507" lon="-121.873401"><ele>62.5</ele></trkpt>
     <trkpt lat="36.969419" lon="-121.872814"><ele>64.0</ele></trkpt>
     <trkpt lat="36.969297" lon="-121.872515"><ele>66.2</ele></trkpt>
     <trkpt lat="36.968852" lon="-121.871755"><ele>66.5</ele></trkpt>
     <trkpt lat="36.967926" lon="-121.870596"><ele>72.8</ele></trkpt>
     <trkpt lat="36.966536" lon="-121.869154"><ele>84.0</ele></trkpt>
     <trkpt lat="36.966109" lon="-121.868775"><ele>93.0</ele></trkpt>
     <trkpt lat="36.965736" lon="-121.868558"><ele>94.2</ele></trkpt>
     <trkpt lat="36.965351" lon="-121.868466"><ele>96.2</ele></trkpt>
     <trkpt lat="36.964916" lon="-121.868516"><ele>99.5</ele></trkpt>
     <trkpt lat="36.964528" lon="-121.868743"><ele>98.8</ele></trkpt>
     <trkpt lat="36.964053" lon="-121.868953"><ele>92.5</ele></trkpt>
     <trkpt lat="36.963388" lon="-121.869041"><ele>80.0</ele></trkpt>
     <trkpt lat="36.962933" lon="-121.868935"><ele>77.8</ele></trkpt>
     <trkpt lat="36.961369" lon="-121.868149"><ele>71.8</ele></trkpt>
     <trkpt lat="36.960933" lon="-121.867821"><ele>71.2</ele></trkpt>
     <trkpt lat="36.959377" lon="-121.866444"><ele>63.5</ele></trkpt>
     <trkpt lat="36.957821" lon="-121.865066"><ele>55.8</ele></trkpt>
     <trkpt lat="36.957647" lon="-121.864890"><ele>53.8</ele></trkpt>
     <trkpt lat="36.957436" lon="-121.864503"><ele>51.5</ele></trkpt>
     <trkpt lat="36.957311" lon="-121.864073"><ele>50.2</ele></trkpt>
     <trkpt lat="36.956627" lon="-121.864295"><ele>54.8</ele></trkpt>
     <trkpt lat="36.956184" lon="-121.864327"><ele>55.2</ele></trkpt>
     <trkpt lat="36.954549" lon="-121.864272"><ele>51.5</ele></trkpt>
     <trkpt lat="36.952915" lon="-121.864216"><ele>47.8</ele></trkpt>
     <trkpt lat="36.951418" lon="-121.864115"><ele>47.2</ele></trkpt>
     <trkpt lat="36.950595" lon="-121.863930"><ele>48.0</ele></trkpt>
     <trkpt lat="36.949018" lon="-121.863412"><ele>40.2</ele></trkpt>
     <trkpt lat="36.946597" lon="-121.862897"><ele>50.0</ele></trkpt>
     <trkpt lat="36.946359" lon="-121.862736"><ele>52.5</ele></trkpt>
     <trkpt lat="36.946124" lon="-121.862493"><ele>54.5</ele></trkpt>
     <trkpt lat="36.945232" lon="-121.861120"><ele>38.2</ele></trkpt>
     <trkpt lat="36.944937" lon="-121.860837"><ele>33.8</ele></trkpt>
     <trkpt lat="36.944683" lon="-121.860759"><ele>33.8</ele></trkpt>
     <trkpt lat="36.944275" lon="-121.860798"><ele>31.8</ele></trkpt>
     <trkpt lat="36.943860" lon="-121.860740"><ele>31.8</ele></trkpt>
     <trkpt lat="36.943518" lon="-121.860585"><ele>32.5</ele></trkpt>
     <trkpt lat="36.943181" lon="-121.860322"><ele>33.0</ele></trkpt>
     <trkpt lat="36.942874" lon="-121.860222"><ele>34.8</ele></trkpt>
     <trkpt lat="36.941437" lon="-121.860266"><ele>39.8</ele></trkpt>
     <trkpt lat="36.941167" lon="-121.860173"><ele>41.0</ele></trkpt>
     <trkpt lat="36.940882" lon="-121.859936"><ele>43.0</ele></trkpt>
     <trkpt lat="36.940733" lon="-121.859718"><ele>43.2</ele></trkpt>
     <trkpt lat="36.940620" lon="-121.859384"><ele>43.2</ele></trkpt>
     <trkpt lat="36.940506" lon="-121.858647"><ele>41.8</ele></trkpt>
     <trkpt lat="36.940395" lon="-121.858431"><ele>40.5</ele></trkpt>
     <trkpt lat="36.940100" lon="-121.858165"><ele>38.8</ele></trkpt>
     <trkpt lat="36.939557" lon="-121.857842"><ele>39.0</ele></trkpt>
     <trkpt lat="36.939317" lon="-121.857815"><ele>39.0</ele></trkpt>
     <trkpt lat="36.939162" lon="-121.857856"><ele>39.2</ele></trkpt>
     <trkpt lat="36.937667" lon="-121.858691"><ele>33.2</ele></trkpt>
     <trkpt lat="36.937468" lon="-121.858870"><ele>31.8</ele></trkpt>
     <trkpt lat="36.937120" lon="-121.859333"><ele>29.5</ele></trkpt>
     <trkpt lat="36.936902" lon="-121.859513"><ele>29.0</ele></trkpt>
     <trkpt lat="36.936700" lon="-121.859608"><ele>29.0</ele></trkpt>
     <trkpt lat="36.936463" lon="-121.859649"><ele>29.5</ele></trkpt>
     <trkpt lat="36.934837" lon="-121.859695"><ele>35.5</ele></trkpt>
     <trkpt lat="36.932945" lon="-121.860097"><ele>27.5</ele></trkpt>
     <trkpt lat="36.932089" lon="-121.860605"><ele>20.8</ele></trkpt>
     <trkpt lat="36.931880" lon="-121.860617"><ele>20.5</ele></trkpt>
     <trkpt lat="36.931596" lon="-121.860490"><ele>22.2</ele></trkpt>
     <trkpt lat="36.931349" lon="-121.860156"><ele>26.5</ele></trkpt>
     <trkpt lat="36.930252" lon="-121.857447"><ele>28.2</ele></trkpt>
     <trkpt lat="36.929154" lon="-121.854739"><ele>30.0</ele></trkpt>
     <trkpt lat="36.928057" lon="-121.852030"><ele>31.8</ele></trkpt>
     <trkpt lat="36.927428" lon="-121.850422"><ele>34.1</ele></trkpt>
     <trkpt lat="36.926798" lon="-121.848814"><ele>36.5</ele></trkpt>
     <trkpt lat="36.926538" lon="-121.848274"><ele>38.0</ele></trkpt>
     <trkpt lat="36.925035" lon="-121.845696"><ele>42.8</ele></trkpt>
     <trkpt lat="36.923532" lon="-121.843117"><ele>47.5</ele></trkpt>
     <trkpt lat="36.923362" lon="-121.842691"><ele>46.8</ele></trkpt>
     <trkpt lat="36.922760" lon="-121.840710"><ele>55.0</ele></trkpt>
     <trkpt lat="36.922158" lon="-121.838729"><ele>63.2</ele></trkpt>
     <trkpt lat="36.922036" lon="-121.838395"><ele>62.5</ele></trkpt>
     <trkpt lat="36.921787" lon="-121.837893"><ele>57.0</ele></trkpt>
     <trkpt lat="36.921581" lon="-121.837576"><ele>53.2</ele></trkpt>
     <trkpt lat="36.921426" lon="-121.837390"><ele>53.8</ele></trkpt>
     <trkpt lat="36.920321" lon="-121.836446"><ele>56.5</ele></trkpt>
     <trkpt lat="36.919761" lon="-121.836232"><ele>56.0</ele></trkpt>
     <trkpt lat="36.919409" lon="-121.835999"><ele>55.8</ele></trkpt>
     <trkpt lat="36.917970" lon="-121.834028"><ele>70.8</ele></trkpt>
     <trkpt lat="36.917096" lon="-121.832712"><ele>78.0</ele></trkpt>
     <trkpt lat="36.916142" lon="-121.831699"><ele>75.2</ele></trkpt>
     <trkpt lat="36.913765" lon="-121.830693"><ele>71.9</ele></trkpt>
     <trkpt lat="36.911389" lon="-121.829688"><ele>68.5</ele></trkpt>
     <trkpt lat="36.909056" lon="-121.828644"><ele>63.5</ele></trkpt>
     <trkpt lat="36.907122" lon="-121.827868"><ele>59.2</ele></trkpt>
     <trkpt lat="36.906152" lon="-121.827371"><ele>55.8</ele></trkpt>
     <trkpt lat="36.905410" lon="-121.826922"><ele>53.5</ele></trkpt>
     <trkpt lat="36.904748" lon="-121.826465"><ele>50.2</ele></trkpt>
     <trkpt lat="36.903787" lon="-121.825716"><ele>46.0</ele></trkpt>
     <trkpt lat="36.902030" lon="-121.824099"><ele>49.8</ele></trkpt>
     <trkpt lat="36.900132" lon="-121.822271"><ele>43.5</ele></trkpt>
     <trkpt lat="36.898234" lon="-121.820442"><ele>37.2</ele></trkpt>
     <trkpt lat="36.897775" lon="-121.819816"><ele>33.2</ele></trkpt>
     <trkpt lat="36.896588" lon="-121.817361"><ele>31.6</ele></trkpt>
     <trkpt lat="36.895400" lon="-121.814906"><ele>30.0</ele></trkpt>
     <trkpt lat="36.894789" lon="-121.813731"><ele>28.0</ele></trkpt>
     <trkpt lat="36.893903" lon="-121.812632"><ele>25.8</ele></trkpt>
     <trkpt lat="36.892705" lon="-121.811293"><ele>22.4</ele></trkpt>
     <trkpt lat="36.891507" lon="-121.809954"><ele>19.0</ele></trkpt>
     <trkpt lat="36.889827" lon="-121.808318"><ele>17.2</ele></trkpt>
     <trkpt lat="36.888147" lon="-121.806681"><ele>15.5</ele></trkpt>
     <trkpt lat="36.887972" lon="-121.806237"><ele>12.8</ele></trkpt>
     <trkpt lat="36.887629" lon="-121.803946"><ele>-1.2</ele></trkpt>
     <trkpt lat="36.887409" lon="-121.803113"><ele>1.0</ele></trkpt>
     <trkpt lat="36.886970" lon="-121.802298"><ele>-0.5</ele></trkpt>
     <trkpt lat="36.886386" lon="-121.801560"><ele>-0.2</ele></trkpt>
     <trkpt lat="36.884976" lon="-121.800235"><ele>-0.5</ele></trkpt>
     <trkpt lat="36.883566" lon="-121.798910"><ele>-0.8</ele></trkpt>
     <trkpt lat="36.883318" lon="-121.798539"><ele>-1.0</ele></trkpt>
     <trkpt lat="36.883100" lon="-121.797667"><ele>-0.5</ele></trkpt>
     <trkpt lat="36.882992" lon="-121.797518"><ele>-0.8</ele></trkpt>
     <trkpt lat="36.884423" lon="-121.795586"><ele>-2.8</ele></trkpt>
     <trkpt lat="36.882302" lon="-121.794444"><ele>-1.7</ele></trkpt>
     <trkpt lat="36.880181" lon="-121.793302"><ele>-0.6</ele></trkpt>
     <trkpt lat="36.878060" lon="-121.792160"><ele>0.5</ele></trkpt>
     <trkpt lat="36.877418" lon="-121.791716"><ele>1.0</ele></trkpt>
     <trkpt lat="36.876672" lon="-121.791007"><ele>1.0</ele></trkpt>
     <trkpt lat="36.874827" lon="-121.789143"><ele>1.5</ele></trkpt>
     <trkpt lat="36.872982" lon="-121.787279"><ele>2.0</ele></trkpt>
     <trkpt lat="36.871137" lon="-121.785415"><ele>2.5</ele></trkpt>
     <trkpt lat="36.869781" lon="-121.787242"><ele>2.4</ele></trkpt>
     <trkpt lat="36.868425" lon="-121.789070"><ele>2.2</ele></trkpt>
     <trkpt lat="36.867927" lon="-121.790780"><ele>2.1</ele></trkpt>
     <trkpt lat="36.867429" lon="-121.792490"><ele>2.0</ele></trkpt>
     <trkpt lat="36.867388" lon="-121.792884"><ele>3.0</ele></trkpt>
     <trkpt lat="36.867437" lon="-121.793392"><ele>2.2</ele></trkpt>
     <trkpt lat="36.867420" lon="-121.794034"><ele>3.8</ele></trkpt>
     <trkpt lat="36.867271" lon="-121.794785"><ele>5.8</ele></trkpt>
     <trkpt lat="36.867061" lon="-121.795246"><ele>5.8</ele></trkpt>
     <trkpt lat="36.866547" lon="-121.796027"><ele>4.2</ele></trkpt>
     <trkpt lat="36.866357" lon="-121.796236"><ele>4.8</ele></trkpt>
     <trkpt lat="36.865190" lon="-121.797203"><ele>2.5</ele></trkpt>
     <trkpt lat="36.864024" lon="-121.798170"><ele>0.2</ele></trkpt>
     <trkpt lat="36.862945" lon="-121.798884"><ele>0.2</ele></trkpt>
     <trkpt lat="36.862694" lon="-121.798832"><ele>0.8</ele></trkpt>
     <trkpt lat="36.862587" lon="-121.798705"><ele>1.2</ele></trkpt>
     <trkpt lat="36.862325" lon="-121.797940"><ele>3.2</ele></trkpt>
     <trkpt lat="36.861672" lon="-121.796447"><ele>8.0</ele></trkpt>
     <trkpt lat="36.860979" lon="-121.795054"><ele>10.8</ele></trkpt>
     <trkpt lat="36.860794" lon="-121.794871"><ele>11.5</ele></trkpt>
     <trkpt lat="36.860381" lon="-121.794757"><ele>19.8</ele></trkpt>
     <trkpt lat="36.860025" lon="-121.794741"><ele>27.5</ele></trkpt>
     <trkpt lat="36.859412" lon="-121.794801"><ele>30.0</ele></trkpt>
     <trkpt lat="36.859136" lon="-121.794880"><ele>30.5</ele></trkpt>
     <trkpt lat="36.858541" lon="-121.795234"><ele>28.8</ele></trkpt>
     <trkpt lat="36.856316" lon="-121.796354"><ele>18.8</ele></trkpt>
     <trkpt lat="36.856130" lon="-121.795886"><ele>19.2</ele></trkpt>
     <trkpt lat="36.855124" lon="-121.792874"><ele>25.1</ele></trkpt>
     <trkpt lat="36.854118" lon="-121.789862"><ele>30.9</ele></trkpt>
     <trkpt lat="36.853112" lon="-121.786849"><ele>36.7</ele></trkpt>
     <trkpt lat="36.852106" lon="-121.783837"><ele>42.5</ele></trkpt>
     <trkpt lat="36.852910" lon="-121.781965"><ele>44.5</ele></trkpt>
     <trkpt lat="36.853714" lon="-121.780093"><ele>46.5</ele></trkpt>
     <trkpt lat="36.853761" lon="-121.779742"><ele>47.8</ele></trkpt>
     <trkpt lat="36.853779" lon="-121.776860"><ele>48.6</ele></trkpt>
     <trkpt lat="36.853798" lon="-121.773978"><ele>49.4</ele></trkpt>
     <trkpt lat="36.853816" lon="-121.771096"><ele>50.2</ele></trkpt>
     <trkpt lat="36.851178" lon="-121.771114"><ele>50.9</ele></trkpt>
     <trkpt lat="36.848541" lon="-121.771133"><ele>51.6</ele></trkpt>
     <trkpt lat="36.845903" lon="-121.771151"><ele>52.2</ele></trkpt>
     <trkpt lat="36.843630" lon="-121.771099"><ele>47.9</ele></trkpt>
     <trkpt lat="36.841356" lon="-121.771047"><ele>43.6</ele></trkpt>
     <trkpt lat="36.839083" lon="-121.770995"><ele>39.2</ele></trkpt>
     <trkpt lat="36.836640" lon="-121.770996"><ele>30.1</ele></trkpt>
     <trkpt lat="36.834198" lon="-121.770998"><ele>20.9</ele></trkpt>
     <trkpt lat="36.831755" lon="-121.770999"><ele>11.8</ele></trkpt>
     <trkpt lat="36.830974" lon="-121.771037"><ele>8.5</ele></trkpt>
     <trkpt lat="36.830238" lon="-121.771249"><ele>7.5</ele></trkpt>
     <trkpt lat="36.829432" lon="-121.771687"><ele>4.2</ele></trkpt>
     <trkpt lat="36.828762" lon="-121.772269"><ele>2.2</ele></trkpt>
     <trkpt lat="36.827215" lon="-121.774097"><ele>3.2</ele></trkpt>
     <trkpt lat="36.825669" lon="-121.775926"><ele>4.2</ele></trkpt>
     <trkpt lat="36.824749" lon="-121.777149"><ele>2.2</ele></trkpt>
     <trkpt lat="36.824332" lon="-121.777864"><ele>1.8</ele></trkpt>
     <trkpt lat="36.823798" lon="-121.778989"><ele>6.0</ele></trkpt>
     <trkpt lat="36.822839" lon="-121.781264"><ele>7.6</ele></trkpt>
     <trkpt lat="36.821879" lon="-121.783539"><ele>9.2</ele></trkpt>
     <trkpt lat="36.821692" lon="-121.783915"><ele>9.2</ele></trkpt>
     <trkpt lat="36.821369" lon="-121.784420"><ele>5.8</ele></trkpt>
     <trkpt lat="36.820919" lon="-121.784947"><ele>0.8</ele></trkpt>
     <trkpt lat="36.820350" lon="-121.785426"><ele>1.8</ele></trkpt>
     <trkpt lat="36.819723" lon="-121.785758"><ele>2.2</ele></trkpt>
     <trkpt lat="36.819103" lon="-121.785953"><ele>1.2</ele></trkpt>
     <trkpt lat="36.818480" lon="-121.786013"><ele>2.5</ele></trkpt>
     <trkpt lat="36.818009" lon="-121.785996"><ele>3.0</ele></trkpt>
     <trkpt lat="36.816024" lon="-121.785837"><ele>2.2</ele></trkpt>
     <trkpt lat="36.814040" lon="-121.785679"><ele>1.5</ele></trkpt>
     <trkpt lat="36.812055" lon="-121.785520"><ele>0.8</ele></trkpt>
     <trkpt lat="36.811242" lon="-121.785293"><ele>-0.8</ele></trkpt>
     <trkpt lat="36.808879" lon="-121.784290"><ele>0.0</ele></trkpt>
     <trkpt lat="36.808410" lon="-121.784136"><ele>0.0</ele></trkpt>
     <trkpt lat="36.807419" lon="-121.783918"><ele>4.5</ele></trkpt>
     <trkpt lat="36.806102" lon="-121.783743"><ele>16.0</ele></trkpt>
     <trkpt lat="36.805110" lon="-121.783747"><ele>11.5</ele></trkpt>
     <trkpt lat="36.803775" lon="-121.783846"><ele>7.0</ele></trkpt>
     <trkpt lat="36.803158" lon="-121.783840"><ele>6.0</ele></trkpt>
     <trkpt lat="36.800543" lon="-121.783362"><ele>6.8</ele></trkpt>
     <trkpt lat="36.799285" lon="-121.783181"><ele>5.8</ele></trkpt>
     <trkpt lat="36.798423" lon="-121.783215"><ele>3.5</ele></trkpt>
     <trkpt lat="36.796345" lon="-121.783390"><ele>2.9</ele></trkpt>
     <trkpt lat="36.794268" lon="-121.783564"><ele>2.3</ele></trkpt>
     <trkpt lat="36.792190" lon="-121.783739"><ele>1.8</ele></trkpt>
     <trkpt lat="36.791015" lon="-121.783610"><ele>4.5</ele></trkpt>
     <trkpt lat="36.790464" lon="-121.783435"><ele>5.2</ele></trkpt>
     <trkpt lat="36.788051" lon="-121.782424"><ele>4.0</ele></trkpt>
     <trkpt lat="36.785639" lon="-121.781412"><ele>2.8</ele></trkpt>
     <trkpt lat="36.783226" lon="-121.780401"><ele>1.5</ele></trkpt>
     <trkpt lat="36.782782" lon="-121.780156"><ele>2.2</ele></trkpt>
     <trkpt lat="36.782418" lon="-121.779895"><ele>3.0</ele></trkpt>
     <trkpt lat="36.781499" lon="-121.779015"><ele>2.8</ele></trkpt>
     <trkpt lat="36.780399" lon="-121.777791"><ele>1.5</ele></trkpt>
     <trkpt lat="36.778678" lon="-121.775740"><ele>1.9</ele></trkpt>
     <trkpt lat="36.776956" lon="-121.773690"><ele>2.2</ele></trkpt>
     <trkpt lat="36.776206" lon="-121.772736"><ele>3.2</ele></trkpt>
     <trkpt lat="36.774724" lon="-121.770578"><ele>2.3</ele></trkpt>
     <trkpt lat="36.773241" lon="-121.768419"><ele>1.4</ele></trkpt>
     <trkpt lat="36.771759" lon="-121.766261"><ele>0.5</ele></trkpt>
     <trkpt lat="36.771210" lon="-121.765697"><ele>0.2</ele></trkpt>
     <trkpt lat="36.770792" lon="-121.765428"><ele>0.5</ele></trkpt>
     <trkpt lat="36.770823" lon="-121.765071"><ele>0.8</ele></trkpt>
     <trkpt lat="36.770741" lon="-121.764837"><ele>1.0</ele></trkpt>
     <trkpt lat="36.770627" lon="-121.764661"><ele>1.0</ele></trkpt>
     <trkpt lat="36.769022" lon="-121.762489"><ele>2.0</ele></trkpt>
     <trkpt lat="36.767416" lon="-121.760317"><ele>2.9</ele></trkpt>
     <trkpt lat="36.765811" lon="-121.758144"><ele>3.9</ele></trkpt>
     <trkpt lat="36.764205" lon="-121.755972"><ele>4.8</ele></trkpt>
     <trkpt lat="36.762600" lon="-121.753800"><ele>5.8</ele></trkpt>
     <trkpt lat="36.764082" lon="-121.752122"><ele>3.0</ele></trkpt>
     <trkpt lat="36.763394" lon="-121.751196"><ele>6.5</ele></trkpt>
     <trkpt lat="36.761904" lon="-121.752869"><ele>6.0</ele></trkpt>
     <trkpt lat="36.760950" lon="-121.751577"><ele>8.2</ele></trkpt>
     <trkpt lat="36.760627" lon="-121.752318"><ele>6.2</ele></trkpt>
     <trkpt lat="36.759475" lon="-121.754614"><ele>0.2</ele></trkpt>
     <trkpt lat="36.759400" lon="-121.755006"><ele>0.2</ele></trkpt>
     <trkpt lat="36.758805" lon="-121.756115"><ele>1.0</ele></trkpt>
     <trkpt lat="36.758273" lon="-121.757010"><ele>-0.2</ele></trkpt>
     <trkpt lat="36.757312" lon="-121.758407"><ele>0.5</ele></trkpt>
     <trkpt lat="36.756352" lon="-121.759804"><ele>1.2</ele></trkpt>
     <trkpt lat="36.755301" lon="-121.761253"><ele>0.8</ele></trkpt>
     <trkpt lat="36.754250" lon="-121.762701"><ele>0.2</ele></trkpt>
     <trkpt lat="36.753717" lon="-121.763291"><ele>-1.2</ele></trkpt>
     <trkpt lat="36.752154" lon="-121.764863"><ele>0.5</ele></trkpt>
     <trkpt lat="36.750591" lon="-121.766435"><ele>2.2</ele></trkpt>
     <trkpt lat="36.749028" lon="-121.768007"><ele>4.0</ele></trkpt>
     <trkpt lat="36.747747" lon="-121.769171"><ele>2.8</ele></trkpt>
     <trkpt lat="36.746466" lon="-121.770335"><ele>1.5</ele></trkpt>
     <trkpt lat="36.746082" lon="-121.770631"><ele>2.5</ele></trkpt>
     <trkpt lat="36.745928" lon="-121.770729"><ele>3.2</ele></trkpt>
     <trkpt lat="36.745843" lon="-121.770694"><ele>3.2</ele></trkpt>
     <trkpt lat="36.744523" lon="-121.769525"><ele>0.2</ele></trkpt>
     <trkpt lat="36.743448" lon="-121.768645"><ele>1.2</ele></trkpt>
     <trkpt lat="36.743215" lon="-121.768545"><ele>1.8</ele></trkpt>
     <trkpt lat="36.741200" lon="-121.766355"><ele>4.2</ele></trkpt>
     <trkpt lat="36.740051" lon="-121.768309"><ele>1.8</ele></trkpt>
     <trkpt lat="36.738878" lon="-121.770417"><ele>1.9</ele></trkpt>
     <trkpt lat="36.737706" lon="-121.772525"><ele>2.1</ele></trkpt>
     <trkpt lat="36.736534" lon="-121.774632"><ele>2.3</ele></trkpt>
     <trkpt lat="36.735361" lon="-121.776740"><ele>2.5</ele></trkpt>
     <trkpt lat="36.734169" lon="-121.778658"><ele>5.0</ele></trkpt>
     <trkpt lat="36.734042" lon="-121.778925"><ele>5.5</ele></trkpt>
     <trkpt lat="36.733823" lon="-121.779708"><ele>5.8</ele></trkpt>
     <trkpt lat="36.733622" lon="-121.780132"><ele>5.5</ele></trkpt>
     <trkpt lat="36.733281" lon="-121.780613"><ele>4.8</ele></trkpt>
     <trkpt lat="36.731693" lon="-121.782310"><ele>4.7</ele></trkpt>
     <trkpt lat="36.730106" lon="-121.784008"><ele>4.6</ele></trkpt>
     <trkpt lat="36.728518" lon="-121.785706"><ele>4.6</ele></trkpt>
     <trkpt lat="36.726930" lon="-121.787403"><ele>4.5</ele></trkpt>
     <trkpt lat="36.726372" lon="-121.787946"><ele>3.0</ele></trkpt>
     <trkpt lat="36.726017" lon="-121.788168"><ele>3.0</ele></trkpt>
     <trkpt lat="36.725404" lon="-121.788362"><ele>5.0</ele></trkpt>
     <trkpt lat="36.724315" lon="-121.788364"><ele>6.8</ele></trkpt>
     <trkpt lat="36.724045" lon="-121.788523"><ele>6.2</ele></trkpt>
     <trkpt lat="36.723790" lon="-121.788877"><ele>5.2</ele></trkpt>
     <trkpt lat="36.722509" lon="-121.788281"><ele>7.2</ele></trkpt>
     <trkpt lat="36.722229" lon="-121.788359"><ele>8.5</ele></trkpt>
     <trkpt lat="36.721977" lon="-121.788208"><ele>11.2</ele></trkpt>
     <trkpt lat="36.721242" lon="-121.787952"><ele>14.5</ele></trkpt>
     <trkpt lat="36.720766" lon="-121.787878"><ele>15.0</ele></trkpt>
     <trkpt lat="36.720119" lon="-121.787849"><ele>13.8</ele></trkpt>
     <trkpt lat="36.718201" lon="-121.788064"><ele>19.0</ele></trkpt>
     <trkpt lat="36.716719" lon="-121.788047"><ele>18.2</ele></trkpt>
     <trkpt lat="36.716352" lon="-121.788112"><ele>18.0</ele></trkpt>
     <trkpt lat="36.714134" lon="-121.788246"><ele>19.0</ele></trkpt>
     <trkpt lat="36.713264" lon="-121.788354"><ele>17.8</ele></trkpt>
     <trkpt lat="36.712022" lon="-121.788428"><ele>13.2</ele></trkpt>
     <trkpt lat="36.711028" lon="-121.788562"><ele>8.8</ele></trkpt>
     <trkpt lat="36.709718" lon="-121.788509"><ele>13.8</ele></trkpt>
     <trkpt lat="36.708488" lon="-121.788676"><ele>14.2</ele></trkpt>
     <trkpt lat="36.707059" lon="-121.788705"><ele>11.9</ele></trkpt>
     <trkpt lat="36.705630" lon="-121.788734"><ele>9.5</ele></trkpt>
     <trkpt lat="36.705489" lon="-121.788780"><ele>9.5</ele></trkpt>
     <trkpt lat="36.705284" lon="-121.788970"><ele>9.2</ele></trkpt>
     <trkpt lat="36.704405" lon="-121.788900"><ele>9.8</ele></trkpt>
     <trkpt lat="36.703676" lon="-121.789121"><ele>9.5</ele></trkpt>
     <trkpt lat="36.703168" lon="-121.789336"><ele>9.5</ele></trkpt>
     <trkpt lat="36.702424" lon="-121.789880"><ele>8.8</ele></trkpt>
     <trkpt lat="36.701283" lon="-121.790875"><ele>8.1</ele></trkpt>
     <trkpt lat="36.700141" lon="-121.791869"><ele>7.5</ele></trkpt>
     <trkpt lat="36.699676" lon="-121.792201"><ele>6.5</ele></trkpt>
     <trkpt lat="36.699606" lon="-121.792087"><ele>6.5</ele></trkpt>
     <trkpt lat="36.697877" lon="-121.793594"><ele>8.9</ele></trkpt>
     <trkpt lat="36.696148" lon="-121.795101"><ele>11.2</ele></trkpt>
     <trkpt lat="36.694853" lon="-121.796276"><ele>13.2</ele></trkpt>
     <trkpt lat="36.694754" lon="-121.796404"><ele>13.2</ele></trkpt>
     <trkpt lat="36.693818" lon="-121.797209"><ele>11.2</ele></trkpt>
     <trkpt lat="36.693744" lon="-121.797351"><ele>11.2</ele></trkpt>
     <trkpt lat="36.693736" lon="-121.797456"><ele>11.0</ele></trkpt>
     <trkpt lat="36.693669" lon="-121.797538"><ele>11.0</ele></trkpt>
     <trkpt lat="36.693416" lon="-121.797575"><ele>11.5</ele></trkpt>
     <trkpt lat="36.692861" lon="-121.797940"><ele>10.2</ele></trkpt>
     <trkpt lat="36.692310" lon="-121.798163"><ele>10.2</ele></trkpt>
     <trkpt lat="36.691680" lon="-121.798250"><ele>12.0</ele></trkpt>
     <trkpt lat="36.690323" lon="-121.798289"><ele>12.2</ele></trkpt>
     <trkpt lat="36.689960" lon="-121.798337"><ele>11.5</ele></trkpt>
     <trkpt lat="36.689150" lon="-121.798604"><ele>0.5</ele></trkpt>
     <trkpt lat="36.688560" lon="-121.798948"><ele>-0.5</ele></trkpt>
     <trkpt lat="36.688077" lon="-121.799353"><ele>0.0</ele></trkpt>
     <trkpt lat="36.686542" lon="-121.800803"><ele>3.2</ele></trkpt>
     <trkpt lat="36.685007" lon="-121.802254"><ele>6.5</ele></trkpt>
     <trkpt lat="36.683472" lon="-121.803704"><ele>9.8</ele></trkpt>
     <trkpt lat="36.683513" lon="-121.803812"><ele>9.8</ele></trkpt>
     <trkpt lat="36.683323" lon="-121.804039"><ele>10.0</ele></trkpt>
     <trkpt lat="36.682791" lon="-121.804457"><ele>9.5</ele></trkpt>
     <trkpt lat="36.681263" lon="-121.805858"><ele>4.8</ele></trkpt>
     <trkpt lat="36.680004" lon="-121.806750"><ele>7.9</ele></trkpt>
     <trkpt lat="36.678745" lon="-121.807643"><ele>11.0</ele></trkpt>
     <trkpt lat="36.677464" lon="-121.808459"><ele>13.2</ele></trkpt>
     <trkpt lat="36.676107" lon="-121.809195"><ele>15.5</ele></trkpt>
     <trkpt lat="36.674592" lon="-121.810278"><ele>12.2</ele></trkpt>
     <trkpt lat="36.673304" lon="-121.811121"><ele>12.5</ele></trkpt>
     <trkpt lat="36.672015" lon="-121.811963"><ele>12.8</ele></trkpt>
     <trkpt lat="36.670827" lon="-121.812818"><ele>12.9</ele></trkpt>
     <trkpt lat="36.669639" lon="-121.813673"><ele>13.0</ele></trkpt>
     <trkpt lat="36.668284" lon="-121.814348"><ele>13.6</ele></trkpt>
     <trkpt lat="36.666929" lon="-121.815024"><ele>14.2</ele></trkpt>
     <trkpt lat="36.665481" lon="-121.815573"><ele>14.9</ele></trkpt>
     <trkpt lat="36.664032" lon="-121.816123"><ele>15.5</ele></trkpt>
     <trkpt lat="36.662505" lon="-121.816541"><ele>19.8</ele></trkpt>
     <trkpt lat="36.659990" lon="-121.816855"><ele>19.0</ele></trkpt>
     <trkpt lat="36.658331" lon="-121.817025"><ele>23.6</ele></trkpt>
     <trkpt lat="36.656671" lon="-121.817196"><ele>28.2</ele></trkpt>
     <trkpt lat="36.655474" lon="-121.817087"><ele>30.5</ele></trkpt>
     <trkpt lat="36.655057" lon="-121.816962"><ele>31.5</ele></trkpt>
     <trkpt lat="36.654961" lon="-121.816859"><ele>31.8</ele></trkpt>
     <trkpt lat="36.654722" lon="-121.816877"><ele>31.8</ele></trkpt>
     <trkpt lat="36.654348" lon="-121.816756"><ele>32.5</ele></trkpt>
     <trkpt lat="36.652928" lon="-121.816099"><ele>34.1</ele></trkpt>
     <trkpt lat="36.651507" lon="-121.815441"><ele>35.8</ele></trkpt>
     <trkpt lat="36.650885" lon="-121.815237"><ele>36.0</ele></trkpt>
     <trkpt lat="36.650439" lon="-121.815148"><ele>37.0</ele></trkpt>
     <trkpt lat="36.649780" lon="-121.815079"><ele>38.2</ele></trkpt>
     <trkpt lat="36.649199" lon="-121.815117"><ele>38.8</ele></trkpt>
     <trkpt lat="36.648859" lon="-121.815208"><ele>40.0</ele></trkpt>
     <trkpt lat="36.648313" lon="-121.815557"><ele>42.8</ele></trkpt>
     <trkpt lat="36.647891" lon="-121.815949"><ele>44.2</ele></trkpt>
     <trkpt lat="36.647534" lon="-121.816474"><ele>43.5</ele></trkpt>
     <trkpt lat="36.647365" lon="-121.817075"><ele>41.5</ele></trkpt>
     <trkpt lat="36.647121" lon="-121.817754"><ele>41.0</ele></trkpt>
     <trkpt lat="36.646625" lon="-121.818747"><ele>39.8</ele></trkpt>
     <trkpt lat="36.646416" lon="-121.819063"><ele>37.0</ele></trkpt>
     <trkpt lat="36.645113" lon="-121.820634"><ele>34.5</ele></trkpt>
     <trkpt lat="36.643674" lon="-121.823051"><ele>31.4</ele></trkpt>
     <trkpt lat="36.642234" lon="-121.825469"><ele>28.2</ele></trkpt>
     <trkpt lat="36.641633" lon="-121.826323"><ele>28.2</ele></trkpt>
     <trkpt lat="36.639726" lon="-121.828407"><ele>27.5</ele></trkpt>
     <trkpt lat="36.637819" lon="-121.830491"><ele>26.8</ele></trkpt>
     <trkpt lat="36.636777" lon="-121.831489"><ele>27.0</ele></trkpt>
     <trkpt lat="36.635968" lon="-121.832047"><ele>31.2</ele></trkpt>
     <trkpt lat="36.634956" lon="-121.832578"><ele>30.0</ele></trkpt>
     <trkpt lat="36.633880" lon="-121.833324"><ele>29.2</ele></trkpt>
     <trkpt lat="36.632421" lon="-121.834719"><ele>25.7</ele></trkpt>
     <trkpt lat="36.630962" lon="-121.836115"><ele>22.1</ele></trkpt>
     <trkpt lat="36.629503" lon="-121.837510"><ele>18.5</ele></trkpt>
     <trkpt lat="36.627565" lon="-121.839251"><ele>14.5</ele></trkpt>
     <trkpt lat="36.627285" lon="-121.839455"><ele>14.0</ele></trkpt>
     <trkpt lat="36.626708" lon="-121.839681"><ele>16.0</ele></trkpt>
     <trkpt lat="36.626290" lon="-121.840029"><ele>18.8</ele></trkpt>
     <trkpt lat="36.625356" lon="-121.840931"><ele>23.8</ele></trkpt>
     <trkpt lat="36.624814" lon="-121.841269"><ele>23.0</ele></trkpt>
     <trkpt lat="36.624485" lon="-121.841403"><ele>22.0</ele></trkpt>
     <trkpt lat="36.624161" lon="-121.841455"><ele>21.5</ele></trkpt>
     <trkpt lat="36.623906" lon="-121.841414"><ele>21.0</ele></trkpt>
     <trkpt lat="36.623922" lon="-121.841601"><ele>20.5</ele></trkpt>
     <trkpt lat="36.624091" lon="-121.841726"><ele>22.0</ele></trkpt>
     <trkpt lat="36.624671" lon="-121.841671"><ele>22.0</ele></trkpt>
     <trkpt lat="36.624745" lon="-121.841749"><ele>23.0</ele></trkpt>
     <trkpt lat="36.624757" lon="-121.841836"><ele>24.5</ele></trkpt>
     <trkpt lat="36.624144" lon="-121.843013"><ele>30.5</ele></trkpt>
     <trkpt lat="36.624145" lon="-121.843159"><ele>30.5</ele></trkpt>
     <trkpt lat="36.624215" lon="-121.843293"><ele>30.8</ele></trkpt>
     <trkpt lat="36.624194" lon="-121.843693"><ele>30.2</ele></trkpt>
     <trkpt lat="36.623767" lon="-121.844480"><ele>27.8</ele></trkpt>
     <trkpt lat="36.623595" lon="-121.845061"><ele>24.8</ele></trkpt>
     <trkpt lat="36.623505" lon="-121.845222"><ele>22.0</ele></trkpt>
     <trkpt lat="36.623271" lon="-121.845469"><ele>18.8</ele></trkpt>
     <trkpt lat="36.621767" lon="-121.846637"><ele>17.5</ele></trkpt>
     <trkpt lat="36.620322" lon="-121.847411"><ele>11.0</ele></trkpt>
     <trkpt lat="36.620213" lon="-121.847298"><ele>11.5</ele></trkpt>
     <trkpt lat="36.619993" lon="-121.845895"><ele>9.2</ele></trkpt>
     <trkpt lat="36.619350" lon="-121.846259"><ele>7.8</ele></trkpt>
     <trkpt lat="36.618883" lon="-121.846265"><ele>6.5</ele></trkpt>
     <trkpt lat="36.618256" lon="-121.846609"><ele>8.2</ele></trkpt>
     <trkpt lat="36.617683" lon="-121.846836"><ele>8.5</ele></trkpt>
     <trkpt lat="36.617524" lon="-121.846805"><ele>8.0</ele></trkpt>
     <trkpt lat="36.616919" lon="-121.846414"><ele>7.8</ele></trkpt>
     <trkpt lat="36.616631" lon="-121.846533"><ele>8.8</ele></trkpt>
     <trkpt lat="36.616922" lon="-121.847261"><ele>15.2</ele></trkpt>
     <trkpt lat="36.618098" lon="-121.849358"><ele>12.0</ele></trkpt>
     <trkpt lat="36.616755" lon="-121.850230"><ele>10.0</ele></trkpt>
     <trkpt lat="36.615849" lon="-121.851029"><ele>4.5</ele></trkpt>
     <trkpt lat="36.615379" lon="-121.851548"><ele>7.8</ele></trkpt>
     <trkpt lat="36.613951" lon="-121.853330"><ele>0.6</ele></trkpt>
     <trkpt lat="36.612524" lon="-121.855113"><ele>-6.5</ele></trkpt>
     <trkpt lat="36.611849" lon="-121.856199"><ele>0.0</ele></trkpt>
     <trkpt lat="36.611180" lon="-121.857706"><ele>-0.5</ele></trkpt>
     <trkpt lat="36.611137" lon="-121.857993"><ele>0.5</ele></trkpt>
     <trkpt lat="36.611073" lon="-121.858028"><ele>1.0</ele></trkpt>
     <trkpt lat="36.611004" lon="-121.858166"><ele>1.8</ele></trkpt>
     <trkpt lat="36.610808" lon="-121.858075"><ele>2.2</ele></trkpt>
     <trkpt lat="36.610636" lon="-121.858371"><ele>3.0</ele></trkpt>
     <trkpt lat="36.610216" lon="-121.858833"><ele>5.2</ele></trkpt>
     <trkpt lat="36.609542" lon="-121.859772"><ele>1.2</ele></trkpt>
     <trkpt lat="36.609520" lon="-121.860077"><ele>-0.2</ele></trkpt>
     <trkpt lat="36.609693" lon="-121.860511"><ele>-2.0</ele></trkpt>
     <trkpt lat="36.609698" lon="-121.860733"><ele>-3.0</ele></trkpt>
     <trkpt lat="36.609169" lon="-121.861684"><ele>-2.2</ele></trkpt>
     <trkpt lat="36.608841" lon="-121.861892"><ele>-2.5</ele></trkpt>
     <trkpt lat="36.608516" lon="-121.861905"><ele>-3.8</ele></trkpt>
     <trkpt lat="36.608238" lon="-121.861754"><ele>-4.5</ele></trkpt>
     <trkpt lat="36.607870" lon="-121.861404"><ele>1.8</ele></trkpt>
     <trkpt lat="36.607653" lon="-121.861327"><ele>4.2</ele></trkpt>
     <trkpt lat="36.607482" lon="-121.861358"><ele>5.0</ele></trkpt>
     <trkpt lat="36.607360" lon="-121.861430"><ele>4.2</ele></trkpt>
     <trkpt lat="36.607221" lon="-121.861601"><ele>3.8</ele></trkpt>
     <trkpt lat="36.607014" lon="-121.861988"><ele>7.2</ele></trkpt>
     <trkpt lat="36.606835" lon="-121.862103"><ele>9.8</ele></trkpt>
     <trkpt lat="36.606588" lon="-121.862073"><ele>11.5</ele></trkpt>
     <trkpt lat="36.606197" lon="-121.861758"><ele>11.8</ele></trkpt>
     <trkpt lat="36.605561" lon="-121.861769"><ele>13.0</ele></trkpt>
     <trkpt lat="36.605329" lon="-121.861849"><ele>12.2</ele></trkpt>
     <trkpt lat="36.604900" lon="-121.862204"><ele>11.5</ele></trkpt>
     <trkpt lat="36.604716" lon="-121.862487"><ele>10.5</ele></trkpt>
     <trkpt lat="36.604077" lon="-121.864254"><ele>8.8</ele></trkpt>
     <trkpt lat="36.603789" lon="-121.864733"><ele>9.0</ele></trkpt>
     <trkpt lat="36.603656" lon="-121.864794"><ele>7.5</ele></trkpt>
     <trkpt lat="36.603520" lon="-121.864696"><ele>5.5</ele></trkpt>
     <trkpt lat="36.603510" lon="-121.864521"><ele>4.8</ele></trkpt>
     <trkpt lat="36.603872" lon="-121.864006"><ele>6.5</ele></trkpt>
     <trkpt lat="36.603990" lon="-121.863621"><ele>7.2</ele></trkpt>
     <trkpt lat="36.603909" lon="-121.863468"><ele>6.8</ele></trkpt>
     <trkpt lat="36.603708" lon="-121.863326"><ele>5.8</ele></trkpt>
     <trkpt lat="36.603611" lon="-121.863566"><ele>5.0</ele></trkpt>
     <trkpt lat="36.603596" lon="-121.863778"><ele>4.5</ele></trkpt>
     <trkpt lat="36.602854" lon="-121.865393"><ele>4.5</ele></trkpt>
     <trkpt lat="36.602755" lon="-121.865735"><ele>5.0</ele></trkpt>
     <trkpt lat="36.602377" lon="-121.866495"><ele>6.8</ele></trkpt>
     <trkpt lat="36.602369" lon="-121.866581"><ele>7.0</ele></trkpt>
     <trkpt lat="36.602225" lon="-121.866884"><ele>7.8</ele></trkpt>
     <trkpt lat="36.602136" lon="-121.866952"><ele>7.5</ele></trkpt>
     <trkpt lat="36.601264" lon="-121.868797"><ele>4.8</ele></trkpt>
     <trkpt lat="36.601102" lon="-121.869070"><ele>5.5</ele></trkpt>
     <trkpt lat="36.600860" lon="-121.870069"><ele>9.8</ele></trkpt>
     <trkpt lat="36.600810" lon="-121.870669"><ele>9.0</ele></trkpt>
     <trkpt lat="36.600857" lon="-121.871059"><ele>9.5</ele></trkpt>
     <trkpt lat="36.600657" lon="-121.872115"><ele>11.5</ele></trkpt>
     <trkpt lat="36.600560" lon="-121.873039"><ele>13.8</ele></trkpt>
     <trkpt lat="36.600469" lon="-121.873408"><ele>14.5</ele></trkpt>
     <trkpt lat="36.600291" lon="-121.875003"><ele>7.0</ele></trkpt>
     <trkpt lat="36.600231" lon="-121.875642"><ele>13.8</ele></trkpt>
     <trkpt lat="36.600335" lon="-121.878982"><ele>5.1</ele></trkpt>
     <trkpt lat="36.600440" lon="-121.882321"><ele>-3.5</ele></trkpt>
     <trkpt lat="36.600532" lon="-121.882992"><ele>-5.0</ele></trkpt>
     <trkpt lat="36.600499" lon="-121.883668"><ele>-4.0</ele></trkpt>
     <trkpt lat="36.600589" lon="-121.884661"><ele>0.0</ele></trkpt>
     <trkpt lat="36.600563" lon="-121.885645"><ele>0.0</ele></trkpt>
     <trkpt lat="36.600635" lon="-121.886550"><ele>-0.8</ele></trkpt>
     <trkpt lat="36.600640" lon="-121.887011"><ele>-1.8</ele></trkpt>
     <trkpt lat="36.600577" lon="-121.887286"><ele>-2.0</ele></trkpt>
     <trkpt lat="36.600580" lon="-121.887443"><ele>-2.5</ele></trkpt>
     <trkpt lat="36.600638" lon="-121.887606"><ele>-2.2</ele></trkpt>
     <trkpt lat="36.600785" lon="-121.888420"><ele>-0.8</ele></trkpt>
     <trkpt lat="36.600920" lon="-121.888802"><ele>-0.5</ele></trkpt>
     <trkpt lat="36.601005" lon="-121.889361"><ele>-0.5</ele></trkpt>
     <trkpt lat="36.600963" lon="-121.889622"><ele>-0.5</ele></trkpt>
     <trkpt lat="36.601009" lon="-121.889931"><ele>-0.8</ele></trkpt>
     <trkpt lat="36.599508" lon="-121.890205"><ele>0.1</ele></trkpt>
     <trkpt lat="36.598008" lon="-121.890479"><ele>1.0</ele></trkpt>
     <trkpt lat="36.597917" lon="-121.891932"><ele>1.8</ele></trkpt>
     <trkpt lat="36.597832" lon="-121.892706"><ele>3.5</ele></trkpt>
     <trkpt lat="36.595969" lon="-121.892094"><ele>9.2</ele></trkpt>
     <trkpt lat="36.594361" lon="-121.892271"><ele>12.2</ele></trkpt>
     <trkpt lat="36.594143" lon="-121.892310"><ele>13.5</ele></trkpt>
     <trkpt lat="36.593869" lon="-121.892439"><ele>14.2</ele></trkpt>
     <trkpt lat="36.593584" lon="-121.892667"><ele>15.5</ele></trkpt>
     <trkpt lat="36.592699" lon="-121.893641"><ele>21.0</ele></trkpt>
     <trkpt lat="36.592623" lon="-121.893523"><ele>22.0</ele></trkpt>
     <trkpt lat="36.592538" lon="-121.893481"><ele>22.8</ele></trkpt>
     <trkpt lat="36.592205" lon="-121.893641"><ele>23.8</ele></trkpt>
     <trkpt lat="36.591495" lon="-121.894330"><ele>28.0</ele></trkpt>
     <trkpt lat="36.591106" lon="-121.894748"><ele>28.5</ele></trkpt>
     <trkpt lat="36.590706" lon="-121.895274"><ele>31.0</ele></trkpt>
     <trkpt lat="36.590230" lon="-121.896088"><ele>43.0</ele></trkpt>
     <trkpt lat="36.589941" lon="-121.896385"><ele>47.8</ele></trkpt>
     <trkpt lat="36.589796" lon="-121.896367"><ele>47.5</ele></trkpt>
     <trkpt lat="36.589671" lon="-121.896412"><ele>47.8</ele></trkpt>
     <trkpt lat="36.589484" lon="-121.896575"><ele>49.2</ele></trkpt>
     <trkpt lat="36.588592" lon="-121.897675"><ele>53.5</ele></trkpt>
     <trkpt lat="36.588383" lon="-121.898066"><ele>54.2</ele></trkpt>
     <trkpt lat="36.587997" lon="-121.898412"><ele>55.2</ele></trkpt>
     <trkpt lat="36.587814" lon="-121.898710"><ele>55.5</ele></trkpt>
     <trkpt lat="36.587453" lon="-121.898913"><ele>56.5</ele></trkpt>
     <trkpt lat="36.587070" lon="-121.899291"><ele>56.2</ele></trkpt>
     <trkpt lat="36.586698" lon="-121.899348"><ele>56.2</ele></trkpt>
     <trkpt lat="36.586586" lon="-121.899327"><ele>56.5</ele></trkpt>
     <trkpt lat="36.586131" lon="-121.899609"><ele>58.8</ele></trkpt>
     <trkpt lat="36.585662" lon="-121.900164"><ele>61.0</ele></trkpt>
     <trkpt lat="36.585066" lon="-121.900544"><ele>62.8</ele></trkpt>
     <trkpt lat="36.584619" lon="-121.900718"><ele>64.2</ele></trkpt>
     <trkpt lat="36.584483" lon="-121.900811"><ele>64.8</ele></trkpt>
     <trkpt lat="36.584261" lon="-121.900859"><ele>65.0</ele></trkpt>
     <trkpt lat="36.583971" lon="-121.901106"><ele>67.5</ele></trkpt>
     <trkpt lat="36.583535" lon="-121.901370"><ele>72.8</ele></trkpt>
     <trkpt lat="36.583214" lon="-121.901633"><ele>76.5</ele></trkpt>
     <trkpt lat="36.582211" lon="-121.899898"><ele>77.2</ele></trkpt>
     <trkpt lat="36.581654" lon="-121.899335"><ele>80.0</ele></trkpt>
     <trkpt lat="36.581625" lon="-121.899259"><ele>80.0</ele></trkpt>
     <trkpt lat="36.581313" lon="-121.899077"><ele>87.8</ele></trkpt>
     <trkpt lat="36.581340" lon="-121.900122"><ele>97.5</ele></trkpt>
     <trkpt lat="36.581310" lon="-121.900295"><ele>99.8</ele></trkpt>
     <trkpt lat="36.581178" lon="-121.900644"><ele>106.0</ele></trkpt>
     <trkpt lat="36.580656" lon="-121.901738"><ele>115.2</ele></trkpt>
     <trkpt lat="36.580513" lon="-121.902166"><ele>117.5</ele></trkpt>
     <trkpt lat="36.580388" lon="-121.902788"><ele>117.5</ele></trkpt>
     <trkpt lat="36.580315" lon="-121.902973"><ele>118.0</ele></trkpt>
     <trkpt lat="36.579592" lon="-121.904074"><ele>120.5</ele></trkpt>
     <trkpt lat="36.578271" lon="-121.906626"><ele>134.0</ele></trkpt>
     <trkpt lat="36.578246" lon="-121.906806"><ele>135.5</ele></trkpt>
     <trkpt lat="36.578010" lon="-121.907261"><ele>142.2</ele></trkpt>
     <trkpt lat="36.576853" lon="-121.909087"><ele>158.9</ele></trkpt>
     <trkpt lat="36.575695" lon="-121.910914"><ele>175.5</ele></trkpt>
     <trkpt lat="36.575092" lon="-121.911630"><ele>177.0</ele></trkpt>
     <trkpt lat="36.574667" lon="-121.911998"><ele>173.2</ele></trkpt>
     <trkpt lat="36.574440" lon="-121.912089"><ele>172.8</ele></trkpt>
     <trkpt lat="36.574724" lon="-121.912370"><ele>168.8</ele></trkpt>
     <trkpt lat="36.575050" lon="-121.912593"><ele>166.5</ele></trkpt>
     <trkpt lat="36.575320" lon="-121.912621"><ele>171.0</ele></trkpt>
     <trkpt lat="36.575409" lon="-121.912682"><ele>172.2</ele></trkpt>
     <trkpt lat="36.575441" lon="-121.912754"><ele>172.5</ele></trkpt>
     <trkpt lat="36.575424" lon="-121.912907"><ele>171.8</ele></trkpt>
     <trkpt lat="36.575244" lon="-121.913072"><ele>168.8</ele></trkpt>
     <trkpt lat="36.575033" lon="-121.913111"><ele>165.5</ele></trkpt>
     <trkpt lat="36.574687" lon="-121.912992"><ele>164.0</ele></trkpt>
     <trkpt lat="36.574509" lon="-121.913069"><ele>162.5</ele></trkpt>
     <trkpt lat="36.574174" lon="-121.913006"><ele>161.5</ele></trkpt>
     <trkpt lat="36.573347" lon="-121.913151"><ele>162.0</ele></trkpt>
     <trkpt lat="36.572985" lon="-121.913174"><ele>161.5</ele></trkpt>
     <trkpt lat="36.570906" lon="-121.912878"><ele>171.5</ele></trkpt>
     <trkpt lat="36.568690" lon="-121.912689"><ele>183.2</ele></trkpt>
     <trkpt lat="36.567768" lon="-121.912760"><ele>183.0</ele></trkpt>
     <trkpt lat="36.567138" lon="-121.912958"><ele>181.2</ele></trkpt>
     <trkpt lat="36.566551" lon="-121.913295"><ele>179.0</ele></trkpt>
     <trkpt lat="36.566308" lon="-121.913534"><ele>178.0</ele></trkpt>
     <trkpt lat="36.566098" lon="-121.913877"><ele>176.2</ele></trkpt>
     <trkpt lat="36.565865" lon="-121.914397"><ele>171.5</ele></trkpt>
     <trkpt lat="36.565497" lon="-121.915622"><ele>158.5</ele></trkpt>
     <trkpt lat="36.565475" lon="-121.916299"><ele>151.5</ele></trkpt>
     <trkpt lat="36.565511" lon="-121.917501"><ele>144.2</ele></trkpt>
     <trkpt lat="36.565454" lon="-121.917867"><ele>141.5</ele></trkpt>
     <trkpt lat="36.564925" lon="-121.919527"><ele>128.8</ele></trkpt>
     <trkpt lat="36.563997" lon="-121.918756"><ele>125.0</ele></trkpt>
     <trkpt lat="36.563775" lon="-121.918665"><ele>124.8</ele></trkpt>
     <trkpt lat="36.563468" lon="-121.918677"><ele>124.8</ele></trkpt>
     <trkpt lat="36.563185" lon="-121.918834"><ele>124.5</ele></trkpt>
     <trkpt lat="36.562507" lon="-121.919560"><ele>118.0</ele></trkpt>
     <trkpt lat="36.561910" lon="-121.919978"><ele>110.2</ele></trkpt>
     <trkpt lat="36.561650" lon="-121.920064"><ele>108.0</ele></trkpt>
     <trkpt lat="36.560902" lon="-121.920112"><ele>103.5</ele></trkpt>
     <trkpt lat="36.560819" lon="-121.920166"><ele>102.8</ele></trkpt>
     <trkpt lat="36.560618" lon="-121.920325"><ele>102.8</ele></trkpt>
     <trkpt lat="36.560311" lon="-121.920776"><ele>100.2</ele></trkpt>
     <trkpt lat="36.559667" lon="-121.921101"><ele>95.2</ele></trkpt>
     <trkpt lat="36.559061" lon="-121.921860"><ele>82.5</ele></trkpt>
     <trkpt lat="36.556525" lon="-121.921849"><ele>74.6</ele></trkpt>
     <trkpt lat="36.553990" lon="-121.921838"><ele>66.7</ele></trkpt>
     <trkpt lat="36.551454" lon="-121.921826"><ele>58.8</ele></trkpt>
     <trkpt lat="36.548919" lon="-121.921815"><ele>50.9</ele></trkpt>
     <trkpt lat="36.546383" lon="-121.921804"><ele>43.0</ele></trkpt>
     <trkpt lat="36.546363" lon="-121.921017"><ele>43.8</ele></trkpt>
     <trkpt lat="36.545928" lon="-121.920654"><ele>41.5</ele></trkpt>
     <trkpt lat="36.545728" lon="-121.920277"><ele>38.8</ele></trkpt>
     <trkpt lat="36.545523" lon="-121.920015"><ele>37.2</ele></trkpt>
     <trkpt lat="36.545378" lon="-121.919890"><ele>36.2</ele></trkpt>
     <trkpt lat="36.544872" lon="-121.919653"><ele>30.8</ele></trkpt>
     <trkpt lat="36.544417" lon="-121.919586"><ele>23.5</ele></trkpt>
     <trkpt lat="36.543774" lon="-121.919570"><ele>16.5</ele></trkpt>
     <trkpt lat="36.543543" lon="-121.919482"><ele>14.0</ele></trkpt>
     <trkpt lat="36.543184" lon="-121.919138"><ele>10.8</ele></trkpt>
     <trkpt lat="36.542903" lon="-121.918702"><ele>9.5</ele></trkpt>
     <trkpt lat="36.542826" lon="-121.918487"><ele>9.2</ele></trkpt>
     <trkpt lat="36.541489" lon="-121.916097"><ele>7.0</ele></trkpt>
     <trkpt lat="36.540808" lon="-121.915048"><ele>8.5</ele></trkpt>
     <trkpt lat="36.540672" lon="-121.914654"><ele>9.5</ele></trkpt>
     <trkpt lat="36.540633" lon="-121.914413"><ele>10.2</ele></trkpt>
     <trkpt lat="36.540629" lon="-121.913995"><ele>11.2</ele></trkpt>
     <trkpt lat="36.540705" lon="-121.913167"><ele>12.2</ele></trkpt>
     <trkpt lat="36.540618" lon="-121.912526"><ele>12.8</ele></trkpt>
     <trkpt lat="36.540537" lon="-121.912301"><ele>10.8</ele></trkpt>
     <trkpt lat="36.540042" lon="-121.911356"><ele>5.2</ele></trkpt>
     <trkpt lat="36.539394" lon="-121.910195"><ele>0.5</ele></trkpt>
     <trkpt lat="36.538316" lon="-121.911065"><ele>2.8</ele></trkpt>
     <trkpt lat="36.537313" lon="-121.911591"><ele>5.8</ele></trkpt>
     <trkpt lat="36.536774" lon="-121.911961"><ele>5.5</ele></trkpt>
     <trkpt lat="36.535571" lon="-121.913188"><ele>5.0</ele></trkpt>
     <trkpt lat="36.534368" lon="-121.914415"><ele>4.5</ele></trkpt>
     <trkpt lat="36.532584" lon="-121.915909"><ele>8.1</ele></trkpt>
     <trkpt lat="36.530799" lon="-121.917404"><ele>11.8</ele></trkpt>
     <trkpt lat="36.529471" lon="-121.918625"><ele>18.0</ele></trkpt>
     <trkpt lat="36.528251" lon="-121.919984"><ele>34.8</ele></trkpt>
     <trkpt lat="36.526806" lon="-121.921767"><ele>26.4</ele></trkpt>
     <trkpt lat="36.525360" lon="-121.923551"><ele>18.0</ele></trkpt>
     <trkpt lat="36.523915" lon="-121.925334"><ele>9.6</ele></trkpt>
     <trkpt lat="36.522470" lon="-121.927117"><ele>1.2</ele></trkpt>
     <trkpt lat="36.521769" lon="-121.928146"><ele>4.2</ele></trkpt>
     <trkpt lat="36.521403" lon="-121.928797"><ele>9.5</ele></trkpt>
     <trkpt lat="36.520280" lon="-121.931054"><ele>15.2</ele></trkpt>
     <trkpt lat="36.519158" lon="-121.933310"><ele>21.0</ele></trkpt>
     <trkpt lat="36.518626" lon="-121.934154"><ele>23.5</ele></trkpt>
     <trkpt lat="36.517795" lon="-121.935199"><ele>27.2</ele></trkpt>
     <trkpt lat="36.517118" lon="-121.935847"><ele>30.8</ele></trkpt>
     <trkpt lat="36.516022" lon="-121.936687"><ele>32.0</ele></trkpt>
     <trkpt lat="36.515085" lon="-121.937228"><ele>34.0</ele></trkpt>
     <trkpt lat="36.513911" lon="-121.937707"><ele>38.0</ele></trkpt>
     <trkpt lat="36.513484" lon="-121.937832"><ele>37.8</ele></trkpt>
     <trkpt lat="36.512897" lon="-121.937949"><ele>37.0</ele></trkpt>
     <trkpt lat="36.510742" lon="-121.938097"><ele>40.0</ele></trkpt>
     <trkpt lat="36.510278" lon="-121.938085"><ele>39.2</ele></trkpt>
     <trkpt lat="36.510009" lon="-121.938015"><ele>39.5</ele></trkpt>
     <trkpt lat="36.509661" lon="-121.937877"><ele>41.5</ele></trkpt>
     <trkpt lat="36.509379" lon="-121.937706"><ele>43.8</ele></trkpt>
     <trkpt lat="36.509106" lon="-121.937504"><ele>45.0</ele></trkpt>
     <trkpt lat="36.508633" lon="-121.936998"><ele>42.8</ele></trkpt>
     <trkpt lat="36.508141" lon="-121.936279"><ele>42.5</ele></trkpt>
     <trkpt lat="36.507817" lon="-121.936040"><ele>42.8</ele></trkpt>
     <trkpt lat="36.507552" lon="-121.935954"><ele>41.8</ele></trkpt>
     <trkpt lat="36.507273" lon="-121.935935"><ele>44.0</ele></trkpt>
     <trkpt lat="36.505937" lon="-121.936095"><ele>47.2</ele></trkpt>
     <trkpt lat="36.505683" lon="-121.936205"><ele>45.8</ele></trkpt>
     <trkpt lat="36.505269" lon="-121.936536"><ele>42.2</ele></trkpt>
     <trkpt lat="36.504334" lon="-121.937550"><ele>30.5</ele></trkpt>
     <trkpt lat="36.504027" lon="-121.937765"><ele>27.5</ele></trkpt>
     <trkpt lat="36.503692" lon="-121.937861"><ele>27.0</ele></trkpt>
     <trkpt lat="36.503504" lon="-121.937847"><ele>28.5</ele></trkpt>
     <trkpt lat="36.503161" lon="-121.937691"><ele>33.5</ele></trkpt>
     <trkpt lat="36.502962" lon="-121.937639"><ele>35.0</ele></trkpt>
     <trkpt lat="36.502798" lon="-121.937651"><ele>34.8</ele></trkpt>
     <trkpt lat="36.501884" lon="-121.938119"><ele>26.8</ele></trkpt>
     <trkpt lat="36.501661" lon="-121.938138"><ele>27.8</ele></trkpt>
     <trkpt lat="36.501349" lon="-121.938041"><ele>30.2</ele></trkpt>
     <trkpt lat="36.499750" lon="-121.937032"><ele>31.2</ele></trkpt>
     <trkpt lat="36.499080" lon="-121.936115"><ele>32.5</ele></trkpt>
     <trkpt lat="36.498758" lon="-121.935798"><ele>35.0</ele></trkpt>
     <trkpt lat="36.498533" lon="-121.935679"><ele>34.5</ele></trkpt>
     <trkpt lat="36.498165" lon="-121.935667"><ele>33.0</ele></trkpt>
     <trkpt lat="36.497893" lon="-121.935821"><ele>33.5</ele></trkpt>
     <trkpt lat="36.497149" lon="-121.936431"><ele>40.0</ele></trkpt>
     <trkpt lat="36.496389" lon="-121.936815"><ele>51.5</ele></trkpt>
     <trkpt lat="36.495253" lon="-121.937284"><ele>52.0</ele></trkpt>
     <trkpt lat="36.494073" lon="-121.937710"><ele>58.0</ele></trkpt>
     <trkpt lat="36.493672" lon="-121.937725"><ele>63.2</ele></trkpt>
     <trkpt lat="36.493052" lon="-121.937643"><ele>71.2</ele></trkpt>
     <trkpt lat="36.492802" lon="-121.937684"><ele>71.8</ele></trkpt>
     <trkpt lat="36.491909" lon="-121.938169"><ele>70.2</ele></trkpt>
     <trkpt lat="36.491343" lon="-121.938284"><ele>68.8</ele></trkpt>
     <trkpt lat="36.489976" lon="-121.938209"><ele>61.8</ele></trkpt>
     <trkpt lat="36.488397" lon="-121.937791"><ele>52.2</ele></trkpt>
     <trkpt lat="36.487815" lon="-121.937722"><ele>52.5</ele></trkpt>
     <trkpt lat="36.485322" lon="-121.937839"><ele>47.8</ele></trkpt>
     <trkpt lat="36.484822" lon="-121.937798"><ele>44.8</ele></trkpt>
     <trkpt lat="36.484284" lon="-121.937629"><ele>40.0</ele></trkpt>
     <trkpt lat="36.483325" lon="-121.937209"><ele>33.8</ele></trkpt>
     <trkpt lat="36.482836" lon="-121.937120"><ele>30.8</ele></trkpt>
     <trkpt lat="36.481123" lon="-121.937174"><ele>26.8</ele></trkpt>
     <trkpt lat="36.480255" lon="-121.937120"><ele>31.0</ele></trkpt>
     <trkpt lat="36.479322" lon="-121.936769"><ele>26.8</ele></trkpt>
     <trkpt lat="36.478785" lon="-121.936483"><ele>27.0</ele></trkpt>
     <trkpt lat="36.478109" lon="-121.936268"><ele>28.5</ele></trkpt>
     <trkpt lat="36.476594" lon="-121.935999"><ele>29.4</ele></trkpt>
     <trkpt lat="36.475079" lon="-121.935730"><ele>30.2</ele></trkpt>
     <trkpt lat="36.472691" lon="-121.935255"><ele>27.5</ele></trkpt>
     <trkpt lat="36.471750" lon="-121.934813"><ele>32.0</ele></trkpt>
     <trkpt lat="36.471072" lon="-121.934328"><ele>28.2</ele></trkpt>
     <trkpt lat="36.469948" lon="-121.933195"><ele>30.5</ele></trkpt>
     <trkpt lat="36.469016" lon="-121.932156"><ele>28.8</ele></trkpt>
     <trkpt lat="36.468467" lon="-121.931322"><ele>25.8</ele></trkpt>
     <trkpt lat="36.467731" lon="-121.929998"><ele>26.8</ele></trkpt>
     <trkpt lat="36.467283" lon="-121.929494"><ele>21.2</ele></trkpt>
     <trkpt lat="36.466747" lon="-121.929020"><ele>20.5</ele></trkpt>
     <trkpt lat="36.465558" lon="-121.928164"><ele>26.0</ele></trkpt>
     <trkpt lat="36.464369" lon="-121.927309"><ele>31.5</ele></trkpt>
     <trkpt lat="36.463044" lon="-121.926395"><ele>36.2</ele></trkpt>
     <trkpt lat="36.461719" lon="-121.925482"><ele>41.0</ele></trkpt>
     <trkpt lat="36.460959" lon="-121.925050"><ele>39.8</ele></trkpt>
     <trkpt lat="36.460155" lon="-121.924690"><ele>36.0</ele></trkpt>
     <trkpt lat="36.459154" lon="-121.924349"><ele>38.0</ele></trkpt>
     <trkpt lat="36.458213" lon="-121.924139"><ele>31.8</ele></trkpt>
     <trkpt lat="36.456831" lon="-121.924015"><ele>26.9</ele></trkpt>
     <trkpt lat="36.455450" lon="-121.923892"><ele>22.0</ele></trkpt>
     <trkpt lat="36.454425" lon="-121.924026"><ele>26.0</ele></trkpt>
     <trkpt lat="36.453776" lon="-121.924243"><ele>28.8</ele></trkpt>
     <trkpt lat="36.453139" lon="-121.924592"><ele>34.5</ele></trkpt>
     <trkpt lat="36.452630" lon="-121.925000"><ele>40.2</ele></trkpt>
     <trkpt lat="36.451608" lon="-121.925970"><ele>57.0</ele></trkpt>
     <trkpt lat="36.451222" lon="-121.926229"><ele>55.8</ele></trkpt>
     <trkpt lat="36.450937" lon="-121.926359"><ele>52.0</ele></trkpt>
     <trkpt lat="36.450331" lon="-121.926548"><ele>43.2</ele></trkpt>
     <trkpt lat="36.449823" lon="-121.926600"><ele>38.2</ele></trkpt>
     <trkpt lat="36.449207" lon="-121.926505"><ele>40.2</ele></trkpt>
     <trkpt lat="36.448826" lon="-121.926375"><ele>40.2</ele></trkpt>
     <trkpt lat="36.448505" lon="-121.926225"><ele>41.0</ele></trkpt>
     <trkpt lat="36.446455" lon="-121.925055"><ele>39.9</ele></trkpt>
     <trkpt lat="36.444404" lon="-121.923885"><ele>38.8</ele></trkpt>
     <trkpt lat="36.442353" lon="-121.922716"><ele>37.6</ele></trkpt>
     <trkpt lat="36.440303" lon="-121.921546"><ele>36.5</ele></trkpt>
     <trkpt lat="36.438253" lon="-121.920376"><ele>35.4</ele></trkpt>
     <trkpt lat="36.436202" lon="-121.919206"><ele>34.2</ele></trkpt>
     <trkpt lat="36.435314" lon="-121.918830"><ele>35.5</ele></trkpt>
     <trkpt lat="36.433817" lon="-121.918356"><ele>35.8</ele></trkpt>
     <trkpt lat="36.433003" lon="-121.917937"><ele>36.0</ele></trkpt>
     <trkpt lat="36.432205" lon="-121.917428"><ele>37.8</ele></trkpt>
     <trkpt lat="36.431770" lon="-121.917088"><ele>43.8</ele></trkpt>
     <trkpt lat="36.430681" lon="-121.916059"><ele>51.0</ele></trkpt>
     <trkpt lat="36.429592" lon="-121.915029"><ele>58.2</ele></trkpt>
     <trkpt lat="36.428433" lon="-121.914108"><ele>59.2</ele></trkpt>
     <trkpt lat="36.427692" lon="-121.913630"><ele>58.2</ele></trkpt>
     <trkpt lat="36.426918" lon="-121.913221"><ele>56.0</ele></trkpt>
     <trkpt lat="36.425357" lon="-121.912649"><ele>44.5</ele></trkpt>
     <trkpt lat="36.424359" lon="-121.912435"><ele>45.2</ele></trkpt>
     <trkpt lat="36.423337" lon="-121.912327"><ele>38.2</ele></trkpt>
     <trkpt lat="36.422715" lon="-121.912315"><ele>31.2</ele></trkpt>
     <trkpt lat="36.421656" lon="-121.912396"><ele>26.0</ele></trkpt>
     <trkpt lat="36.420807" lon="-121.912567"><ele>32.5</ele></trkpt>
     <trkpt lat="36.420012" lon="-121.912794"><ele>32.2</ele></trkpt>
     <trkpt lat="36.418149" lon="-121.913479"><ele>26.0</ele></trkpt>
     <trkpt lat="36.417258" lon="-121.913882"><ele>27.5</ele></trkpt>
     <trkpt lat="36.415624" lon="-121.914360"><ele>38.2</ele></trkpt>
     <trkpt lat="36.414910" lon="-121.914369"><ele>38.5</ele></trkpt>
     <trkpt lat="36.412339" lon="-121.913935"><ele>33.5</ele></trkpt>
     <trkpt lat="36.411880" lon="-121.914030"><ele>35.2</ele></trkpt>
     <trkpt lat="36.411245" lon="-121.914432"><ele>39.5</ele></trkpt>
     <trkpt lat="36.410870" lon="-121.914603"><ele>45.8</ele></trkpt>
     <trkpt lat="36.410444" lon="-121.914667"><ele>40.8</ele></trkpt>
     <trkpt lat="36.410153" lon="-121.914603"><ele>39.5</ele></trkpt>
     <trkpt lat="36.409876" lon="-121.914468"><ele>39.2</ele></trkpt>
     <trkpt lat="36.409622" lon="-121.914257"><ele>40.0</ele></trkpt>
     <trkpt lat="36.408600" lon="-121.913144"><ele>42.0</ele></trkpt>
     <trkpt lat="36.407578" lon="-121.912031"><ele>44.0</ele></trkpt>
     <trkpt lat="36.406620" lon="-121.911195"><ele>44.2</ele></trkpt>
     <trkpt lat="36.405657" lon="-121.910645"><ele>47.8</ele></trkpt>
     <trkpt lat="36.403789" lon="-121.909842"><ele>62.0</ele></trkpt>
     <trkpt lat="36.403327" lon="-121.909531"><ele>71.0</ele></trkpt>
     <trkpt lat="36.402983" lon="-121.909196"><ele>64.0</ele></trkpt>
     <trkpt lat="36.401702" lon="-121.907184"><ele>55.5</ele></trkpt>
     <trkpt lat="36.400199" lon="-121.905511"><ele>46.0</ele></trkpt>
     <trkpt lat="36.399295" lon="-121.904573"><ele>42.5</ele></trkpt>
     <trkpt lat="36.398408" lon="-121.903875"><ele>38.0</ele></trkpt>
     <trkpt lat="36.397681" lon="-121.903496"><ele>38.2</ele></trkpt>
     <trkpt lat="36.397121" lon="-121.903290"><ele>40.2</ele></trkpt>
     <trkpt lat="36.394637" lon="-121.902685"><ele>51.3</ele></trkpt>
     <trkpt lat="36.392152" lon="-121.902080"><ele>62.4</ele></trkpt>
     <trkpt lat="36.389668" lon="-121.901475"><ele>73.5</ele></trkpt>
     <trkpt lat="36.387829" lon="-121.901061"><ele>65.1</ele></trkpt>
     <trkpt lat="36.385990" lon="-121.900647"><ele>56.8</ele></trkpt>
     <trkpt lat="36.384691" lon="-121.900294"><ele>61.0</ele></trkpt>
     <trkpt lat="36.383918" lon="-121.900160"><ele>61.5</ele></trkpt>
     <trkpt lat="36.383241" lon="-121.900169"><ele>63.8</ele></trkpt>
     <trkpt lat="36.382325" lon="-121.900351"><ele>54.8</ele></trkpt>
     <trkpt lat="36.381697" lon="-121.900602"><ele>43.0</ele></trkpt>
     <trkpt lat="36.380879" lon="-121.901063"><ele>38.2</ele></trkpt>
     <trkpt lat="36.380372" lon="-121.901424"><ele>35.2</ele></trkpt>
     <trkpt lat="36.379947" lon="-121.901916"><ele>29.5</ele></trkpt>
     <trkpt lat="36.378742" lon="-121.903138"><ele>28.2</ele></trkpt>
     <trkpt lat="36.378070" lon="-121.903775"><ele>44.5</ele></trkpt>
     <trkpt lat="36.377837" lon="-121.903917"><ele>44.8</ele></trkpt>
     <trkpt lat="36.377531" lon="-121.904025"><ele>50.0</ele></trkpt>
     <trkpt lat="36.376719" lon="-121.904070"><ele>64.8</ele></trkpt>
     <trkpt lat="36.376450" lon="-121.904211"><ele>67.0</ele></trkpt>
     <trkpt lat="36.375819" lon="-121.904682"><ele>52.0</ele></trkpt>
     <trkpt lat="36.375562" lon="-121.904794"><ele>53.2</ele></trkpt>
     <trkpt lat="36.375361" lon="-121.904833"><ele>58.8</ele></trkpt>
     <trkpt lat="36.374820" lon="-121.904761"><ele>78.8</ele></trkpt>
     <trkpt lat="36.374319" lon="-121.904916"><ele>72.5</ele></trkpt>
     <trkpt lat="36.373993" lon="-121.904967"><ele>71.0</ele></trkpt>
     <trkpt lat="36.373844" lon="-121.904973"><ele>71.2</ele></trkpt>
     <trkpt lat="36.373492" lon="-121.904836"><ele>76.0</ele></trkpt>
     <trkpt lat="36.373224" lon="-121.904562"><ele>77.5</ele></trkpt>
     <trkpt lat="36.372502" lon="-121.902594"><ele>80.8</ele></trkpt>
     <trkpt lat="36.372397" lon="-121.902422"><ele>80.5</ele></trkpt>
     <trkpt lat="36.372183" lon="-121.902221"><ele>80.2</ele></trkpt>
     <trkpt lat="36.371726" lon="-121.901981"><ele>79.8</ele></trkpt>
     <trkpt lat="36.370614" lon="-121.901590"><ele>78.8</ele></trkpt>
     <trkpt lat="36.370486" lon="-121.901602"><ele>78.8</ele></trkpt>
     <trkpt lat="36.369762" lon="-121.901862"><ele>78.0</ele></trkpt>
     <trkpt lat="36.369575" lon="-121.901888"><ele>78.0</ele></trkpt>
     <trkpt lat="36.369303" lon="-121.901856"><ele>82.0</ele></trkpt>
     <trkpt lat="36.368983" lon="-121.901652"><ele>87.0</ele></trkpt>
     <trkpt lat="36.368088" lon="-121.900657"><ele>96.8</ele></trkpt>
     <trkpt lat="36.367445" lon="-121.900211"><ele>100.2</ele></trkpt>
     <trkpt lat="36.367231" lon="-121.900102"><ele>103.2</ele></trkpt>
     <trkpt lat="36.364948" lon="-121.899392"><ele>119.0</ele></trkpt>
     <trkpt lat="36.364695" lon="-121.899368"><ele>120.5</ele></trkpt>
     <trkpt lat="36.364197" lon="-121.899457"><ele>121.5</ele></trkpt>
     <trkpt lat="36.363204" lon="-121.900037"><ele>125.0</ele></trkpt>
     <trkpt lat="36.362668" lon="-121.900260"><ele>129.0</ele></trkpt>
     <trkpt lat="36.361150" lon="-121.900552"><ele>138.8</ele></trkpt>
     <trkpt lat="36.360589" lon="-121.900611"><ele>142.5</ele></trkpt>
     <trkpt lat="36.360230" lon="-121.900572"><ele>143.8</ele></trkpt>
     <trkpt lat="36.359598" lon="-121.900275"><ele>151.0</ele></trkpt>
     <trkpt lat="36.359284" lon="-121.900183"><ele>155.0</ele></trkpt>
     <trkpt lat="36.358968" lon="-121.900190"><ele>158.5</ele></trkpt>
     <trkpt lat="36.358665" lon="-121.900279"><ele>160.8</ele></trkpt>
     <trkpt lat="36.358450" lon="-121.900389"><ele>161.2</ele></trkpt>
     <trkpt lat="36.358255" lon="-121.900556"><ele>163.2</ele></trkpt>
     <trkpt lat="36.358049" lon="-121.900846"><ele>171.2</ele></trkpt>
     <trkpt lat="36.357831" lon="-121.901354"><ele>173.5</ele></trkpt>
     <trkpt lat="36.357594" lon="-121.902369"><ele>161.8</ele></trkpt>
     <trkpt lat="36.357502" lon="-121.902530"><ele>161.8</ele></trkpt>
     <trkpt lat="36.357255" lon="-121.902714"><ele>156.2</ele></trkpt>
     <trkpt lat="36.356964" lon="-121.902701"><ele>158.0</ele></trkpt>
     <trkpt lat="36.356022" lon="-121.902165"><ele>170.0</ele></trkpt>
     <trkpt lat="36.355824" lon="-121.902091"><ele>171.8</ele></trkpt>
     <trkpt lat="36.355365" lon="-121.902016"><ele>154.2</ele></trkpt>
     <trkpt lat="36.354831" lon="-121.901709"><ele>143.8</ele></trkpt>
     <trkpt lat="36.354560" lon="-121.901599"><ele>140.0</ele></trkpt>
     <trkpt lat="36.353858" lon="-121.901493"><ele>114.2</ele></trkpt>
     <trkpt lat="36.353609" lon="-121.901389"><ele>108.2</ele></trkpt>
     <trkpt lat="36.353422" lon="-121.901241"><ele>106.8</ele></trkpt>
     <trkpt lat="36.352960" lon="-121.900419"><ele>132.0</ele></trkpt>
     <trkpt lat="36.352376" lon="-121.899850"><ele>121.5</ele></trkpt>
     <trkpt lat="36.352261" lon="-121.899538"><ele>133.5</ele></trkpt>
     <trkpt lat="36.352163" lon="-121.898295"><ele>156.5</ele></trkpt>
     <trkpt lat="36.352061" lon="-121.898030"><ele>154.8</ele></trkpt>
     <trkpt lat="36.351899" lon="-121.897822"><ele>151.0</ele></trkpt>
     <trkpt lat="36.351665" lon="-121.897725"><ele>144.2</ele></trkpt>
     <trkpt lat="36.351158" lon="-121.897802"><ele>119.0</ele></trkpt>
     <trkpt lat="36.350922" lon="-121.897783"><ele>108.0</ele></trkpt>
     <trkpt lat="36.350729" lon="-121.897674"><ele>102.8</ele></trkpt>
     <trkpt lat="36.350184" lon="-121.897229"><ele>95.0</ele></trkpt>
     <trkpt lat="36.349749" lon="-121.896977"><ele>89.2</ele></trkpt>
     <trkpt lat="36.348358" lon="-121.896512"><ele>82.5</ele></trkpt>
     <trkpt lat="36.347629" lon="-121.896081"><ele>91.0</ele></trkpt>
     <trkpt lat="36.347289" lon="-121.895742"><ele>99.8</ele></trkpt>
     <trkpt lat="36.346902" lon="-121.895067"><ele>137.2</ele></trkpt>
     <trkpt lat="36.346697" lon="-121.894935"><ele>137.8</ele></trkpt>
     <trkpt lat="36.346201" lon="-121.894798"><ele>111.2</ele></trkpt>
     <trkpt lat="36.345881" lon="-121.894541"><ele>104.8</ele></trkpt>
     <trkpt lat="36.345451" lon="-121.893615"><ele>108.5</ele></trkpt>
     <trkpt lat="36.344987" lon="-121.893293"><ele>96.5</ele></trkpt>
     <trkpt lat="36.344762" lon="-121.893029"><ele>101.0</ele></trkpt>
     <trkpt lat="36.344553" lon="-121.892677"><ele>107.2</ele></trkpt>
     <trkpt lat="36.344318" lon="-121.892156"><ele>111.2</ele></trkpt>
     <trkpt lat="36.344115" lon="-121.891938"><ele>110.2</ele></trkpt>
     <trkpt lat="36.343702" lon="-121.891816"><ele>109.5</ele></trkpt>
     <trkpt lat="36.343133" lon="-121.891929"><ele>96.8</ele></trkpt>
     <trkpt lat="36.342864" lon="-121.891895"><ele>90.8</ele></trkpt>
     <trkpt lat="36.342660" lon="-121.891781"><ele>90.0</ele></trkpt>
     <trkpt lat="36.342385" lon="-121.891509"><ele>92.5</ele></trkpt>
     <trkpt lat="36.342149" lon="-121.891355"><ele>91.0</ele></trkpt>
     <trkpt lat="36.341694" lon="-121.891255"><ele>83.2</ele></trkpt>
     <trkpt lat="36.341284" lon="-121.890973"><ele>85.0</ele></trkpt>
     <trkpt lat="36.341149" lon="-121.890804"><ele>88.8</ele></trkpt>
     <trkpt lat="36.340956" lon="-121.890714"><ele>89.5</ele></trkpt>
     <trkpt lat="36.340755" lon="-121.890699"><ele>88.0</ele></trkpt>
     <trkpt lat="36.340386" lon="-121.890738"><ele>86.0</ele></trkpt>
     <trkpt lat="36.339743" lon="-121.891019"><ele>76.0</ele></trkpt>
     <trkpt lat="36.338995" lon="-121.891217"><ele>69.5</ele></trkpt>
     <trkpt lat="36.338256" lon="-121.891225"><ele>70.2</ele></trkpt>
     <trkpt lat="36.337475" lon="-121.891553"><ele>59.5</ele></trkpt>
     <trkpt lat="36.337174" lon="-121.891596"><ele>56.2</ele></trkpt>
     <trkpt lat="36.336827" lon="-121.891555"><ele>54.5</ele></trkpt>
     <trkpt lat="36.336642" lon="-121.891468"><ele>54.2</ele></trkpt>
     <trkpt lat="36.336378" lon="-121.891242"><ele>50.0</ele></trkpt>
     <trkpt lat="36.335371" lon="-121.889740"><ele>47.5</ele></trkpt>
     <trkpt lat="36.335072" lon="-121.889056"><ele>44.0</ele></trkpt>
     <trkpt lat="36.334776" lon="-121.888024"><ele>42.0</ele></trkpt>
     <trkpt lat="36.333907" lon="-121.886052"><ele>27.0</ele></trkpt>
     <trkpt lat="36.333641" lon="-121.885650"><ele>26.0</ele></trkpt>
     <trkpt lat="36.333402" lon="-121.885458"><ele>20.8</ele></trkpt>
     <trkpt lat="36.333137" lon="-121.885344"><ele>19.0</ele></trkpt>
     <trkpt lat="36.332875" lon="-121.885312"><ele>17.5</ele></trkpt>
     <trkpt lat="36.332499" lon="-121.885395"><ele>15.2</ele></trkpt>
     <trkpt lat="36.332166" lon="-121.885609"><ele>13.0</ele></trkpt>
     <trkpt lat="36.332034" lon="-121.885734"><ele>12.2</ele></trkpt>
     <trkpt lat="36.331837" lon="-121.886034"><ele>12.2</ele></trkpt>
     <trkpt lat="36.331718" lon="-121.886375"><ele>15.2</ele></trkpt>
     <trkpt lat="36.331682" lon="-121.886768"><ele>18.5</ele></trkpt>
     <trkpt lat="36.331760" lon="-121.888440"><ele>27.0</ele></trkpt>
     <trkpt lat="36.332060" lon="-121.889913"><ele>30.5</ele></trkpt>
     <trkpt lat="36.332035" lon="-121.890378"><ele>30.8</ele></trkpt>
     <trkpt lat="36.331860" lon="-121.890799"><ele>33.5</ele></trkpt>
     <trkpt lat="36.331359" lon="-121.891261"><ele>36.2</ele></trkpt>
     <trkpt lat="36.329426" lon="-121.892652"><ele>38.1</ele></trkpt>
     <trkpt lat="36.327493" lon="-121.894043"><ele>40.0</ele></trkpt>
     <trkpt lat="36.327129" lon="-121.894249"><ele>43.2</ele></trkpt>
     <trkpt lat="36.326772" lon="-121.894298"><ele>47.0</ele></trkpt>
     <trkpt lat="36.326382" lon="-121.894226"><ele>45.5</ele></trkpt>
     <trkpt lat="36.325753" lon="-121.893786"><ele>54.0</ele></trkpt>
     <trkpt lat="36.325420" lon="-121.893662"><ele>61.8</ele></trkpt>
     <trkpt lat="36.325183" lon="-121.893675"><ele>63.2</ele></trkpt>
     <trkpt lat="36.324504" lon="-121.893869"><ele>60.8</ele></trkpt>
     <trkpt lat="36.324139" lon="-121.893837"><ele>65.0</ele></trkpt>
     <trkpt lat="36.323919" lon="-121.893708"><ele>67.0</ele></trkpt>
     <trkpt lat="36.323522" lon="-121.893197"><ele>76.0</ele></trkpt>
     <trkpt lat="36.323356" lon="-121.893049"><ele>77.5</ele></trkpt>
     <trkpt lat="36.323152" lon="-121.892992"><ele>81.2</ele></trkpt>
     <trkpt lat="36.322897" lon="-121.892985"><ele>85.2</ele></trkpt>
     <trkpt lat="36.322231" lon="-121.893154"><ele>82.5</ele></trkpt>
     <trkpt lat="36.321962" lon="-121.893132"><ele>80.0</ele></trkpt>
     <trkpt lat="36.321697" lon="-121.893049"><ele>79.0</ele></trkpt>
     <trkpt lat="36.321016" lon="-121.892668"><ele>77.0</ele></trkpt>
     <trkpt lat="36.320716" lon="-121.892558"><ele>75.8</ele></trkpt>
     <trkpt lat="36.320241" lon="-121.892484"><ele>72.2</ele></trkpt>
     <trkpt lat="36.319577" lon="-121.892524"><ele>64.8</ele></trkpt>
     <trkpt lat="36.318896" lon="-121.892419"><ele>61.8</ele></trkpt>
     <trkpt lat="36.316400" lon="-121.891568"><ele>55.5</ele></trkpt>
     <trkpt lat="36.315639" lon="-121.891209"><ele>51.5</ele></trkpt>
     <trkpt lat="36.314830" lon="-121.890620"><ele>48.5</ele></trkpt>
     <trkpt lat="36.312881" lon="-121.888906"><ele>47.9</ele></trkpt>
     <trkpt lat="36.310932" lon="-121.887192"><ele>47.4</ele></trkpt>
     <trkpt lat="36.308983" lon="-121.885478"><ele>46.8</ele></trkpt>
     <trkpt lat="36.307034" lon="-121.883764"><ele>46.2</ele></trkpt>
     <trkpt lat="36.306634" lon="-121.883366"><ele>46.2</ele></trkpt>
     <trkpt lat="36.304924" lon="-121.881853"><ele>47.0</ele></trkpt>
     <trkpt lat="36.303213" lon="-121.880339"><ele>47.8</ele></trkpt>
     <trkpt lat="36.302545" lon="-121.879671"><ele>44.2</ele></trkpt>
     <trkpt lat="36.301609" lon="-121.878566"><ele>39.0</ele></trkpt>
     <trkpt lat="36.300641" lon="-121.877171"><ele>41.0</ele></trkpt>
     <trkpt lat="36.299833" lon="-121.875729"><ele>45.8</ele></trkpt>
     <trkpt lat="36.298500" lon="-121.872982"><ele>44.2</ele></trkpt>
     <trkpt lat="36.297166" lon="-121.870235"><ele>42.8</ele></trkpt>
     <trkpt lat="36.295833" lon="-121.867487"><ele>41.2</ele></trkpt>
     <trkpt lat="36.294500" lon="-121.864740"><ele>39.8</ele></trkpt>
     <trkpt lat="36.293166" lon="-121.861993"><ele>38.2</ele></trkpt>
     <trkpt lat="36.291833" lon="-121.859246"><ele>36.8</ele></trkpt>
     <trkpt lat="36.290499" lon="-121.856498"><ele>35.2</ele></trkpt>
     <trkpt lat="36.289166" lon="-121.853751"><ele>33.8</ele></trkpt>
     <trkpt lat="36.288865" lon="-121.852672"><ele>33.5</ele></trkpt>
     <trkpt lat="36.288785" lon="-121.852013"><ele>33.0</ele></trkpt>
     <trkpt lat="36.288782" lon="-121.851212"><ele>33.0</ele></trkpt>
     <trkpt lat="36.288925" lon="-121.848147"><ele>31.0</ele></trkpt>
     <trkpt lat="36.288889" lon="-121.846599"><ele>33.2</ele></trkpt>
     <trkpt lat="36.288619" lon="-121.844904"><ele>28.2</ele></trkpt>
     <trkpt lat="36.288266" lon="-121.843774"><ele>28.5</ele></trkpt>
     <trkpt lat="36.287943" lon="-121.843124"><ele>32.8</ele></trkpt>
     <trkpt lat="36.287596" lon="-121.842554"><ele>36.2</ele></trkpt>
     <trkpt lat="36.287174" lon="-121.842026"><ele>39.0</ele></trkpt>
     <trkpt lat="36.286812" lon="-121.841654"><ele>38.5</ele></trkpt>
     <trkpt lat="36.286334" lon="-121.841271"><ele>38.5</ele></trkpt>
     <trkpt lat="36.285435" lon="-121.840762"><ele>37.8</ele></trkpt>
     <trkpt lat="36.285052" lon="-121.840496"><ele>41.5</ele></trkpt>
     <trkpt lat="36.284755" lon="-121.840210"><ele>44.5</ele></trkpt>
     <trkpt lat="36.284487" lon="-121.839863"><ele>44.8</ele></trkpt>
     <trkpt lat="36.284252" lon="-121.839469"><ele>43.0</ele></trkpt>
     <trkpt lat="36.284058" lon="-121.839020"><ele>41.0</ele></trkpt>
     <trkpt lat="36.283411" lon="-121.836970"><ele>39.2</ele></trkpt>
     <trkpt lat="36.282765" lon="-121.834920"><ele>37.5</ele></trkpt>
     <trkpt lat="36.282525" lon="-121.834233"><ele>35.2</ele></trkpt>
     <trkpt lat="36.282209" lon="-121.833515"><ele>35.0</ele></trkpt>
     <trkpt lat="36.281661" lon="-121.832677"><ele>33.0</ele></trkpt>
     <trkpt lat="36.279924" lon="-121.830348"><ele>35.4</ele></trkpt>
     <trkpt lat="36.278187" lon="-121.828020"><ele>37.8</ele></trkpt>
     <trkpt lat="36.276450" lon="-121.825691"><ele>40.2</ele></trkpt>
     <trkpt lat="36.276079" lon="-121.825107"><ele>38.8</ele></trkpt>
     <trkpt lat="36.275737" lon="-121.824248"><ele>37.2</ele></trkpt>
     <trkpt lat="36.275533" lon="-121.823375"><ele>43.5</ele></trkpt>
     <trkpt lat="36.275469" lon="-121.822533"><ele>50.5</ele></trkpt>
     <trkpt lat="36.275519" lon="-121.820948"><ele>49.8</ele></trkpt>
     <trkpt lat="36.275438" lon="-121.820365"><ele>51.8</ele></trkpt>
     <trkpt lat="36.275086" lon="-121.819369"><ele>49.0</ele></trkpt>
     <trkpt lat="36.274771" lon="-121.818949"><ele>53.0</ele></trkpt>
     <trkpt lat="36.273484" lon="-121.817763"><ele>52.0</ele></trkpt>
     <trkpt lat="36.273013" lon="-121.817098"><ele>48.2</ele></trkpt>
     <trkpt lat="36.272755" lon="-121.816485"><ele>46.2</ele></trkpt>
     <trkpt lat="36.272596" lon="-121.815858"><ele>48.0</ele></trkpt>
     <trkpt lat="36.272546" lon="-121.815276"><ele>48.2</ele></trkpt>
     <trkpt lat="36.272612" lon="-121.814489"><ele>50.0</ele></trkpt>
     <trkpt lat="36.272807" lon="-121.813614"><ele>57.0</ele></trkpt>
     <trkpt lat="36.272837" lon="-121.812878"><ele>58.8</ele></trkpt>
     <trkpt lat="36.272792" lon="-121.812139"><ele>58.2</ele></trkpt>
     <trkpt lat="36.272657" lon="-121.811574"><ele>55.0</ele></trkpt>
     <trkpt lat="36.271840" lon="-121.809557"><ele>55.8</ele></trkpt>
     <trkpt lat="36.271401" lon="-121.808827"><ele>53.0</ele></trkpt>
     <trkpt lat="36.270849" lon="-121.808262"><ele>51.2</ele></trkpt>
     <trkpt lat="36.270470" lon="-121.808002"><ele>57.0</ele></trkpt>
     <trkpt lat="36.270408" lon="-121.808156"><ele>52.2</ele></trkpt>
     <trkpt lat="36.270679" lon="-121.808296"><ele>49.5</ele></trkpt>
     <trkpt lat="36.270686" lon="-121.808347"><ele>48.5</ele></trkpt>
     <trkpt lat="36.270679" lon="-121.808296"><ele>49.5</ele></trkpt>
     <trkpt lat="36.270512" lon="-121.808184"><ele>52.0</ele></trkpt>
     <trkpt lat="36.270319" lon="-121.808155"><ele>52.0</ele></trkpt>
     <trkpt lat="36.270274" lon="-121.808082"><ele>53.8</ele></trkpt>
     <trkpt lat="36.270393" lon="-121.807954"><ele>58.0</ele></trkpt>
     <trkpt lat="36.269521" lon="-121.807512"><ele>62.8</ele></trkpt>
     <trkpt lat="36.268976" lon="-121.806949"><ele>69.5</ele></trkpt>
     <trkpt lat="36.268519" lon="-121.806114"><ele>68.0</ele></trkpt>
     <trkpt lat="36.268152" lon="-121.805190"><ele>72.8</ele></trkpt>
     <trkpt lat="36.267741" lon="-121.804548"><ele>76.0</ele></trkpt>
     <trkpt lat="36.267390" lon="-121.804247"><ele>74.0</ele></trkpt>
     <trkpt lat="36.265708" lon="-121.803117"><ele>73.2</ele></trkpt>
     <trkpt lat="36.264935" lon="-121.802307"><ele>76.5</ele></trkpt>
     <trkpt lat="36.264734" lon="-121.802006"><ele>75.5</ele></trkpt>
     <trkpt lat="36.264439" lon="-121.801425"><ele>75.8</ele></trkpt>
     <trkpt lat="36.264239" lon="-121.800780"><ele>75.0</ele></trkpt>
     <trkpt lat="36.264146" lon="-121.800303"><ele>78.5</ele></trkpt>
     <trkpt lat="36.264124" lon="-121.799772"><ele>82.5</ele></trkpt>
     <trkpt lat="36.264226" lon="-121.797970"><ele>80.8</ele></trkpt>
     <trkpt lat="36.264328" lon="-121.796168"><ele>79.0</ele></trkpt>
     <trkpt lat="36.264308" lon="-121.795928"><ele>77.8</ele></trkpt>
     <trkpt lat="36.264232" lon="-121.795650"><ele>77.0</ele></trkpt>
     <trkpt lat="36.264041" lon="-121.795184"><ele>81.0</ele></trkpt>
     <trkpt lat="36.263708" lon="-121.794784"><ele>86.5</ele></trkpt>
     <trkpt lat="36.263293" lon="-121.794487"><ele>88.5</ele></trkpt>
     <trkpt lat="36.261383" lon="-121.793483"><ele>83.5</ele></trkpt>
     <trkpt lat="36.261092" lon="-121.793216"><ele>82.5</ele></trkpt>
     <trkpt lat="36.260846" lon="-121.792918"><ele>82.8</ele></trkpt>
     <trkpt lat="36.260578" lon="-121.792360"><ele>83.5</ele></trkpt>
     <trkpt lat="36.260082" lon="-121.790207"><ele>84.8</ele></trkpt>
     <trkpt lat="36.259898" lon="-121.789752"><ele>86.2</ele></trkpt>
     <trkpt lat="36.259332" lon="-121.788922"><ele>89.8</ele></trkpt>
     <trkpt lat="36.258733" lon="-121.788511"><ele>87.0</ele></trkpt>
     <trkpt lat="36.258356" lon="-121.788381"><ele>81.0</ele></trkpt>
     <trkpt lat="36.257768" lon="-121.788330"><ele>75.5</ele></trkpt>
     <trkpt lat="36.255820" lon="-121.788342"><ele>82.8</ele></trkpt>
     <trkpt lat="36.255483" lon="-121.788297"><ele>81.0</ele></trkpt>
     <trkpt lat="36.255141" lon="-121.788185"><ele>80.5</ele></trkpt>
     <trkpt lat="36.254515" lon="-121.787770"><ele>81.2</ele></trkpt>
     <trkpt lat="36.254114" lon="-121.787562"><ele>77.5</ele></trkpt>
     <trkpt lat="36.253761" lon="-121.787439"><ele>83.2</ele></trkpt>
     <trkpt lat="36.253276" lon="-121.787343"><ele>90.0</ele></trkpt>
     <trkpt lat="36.252815" lon="-121.787340"><ele>87.8</ele></trkpt>
     <trkpt lat="36.252728" lon="-121.787023"><ele>94.2</ele></trkpt>
     <trkpt lat="36.252617" lon="-121.786897"><ele>96.5</ele></trkpt>
     <trkpt lat="36.251759" lon="-121.786587"><ele>97.5</ele></trkpt>
     <trkpt lat="36.251629" lon="-121.786008"><ele>105.2</ele></trkpt>
     <trkpt lat="36.251712" lon="-121.785824"><ele>108.8</ele></trkpt>
     <trkpt lat="36.251425" lon="-121.785418"><ele>105.5</ele></trkpt>
     <trkpt lat="36.251387" lon="-121.785173"><ele>106.0</ele></trkpt>
     <trkpt lat="36.251477" lon="-121.784763"><ele>106.0</ele></trkpt>
     <trkpt lat="36.251824" lon="-121.784425"><ele>108.5</ele></trkpt>
     <trkpt lat="36.252115" lon="-121.784270"><ele>112.5</ele></trkpt>
     <trkpt lat="36.252280" lon="-121.784096"><ele>116.0</ele></trkpt>
     <trkpt lat="36.252335" lon="-121.783862"><ele>118.2</ele></trkpt>
     <trkpt lat="36.252663" lon="-121.783320"><ele>130.2</ele></trkpt>
     <trkpt lat="36.252869" lon="-121.782801"><ele>144.2</ele></trkpt>
     <trkpt lat="36.252923" lon="-121.782951"><ele>143.5</ele></trkpt>
     <trkpt lat="36.253113" lon="-121.782901"><ele>150.0</ele></trkpt>
     <trkpt lat="36.253105" lon="-121.782783"><ele>152.0</ele></trkpt>
     <trkpt lat="36.253227" lon="-121.782836"><ele>154.8</ele></trkpt>
     <trkpt lat="36.253207" lon="-121.782742"><ele>156.0</ele></trkpt>
     <trkpt lat="36.253348" lon="-121.782959"><ele>155.8</ele></trkpt>
     <trkpt lat="36.253338" lon="-121.783029"><ele>154.2</ele></trkpt>
    </trkseg>
  </trk>
</gpx>
