<?xml version="1.0" encoding="UTF-8"?>
<gpx version="1.1" creator="velo-build_pch_route" xmlns="http://www.topografix.com/GPX/1/1" xmlns:xsi="http://www.w3.org/2001/XMLSchema-instance" xsi:schemaLocation="http://www.topografix.com/GPX/1/1 http://www.topografix.com/GPX/1/1/gpx.xsd">
  <metadata>
    <name>Day 2 - Limekiln State Park to Refugio State Beach</name>
    <desc>The southern Big Sur coast (Kirk Creek, Gorda, Ragged Point), the elephant seals at Piedras Blancas, Cambria and Morro Bay, inland to San Luis Obispo, down the dunes through Guadalupe to Lompoc, over the Santa Rosa Hills to Las Cruces and out to the Gaviota coast.</desc>
    <time>2026-08-04T17:12:47Z</time>
  </metadata>
  <trk>
    <name>Day 2 - Limekiln State Park to Refugio State Beach</name>
    <trkseg>
     <trkpt lat="36.009981" lon="-121.518383"><ele>30.0</ele></trkpt>
     <trkpt lat="36.010114" lon="-121.518343"><ele>30.8</ele></trkpt>
     <trkpt lat="36.009933" lon="-121.518139"><ele>36.8</ele></trkpt>
     <trkpt lat="36.009408" lon="-121.517914"><ele>38.0</ele></trkpt>
     <trkpt lat="36.009187" lon="-121.517957"><ele>33.2</ele></trkpt>
     <trkpt lat="36.009025" lon="-121.518070"><ele>28.2</ele></trkpt>
     <trkpt lat="36.008900" lon="-121.518220"><ele>23.5</ele></trkpt>
     <trkpt lat="36.008766" lon="-121.518268"><ele>22.2</ele></trkpt>
     <trkpt lat="36.008648" lon="-121.518165"><ele>23.8</ele></trkpt>
     <trkpt lat="36.008545" lon="-121.518204"><ele>22.8</ele></trkpt>
     <trkpt lat="36.008415" lon="-121.517815"><ele>26.0</ele></trkpt>
     <trkpt lat="36.008208" lon="-121.516445"><ele>38.5</ele></trkpt>
     <trkpt lat="36.007878" lon="-121.515218"><ele>42.2</ele></trkpt>
     <trkpt lat="36.007865" lon="-121.513923"><ele>44.5</ele></trkpt>
     <trkpt lat="36.007774" lon="-121.513334"><ele>41.0</ele></trkpt>
     <trkpt lat="36.007610" lon="-121.512770"><ele>45.2</ele></trkpt>
     <trkpt lat="36.007121" lon="-121.511475"><ele>53.2</ele></trkpt>
     <trkpt lat="36.006999" lon="-121.511255"><ele>52.8</ele></trkpt>
     <trkpt lat="36.006343" lon="-121.510299"><ele>47.5</ele></trkpt>
     <trkpt lat="36.005669" lon="-121.509182"><ele>50.8</ele></trkpt>
     <trkpt lat="36.005250" lon="-121.508755"><ele>49.0</ele></trkpt>
     <trkpt lat="36.004681" lon="-121.507858"><ele>53.5</ele></trkpt>
     <trkpt lat="36.003855" lon="-121.506914"><ele>58.8</ele></trkpt>
     <trkpt lat="36.003373" lon="-121.506166"><ele>58.5</ele></trkpt>
     <trkpt lat="36.002763" lon="-121.505068"><ele>71.0</ele></trkpt>
     <trkpt lat="36.002253" lon="-121.504556"><ele>67.2</ele></trkpt>
     <trkpt lat="36.001787" lon="-121.503857"><ele>68.5</ele></trkpt>
     <trkpt lat="36.001116" lon="-121.502989"><ele>69.0</ele></trkpt>
     <trkpt lat="36.000884" lon="-121.502616"><ele>69.0</ele></trkpt>
     <trkpt lat="36.000618" lon="-121.501992"><ele>75.5</ele></trkpt>
     <trkpt lat="36.000413" lon="-121.501654"><ele>75.8</ele></trkpt>
     <trkpt lat="36.000180" lon="-121.501378"><ele>80.8</ele></trkpt>
     <trkpt lat="35.999642" lon="-121.500958"><ele>80.0</ele></trkpt>
     <trkpt lat="35.998892" lon="-121.500236"><ele>75.8</ele></trkpt>
     <trkpt lat="35.996956" lon="-121.498690"><ele>86.8</ele></trkpt>
     <trkpt lat="35.996511" lon="-121.498254"><ele>88.8</ele></trkpt>
     <trkpt lat="35.996050" lon="-121.498007"><ele>93.2</ele></trkpt>
     <trkpt lat="35.994137" lon="-121.497165"><ele>82.9</ele></trkpt>
     <trkpt lat="35.992224" lon="-121.496324"><ele>72.5</ele></trkpt>
     <trkpt lat="35.990089" lon="-121.494918"><ele>60.2</ele></trkpt>
     <trkpt lat="35.990003" lon="-121.495099"><ele>55.8</ele></trkpt>
     <trkpt lat="35.989868" lon="-121.495233"><ele>53.8</ele></trkpt>
     <trkpt lat="35.989635" lon="-121.495099"><ele>54.0</ele></trkpt>
     <trkpt lat="35.989556" lon="-121.495109"><ele>53.5</ele></trkpt>
     <trkpt lat="35.989406" lon="-121.495219"><ele>51.5</ele></trkpt>
     <trkpt lat="35.989119" lon="-121.495639"><ele>43.8</ele></trkpt>
     <trkpt lat="35.989153" lon="-121.495814"><ele>42.8</ele></trkpt>
     <trkpt lat="35.989300" lon="-121.495963"><ele>40.5</ele></trkpt>
     <trkpt lat="35.989514" lon="-121.495937"><ele>42.5</ele></trkpt>
     <trkpt lat="35.989738" lon="-121.495763"><ele>47.0</ele></trkpt>
     <trkpt lat="35.989843" lon="-121.495530"><ele>50.2</ele></trkpt>
     <trkpt lat="35.989868" lon="-121.495233"><ele>53.8</ele></trkpt>
     <trkpt lat="35.990003" lon="-121.495099"><ele>55.8</ele></trkpt>
     <trkpt lat="35.990089" lon="-121.494918"><ele>60.2</ele></trkpt>
     <trkpt lat="35.989714" lon="-121.494681"><ele>59.0</ele></trkpt>
     <trkpt lat="35.988660" lon="-121.494144"><ele>58.5</ele></trkpt>
     <trkpt lat="35.986162" lon="-121.492998"><ele>45.0</ele></trkpt>
     <trkpt lat="35.985277" lon="-121.492698"><ele>36.0</ele></trkpt>
     <trkpt lat="35.984900" lon="-121.492392"><ele>36.5</ele></trkpt>
     <trkpt lat="35.984586" lon="-121.491954"><ele>37.0</ele></trkpt>
     <trkpt lat="35.984314" lon="-121.491685"><ele>34.8</ele></trkpt>
     <trkpt lat="35.983857" lon="-121.491344"><ele>27.2</ele></trkpt>
     <trkpt lat="35.983349" lon="-121.491070"><ele>18.0</ele></trkpt>
     <trkpt lat="35.981668" lon="-121.490224"><ele>29.5</ele></trkpt>
     <trkpt lat="35.981198" lon="-121.490050"><ele>38.0</ele></trkpt>
     <trkpt lat="35.980745" lon="-121.490063"><ele>39.0</ele></trkpt>
     <trkpt lat="35.980401" lon="-121.490139"><ele>33.5</ele></trkpt>
     <trkpt lat="35.980060" lon="-121.490100"><ele>33.5</ele></trkpt>
     <trkpt lat="35.979819" lon="-121.489982"><ele>34.8</ele></trkpt>
     <trkpt lat="35.979160" lon="-121.489485"><ele>46.2</ele></trkpt>
     <trkpt lat="35.978747" lon="-121.489243"><ele>49.5</ele></trkpt>
     <trkpt lat="35.976221" lon="-121.488365"><ele>50.8</ele></trkpt>
     <trkpt lat="35.975030" lon="-121.487894"><ele>66.8</ele></trkpt>
     <trkpt lat="35.974333" lon="-121.487750"><ele>61.8</ele></trkpt>
     <trkpt lat="35.973725" lon="-121.487511"><ele>57.5</ele></trkpt>
     <trkpt lat="35.973446" lon="-121.487358"><ele>53.8</ele></trkpt>
     <trkpt lat="35.972224" lon="-121.486201"><ele>52.2</ele></trkpt>
     <trkpt lat="35.971282" lon="-121.485187"><ele>57.0</ele></trkpt>
     <trkpt lat="35.970766" lon="-121.484780"><ele>60.8</ele></trkpt>
     <trkpt lat="35.970347" lon="-121.484508"><ele>66.5</ele></trkpt>
     <trkpt lat="35.968703" lon="-121.483631"><ele>64.0</ele></trkpt>
     <trkpt lat="35.968512" lon="-121.483554"><ele>64.0</ele></trkpt>
     <trkpt lat="35.967921" lon="-121.483442"><ele>64.0</ele></trkpt>
     <trkpt lat="35.967437" lon="-121.483470"><ele>64.2</ele></trkpt>
     <trkpt lat="35.965816" lon="-121.484047"><ele>50.8</ele></trkpt>
     <trkpt lat="35.965472" lon="-121.484122"><ele>48.0</ele></trkpt>
     <trkpt lat="35.965056" lon="-121.484131"><ele>48.0</ele></trkpt>
     <trkpt lat="35.963410" lon="-121.483970"><ele>48.9</ele></trkpt>
     <trkpt lat="35.961765" lon="-121.483810"><ele>49.8</ele></trkpt>
     <trkpt lat="35.961421" lon="-121.483680"><ele>52.0</ele></trkpt>
     <trkpt lat="35.961076" lon="-121.483485"><ele>55.5</ele></trkpt>
     <trkpt lat="35.959984" lon="-121.482699"><ele>68.5</ele></trkpt>
     <trkpt lat="35.959585" lon="-121.482459"><ele>72.5</ele></trkpt>
     <trkpt lat="35.958561" lon="-121.481962"><ele>77.8</ele></trkpt>
     <trkpt lat="35.957752" lon="-121.481694"><ele>79.8</ele></trkpt>
     <trkpt lat="35.956951" lon="-121.481520"><ele>79.0</ele></trkpt>
     <trkpt lat="35.956296" lon="-121.481455"><ele>79.2</ele></trkpt>
     <trkpt lat="35.954539" lon="-121.481426"><ele>67.0</ele></trkpt>
     <trkpt lat="35.953923" lon="-121.481339"><ele>65.2</ele></trkpt>
     <trkpt lat="35.952843" lon="-121.481018"><ele>60.2</ele></trkpt>
     <trkpt lat="35.951775" lon="-121.480547"><ele>53.2</ele></trkpt>
     <trkpt lat="35.949609" lon="-121.479046"><ele>51.3</ele></trkpt>
     <trkpt lat="35.947443" lon="-121.477545"><ele>49.4</ele></trkpt>
     <trkpt lat="35.945278" lon="-121.476044"><ele>47.5</ele></trkpt>
     <trkpt lat="35.943112" lon="-121.474542"><ele>45.6</ele></trkpt>
     <trkpt lat="35.940946" lon="-121.473041"><ele>43.7</ele></trkpt>
     <trkpt lat="35.938780" lon="-121.471540"><ele>41.8</ele></trkpt>
     <trkpt lat="35.937200" lon="-121.470409"><ele>36.0</ele></trkpt>
     <trkpt lat="35.936333" lon="-121.469881"><ele>39.8</ele></trkpt>
     <trkpt lat="35.935281" lon="-121.469416"><ele>41.0</ele></trkpt>
     <trkpt lat="35.933136" lon="-121.468964"><ele>47.4</ele></trkpt>
     <trkpt lat="35.930990" lon="-121.468513"><ele>53.8</ele></trkpt>
     <trkpt lat="35.929120" lon="-121.467787"><ele>55.3</ele></trkpt>
     <trkpt lat="35.927250" lon="-121.467060"><ele>56.9</ele></trkpt>
     <trkpt lat="35.925380" lon="-121.466334"><ele>58.5</ele></trkpt>
     <trkpt lat="35.924683" lon="-121.466158"><ele>62.0</ele></trkpt>
     <trkpt lat="35.923521" lon="-121.466036"><ele>62.2</ele></trkpt>
     <trkpt lat="35.922757" lon="-121.466050"><ele>57.5</ele></trkpt>
     <trkpt lat="35.921977" lon="-121.466161"><ele>54.0</ele></trkpt>
     <trkpt lat="35.921420" lon="-121.466285"><ele>55.0</ele></trkpt>
     <trkpt lat="35.920348" lon="-121.466679"><ele>62.2</ele></trkpt>
     <trkpt lat="35.919693" lon="-121.467046"><ele>61.8</ele></trkpt>
     <trkpt lat="35.918954" lon="-121.467577"><ele>61.2</ele></trkpt>
     <trkpt lat="35.918806" lon="-121.467011"><ele>67.0</ele></trkpt>
     <trkpt lat="35.918862" lon="-121.466709"><ele>68.8</ele></trkpt>
     <trkpt lat="35.918767" lon="-121.466377"><ele>70.2</ele></trkpt>
     <trkpt lat="35.918665" lon="-121.466132"><ele>71.2</ele></trkpt>
     <trkpt lat="35.918551" lon="-121.465986"><ele>72.0</ele></trkpt>
     <trkpt lat="35.918325" lon="-121.465875"><ele>73.0</ele></trkpt>
     <trkpt lat="35.918051" lon="-121.466107"><ele>77.5</ele></trkpt>
     <trkpt lat="35.918047" lon="-121.466786"><ele>73.8</ele></trkpt>
     <trkpt lat="35.918084" lon="-121.467060"><ele>72.5</ele></trkpt>
     <trkpt lat="35.918274" lon="-121.467344"><ele>70.5</ele></trkpt>
     <trkpt lat="35.918806" lon="-121.467011"><ele>67.0</ele></trkpt>
     <trkpt lat="35.918954" lon="-121.467577"><ele>61.2</ele></trkpt>
     <trkpt lat="35.918054" lon="-121.468274"><ele>62.0</ele></trkpt>
     <trkpt lat="35.917316" lon="-121.468775"><ele>62.2</ele></trkpt>
     <trkpt lat="35.916763" lon="-121.469064"><ele>63.0</ele></trkpt>
     <trkpt lat="35.916157" lon="-121.469221"><ele>64.5</ele></trkpt>
     <trkpt lat="35.915446" lon="-121.469200"><ele>65.8</ele></trkpt>
     <trkpt lat="35.914805" lon="-121.469039"><ele>67.0</ele></trkpt>
     <trkpt lat="35.913727" lon="-121.468314"><ele>64.5</ele></trkpt>
     <trkpt lat="35.911526" lon="-121.466492"><ele>77.2</ele></trkpt>
     <trkpt lat="35.909325" lon="-121.464670"><ele>90.0</ele></trkpt>
     <trkpt lat="35.907124" lon="-121.462848"><ele>102.8</ele></trkpt>
     <trkpt lat="35.906889" lon="-121.462670"><ele>101.0</ele></trkpt>
     <trkpt lat="35.905560" lon="-121.462165"><ele>88.5</ele></trkpt>
     <trkpt lat="35.905409" lon="-121.462058"><ele>88.2</ele></trkpt>
     <trkpt lat="35.905139" lon="-121.461646"><ele>98.0</ele></trkpt>
     <trkpt lat="35.904916" lon="-121.461400"><ele>100.8</ele></trkpt>
     <trkpt lat="35.904732" lon="-121.461231"><ele>102.2</ele></trkpt>
     <trkpt lat="35.904533" lon="-121.461133"><ele>101.5</ele></trkpt>
     <trkpt lat="35.904378" lon="-121.461086"><ele>100.0</ele></trkpt>
     <trkpt lat="35.904048" lon="-121.461102"><ele>95.5</ele></trkpt>
     <trkpt lat="35.903184" lon="-121.461418"><ele>88.2</ele></trkpt>
     <trkpt lat="35.901178" lon="-121.462674"><ele>79.2</ele></trkpt>
     <trkpt lat="35.900876" lon="-121.462771"><ele>82.5</ele></trkpt>
     <trkpt lat="35.900583" lon="-121.462783"><ele>80.5</ele></trkpt>
     <trkpt lat="35.900236" lon="-121.462691"><ele>78.5</ele></trkpt>
     <trkpt lat="35.899801" lon="-121.462366"><ele>71.2</ele></trkpt>
     <trkpt lat="35.899593" lon="-121.462053"><ele>69.0</ele></trkpt>
     <trkpt lat="35.899236" lon="-121.461242"><ele>79.2</ele></trkpt>
     <trkpt lat="35.899045" lon="-121.460895"><ele>82.8</ele></trkpt>
     <trkpt lat="35.898610" lon="-121.460401"><ele>78.0</ele></trkpt>
     <trkpt lat="35.898107" lon="-121.460054"><ele>70.2</ele></trkpt>
     <trkpt lat="35.897829" lon="-121.459926"><ele>67.5</ele></trkpt>
     <trkpt lat="35.896978" lon="-121.459719"><ele>66.2</ele></trkpt>
     <trkpt lat="35.896692" lon="-121.459670"><ele>67.5</ele></trkpt>
     <trkpt lat="35.896052" lon="-121.459748"><ele>55.8</ele></trkpt>
     <trkpt lat="35.895705" lon="-121.459868"><ele>49.5</ele></trkpt>
     <trkpt lat="35.895429" lon="-121.460115"><ele>44.2</ele></trkpt>
     <trkpt lat="35.895221" lon="-121.460211"><ele>43.2</ele></trkpt>
     <trkpt lat="35.894579" lon="-121.460390"><ele>42.5</ele></trkpt>
     <trkpt lat="35.892741" lon="-121.460683"><ele>40.8</ele></trkpt>
     <trkpt lat="35.891218" lon="-121.460684"><ele>50.5</ele></trkpt>
     <trkpt lat="35.890580" lon="-121.460860"><ele>53.5</ele></trkpt>
     <trkpt lat="35.889995" lon="-121.461181"><ele>61.2</ele></trkpt>
     <trkpt lat="35.889749" lon="-121.461208"><ele>61.5</ele></trkpt>
     <trkpt lat="35.889256" lon="-121.461145"><ele>64.2</ele></trkpt>
     <trkpt lat="35.888318" lon="-121.460575"><ele>71.0</ele></trkpt>
     <trkpt lat="35.887525" lon="-121.460547"><ele>66.0</ele></trkpt>
     <trkpt lat="35.887202" lon="-121.460444"><ele>68.5</ele></trkpt>
     <trkpt lat="35.886972" lon="-121.460284"><ele>72.2</ele></trkpt>
     <trkpt lat="35.886606" lon="-121.459921"><ele>76.2</ele></trkpt>
     <trkpt lat="35.885580" lon="-121.458721"><ele>81.0</ele></trkpt>
     <trkpt lat="35.885766" lon="-121.458595"><ele>84.0</ele></trkpt>
     <trkpt lat="35.885592" lon="-121.458041"><ele>89.5</ele></trkpt>
     <trkpt lat="35.885392" lon="-121.457188"><ele>100.0</ele></trkpt>
     <trkpt lat="35.885474" lon="-121.457108"><ele>101.8</ele></trkpt>
     <trkpt lat="35.885568" lon="-121.457122"><ele>102.0</ele></trkpt>
     <trkpt lat="35.885697" lon="-121.457210"><ele>100.8</ele></trkpt>
     <trkpt lat="35.886298" lon="-121.457422"><ele>106.5</ele></trkpt>
     <trkpt lat="35.886383" lon="-121.457322"><ele>109.0</ele></trkpt>
     <trkpt lat="35.886407" lon="-121.457175"><ele>110.8</ele></trkpt>
     <trkpt lat="35.886382" lon="-121.457054"><ele>111.5</ele></trkpt>
     <trkpt lat="35.886062" lon="-121.456493"><ele>114.2</ele></trkpt>
     <trkpt lat="35.885872" lon="-121.455765"><ele>121.5</ele></trkpt>
     <trkpt lat="35.885872" lon="-121.455197"><ele>125.2</ele></trkpt>
     <trkpt lat="35.885683" lon="-121.454678"><ele>129.2</ele></trkpt>
     <trkpt lat="35.885603" lon="-121.454562"><ele>130.0</ele></trkpt>
     <trkpt lat="35.885029" lon="-121.453885"><ele>124.0</ele></trkpt>
     <trkpt lat="35.884733" lon="-121.453708"><ele>120.8</ele></trkpt>
     <trkpt lat="35.884595" lon="-121.453681"><ele>119.8</ele></trkpt>
     <trkpt lat="35.884275" lon="-121.453833"><ele>116.8</ele></trkpt>
     <trkpt lat="35.884061" lon="-121.454134"><ele>113.8</ele></trkpt>
     <trkpt lat="35.884040" lon="-121.454397"><ele>115.2</ele></trkpt>
     <trkpt lat="35.884066" lon="-121.454532"><ele>116.2</ele></trkpt>
     <trkpt lat="35.884165" lon="-121.454727"><ele>118.5</ele></trkpt>
     <trkpt lat="35.884248" lon="-121.454749"><ele>119.8</ele></trkpt>
     <trkpt lat="35.884538" lon="-121.454633"><ele>122.0</ele></trkpt>
     <trkpt lat="35.884667" lon="-121.454735"><ele>124.0</ele></trkpt>
     <trkpt lat="35.884691" lon="-121.454858"><ele>125.0</ele></trkpt>
     <trkpt lat="35.884668" lon="-121.454989"><ele>125.5</ele></trkpt>
     <trkpt lat="35.884601" lon="-121.455110"><ele>124.5</ele></trkpt>
     <trkpt lat="35.884455" lon="-121.455210"><ele>122.5</ele></trkpt>
     <trkpt lat="35.884297" lon="-121.455170"><ele>121.0</ele></trkpt>
     <trkpt lat="35.884455" lon="-121.455210"><ele>122.5</ele></trkpt>
     <trkpt lat="35.884601" lon="-121.455110"><ele>124.5</ele></trkpt>
     <trkpt lat="35.884668" lon="-121.454989"><ele>125.5</ele></trkpt>
     <trkpt lat="35.884691" lon="-121.454858"><ele>125.0</ele></trkpt>
     <trkpt lat="35.884667" lon="-121.454735"><ele>124.0</ele></trkpt>
     <trkpt lat="35.884538" lon="-121.454633"><ele>122.0</ele></trkpt>
     <trkpt lat="35.884248" lon="-121.454749"><ele>119.8</ele></trkpt>
     <trkpt lat="35.884165" lon="-121.454727"><ele>118.5</ele></trkpt>
     <trkpt lat="35.884066" lon="-121.454532"><ele>116.2</ele></trkpt>
     <trkpt lat="35.884040" lon="-121.454397"><ele>115.2</ele></trkpt>
     <trkpt lat="35.884061" lon="-121.454134"><ele>113.8</ele></trkpt>
     <trkpt lat="35.884275" lon="-121.453833"><ele>116.8</ele></trkpt>
     <trkpt lat="35.884595" lon="-121.453681"><ele>119.8</ele></trkpt>
     <trkpt lat="35.884878" lon="-121.453772"><ele>122.0</ele></trkpt>
     <trkpt lat="35.885029" lon="-121.453885"><ele>124.0</ele></trkpt>
     <trkpt lat="35.885603" lon="-121.454562"><ele>130.0</ele></trkpt>
     <trkpt lat="35.885786" lon="-121.454928"><ele>126.8</ele></trkpt>
     <trkpt lat="35.885872" lon="-121.455197"><ele>125.2</ele></trkpt>
     <trkpt lat="35.885872" lon="-121.455765"><ele>121.5</ele></trkpt>
     <trkpt lat="35.886062" lon="-121.456493"><ele>114.2</ele></trkpt>
     <trkpt lat="35.886382" lon="-121.457054"><ele>111.5</ele></trkpt>
     <trkpt lat="35.886407" lon="-121.457175"><ele>110.8</ele></trkpt>
     <trkpt lat="35.886383" lon="-121.457322"><ele>109.0</ele></trkpt>
     <trkpt lat="35.886298" lon="-121.457422"><ele>106.5</ele></trkpt>
     <trkpt lat="35.885697" lon="-121.457210"><ele>100.8</ele></trkpt>
     <trkpt lat="35.885568" lon="-121.457122"><ele>102.0</ele></trkpt>
     <trkpt lat="35.885474" lon="-121.457108"><ele>101.8</ele></trkpt>
     <trkpt lat="35.885392" lon="-121.457188"><ele>100.0</ele></trkpt>
     <trkpt lat="35.885592" lon="-121.458041"><ele>89.5</ele></trkpt>
     <trkpt lat="35.885766" lon="-121.458595"><ele>84.0</ele></trkpt>
     <trkpt lat="35.885580" lon="-121.458721"><ele>81.0</ele></trkpt>
     <trkpt lat="35.884500" lon="-121.457473"><ele>85.2</ele></trkpt>
     <trkpt lat="35.883420" lon="-121.456226"><ele>89.5</ele></trkpt>
     <trkpt lat="35.882840" lon="-121.455464"><ele>86.5</ele></trkpt>
     <trkpt lat="35.882609" lon="-121.454952"><ele>91.8</ele></trkpt>
     <trkpt lat="35.882504" lon="-121.454609"><ele>90.8</ele></trkpt>
     <trkpt lat="35.882210" lon="-121.453281"><ele>83.5</ele></trkpt>
     <trkpt lat="35.881898" lon="-121.452506"><ele>97.2</ele></trkpt>
     <trkpt lat="35.881714" lon="-121.452184"><ele>99.2</ele></trkpt>
     <trkpt lat="35.880549" lon="-121.450843"><ele>103.5</ele></trkpt>
     <trkpt lat="35.878851" lon="-121.449015"><ele>106.8</ele></trkpt>
     <trkpt lat="35.877693" lon="-121.447669"><ele>112.0</ele></trkpt>
     <trkpt lat="35.876545" lon="-121.446440"><ele>104.8</ele></trkpt>
     <trkpt lat="35.875492" lon="-121.445611"><ele>114.8</ele></trkpt>
     <trkpt lat="35.874792" lon="-121.445220"><ele>116.5</ele></trkpt>
     <trkpt lat="35.872655" lon="-121.444267"><ele>105.2</ele></trkpt>
     <trkpt lat="35.872336" lon="-121.444052"><ele>103.0</ele></trkpt>
     <trkpt lat="35.872063" lon="-121.443759"><ele>99.8</ele></trkpt>
     <trkpt lat="35.871843" lon="-121.443404"><ele>101.0</ele></trkpt>
     <trkpt lat="35.871692" lon="-121.442987"><ele>99.0</ele></trkpt>
     <trkpt lat="35.871031" lon="-121.439886"><ele>97.5</ele></trkpt>
     <trkpt lat="35.870892" lon="-121.439460"><ele>90.0</ele></trkpt>
     <trkpt lat="35.870660" lon="-121.439062"><ele>88.8</ele></trkpt>
     <trkpt lat="35.869522" lon="-121.437880"><ele>94.8</ele></trkpt>
     <trkpt lat="35.867791" lon="-121.436207"><ele>102.8</ele></trkpt>
     <trkpt lat="35.867488" lon="-121.435979"><ele>105.2</ele></trkpt>
     <trkpt lat="35.866874" lon="-121.435705"><ele>84.2</ele></trkpt>
     <trkpt lat="35.866628" lon="-121.435509"><ele>78.8</ele></trkpt>
     <trkpt lat="35.866468" lon="-121.435222"><ele>78.2</ele></trkpt>
     <trkpt lat="35.866331" lon="-121.434722"><ele>84.0</ele></trkpt>
     <trkpt lat="35.866050" lon="-121.434036"><ele>81.0</ele></trkpt>
     <trkpt lat="35.865287" lon="-121.432883"><ele>56.2</ele></trkpt>
     <trkpt lat="35.864275" lon="-121.431940"><ele>45.5</ele></trkpt>
     <trkpt lat="35.864021" lon="-121.431619"><ele>44.2</ele></trkpt>
     <trkpt lat="35.863935" lon="-121.431477"><ele>43.8</ele></trkpt>
     <trkpt lat="35.863326" lon="-121.429649"><ele>39.5</ele></trkpt>
     <trkpt lat="35.863200" lon="-121.429400"><ele>43.5</ele></trkpt>
     <trkpt lat="35.862957" lon="-121.429062"><ele>46.0</ele></trkpt>
     <trkpt lat="35.862083" lon="-121.428266"><ele>40.0</ele></trkpt>
     <trkpt lat="35.861078" lon="-121.426331"><ele>45.0</ele></trkpt>
     <trkpt lat="35.860323" lon="-121.425196"><ele>33.8</ele></trkpt>
     <trkpt lat="35.860073" lon="-121.424633"><ele>33.0</ele></trkpt>
     <trkpt lat="35.859956" lon="-121.424310"><ele>33.8</ele></trkpt>
     <trkpt lat="35.859832" lon="-121.423768"><ele>35.0</ele></trkpt>
     <trkpt lat="35.859543" lon="-121.422187"><ele>36.5</ele></trkpt>
     <trkpt lat="35.859184" lon="-121.420643"><ele>32.0</ele></trkpt>
     <trkpt lat="35.858875" lon="-121.418555"><ele>30.5</ele></trkpt>
     <trkpt lat="35.858482" lon="-121.416709"><ele>23.2</ele></trkpt>
     <trkpt lat="35.858151" lon="-121.415857"><ele>28.2</ele></trkpt>
     <trkpt lat="35.857742" lon="-121.415005"><ele>33.5</ele></trkpt>
     <trkpt lat="35.857386" lon="-121.414436"><ele>33.5</ele></trkpt>
     <trkpt lat="35.856211" lon="-121.412798"><ele>49.2</ele></trkpt>
     <trkpt lat="35.855941" lon="-121.412473"><ele>44.8</ele></trkpt>
     <trkpt lat="35.855424" lon="-121.411978"><ele>45.8</ele></trkpt>
     <trkpt lat="35.854997" lon="-121.411699"><ele>32.0</ele></trkpt>
     <trkpt lat="35.854705" lon="-121.411585"><ele>37.2</ele></trkpt>
     <trkpt lat="35.854007" lon="-121.411526"><ele>31.2</ele></trkpt>
     <trkpt lat="35.853861" lon="-121.411434"><ele>32.8</ele></trkpt>
     <trkpt lat="35.853707" lon="-121.411273"><ele>36.2</ele></trkpt>
     <trkpt lat="35.853236" lon="-121.410416"><ele>58.2</ele></trkpt>
     <trkpt lat="35.852963" lon="-121.410144"><ele>60.0</ele></trkpt>
     <trkpt lat="35.852688" lon="-121.409975"><ele>52.8</ele></trkpt>
     <trkpt lat="35.852387" lon="-121.409853"><ele>48.2</ele></trkpt>
     <trkpt lat="35.851060" lon="-121.409524"><ele>48.2</ele></trkpt>
     <trkpt lat="35.850821" lon="-121.409412"><ele>48.2</ele></trkpt>
     <trkpt lat="35.850665" lon="-121.409291"><ele>48.2</ele></trkpt>
     <trkpt lat="35.850106" lon="-121.408301"><ele>47.2</ele></trkpt>
     <trkpt lat="35.849613" lon="-121.407828"><ele>47.5</ele></trkpt>
     <trkpt lat="35.849319" lon="-121.407614"><ele>47.8</ele></trkpt>
     <trkpt lat="35.848796" lon="-121.407315"><ele>48.0</ele></trkpt>
     <trkpt lat="35.848411" lon="-121.407197"><ele>54.2</ele></trkpt>
     <trkpt lat="35.846918" lon="-121.407082"><ele>66.5</ele></trkpt>
     <trkpt lat="35.846658" lon="-121.407018"><ele>63.0</ele></trkpt>
     <trkpt lat="35.846474" lon="-121.406860"><ele>66.0</ele></trkpt>
     <trkpt lat="35.846330" lon="-121.406633"><ele>71.5</ele></trkpt>
     <trkpt lat="35.846239" lon="-121.406289"><ele>77.8</ele></trkpt>
     <trkpt lat="35.846239" lon="-121.406010"><ele>85.0</ele></trkpt>
     <trkpt lat="35.846188" lon="-121.405744"><ele>90.0</ele></trkpt>
     <trkpt lat="35.846049" lon="-121.405567"><ele>90.8</ele></trkpt>
     <trkpt lat="35.845704" lon="-121.405493"><ele>86.8</ele></trkpt>
     <trkpt lat="35.844849" lon="-121.405584"><ele>73.0</ele></trkpt>
     <trkpt lat="35.844657" lon="-121.405512"><ele>69.0</ele></trkpt>
     <trkpt lat="35.844329" lon="-121.405211"><ele>70.0</ele></trkpt>
     <trkpt lat="35.844186" lon="-121.404999"><ele>74.5</ele></trkpt>
     <trkpt lat="35.843920" lon="-121.404324"><ele>86.0</ele></trkpt>
     <trkpt lat="35.843781" lon="-121.404083"><ele>88.2</ele></trkpt>
     <trkpt lat="35.843271" lon="-121.403439"><ele>92.8</ele></trkpt>
     <trkpt lat="35.842362" lon="-121.401643"><ele>110.8</ele></trkpt>
     <trkpt lat="35.842072" lon="-121.401234"><ele>115.5</ele></trkpt>
     <trkpt lat="35.841834" lon="-121.401039"><ele>117.2</ele></trkpt>
     <trkpt lat="35.841419" lon="-121.400878"><ele>120.5</ele></trkpt>
     <trkpt lat="35.841130" lon="-121.400861"><ele>122.8</ele></trkpt>
     <trkpt lat="35.840425" lon="-121.401042"><ele>108.8</ele></trkpt>
     <trkpt lat="35.840176" lon="-121.401025"><ele>104.8</ele></trkpt>
     <trkpt lat="35.839984" lon="-121.400893"><ele>108.2</ele></trkpt>
     <trkpt lat="35.839828" lon="-121.400542"><ele>115.0</ele></trkpt>
     <trkpt lat="35.839767" lon="-121.400165"><ele>127.8</ele></trkpt>
     <trkpt lat="35.839683" lon="-121.399910"><ele>135.8</ele></trkpt>
     <trkpt lat="35.839429" lon="-121.399599"><ele>141.5</ele></trkpt>
     <trkpt lat="35.837714" lon="-121.398164"><ele>144.5</ele></trkpt>
     <trkpt lat="35.837455" lon="-121.397877"><ele>146.2</ele></trkpt>
     <trkpt lat="35.837244" lon="-121.397602"><ele>148.2</ele></trkpt>
     <trkpt lat="35.837078" lon="-121.397282"><ele>150.5</ele></trkpt>
     <trkpt lat="35.836856" lon="-121.396642"><ele>157.5</ele></trkpt>
     <trkpt lat="35.836647" lon="-121.396208"><ele>157.8</ele></trkpt>
     <trkpt lat="35.835902" lon="-121.395262"><ele>156.2</ele></trkpt>
     <trkpt lat="35.835790" lon="-121.395020"><ele>157.5</ele></trkpt>
     <trkpt lat="35.835719" lon="-121.394744"><ele>156.5</ele></trkpt>
     <trkpt lat="35.835713" lon="-121.394440"><ele>159.2</ele></trkpt>
     <trkpt lat="35.835769" lon="-121.394126"><ele>164.0</ele></trkpt>
     <trkpt lat="35.836206" lon="-121.393258"><ele>174.5</ele></trkpt>
     <trkpt lat="35.836328" lon="-121.392854"><ele>179.5</ele></trkpt>
     <trkpt lat="35.836348" lon="-121.392629"><ele>178.8</ele></trkpt>
     <trkpt lat="35.836310" lon="-121.392325"><ele>178.8</ele></trkpt>
     <trkpt lat="35.836188" lon="-121.392083"><ele>180.0</ele></trkpt>
     <trkpt lat="35.836092" lon="-121.391983"><ele>181.0</ele></trkpt>
     <trkpt lat="35.835933" lon="-121.391954"><ele>180.0</ele></trkpt>
     <trkpt lat="35.835760" lon="-121.391992"><ele>181.0</ele></trkpt>
     <trkpt lat="35.835308" lon="-121.392390"><ele>184.5</ele></trkpt>
     <trkpt lat="35.834865" lon="-121.392967"><ele>169.2</ele></trkpt>
     <trkpt lat="35.834611" lon="-121.393117"><ele>165.5</ele></trkpt>
     <trkpt lat="35.834498" lon="-121.393124"><ele>167.0</ele></trkpt>
     <trkpt lat="35.834363" lon="-121.393116"><ele>169.5</ele></trkpt>
     <trkpt lat="35.834076" lon="-121.392893"><ele>181.0</ele></trkpt>
     <trkpt lat="35.833991" lon="-121.392774"><ele>184.2</ele></trkpt>
     <trkpt lat="35.833741" lon="-121.392171"><ele>201.2</ele></trkpt>
     <trkpt lat="35.833667" lon="-121.392059"><ele>203.2</ele></trkpt>
     <trkpt lat="35.833484" lon="-121.391912"><ele>203.5</ele></trkpt>
     <trkpt lat="35.833255" lon="-121.391889"><ele>200.5</ele></trkpt>
     <trkpt lat="35.832754" lon="-121.391994"><ele>200.5</ele></trkpt>
     <trkpt lat="35.832426" lon="-121.391921"><ele>203.0</ele></trkpt>
     <trkpt lat="35.832126" lon="-121.391633"><ele>204.0</ele></trkpt>
     <trkpt lat="35.831397" lon="-121.390690"><ele>207.0</ele></trkpt>
     <trkpt lat="35.831024" lon="-121.389804"><ele>227.8</ele></trkpt>
     <trkpt lat="35.830882" lon="-121.389650"><ele>229.5</ele></trkpt>
     <trkpt lat="35.830591" lon="-121.389476"><ele>229.0</ele></trkpt>
     <trkpt lat="35.829889" lon="-121.389166"><ele>228.2</ele></trkpt>
     <trkpt lat="35.829535" lon="-121.388928"><ele>225.8</ele></trkpt>
     <trkpt lat="35.829317" lon="-121.388737"><ele>225.5</ele></trkpt>
     <trkpt lat="35.829122" lon="-121.388492"><ele>227.8</ele></trkpt>
     <trkpt lat="35.828407" lon="-121.387278"><ele>232.5</ele></trkpt>
     <trkpt lat="35.828077" lon="-121.386918"><ele>232.0</ele></trkpt>
     <trkpt lat="35.827769" lon="-121.386645"><ele>229.5</ele></trkpt>
     <trkpt lat="35.827435" lon="-121.386419"><ele>225.0</ele></trkpt>
     <trkpt lat="35.826384" lon="-121.385845"><ele>214.2</ele></trkpt>
     <trkpt lat="35.826035" lon="-121.385353"><ele>213.0</ele></trkpt>
     <trkpt lat="35.825931" lon="-121.385100"><ele>213.5</ele></trkpt>
     <trkpt lat="35.825726" lon="-121.384197"><ele>218.2</ele></trkpt>
     <trkpt lat="35.825660" lon="-121.383622"><ele>223.5</ele></trkpt>
     <trkpt lat="35.825673" lon="-121.382986"><ele>233.2</ele></trkpt>
     <trkpt lat="35.825648" lon="-121.382730"><ele>235.5</ele></trkpt>
     <trkpt lat="35.825570" lon="-121.382519"><ele>235.5</ele></trkpt>
     <trkpt lat="35.824373" lon="-121.380986"><ele>235.5</ele></trkpt>
     <trkpt lat="35.823609" lon="-121.380535"><ele>237.5</ele></trkpt>
     <trkpt lat="35.823229" lon="-121.380150"><ele>237.5</ele></trkpt>
     <trkpt lat="35.823077" lon="-121.379850"><ele>238.8</ele></trkpt>
     <trkpt lat="35.822933" lon="-121.379360"><ele>241.2</ele></trkpt>
     <trkpt lat="35.822942" lon="-121.378363"><ele>241.2</ele></trkpt>
     <trkpt lat="35.822868" lon="-121.378073"><ele>244.2</ele></trkpt>
     <trkpt lat="35.822725" lon="-121.377839"><ele>245.8</ele></trkpt>
     <trkpt lat="35.822584" lon="-121.377698"><ele>246.0</ele></trkpt>
     <trkpt lat="35.822393" lon="-121.377648"><ele>244.0</ele></trkpt>
     <trkpt lat="35.821462" lon="-121.377526"><ele>230.0</ele></trkpt>
     <trkpt lat="35.821236" lon="-121.377397"><ele>224.0</ele></trkpt>
     <trkpt lat="35.821078" lon="-121.377177"><ele>220.5</ele></trkpt>
     <trkpt lat="35.821031" lon="-121.376965"><ele>221.0</ele></trkpt>
     <trkpt lat="35.821032" lon="-121.376742"><ele>222.8</ele></trkpt>
     <trkpt lat="35.821127" lon="-121.376454"><ele>220.2</ele></trkpt>
     <trkpt lat="35.821262" lon="-121.376292"><ele>219.8</ele></trkpt>
     <trkpt lat="35.821530" lon="-121.376118"><ele>222.5</ele></trkpt>
     <trkpt lat="35.821695" lon="-121.375944"><ele>223.0</ele></trkpt>
     <trkpt lat="35.821809" lon="-121.375710"><ele>224.2</ele></trkpt>
     <trkpt lat="35.821854" lon="-121.375347"><ele>226.2</ele></trkpt>
     <trkpt lat="35.821845" lon="-121.375010"><ele>226.5</ele></trkpt>
     <trkpt lat="35.821780" lon="-121.374612"><ele>228.5</ele></trkpt>
     <trkpt lat="35.821675" lon="-121.374368"><ele>229.2</ele></trkpt>
     <trkpt lat="35.821548" lon="-121.374220"><ele>228.5</ele></trkpt>
     <trkpt lat="35.821353" lon="-121.374102"><ele>228.0</ele></trkpt>
     <trkpt lat="35.821153" lon="-121.374054"><ele>226.2</ele></trkpt>
     <trkpt lat="35.820896" lon="-121.374096"><ele>219.5</ele></trkpt>
     <trkpt lat="35.820182" lon="-121.374476"><ele>202.5</ele></trkpt>
     <trkpt lat="35.819913" lon="-121.374523"><ele>197.8</ele></trkpt>
     <trkpt lat="35.819698" lon="-121.374430"><ele>195.8</ele></trkpt>
     <trkpt lat="35.819177" lon="-121.373853"><ele>203.8</ele></trkpt>
     <trkpt lat="35.818849" lon="-121.373777"><ele>201.5</ele></trkpt>
     <trkpt lat="35.818520" lon="-121.373872"><ele>193.2</ele></trkpt>
     <trkpt lat="35.818144" lon="-121.373896"><ele>182.2</ele></trkpt>
     <trkpt lat="35.817963" lon="-121.373844"><ele>177.0</ele></trkpt>
     <trkpt lat="35.817839" lon="-121.373753"><ele>175.2</ele></trkpt>
     <trkpt lat="35.817702" lon="-121.373597"><ele>174.5</ele></trkpt>
     <trkpt lat="35.817586" lon="-121.373248"><ele>177.8</ele></trkpt>
     <trkpt lat="35.817510" lon="-121.371620"><ele>182.8</ele></trkpt>
     <trkpt lat="35.817424" lon="-121.371216"><ele>181.2</ele></trkpt>
     <trkpt lat="35.817293" lon="-121.370878"><ele>177.8</ele></trkpt>
     <trkpt lat="35.817104" lon="-121.370573"><ele>175.0</ele></trkpt>
     <trkpt lat="35.816715" lon="-121.370202"><ele>166.5</ele></trkpt>
     <trkpt lat="35.816394" lon="-121.370052"><ele>163.2</ele></trkpt>
     <trkpt lat="35.814723" lon="-121.369870"><ele>137.0</ele></trkpt>
     <trkpt lat="35.814442" lon="-121.369777"><ele>132.2</ele></trkpt>
     <trkpt lat="35.814323" lon="-121.369677"><ele>131.8</ele></trkpt>
     <trkpt lat="35.814141" lon="-121.369271"><ele>136.8</ele></trkpt>
     <trkpt lat="35.813928" lon="-121.367417"><ele>143.0</ele></trkpt>
     <trkpt lat="35.813815" lon="-121.367070"><ele>144.0</ele></trkpt>
     <trkpt lat="35.813636" lon="-121.366742"><ele>141.2</ele></trkpt>
     <trkpt lat="35.813399" lon="-121.366499"><ele>135.8</ele></trkpt>
     <trkpt lat="35.813104" lon="-121.366357"><ele>134.2</ele></trkpt>
     <trkpt lat="35.812015" lon="-121.366262"><ele>115.5</ele></trkpt>
     <trkpt lat="35.811868" lon="-121.366160"><ele>115.5</ele></trkpt>
     <trkpt lat="35.811695" lon="-121.365946"><ele>119.8</ele></trkpt>
     <trkpt lat="35.811537" lon="-121.365673"><ele>122.2</ele></trkpt>
     <trkpt lat="35.811455" lon="-121.365175"><ele>122.8</ele></trkpt>
     <trkpt lat="35.811670" lon="-121.364113"><ele>124.8</ele></trkpt>
     <trkpt lat="35.811527" lon="-121.362659"><ele>104.0</ele></trkpt>
     <trkpt lat="35.811539" lon="-121.362403"><ele>100.0</ele></trkpt>
     <trkpt lat="35.811601" lon="-121.362155"><ele>96.5</ele></trkpt>
     <trkpt lat="35.811715" lon="-121.361984"><ele>96.0</ele></trkpt>
     <trkpt lat="35.811902" lon="-121.361834"><ele>95.8</ele></trkpt>
     <trkpt lat="35.812944" lon="-121.361501"><ele>105.8</ele></trkpt>
     <trkpt lat="35.813262" lon="-121.361294"><ele>104.2</ele></trkpt>
     <trkpt lat="35.813555" lon="-121.361190"><ele>106.5</ele></trkpt>
     <trkpt lat="35.813768" lon="-121.361063"><ele>107.2</ele></trkpt>
     <trkpt lat="35.814069" lon="-121.360716"><ele>105.2</ele></trkpt>
     <trkpt lat="35.814407" lon="-121.360189"><ele>102.8</ele></trkpt>
     <trkpt lat="35.814818" lon="-121.359807"><ele>104.2</ele></trkpt>
     <trkpt lat="35.815503" lon="-121.359323"><ele>109.2</ele></trkpt>
     <trkpt lat="35.815629" lon="-121.359193"><ele>109.5</ele></trkpt>
     <trkpt lat="35.815693" lon="-121.359078"><ele>110.0</ele></trkpt>
     <trkpt lat="35.815712" lon="-121.358905"><ele>109.5</ele></trkpt>
     <trkpt lat="35.815609" lon="-121.358672"><ele>107.8</ele></trkpt>
     <trkpt lat="35.815503" lon="-121.358580"><ele>107.5</ele></trkpt>
     <trkpt lat="35.815325" lon="-121.358567"><ele>107.2</ele></trkpt>
     <trkpt lat="35.814844" lon="-121.358841"><ele>101.5</ele></trkpt>
     <trkpt lat="35.814293" lon="-121.358910"><ele>102.5</ele></trkpt>
     <trkpt lat="35.813262" lon="-121.358844"><ele>107.0</ele></trkpt>
     <trkpt lat="35.811952" lon="-121.358605"><ele>125.8</ele></trkpt>
     <trkpt lat="35.811763" lon="-121.358605"><ele>128.0</ele></trkpt>
     <trkpt lat="35.811607" lon="-121.358666"><ele>127.2</ele></trkpt>
     <trkpt lat="35.811307" lon="-121.358902"><ele>121.8</ele></trkpt>
     <trkpt lat="35.810967" lon="-121.358939"><ele>128.0</ele></trkpt>
     <trkpt lat="35.810683" lon="-121.359047"><ele>131.8</ele></trkpt>
     <trkpt lat="35.810012" lon="-121.359589"><ele>133.8</ele></trkpt>
     <trkpt lat="35.809589" lon="-121.360028"><ele>142.5</ele></trkpt>
     <trkpt lat="35.809475" lon="-121.360244"><ele>141.5</ele></trkpt>
     <trkpt lat="35.809345" lon="-121.360636"><ele>132.5</ele></trkpt>
     <trkpt lat="35.809224" lon="-121.360788"><ele>130.8</ele></trkpt>
     <trkpt lat="35.808980" lon="-121.360784"><ele>130.5</ele></trkpt>
     <trkpt lat="35.808622" lon="-121.360579"><ele>134.2</ele></trkpt>
     <trkpt lat="35.808448" lon="-121.360310"><ele>142.5</ele></trkpt>
     <trkpt lat="35.808355" lon="-121.359949"><ele>155.0</ele></trkpt>
     <trkpt lat="35.808246" lon="-121.359698"><ele>157.5</ele></trkpt>
     <trkpt lat="35.807825" lon="-121.359139"><ele>154.8</ele></trkpt>
     <trkpt lat="35.807606" lon="-121.358396"><ele>167.2</ele></trkpt>
     <trkpt lat="35.807300" lon="-121.357904"><ele>167.2</ele></trkpt>
     <trkpt lat="35.806961" lon="-121.357223"><ele>174.8</ele></trkpt>
     <trkpt lat="35.806824" lon="-121.356848"><ele>183.8</ele></trkpt>
     <trkpt lat="35.806688" lon="-121.356687"><ele>186.5</ele></trkpt>
     <trkpt lat="35.806258" lon="-121.356399"><ele>180.0</ele></trkpt>
     <trkpt lat="35.806140" lon="-121.356212"><ele>179.8</ele></trkpt>
     <trkpt lat="35.805928" lon="-121.355190"><ele>189.0</ele></trkpt>
     <trkpt lat="35.805993" lon="-121.353664"><ele>210.0</ele></trkpt>
     <trkpt lat="35.805947" lon="-121.353362"><ele>212.5</ele></trkpt>
     <trkpt lat="35.805853" lon="-121.353122"><ele>214.2</ele></trkpt>
     <trkpt lat="35.805728" lon="-121.352931"><ele>216.5</ele></trkpt>
     <trkpt lat="35.805216" lon="-121.352412"><ele>222.2</ele></trkpt>
     <trkpt lat="35.805060" lon="-121.352342"><ele>221.8</ele></trkpt>
     <trkpt lat="35.804690" lon="-121.352311"><ele>214.0</ele></trkpt>
     <trkpt lat="35.804488" lon="-121.352239"><ele>212.8</ele></trkpt>
     <trkpt lat="35.803671" lon="-121.351620"><ele>223.0</ele></trkpt>
     <trkpt lat="35.803536" lon="-121.351427"><ele>221.0</ele></trkpt>
     <trkpt lat="35.803515" lon="-121.351213"><ele>220.5</ele></trkpt>
     <trkpt lat="35.803557" lon="-121.351071"><ele>222.0</ele></trkpt>
     <trkpt lat="35.804159" lon="-121.349991"><ele>239.8</ele></trkpt>
     <trkpt lat="35.804169" lon="-121.349764"><ele>245.0</ele></trkpt>
     <trkpt lat="35.804099" lon="-121.349597"><ele>246.0</ele></trkpt>
     <trkpt lat="35.803915" lon="-121.349478"><ele>242.2</ele></trkpt>
     <trkpt lat="35.803591" lon="-121.349510"><ele>229.8</ele></trkpt>
     <trkpt lat="35.803390" lon="-121.349419"><ele>226.0</ele></trkpt>
     <trkpt lat="35.803242" lon="-121.349276"><ele>227.2</ele></trkpt>
     <trkpt lat="35.803079" lon="-121.349027"><ele>232.8</ele></trkpt>
     <trkpt lat="35.802964" lon="-121.348964"><ele>232.8</ele></trkpt>
     <trkpt lat="35.802837" lon="-121.348984"><ele>229.0</ele></trkpt>
     <trkpt lat="35.802504" lon="-121.349146"><ele>214.0</ele></trkpt>
     <trkpt lat="35.802286" lon="-121.349101"><ele>212.2</ele></trkpt>
     <trkpt lat="35.801938" lon="-121.348884"><ele>214.2</ele></trkpt>
     <trkpt lat="35.801304" lon="-121.348596"><ele>205.2</ele></trkpt>
     <trkpt lat="35.800766" lon="-121.347993"><ele>211.2</ele></trkpt>
     <trkpt lat="35.800567" lon="-121.347844"><ele>215.2</ele></trkpt>
     <trkpt lat="35.800314" lon="-121.347741"><ele>217.2</ele></trkpt>
     <trkpt lat="35.799626" lon="-121.347704"><ele>205.8</ele></trkpt>
     <trkpt lat="35.798813" lon="-121.347810"><ele>180.8</ele></trkpt>
     <trkpt lat="35.798657" lon="-121.347751"><ele>178.5</ele></trkpt>
     <trkpt lat="35.798580" lon="-121.347632"><ele>179.2</ele></trkpt>
     <trkpt lat="35.798571" lon="-121.347429"><ele>181.2</ele></trkpt>
     <trkpt lat="35.798763" lon="-121.346908"><ele>182.8</ele></trkpt>
     <trkpt lat="35.798921" lon="-121.346715"><ele>186.5</ele></trkpt>
     <trkpt lat="35.799160" lon="-121.346605"><ele>196.2</ele></trkpt>
     <trkpt lat="35.799298" lon="-121.346445"><ele>204.5</ele></trkpt>
     <trkpt lat="35.799285" lon="-121.346276"><ele>207.8</ele></trkpt>
     <trkpt lat="35.799186" lon="-121.346160"><ele>208.0</ele></trkpt>
     <trkpt lat="35.798754" lon="-121.346055"><ele>195.8</ele></trkpt>
     <trkpt lat="35.798402" lon="-121.346095"><ele>182.2</ele></trkpt>
     <trkpt lat="35.798132" lon="-121.346227"><ele>179.5</ele></trkpt>
     <trkpt lat="35.797529" lon="-121.346680"><ele>169.2</ele></trkpt>
     <trkpt lat="35.797336" lon="-121.346757"><ele>163.8</ele></trkpt>
     <trkpt lat="35.797125" lon="-121.346765"><ele>159.8</ele></trkpt>
     <trkpt lat="35.796714" lon="-121.346503"><ele>161.0</ele></trkpt>
     <trkpt lat="35.796397" lon="-121.346055"><ele>164.2</ele></trkpt>
     <trkpt lat="35.796175" lon="-121.345836"><ele>163.5</ele></trkpt>
     <trkpt lat="35.795542" lon="-121.345397"><ele>157.8</ele></trkpt>
     <trkpt lat="35.795026" lon="-121.345153"><ele>151.2</ele></trkpt>
     <trkpt lat="35.794844" lon="-121.344870"><ele>145.5</ele></trkpt>
     <trkpt lat="35.794809" lon="-121.344719"><ele>145.2</ele></trkpt>
     <trkpt lat="35.794859" lon="-121.344182"><ele>154.8</ele></trkpt>
     <trkpt lat="35.794788" lon="-121.343789"><ele>157.2</ele></trkpt>
     <trkpt lat="35.794420" lon="-121.342955"><ele>158.8</ele></trkpt>
     <trkpt lat="35.794235" lon="-121.342431"><ele>163.2</ele></trkpt>
     <trkpt lat="35.794236" lon="-121.342243"><ele>166.5</ele></trkpt>
     <trkpt lat="35.794363" lon="-121.341920"><ele>175.2</ele></trkpt>
     <trkpt lat="35.794331" lon="-121.341730"><ele>177.8</ele></trkpt>
     <trkpt lat="35.794206" lon="-121.341664"><ele>176.8</ele></trkpt>
     <trkpt lat="35.793803" lon="-121.341800"><ele>163.0</ele></trkpt>
     <trkpt lat="35.793332" lon="-121.341725"><ele>152.5</ele></trkpt>
     <trkpt lat="35.793161" lon="-121.341650"><ele>147.0</ele></trkpt>
     <trkpt lat="35.793015" lon="-121.341530"><ele>146.2</ele></trkpt>
     <trkpt lat="35.792715" lon="-121.340857"><ele>165.0</ele></trkpt>
     <trkpt lat="35.792236" lon="-121.340356"><ele>162.2</ele></trkpt>
     <trkpt lat="35.790979" lon="-121.339526"><ele>150.8</ele></trkpt>
     <trkpt lat="35.790744" lon="-121.339454"><ele>147.0</ele></trkpt>
     <trkpt lat="35.790398" lon="-121.339420"><ele>137.8</ele></trkpt>
     <trkpt lat="35.789576" lon="-121.338959"><ele>134.0</ele></trkpt>
     <trkpt lat="35.788958" lon="-121.338444"><ele>124.8</ele></trkpt>
     <trkpt lat="35.788481" lon="-121.337892"><ele>111.5</ele></trkpt>
     <trkpt lat="35.788304" lon="-121.337616"><ele>112.0</ele></trkpt>
     <trkpt lat="35.788298" lon="-121.337281"><ele>115.2</ele></trkpt>
     <trkpt lat="35.788483" lon="-121.336859"><ele>121.5</ele></trkpt>
     <trkpt lat="35.788516" lon="-121.336658"><ele>122.2</ele></trkpt>
     <trkpt lat="35.788524" lon="-121.335811"><ele>124.8</ele></trkpt>
     <trkpt lat="35.788485" lon="-121.335596"><ele>124.2</ele></trkpt>
     <trkpt lat="35.788424" lon="-121.335488"><ele>122.0</ele></trkpt>
     <trkpt lat="35.788176" lon="-121.335273"><ele>117.8</ele></trkpt>
     <trkpt lat="35.787564" lon="-121.334861"><ele>117.8</ele></trkpt>
     <trkpt lat="35.787312" lon="-121.334439"><ele>122.8</ele></trkpt>
     <trkpt lat="35.787044" lon="-121.334200"><ele>124.8</ele></trkpt>
     <trkpt lat="35.786752" lon="-121.334105"><ele>124.2</ele></trkpt>
     <trkpt lat="35.785867" lon="-121.334033"><ele>111.0</ele></trkpt>
     <trkpt lat="35.785784" lon="-121.333994"><ele>109.2</ele></trkpt>
     <trkpt lat="35.785689" lon="-121.333901"><ele>108.0</ele></trkpt>
     <trkpt lat="35.785513" lon="-121.333485"><ele>117.8</ele></trkpt>
     <trkpt lat="35.785278" lon="-121.333263"><ele>121.2</ele></trkpt>
     <trkpt lat="35.785088" lon="-121.333152"><ele>122.2</ele></trkpt>
     <trkpt lat="35.784632" lon="-121.333063"><ele>102.0</ele></trkpt>
     <trkpt lat="35.784416" lon="-121.332924"><ele>97.0</ele></trkpt>
     <trkpt lat="35.784205" lon="-121.332643"><ele>101.2</ele></trkpt>
     <trkpt lat="35.784010" lon="-121.332113"><ele>113.0</ele></trkpt>
     <trkpt lat="35.783763" lon="-121.331828"><ele>109.5</ele></trkpt>
     <trkpt lat="35.783283" lon="-121.330987"><ele>109.2</ele></trkpt>
     <trkpt lat="35.782291" lon="-121.329556"><ele>109.5</ele></trkpt>
     <trkpt lat="35.782113" lon="-121.329439"><ele>109.5</ele></trkpt>
     <trkpt lat="35.781948" lon="-121.329406"><ele>109.2</ele></trkpt>
     <trkpt lat="35.780721" lon="-121.329587"><ele>100.8</ele></trkpt>
     <trkpt lat="35.780278" lon="-121.329556"><ele>96.8</ele></trkpt>
     <trkpt lat="35.780364" lon="-121.329979"><ele>90.8</ele></trkpt>
     <trkpt lat="35.780367" lon="-121.330156"><ele>88.5</ele></trkpt>
     <trkpt lat="35.780521" lon="-121.330400"><ele>88.2</ele></trkpt>
     <trkpt lat="35.780549" lon="-121.330532"><ele>87.2</ele></trkpt>
     <trkpt lat="35.780500" lon="-121.330978"><ele>79.8</ele></trkpt>
     <trkpt lat="35.780600" lon="-121.331027"><ele>81.0</ele></trkpt>
     <trkpt lat="35.780733" lon="-121.330856"><ele>88.8</ele></trkpt>
     <trkpt lat="35.780600" lon="-121.331027"><ele>81.0</ele></trkpt>
     <trkpt lat="35.780500" lon="-121.330978"><ele>79.8</ele></trkpt>
     <trkpt lat="35.780549" lon="-121.330532"><ele>87.2</ele></trkpt>
     <trkpt lat="35.780521" lon="-121.330400"><ele>88.2</ele></trkpt>
     <trkpt lat="35.780367" lon="-121.330156"><ele>88.5</ele></trkpt>
     <trkpt lat="35.780364" lon="-121.329979"><ele>90.8</ele></trkpt>
     <trkpt lat="35.780278" lon="-121.329556"><ele>96.8</ele></trkpt>
     <trkpt lat="35.779196" lon="-121.329149"><ele>104.0</ele></trkpt>
     <trkpt lat="35.777612" lon="-121.328205"><ele>103.5</ele></trkpt>
     <trkpt lat="35.775999" lon="-121.327477"><ele>99.0</ele></trkpt>
     <trkpt lat="35.775792" lon="-121.327348"><ele>95.8</ele></trkpt>
     <trkpt lat="35.775014" lon="-121.326560"><ele>96.0</ele></trkpt>
     <trkpt lat="35.774532" lon="-121.326185"><ele>93.2</ele></trkpt>
     <trkpt lat="35.774359" lon="-121.326083"><ele>93.8</ele></trkpt>
     <trkpt lat="35.773784" lon="-121.325939"><ele>87.5</ele></trkpt>
     <trkpt lat="35.773551" lon="-121.325818"><ele>88.8</ele></trkpt>
     <trkpt lat="35.773334" lon="-121.325367"><ele>92.2</ele></trkpt>
     <trkpt lat="35.773170" lon="-121.325158"><ele>92.2</ele></trkpt>
     <trkpt lat="35.773096" lon="-121.325117"><ele>91.8</ele></trkpt>
     <trkpt lat="35.772698" lon="-121.325086"><ele>84.8</ele></trkpt>
     <trkpt lat="35.772475" lon="-121.325000"><ele>84.0</ele></trkpt>
     <trkpt lat="35.772002" lon="-121.324502"><ele>81.5</ele></trkpt>
     <trkpt lat="35.771734" lon="-121.324293"><ele>81.5</ele></trkpt>
     <trkpt lat="35.771061" lon="-121.324155"><ele>76.8</ele></trkpt>
     <trkpt lat="35.770486" lon="-121.323728"><ele>70.8</ele></trkpt>
     <trkpt lat="35.769937" lon="-121.323508"><ele>61.0</ele></trkpt>
     <trkpt lat="35.769688" lon="-121.323356"><ele>55.0</ele></trkpt>
     <trkpt lat="35.769351" lon="-121.323020"><ele>47.2</ele></trkpt>
     <trkpt lat="35.769225" lon="-121.322791"><ele>45.0</ele></trkpt>
     <trkpt lat="35.769226" lon="-121.322696"><ele>46.0</ele></trkpt>
     <trkpt lat="35.769428" lon="-121.322327"><ele>57.0</ele></trkpt>
     <trkpt lat="35.769532" lon="-121.322042"><ele>63.0</ele></trkpt>
     <trkpt lat="35.769706" lon="-121.321802"><ele>69.5</ele></trkpt>
     <trkpt lat="35.769705" lon="-121.321610"><ele>71.0</ele></trkpt>
     <trkpt lat="35.769600" lon="-121.321453"><ele>71.2</ele></trkpt>
     <trkpt lat="35.769478" lon="-121.321428"><ele>70.5</ele></trkpt>
     <trkpt lat="35.769406" lon="-121.321470"><ele>68.8</ele></trkpt>
     <trkpt lat="35.768916" lon="-121.321901"><ele>56.8</ele></trkpt>
     <trkpt lat="35.768664" lon="-121.322038"><ele>53.8</ele></trkpt>
     <trkpt lat="35.768087" lon="-121.322184"><ele>48.0</ele></trkpt>
     <trkpt lat="35.767701" lon="-121.322576"><ele>38.0</ele></trkpt>
     <trkpt lat="35.767241" lon="-121.322705"><ele>34.2</ele></trkpt>
     <trkpt lat="35.767076" lon="-121.322715"><ele>31.5</ele></trkpt>
     <trkpt lat="35.766862" lon="-121.322663"><ele>28.8</ele></trkpt>
     <trkpt lat="35.766634" lon="-121.322405"><ele>28.5</ele></trkpt>
     <trkpt lat="35.766315" lon="-121.321675"><ele>28.8</ele></trkpt>
     <trkpt lat="35.765030" lon="-121.319939"><ele>16.0</ele></trkpt>
     <trkpt lat="35.764425" lon="-121.319404"><ele>9.5</ele></trkpt>
     <trkpt lat="35.763905" lon="-121.319121"><ele>9.8</ele></trkpt>
     <trkpt lat="35.763481" lon="-121.318955"><ele>9.8</ele></trkpt>
     <trkpt lat="35.763205" lon="-121.318876"><ele>10.2</ele></trkpt>
     <trkpt lat="35.762739" lon="-121.318875"><ele>11.2</ele></trkpt>
     <trkpt lat="35.762538" lon="-121.318962"><ele>11.8</ele></trkpt>
     <trkpt lat="35.762178" lon="-121.319253"><ele>17.5</ele></trkpt>
     <trkpt lat="35.761995" lon="-121.319543"><ele>20.5</ele></trkpt>
     <trkpt lat="35.761735" lon="-121.320554"><ele>23.5</ele></trkpt>
     <trkpt lat="35.761649" lon="-121.320744"><ele>24.5</ele></trkpt>
     <trkpt lat="35.761453" lon="-121.321050"><ele>28.8</ele></trkpt>
     <trkpt lat="35.761147" lon="-121.321356"><ele>34.2</ele></trkpt>
     <trkpt lat="35.760981" lon="-121.321449"><ele>36.5</ele></trkpt>
     <trkpt lat="35.760615" lon="-121.321543"><ele>38.2</ele></trkpt>
     <trkpt lat="35.760309" lon="-121.321536"><ele>38.5</ele></trkpt>
     <trkpt lat="35.759949" lon="-121.321427"><ele>39.0</ele></trkpt>
     <trkpt lat="35.759643" lon="-121.321215"><ele>40.0</ele></trkpt>
     <trkpt lat="35.759288" lon="-121.320752"><ele>41.2</ele></trkpt>
     <trkpt lat="35.757708" lon="-121.318189"><ele>39.0</ele></trkpt>
     <trkpt lat="35.756762" lon="-121.316463"><ele>41.0</ele></trkpt>
     <trkpt lat="35.756510" lon="-121.316078"><ele>42.2</ele></trkpt>
     <trkpt lat="35.755099" lon="-121.314341"><ele>40.0</ele></trkpt>
     <trkpt lat="35.753687" lon="-121.312604"><ele>37.8</ele></trkpt>
     <trkpt lat="35.753471" lon="-121.312379"><ele>38.8</ele></trkpt>
     <trkpt lat="35.753020" lon="-121.312045"><ele>39.5</ele></trkpt>
     <trkpt lat="35.752413" lon="-121.311795"><ele>39.8</ele></trkpt>
     <trkpt lat="35.751669" lon="-121.311716"><ele>41.8</ele></trkpt>
     <trkpt lat="35.750768" lon="-121.311761"><ele>43.8</ele></trkpt>
     <trkpt lat="35.749140" lon="-121.311757"><ele>37.2</ele></trkpt>
     <trkpt lat="35.748280" lon="-121.311838"><ele>44.0</ele></trkpt>
     <trkpt lat="35.746221" lon="-121.312155"><ele>38.5</ele></trkpt>
     <trkpt lat="35.744162" lon="-121.312472"><ele>33.0</ele></trkpt>
     <trkpt lat="35.741501" lon="-121.312845"><ele>32.8</ele></trkpt>
     <trkpt lat="35.738839" lon="-121.313218"><ele>32.5</ele></trkpt>
     <trkpt lat="35.736178" lon="-121.313591"><ele>32.2</ele></trkpt>
     <trkpt lat="35.733517" lon="-121.313964"><ele>32.0</ele></trkpt>
     <trkpt lat="35.730855" lon="-121.314337"><ele>31.8</ele></trkpt>
     <trkpt lat="35.728194" lon="-121.314710"><ele>31.5</ele></trkpt>
     <trkpt lat="35.727451" lon="-121.314750"><ele>31.5</ele></trkpt>
     <trkpt lat="35.727012" lon="-121.314616"><ele>29.8</ele></trkpt>
     <trkpt lat="35.725778" lon="-121.313667"><ele>28.0</ele></trkpt>
     <trkpt lat="35.725287" lon="-121.313454"><ele>27.8</ele></trkpt>
     <trkpt lat="35.725002" lon="-121.313269"><ele>28.0</ele></trkpt>
     <trkpt lat="35.724729" lon="-121.312953"><ele>26.2</ele></trkpt>
     <trkpt lat="35.723626" lon="-121.311412"><ele>22.8</ele></trkpt>
     <trkpt lat="35.723165" lon="-121.310853"><ele>23.8</ele></trkpt>
     <trkpt lat="35.722267" lon="-121.310067"><ele>26.2</ele></trkpt>
     <trkpt lat="35.720323" lon="-121.308896"><ele>22.8</ele></trkpt>
     <trkpt lat="35.718378" lon="-121.307724"><ele>19.4</ele></trkpt>
     <trkpt lat="35.716434" lon="-121.306553"><ele>16.0</ele></trkpt>
     <trkpt lat="35.714367" lon="-121.305341"><ele>11.5</ele></trkpt>
     <trkpt lat="35.712301" lon="-121.304129"><ele>7.0</ele></trkpt>
     <trkpt lat="35.711907" lon="-121.303935"><ele>7.0</ele></trkpt>
     <trkpt lat="35.711338" lon="-121.303726"><ele>6.5</ele></trkpt>
     <trkpt lat="35.710720" lon="-121.303636"><ele>5.5</ele></trkpt>
     <trkpt lat="35.710020" lon="-121.303622"><ele>6.2</ele></trkpt>
     <trkpt lat="35.708069" lon="-121.304073"><ele>12.2</ele></trkpt>
     <trkpt lat="35.706319" lon="-121.304396"><ele>26.8</ele></trkpt>
     <trkpt lat="35.705533" lon="-121.304437"><ele>26.0</ele></trkpt>
     <trkpt lat="35.704673" lon="-121.304270"><ele>21.5</ele></trkpt>
     <trkpt lat="35.703780" lon="-121.303952"><ele>18.8</ele></trkpt>
     <trkpt lat="35.703042" lon="-121.303534"><ele>15.5</ele></trkpt>
     <trkpt lat="35.702404" lon="-121.302948"><ele>15.2</ele></trkpt>
     <trkpt lat="35.701873" lon="-121.302353"><ele>16.0</ele></trkpt>
     <trkpt lat="35.701235" lon="-121.301331"><ele>18.0</ele></trkpt>
     <trkpt lat="35.700575" lon="-121.299737"><ele>19.0</ele></trkpt>
     <trkpt lat="35.699706" lon="-121.297454"><ele>22.0</ele></trkpt>
     <trkpt lat="35.698837" lon="-121.295172"><ele>25.0</ele></trkpt>
     <trkpt lat="35.698402" lon="-121.294318"><ele>22.8</ele></trkpt>
     <trkpt lat="35.697793" lon="-121.293487"><ele>21.0</ele></trkpt>
     <trkpt lat="35.696897" lon="-121.292628"><ele>15.5</ele></trkpt>
     <trkpt lat="35.695423" lon="-121.291302"><ele>17.0</ele></trkpt>
     <trkpt lat="35.693948" lon="-121.289975"><ele>18.5</ele></trkpt>
     <trkpt lat="35.692474" lon="-121.288649"><ele>20.0</ele></trkpt>
     <trkpt lat="35.690817" lon="-121.287241"><ele>15.2</ele></trkpt>
     <trkpt lat="35.690075" lon="-121.286926"><ele>14.8</ele></trkpt>
     <trkpt lat="35.689515" lon="-121.286773"><ele>14.2</ele></trkpt>
     <trkpt lat="35.688877" lon="-121.286732"><ele>13.8</ele></trkpt>
     <trkpt lat="35.687648" lon="-121.286937"><ele>15.5</ele></trkpt>
     <trkpt lat="35.687137" lon="-121.286902"><ele>15.8</ele></trkpt>
     <trkpt lat="35.686604" lon="-121.286773"><ele>15.5</ele></trkpt>
     <trkpt lat="35.685948" lon="-121.286437"><ele>14.0</ele></trkpt>
     <trkpt lat="35.684774" lon="-121.285479"><ele>12.8</ele></trkpt>
     <trkpt lat="35.684265" lon="-121.285184"><ele>12.5</ele></trkpt>
     <trkpt lat="35.683419" lon="-121.284935"><ele>14.0</ele></trkpt>
     <trkpt lat="35.683041" lon="-121.284896"><ele>13.5</ele></trkpt>
     <trkpt lat="35.680822" lon="-121.284949"><ele>16.5</ele></trkpt>
     <trkpt lat="35.678602" lon="-121.285002"><ele>19.5</ele></trkpt>
     <trkpt lat="35.677100" lon="-121.284657"><ele>18.8</ele></trkpt>
     <trkpt lat="35.676283" lon="-121.284322"><ele>17.8</ele></trkpt>
     <trkpt lat="35.675402" lon="-121.283769"><ele>16.5</ele></trkpt>
     <trkpt lat="35.674574" lon="-121.283070"><ele>16.0</ele></trkpt>
     <trkpt lat="35.673500" lon="-121.281934"><ele>21.0</ele></trkpt>
     <trkpt lat="35.672426" lon="-121.280797"><ele>26.0</ele></trkpt>
     <trkpt lat="35.671318" lon="-121.279558"><ele>26.1</ele></trkpt>
     <trkpt lat="35.670210" lon="-121.278319"><ele>26.2</ele></trkpt>
     <trkpt lat="35.670023" lon="-121.277966"><ele>26.8</ele></trkpt>
     <trkpt lat="35.669714" lon="-121.277207"><ele>27.5</ele></trkpt>
     <trkpt lat="35.668797" lon="-121.274798"><ele>28.8</ele></trkpt>
     <trkpt lat="35.668141" lon="-121.272959"><ele>23.4</ele></trkpt>
     <trkpt lat="35.667486" lon="-121.271121"><ele>18.0</ele></trkpt>
     <trkpt lat="35.667210" lon="-121.270045"><ele>17.0</ele></trkpt>
     <trkpt lat="35.666851" lon="-121.268381"><ele>18.0</ele></trkpt>
     <trkpt lat="35.666492" lon="-121.266716"><ele>19.0</ele></trkpt>
     <trkpt lat="35.665715" lon="-121.264702"><ele>18.5</ele></trkpt>
     <trkpt lat="35.664939" lon="-121.262689"><ele>18.0</ele></trkpt>
     <trkpt lat="35.664839" lon="-121.262303"><ele>15.5</ele></trkpt>
     <trkpt lat="35.664707" lon="-121.260977"><ele>12.2</ele></trkpt>
     <trkpt lat="35.664631" lon="-121.260548"><ele>11.2</ele></trkpt>
     <trkpt lat="35.664481" lon="-121.260041"><ele>10.2</ele></trkpt>
     <trkpt lat="35.663802" lon="-121.258350"><ele>10.0</ele></trkpt>
     <trkpt lat="35.663123" lon="-121.256659"><ele>9.8</ele></trkpt>
     <trkpt lat="35.662822" lon="-121.256181"><ele>8.5</ele></trkpt>
     <trkpt lat="35.661652" lon="-121.254597"><ele>10.0</ele></trkpt>
     <trkpt lat="35.660482" lon="-121.253013"><ele>11.5</ele></trkpt>
     <trkpt lat="35.660317" lon="-121.252844"><ele>11.5</ele></trkpt>
     <trkpt lat="35.659207" lon="-121.251991"><ele>12.2</ele></trkpt>
     <trkpt lat="35.658723" lon="-121.251482"><ele>12.8</ele></trkpt>
     <trkpt lat="35.658398" lon="-121.250983"><ele>14.2</ele></trkpt>
     <trkpt lat="35.657137" lon="-121.248477"><ele>12.6</ele></trkpt>
     <trkpt lat="35.655875" lon="-121.245970"><ele>11.0</ele></trkpt>
     <trkpt lat="35.655495" lon="-121.245379"><ele>11.0</ele></trkpt>
     <trkpt lat="35.654805" lon="-121.244547"><ele>9.0</ele></trkpt>
     <trkpt lat="35.654435" lon="-121.243970"><ele>7.5</ele></trkpt>
     <trkpt lat="35.654158" lon="-121.243432"><ele>8.5</ele></trkpt>
     <trkpt lat="35.653957" lon="-121.242909"><ele>9.0</ele></trkpt>
     <trkpt lat="35.653698" lon="-121.241804"><ele>9.2</ele></trkpt>
     <trkpt lat="35.653640" lon="-121.241005"><ele>9.2</ele></trkpt>
     <trkpt lat="35.653672" lon="-121.240171"><ele>8.8</ele></trkpt>
     <trkpt lat="35.653948" lon="-121.237864"><ele>8.5</ele></trkpt>
     <trkpt lat="35.653927" lon="-121.236663"><ele>10.0</ele></trkpt>
     <trkpt lat="35.653757" lon="-121.235777"><ele>11.5</ele></trkpt>
     <trkpt lat="35.653600" lon="-121.235213"><ele>11.5</ele></trkpt>
     <trkpt lat="35.652833" lon="-121.232974"><ele>10.5</ele></trkpt>
     <trkpt lat="35.652614" lon="-121.232124"><ele>9.5</ele></trkpt>
     <trkpt lat="35.652449" lon="-121.231058"><ele>7.5</ele></trkpt>
     <trkpt lat="35.652421" lon="-121.230557"><ele>8.0</ele></trkpt>
     <trkpt lat="35.652438" lon="-121.229542"><ele>9.8</ele></trkpt>
     <trkpt lat="35.652682" lon="-121.227319"><ele>9.8</ele></trkpt>
     <trkpt lat="35.652925" lon="-121.225096"><ele>9.8</ele></trkpt>
     <trkpt lat="35.653169" lon="-121.222873"><ele>9.8</ele></trkpt>
     <trkpt lat="35.653271" lon="-121.221655"><ele>9.5</ele></trkpt>
     <trkpt lat="35.653200" lon="-121.219465"><ele>13.1</ele></trkpt>
     <trkpt lat="35.653130" lon="-121.217274"><ele>16.8</ele></trkpt>
     <trkpt lat="35.652935" lon="-121.215093"><ele>24.2</ele></trkpt>
     <trkpt lat="35.652740" lon="-121.213903"><ele>26.2</ele></trkpt>
     <trkpt lat="35.652408" lon="-121.212862"><ele>27.5</ele></trkpt>
     <trkpt lat="35.651460" lon="-121.210753"><ele>26.8</ele></trkpt>
     <trkpt lat="35.651306" lon="-121.210230"><ele>26.2</ele></trkpt>
     <trkpt lat="35.651241" lon="-121.209809"><ele>25.8</ele></trkpt>
     <trkpt lat="35.651232" lon="-121.209470"><ele>25.8</ele></trkpt>
     <trkpt lat="35.651283" lon="-121.208899"><ele>24.8</ele></trkpt>
     <trkpt lat="35.651735" lon="-121.207307"><ele>21.8</ele></trkpt>
     <trkpt lat="35.651879" lon="-121.206614"><ele>22.2</ele></trkpt>
     <trkpt lat="35.651940" lon="-121.205828"><ele>23.2</ele></trkpt>
     <trkpt lat="35.651813" lon="-121.204799"><ele>27.2</ele></trkpt>
     <trkpt lat="35.651604" lon="-121.204129"><ele>28.0</ele></trkpt>
     <trkpt lat="35.650593" lon="-121.201752"><ele>26.6</ele></trkpt>
     <trkpt lat="35.649582" lon="-121.199375"><ele>25.3</ele></trkpt>
     <trkpt lat="35.648570" lon="-121.196997"><ele>23.9</ele></trkpt>
     <trkpt lat="35.647559" lon="-121.194620"><ele>22.6</ele></trkpt>
     <trkpt lat="35.646548" lon="-121.192243"><ele>21.2</ele></trkpt>
     <trkpt lat="35.645660" lon="-121.189980"><ele>19.8</ele></trkpt>
     <trkpt lat="35.644773" lon="-121.187716"><ele>18.4</ele></trkpt>
     <trkpt lat="35.643885" lon="-121.185453"><ele>17.0</ele></trkpt>
     <trkpt lat="35.644489" lon="-121.185118"><ele>18.5</ele></trkpt>
     <trkpt lat="35.644701" lon="-121.184940"><ele>19.2</ele></trkpt>
     <trkpt lat="35.645398" lon="-121.184139"><ele>24.0</ele></trkpt>
     <trkpt lat="35.644701" lon="-121.184940"><ele>19.2</ele></trkpt>
     <trkpt lat="35.644489" lon="-121.185118"><ele>18.5</ele></trkpt>
     <trkpt lat="35.643885" lon="-121.185453"><ele>17.0</ele></trkpt>
     <trkpt lat="35.643046" lon="-121.183347"><ele>14.4</ele></trkpt>
     <trkpt lat="35.642208" lon="-121.181242"><ele>11.8</ele></trkpt>
     <trkpt lat="35.641853" lon="-121.180199"><ele>11.8</ele></trkpt>
     <trkpt lat="35.641601" lon="-121.179320"><ele>13.5</ele></trkpt>
     <trkpt lat="35.641134" lon="-121.177413"><ele>12.6</ele></trkpt>
     <trkpt lat="35.640668" lon="-121.175506"><ele>11.8</ele></trkpt>
     <trkpt lat="35.640291" lon="-121.174314"><ele>15.5</ele></trkpt>
     <trkpt lat="35.639161" lon="-121.171812"><ele>17.8</ele></trkpt>
     <trkpt lat="35.638031" lon="-121.169310"><ele>20.0</ele></trkpt>
     <trkpt lat="35.636691" lon="-121.166514"><ele>22.8</ele></trkpt>
     <trkpt lat="35.636180" lon="-121.165708"><ele>21.8</ele></trkpt>
     <trkpt lat="35.635583" lon="-121.165021"><ele>24.0</ele></trkpt>
     <trkpt lat="35.635182" lon="-121.164655"><ele>20.8</ele></trkpt>
     <trkpt lat="35.633739" lon="-121.163530"><ele>17.6</ele></trkpt>
     <trkpt lat="35.632296" lon="-121.162405"><ele>14.5</ele></trkpt>
     <trkpt lat="35.631080" lon="-121.161553"><ele>13.4</ele></trkpt>
     <trkpt lat="35.629865" lon="-121.160701"><ele>12.2</ele></trkpt>
     <trkpt lat="35.627588" lon="-121.158954"><ele>8.5</ele></trkpt>
     <trkpt lat="35.626099" lon="-121.157621"><ele>11.2</ele></trkpt>
     <trkpt lat="35.625263" lon="-121.156755"><ele>11.5</ele></trkpt>
     <trkpt lat="35.624522" lon="-121.156091"><ele>14.2</ele></trkpt>
     <trkpt lat="35.622449" lon="-121.154671"><ele>18.0</ele></trkpt>
     <trkpt lat="35.621555" lon="-121.153995"><ele>18.0</ele></trkpt>
     <trkpt lat="35.620588" lon="-121.153128"><ele>18.2</ele></trkpt>
     <trkpt lat="35.619639" lon="-121.152116"><ele>22.0</ele></trkpt>
     <trkpt lat="35.617885" lon="-121.149831"><ele>22.0</ele></trkpt>
     <trkpt lat="35.616676" lon="-121.148401"><ele>19.9</ele></trkpt>
     <trkpt lat="35.615467" lon="-121.146970"><ele>17.8</ele></trkpt>
     <trkpt lat="35.614341" lon="-121.145683"><ele>18.8</ele></trkpt>
     <trkpt lat="35.613253" lon="-121.144567"><ele>18.0</ele></trkpt>
     <trkpt lat="35.611642" lon="-121.142689"><ele>16.8</ele></trkpt>
     <trkpt lat="35.610078" lon="-121.140825"><ele>19.1</ele></trkpt>
     <trkpt lat="35.608513" lon="-121.138961"><ele>21.5</ele></trkpt>
     <trkpt lat="35.606949" lon="-121.137098"><ele>23.9</ele></trkpt>
     <trkpt lat="35.605384" lon="-121.135234"><ele>26.2</ele></trkpt>
     <trkpt lat="35.603827" lon="-121.133412"><ele>24.6</ele></trkpt>
     <trkpt lat="35.602270" lon="-121.131591"><ele>23.0</ele></trkpt>
     <trkpt lat="35.600713" lon="-121.129769"><ele>21.4</ele></trkpt>
     <trkpt lat="35.599156" lon="-121.127947"><ele>19.8</ele></trkpt>
     <trkpt lat="35.598209" lon="-121.127052"><ele>21.0</ele></trkpt>
     <trkpt lat="35.597549" lon="-121.126587"><ele>16.5</ele></trkpt>
     <trkpt lat="35.596829" lon="-121.126195"><ele>11.8</ele></trkpt>
     <trkpt lat="35.595542" lon="-121.125646"><ele>10.2</ele></trkpt>
     <trkpt lat="35.594255" lon="-121.125097"><ele>8.8</ele></trkpt>
     <trkpt lat="35.591889" lon="-121.124297"><ele>10.0</ele></trkpt>
     <trkpt lat="35.589434" lon="-121.123301"><ele>18.5</ele></trkpt>
     <trkpt lat="35.587463" lon="-121.122463"><ele>19.2</ele></trkpt>
     <trkpt lat="35.586491" lon="-121.121904"><ele>21.5</ele></trkpt>
     <trkpt lat="35.585954" lon="-121.121519"><ele>21.2</ele></trkpt>
     <trkpt lat="35.585509" lon="-121.121133"><ele>21.8</ele></trkpt>
     <trkpt lat="35.583803" lon="-121.119485"><ele>19.5</ele></trkpt>
     <trkpt lat="35.582722" lon="-121.118482"><ele>15.8</ele></trkpt>
     <trkpt lat="35.581640" lon="-121.117478"><ele>12.0</ele></trkpt>
     <trkpt lat="35.579966" lon="-121.115865"><ele>14.1</ele></trkpt>
     <trkpt lat="35.578293" lon="-121.114253"><ele>16.2</ele></trkpt>
     <trkpt lat="35.576619" lon="-121.112640"><ele>18.2</ele></trkpt>
     <trkpt lat="35.576031" lon="-121.112231"><ele>18.2</ele></trkpt>
     <trkpt lat="35.575355" lon="-121.111878"><ele>18.2</ele></trkpt>
     <trkpt lat="35.573531" lon="-121.111305"><ele>23.5</ele></trkpt>
     <trkpt lat="35.572849" lon="-121.111006"><ele>24.2</ele></trkpt>
     <trkpt lat="35.572087" lon="-121.110515"><ele>24.2</ele></trkpt>
     <trkpt lat="35.571294" lon="-121.109762"><ele>24.2</ele></trkpt>
     <trkpt lat="35.570731" lon="-121.109044"><ele>23.5</ele></trkpt>
     <trkpt lat="35.570462" lon="-121.108594"><ele>24.0</ele></trkpt>
     <trkpt lat="35.570080" lon="-121.107745"><ele>23.2</ele></trkpt>
     <trkpt lat="35.569862" lon="-121.107110"><ele>22.5</ele></trkpt>
     <trkpt lat="35.569122" lon="-121.104508"><ele>16.0</ele></trkpt>
     <trkpt lat="35.568927" lon="-121.103931"><ele>15.0</ele></trkpt>
     <trkpt lat="35.569162" lon="-121.103736"><ele>20.0</ele></trkpt>
     <trkpt lat="35.568602" lon="-121.102716"><ele>12.5</ele></trkpt>
     <trkpt lat="35.568469" lon="-121.102409"><ele>10.5</ele></trkpt>
     <trkpt lat="35.568305" lon="-121.101870"><ele>10.5</ele></trkpt>
     <trkpt lat="35.567965" lon="-121.101107"><ele>14.5</ele></trkpt>
     <trkpt lat="35.566387" lon="-121.098798"><ele>16.8</ele></trkpt>
     <trkpt lat="35.564808" lon="-121.096489"><ele>19.0</ele></trkpt>
     <trkpt lat="35.564185" lon="-121.095524"><ele>19.2</ele></trkpt>
     <trkpt lat="35.563713" lon="-121.094668"><ele>23.8</ele></trkpt>
     <trkpt lat="35.563482" lon="-121.094155"><ele>26.8</ele></trkpt>
     <trkpt lat="35.563102" lon="-121.093053"><ele>31.5</ele></trkpt>
     <trkpt lat="35.562873" lon="-121.092022"><ele>29.0</ele></trkpt>
     <trkpt lat="35.562742" lon="-121.091001"><ele>29.2</ele></trkpt>
     <trkpt lat="35.562712" lon="-121.089875"><ele>31.5</ele></trkpt>
     <trkpt lat="35.562778" lon="-121.088889"><ele>29.0</ele></trkpt>
     <trkpt lat="35.562908" lon="-121.088013"><ele>26.8</ele></trkpt>
     <trkpt lat="35.563360" lon="-121.085638"><ele>27.1</ele></trkpt>
     <trkpt lat="35.563812" lon="-121.083263"><ele>27.5</ele></trkpt>
     <trkpt lat="35.564303" lon="-121.081560"><ele>24.5</ele></trkpt>
     <trkpt lat="35.563615" lon="-121.081318"><ele>22.0</ele></trkpt>
     <trkpt lat="35.563296" lon="-121.082427"><ele>23.8</ele></trkpt>
     <trkpt lat="35.561620" lon="-121.081857"><ele>36.8</ele></trkpt>
     <trkpt lat="35.561607" lon="-121.081391"><ele>36.0</ele></trkpt>
     <trkpt lat="35.561543" lon="-121.080974"><ele>37.8</ele></trkpt>
     <trkpt lat="35.561319" lon="-121.080446"><ele>47.0</ele></trkpt>
     <trkpt lat="35.561168" lon="-121.079903"><ele>51.5</ele></trkpt>
     <trkpt lat="35.561069" lon="-121.079755"><ele>55.8</ele></trkpt>
     <trkpt lat="35.560626" lon="-121.079498"><ele>64.2</ele></trkpt>
     <trkpt lat="35.560004" lon="-121.079331"><ele>68.2</ele></trkpt>
     <trkpt lat="35.559785" lon="-121.078821"><ele>72.2</ele></trkpt>
     <trkpt lat="35.559608" lon="-121.078597"><ele>75.0</ele></trkpt>
     <trkpt lat="35.559403" lon="-121.078489"><ele>77.0</ele></trkpt>
     <trkpt lat="35.558659" lon="-121.078373"><ele>84.0</ele></trkpt>
     <trkpt lat="35.558502" lon="-121.078266"><ele>85.8</ele></trkpt>
     <trkpt lat="35.558175" lon="-121.077749"><ele>88.2</ele></trkpt>
     <trkpt lat="35.558102" lon="-121.077310"><ele>89.2</ele></trkpt>
     <trkpt lat="35.558230" lon="-121.076519"><ele>90.0</ele></trkpt>
     <trkpt lat="35.558236" lon="-121.076171"><ele>88.5</ele></trkpt>
     <trkpt lat="35.558114" lon="-121.076085"><ele>88.8</ele></trkpt>
     <trkpt lat="35.556683" lon="-121.075479"><ele>85.2</ele></trkpt>
     <trkpt lat="35.554582" lon="-121.074508"><ele>78.0</ele></trkpt>
     <trkpt lat="35.554277" lon="-121.074263"><ele>77.2</ele></trkpt>
     <trkpt lat="35.554144" lon="-121.074097"><ele>77.0</ele></trkpt>
     <trkpt lat="35.553941" lon="-121.073724"><ele>78.0</ele></trkpt>
     <trkpt lat="35.553848" lon="-121.073400"><ele>77.5</ele></trkpt>
     <trkpt lat="35.553837" lon="-121.073152"><ele>79.0</ele></trkpt>
     <trkpt lat="35.553209" lon="-121.072829"><ele>81.5</ele></trkpt>
     <trkpt lat="35.552383" lon="-121.072331"><ele>81.8</ele></trkpt>
     <trkpt lat="35.552072" lon="-121.072064"><ele>84.2</ele></trkpt>
     <trkpt lat="35.551621" lon="-121.071478"><ele>86.8</ele></trkpt>
     <trkpt lat="35.551446" lon="-121.071472"><ele>87.0</ele></trkpt>
     <trkpt lat="35.551309" lon="-121.071570"><ele>87.0</ele></trkpt>
     <trkpt lat="35.549378" lon="-121.069466"><ele>75.0</ele></trkpt>
     <trkpt lat="35.547448" lon="-121.067361"><ele>63.0</ele></trkpt>
     <trkpt lat="35.545517" lon="-121.065257"><ele>51.0</ele></trkpt>
     <trkpt lat="35.544516" lon="-121.064103"><ele>44.5</ele></trkpt>
     <trkpt lat="35.543901" lon="-121.063235"><ele>41.5</ele></trkpt>
     <trkpt lat="35.543534" lon="-121.062612"><ele>40.2</ele></trkpt>
     <trkpt lat="35.542728" lon="-121.061112"><ele>37.9</ele></trkpt>
     <trkpt lat="35.541922" lon="-121.059611"><ele>35.5</ele></trkpt>
     <trkpt lat="35.541494" lon="-121.058892"><ele>35.2</ele></trkpt>
     <trkpt lat="35.540343" lon="-121.057391"><ele>34.5</ele></trkpt>
     <trkpt lat="35.538671" lon="-121.055327"><ele>39.2</ele></trkpt>
     <trkpt lat="35.536999" lon="-121.053263"><ele>44.0</ele></trkpt>
     <trkpt lat="35.535998" lon="-121.052339"><ele>48.8</ele></trkpt>
     <trkpt lat="35.534261" lon="-121.051157"><ele>51.2</ele></trkpt>
     <trkpt lat="35.532525" lon="-121.049975"><ele>53.8</ele></trkpt>
     <trkpt lat="35.531843" lon="-121.049414"><ele>51.8</ele></trkpt>
     <trkpt lat="35.530691" lon="-121.048297"><ele>48.9</ele></trkpt>
     <trkpt lat="35.529538" lon="-121.047180"><ele>46.0</ele></trkpt>
     <trkpt lat="35.528365" lon="-121.045992"><ele>41.4</ele></trkpt>
     <trkpt lat="35.527192" lon="-121.044805"><ele>36.8</ele></trkpt>
     <trkpt lat="35.526471" lon="-121.044271"><ele>37.0</ele></trkpt>
     <trkpt lat="35.524059" lon="-121.043021"><ele>37.5</ele></trkpt>
     <trkpt lat="35.523603" lon="-121.042700"><ele>38.5</ele></trkpt>
     <trkpt lat="35.522869" lon="-121.042003"><ele>39.2</ele></trkpt>
     <trkpt lat="35.522130" lon="-121.040988"><ele>40.8</ele></trkpt>
     <trkpt lat="35.521039" lon="-121.039189"><ele>40.9</ele></trkpt>
     <trkpt lat="35.519947" lon="-121.037390"><ele>41.0</ele></trkpt>
     <trkpt lat="35.519290" lon="-121.036350"><ele>42.0</ele></trkpt>
     <trkpt lat="35.518750" lon="-121.035592"><ele>43.5</ele></trkpt>
     <trkpt lat="35.517096" lon="-121.034038"><ele>45.9</ele></trkpt>
     <trkpt lat="35.515443" lon="-121.032484"><ele>48.4</ele></trkpt>
     <trkpt lat="35.513790" lon="-121.030931"><ele>50.8</ele></trkpt>
     <trkpt lat="35.512136" lon="-121.029377"><ele>53.2</ele></trkpt>
     <trkpt lat="35.511370" lon="-121.028531"><ele>54.2</ele></trkpt>
     <trkpt lat="35.510706" lon="-121.027667"><ele>56.0</ele></trkpt>
     <trkpt lat="35.509479" lon="-121.025745"><ele>58.9</ele></trkpt>
     <trkpt lat="35.508251" lon="-121.023823"><ele>61.8</ele></trkpt>
     <trkpt lat="35.507224" lon="-121.022087"><ele>72.8</ele></trkpt>
     <trkpt lat="35.507686" lon="-121.021448"><ele>70.5</ele></trkpt>
     <trkpt lat="35.508477" lon="-121.022785"><ele>61.5</ele></trkpt>
     <trkpt lat="35.507686" lon="-121.021448"><ele>70.5</ele></trkpt>
     <trkpt lat="35.507224" lon="-121.022087"><ele>72.8</ele></trkpt>
     <trkpt lat="35.505971" lon="-121.020038"><ele>85.0</ele></trkpt>
     <trkpt lat="35.504718" lon="-121.017989"><ele>97.2</ele></trkpt>
     <trkpt lat="35.503845" lon="-121.016629"><ele>91.4</ele></trkpt>
     <trkpt lat="35.502973" lon="-121.015270"><ele>85.5</ele></trkpt>
     <trkpt lat="35.502064" lon="-121.014131"><ele>84.0</ele></trkpt>
     <trkpt lat="35.500276" lon="-121.012133"><ele>78.0</ele></trkpt>
     <trkpt lat="35.498488" lon="-121.010134"><ele>72.0</ele></trkpt>
     <trkpt lat="35.497808" lon="-121.009300"><ele>74.0</ele></trkpt>
     <trkpt lat="35.496322" lon="-121.007321"><ele>68.4</ele></trkpt>
     <trkpt lat="35.494836" lon="-121.005342"><ele>62.8</ele></trkpt>
     <trkpt lat="35.494297" lon="-121.004688"><ele>59.5</ele></trkpt>
     <trkpt lat="35.493922" lon="-121.004355"><ele>59.0</ele></trkpt>
     <trkpt lat="35.493471" lon="-121.004038"><ele>56.5</ele></trkpt>
     <trkpt lat="35.491496" lon="-121.003069"><ele>54.8</ele></trkpt>
     <trkpt lat="35.490945" lon="-121.002700"><ele>52.8</ele></trkpt>
     <trkpt lat="35.490256" lon="-121.002123"><ele>51.8</ele></trkpt>
     <trkpt lat="35.489128" lon="-121.001078"><ele>53.2</ele></trkpt>
     <trkpt lat="35.487999" lon="-121.000032"><ele>54.8</ele></trkpt>
     <trkpt lat="35.486759" lon="-120.998973"><ele>51.8</ele></trkpt>
     <trkpt lat="35.484600" lon="-120.997722"><ele>49.6</ele></trkpt>
     <trkpt lat="35.482440" lon="-120.996471"><ele>47.5</ele></trkpt>
     <trkpt lat="35.481855" lon="-120.996075"><ele>44.0</ele></trkpt>
     <trkpt lat="35.480870" lon="-120.995220"><ele>37.0</ele></trkpt>
     <trkpt lat="35.480305" lon="-120.994587"><ele>36.2</ele></trkpt>
     <trkpt lat="35.478707" lon="-120.992359"><ele>30.2</ele></trkpt>
     <trkpt lat="35.478155" lon="-120.991687"><ele>27.2</ele></trkpt>
     <trkpt lat="35.477899" lon="-120.991434"><ele>26.8</ele></trkpt>
     <trkpt lat="35.477272" lon="-120.990934"><ele>25.2</ele></trkpt>
     <trkpt lat="35.475794" lon="-120.990014"><ele>24.8</ele></trkpt>
     <trkpt lat="35.475490" lon="-120.989787"><ele>27.0</ele></trkpt>
     <trkpt lat="35.474755" lon="-120.989082"><ele>29.0</ele></trkpt>
     <trkpt lat="35.474344" lon="-120.988549"><ele>27.8</ele></trkpt>
     <trkpt lat="35.473984" lon="-120.987931"><ele>26.5</ele></trkpt>
     <trkpt lat="35.473591" lon="-120.987014"><ele>25.5</ele></trkpt>
     <trkpt lat="35.473378" lon="-120.986225"><ele>21.8</ele></trkpt>
     <trkpt lat="35.472982" lon="-120.984107"><ele>21.0</ele></trkpt>
     <trkpt lat="35.472879" lon="-120.983757"><ele>20.0</ele></trkpt>
     <trkpt lat="35.472538" lon="-120.982880"><ele>15.5</ele></trkpt>
     <trkpt lat="35.472094" lon="-120.982030"><ele>16.0</ele></trkpt>
     <trkpt lat="35.470675" lon="-120.979837"><ele>12.8</ele></trkpt>
     <trkpt lat="35.469256" lon="-120.977644"><ele>9.5</ele></trkpt>
     <trkpt lat="35.467688" lon="-120.975561"><ele>9.5</ele></trkpt>
     <trkpt lat="35.466120" lon="-120.973477"><ele>9.5</ele></trkpt>
     <trkpt lat="35.465377" lon="-120.972376"><ele>13.0</ele></trkpt>
     <trkpt lat="35.464013" lon="-120.970068"><ele>13.7</ele></trkpt>
     <trkpt lat="35.462650" lon="-120.967760"><ele>14.4</ele></trkpt>
     <trkpt lat="35.461286" lon="-120.965452"><ele>15.1</ele></trkpt>
     <trkpt lat="35.459923" lon="-120.963145"><ele>15.9</ele></trkpt>
     <trkpt lat="35.458559" lon="-120.960837"><ele>16.6</ele></trkpt>
     <trkpt lat="35.457196" lon="-120.958529"><ele>17.3</ele></trkpt>
     <trkpt lat="35.455832" lon="-120.956221"><ele>18.0</ele></trkpt>
     <trkpt lat="35.455196" lon="-120.954809"><ele>19.0</ele></trkpt>
     <trkpt lat="35.454268" lon="-120.952214"><ele>20.4</ele></trkpt>
     <trkpt lat="35.453339" lon="-120.949618"><ele>21.8</ele></trkpt>
     <trkpt lat="35.452411" lon="-120.947023"><ele>23.1</ele></trkpt>
     <trkpt lat="35.451483" lon="-120.944428"><ele>24.5</ele></trkpt>
     <trkpt lat="35.451134" lon="-120.943201"><ele>26.5</ele></trkpt>
     <trkpt lat="35.450838" lon="-120.941529"><ele>30.5</ele></trkpt>
     <trkpt lat="35.450584" lon="-120.938926"><ele>24.9</ele></trkpt>
     <trkpt lat="35.450331" lon="-120.936324"><ele>19.3</ele></trkpt>
     <trkpt lat="35.450077" lon="-120.933721"><ele>13.8</ele></trkpt>
     <trkpt lat="35.449848" lon="-120.931211"><ele>18.3</ele></trkpt>
     <trkpt lat="35.449618" lon="-120.928700"><ele>22.9</ele></trkpt>
     <trkpt lat="35.449389" lon="-120.926190"><ele>27.5</ele></trkpt>
     <trkpt lat="35.449345" lon="-120.925244"><ele>26.5</ele></trkpt>
     <trkpt lat="35.449416" lon="-120.923553"><ele>25.1</ele></trkpt>
     <trkpt lat="35.449488" lon="-120.921862"><ele>23.8</ele></trkpt>
     <trkpt lat="35.449703" lon="-120.919878"><ele>23.2</ele></trkpt>
     <trkpt lat="35.449919" lon="-120.917894"><ele>22.8</ele></trkpt>
     <trkpt lat="35.449586" lon="-120.917703"><ele>20.0</ele></trkpt>
     <trkpt lat="35.449485" lon="-120.917512"><ele>19.0</ele></trkpt>
     <trkpt lat="35.449475" lon="-120.917276"><ele>18.8</ele></trkpt>
     <trkpt lat="35.449854" lon="-120.916182"><ele>21.8</ele></trkpt>
     <trkpt lat="35.449943" lon="-120.914991"><ele>17.0</ele></trkpt>
     <trkpt lat="35.449845" lon="-120.914040"><ele>17.2</ele></trkpt>
     <trkpt lat="35.449312" lon="-120.912201"><ele>18.0</ele></trkpt>
     <trkpt lat="35.449249" lon="-120.911826"><ele>18.8</ele></trkpt>
     <trkpt lat="35.449229" lon="-120.911257"><ele>20.5</ele></trkpt>
     <trkpt lat="35.449281" lon="-120.910732"><ele>22.8</ele></trkpt>
     <trkpt lat="35.449350" lon="-120.910410"><ele>21.8</ele></trkpt>
     <trkpt lat="35.449923" lon="-120.908718"><ele>14.5</ele></trkpt>
     <trkpt lat="35.450021" lon="-120.908235"><ele>12.2</ele></trkpt>
     <trkpt lat="35.450035" lon="-120.907591"><ele>8.2</ele></trkpt>
     <trkpt lat="35.449937" lon="-120.906801"><ele>6.0</ele></trkpt>
     <trkpt lat="35.449822" lon="-120.906426"><ele>6.2</ele></trkpt>
     <trkpt lat="35.449554" lon="-120.905805"><ele>8.0</ele></trkpt>
     <trkpt lat="35.448406" lon="-120.903483"><ele>11.4</ele></trkpt>
     <trkpt lat="35.447258" lon="-120.901162"><ele>14.9</ele></trkpt>
     <trkpt lat="35.446110" lon="-120.898840"><ele>18.4</ele></trkpt>
     <trkpt lat="35.444962" lon="-120.896519"><ele>21.8</ele></trkpt>
     <trkpt lat="35.443814" lon="-120.894197"><ele>25.2</ele></trkpt>
     <trkpt lat="35.442702" lon="-120.892022"><ele>26.5</ele></trkpt>
     <trkpt lat="35.442151" lon="-120.891144"><ele>26.0</ele></trkpt>
     <trkpt lat="35.441360" lon="-120.890264"><ele>24.8</ele></trkpt>
     <trkpt lat="35.439542" lon="-120.888515"><ele>18.8</ele></trkpt>
     <trkpt lat="35.438982" lon="-120.888118"><ele>17.8</ele></trkpt>
     <trkpt lat="35.438388" lon="-120.887769"><ele>14.8</ele></trkpt>
     <trkpt lat="35.437901" lon="-120.887538"><ele>13.8</ele></trkpt>
     <trkpt lat="35.435975" lon="-120.886737"><ele>9.0</ele></trkpt>
     <trkpt lat="35.433623" lon="-120.885825"><ele>12.2</ele></trkpt>
     <trkpt lat="35.433818" lon="-120.885355"><ele>16.5</ele></trkpt>
     <trkpt lat="35.434839" lon="-120.885692"><ele>16.0</ele></trkpt>
     <trkpt lat="35.436062" lon="-120.885790"><ele>14.2</ele></trkpt>
     <trkpt lat="35.436276" lon="-120.885877"><ele>13.2</ele></trkpt>
     <trkpt lat="35.436438" lon="-120.886018"><ele>12.8</ele></trkpt>
     <trkpt lat="35.437508" lon="-120.885729"><ele>19.5</ele></trkpt>
     <trkpt lat="35.436438" lon="-120.886018"><ele>12.8</ele></trkpt>
     <trkpt lat="35.436276" lon="-120.885877"><ele>13.2</ele></trkpt>
     <trkpt lat="35.436062" lon="-120.885790"><ele>14.2</ele></trkpt>
     <trkpt lat="35.434839" lon="-120.885692"><ele>16.0</ele></trkpt>
     <trkpt lat="35.433818" lon="-120.885355"><ele>16.5</ele></trkpt>
     <trkpt lat="35.433623" lon="-120.885825"><ele>12.2</ele></trkpt>
     <trkpt lat="35.433202" lon="-120.885650"><ele>13.2</ele></trkpt>
     <trkpt lat="35.432690" lon="-120.885367"><ele>14.2</ele></trkpt>
     <trkpt lat="35.431884" lon="-120.884759"><ele>13.5</ele></trkpt>
     <trkpt lat="35.430374" lon="-120.883412"><ele>14.4</ele></trkpt>
     <trkpt lat="35.428864" lon="-120.882066"><ele>15.2</ele></trkpt>
     <trkpt lat="35.427965" lon="-120.881338"><ele>14.8</ele></trkpt>
     <trkpt lat="35.427217" lon="-120.880849"><ele>15.8</ele></trkpt>
     <trkpt lat="35.425090" lon="-120.879633"><ele>17.1</ele></trkpt>
     <trkpt lat="35.422964" lon="-120.878417"><ele>18.5</ele></trkpt>
     <trkpt lat="35.421359" lon="-120.877681"><ele>14.8</ele></trkpt>
     <trkpt lat="35.419754" lon="-120.876945"><ele>11.0</ele></trkpt>
     <trkpt lat="35.417866" lon="-120.875873"><ele>9.8</ele></trkpt>
     <trkpt lat="35.415977" lon="-120.874802"><ele>8.7</ele></trkpt>
     <trkpt lat="35.414089" lon="-120.873730"><ele>7.5</ele></trkpt>
     <trkpt lat="35.413406" lon="-120.873398"><ele>4.8</ele></trkpt>
     <trkpt lat="35.412386" lon="-120.872989"><ele>7.2</ele></trkpt>
     <trkpt lat="35.411054" lon="-120.872619"><ele>11.8</ele></trkpt>
     <trkpt lat="35.409723" lon="-120.872248"><ele>16.2</ele></trkpt>
     <trkpt lat="35.409139" lon="-120.872027"><ele>18.2</ele></trkpt>
     <trkpt lat="35.408563" lon="-120.871706"><ele>20.2</ele></trkpt>
     <trkpt lat="35.407950" lon="-120.871234"><ele>21.0</ele></trkpt>
     <trkpt lat="35.405992" lon="-120.869453"><ele>18.5</ele></trkpt>
     <trkpt lat="35.404034" lon="-120.867673"><ele>16.0</ele></trkpt>
     <trkpt lat="35.402895" lon="-120.866369"><ele>15.1</ele></trkpt>
     <trkpt lat="35.401755" lon="-120.865065"><ele>14.2</ele></trkpt>
     <trkpt lat="35.401066" lon="-120.864381"><ele>14.2</ele></trkpt>
     <trkpt lat="35.400094" lon="-120.863558"><ele>14.8</ele></trkpt>
     <trkpt lat="35.399558" lon="-120.863180"><ele>14.5</ele></trkpt>
     <trkpt lat="35.398181" lon="-120.862345"><ele>14.0</ele></trkpt>
     <trkpt lat="35.397075" lon="-120.861852"><ele>14.2</ele></trkpt>
     <trkpt lat="35.394744" lon="-120.860969"><ele>12.9</ele></trkpt>
     <trkpt lat="35.392414" lon="-120.860086"><ele>11.6</ele></trkpt>
     <trkpt lat="35.390083" lon="-120.859203"><ele>10.2</ele></trkpt>
     <trkpt lat="35.387676" lon="-120.858330"><ele>9.2</ele></trkpt>
     <trkpt lat="35.386106" lon="-120.857707"><ele>9.4</ele></trkpt>
     <trkpt lat="35.384537" lon="-120.857083"><ele>9.5</ele></trkpt>
     <trkpt lat="35.382841" lon="-120.856462"><ele>10.5</ele></trkpt>
     <trkpt lat="35.381410" lon="-120.856186"><ele>10.0</ele></trkpt>
     <trkpt lat="35.379978" lon="-120.855910"><ele>9.5</ele></trkpt>
     <trkpt lat="35.379962" lon="-120.856072"><ele>9.0</ele></trkpt>
     <trkpt lat="35.379742" lon="-120.855963"><ele>9.5</ele></trkpt>
     <trkpt lat="35.378858" lon="-120.855673"><ele>10.0</ele></trkpt>
     <trkpt lat="35.378233" lon="-120.855544"><ele>10.8</ele></trkpt>
     <trkpt lat="35.377902" lon="-120.855388"><ele>10.2</ele></trkpt>
     <trkpt lat="35.377268" lon="-120.854979"><ele>9.5</ele></trkpt>
     <trkpt lat="35.376607" lon="-120.854856"><ele>8.5</ele></trkpt>
     <trkpt lat="35.376327" lon="-120.854464"><ele>8.2</ele></trkpt>
     <trkpt lat="35.375552" lon="-120.853945"><ele>9.2</ele></trkpt>
     <trkpt lat="35.375202" lon="-120.853779"><ele>9.8</ele></trkpt>
     <trkpt lat="35.374729" lon="-120.853414"><ele>9.5</ele></trkpt>
     <trkpt lat="35.373991" lon="-120.852978"><ele>9.8</ele></trkpt>
     <trkpt lat="35.373393" lon="-120.852379"><ele>12.8</ele></trkpt>
     <trkpt lat="35.373258" lon="-120.852085"><ele>14.0</ele></trkpt>
     <trkpt lat="35.372971" lon="-120.851679"><ele>17.2</ele></trkpt>
     <trkpt lat="35.372937" lon="-120.851400"><ele>17.2</ele></trkpt>
     <trkpt lat="35.372787" lon="-120.851369"><ele>18.2</ele></trkpt>
     <trkpt lat="35.372396" lon="-120.851143"><ele>20.0</ele></trkpt>
     <trkpt lat="35.371881" lon="-120.850589"><ele>21.0</ele></trkpt>
     <trkpt lat="35.371359" lon="-120.850203"><ele>20.2</ele></trkpt>
     <trkpt lat="35.370622" lon="-120.850029"><ele>23.8</ele></trkpt>
     <trkpt lat="35.370123" lon="-120.849997"><ele>25.5</ele></trkpt>
     <trkpt lat="35.368022" lon="-120.849998"><ele>23.2</ele></trkpt>
     <trkpt lat="35.365921" lon="-120.849998"><ele>21.0</ele></trkpt>
     <trkpt lat="35.365924" lon="-120.849905"><ele>21.2</ele></trkpt>
     <trkpt lat="35.365809" lon="-120.849907"><ele>20.5</ele></trkpt>
     <trkpt lat="35.365924" lon="-120.849905"><ele>21.2</ele></trkpt>
     <trkpt lat="35.365921" lon="-120.849998"><ele>21.0</ele></trkpt>
     <trkpt lat="35.364019" lon="-120.849988"><ele>21.7</ele></trkpt>
     <trkpt lat="35.362116" lon="-120.849978"><ele>22.3</ele></trkpt>
     <trkpt lat="35.360214" lon="-120.849968"><ele>23.0</ele></trkpt>
     <trkpt lat="35.360017" lon="-120.849948"><ele>23.2</ele></trkpt>
     <trkpt lat="35.359001" lon="-120.849530"><ele>29.0</ele></trkpt>
     <trkpt lat="35.358559" lon="-120.849242"><ele>26.2</ele></trkpt>
     <trkpt lat="35.357562" lon="-120.848435"><ele>18.2</ele></trkpt>
     <trkpt lat="35.356157" lon="-120.846592"><ele>16.8</ele></trkpt>
     <trkpt lat="35.356084" lon="-120.846435"><ele>17.2</ele></trkpt>
     <trkpt lat="35.356023" lon="-120.846130"><ele>18.8</ele></trkpt>
     <trkpt lat="35.356018" lon="-120.845353"><ele>23.0</ele></trkpt>
     <trkpt lat="35.355964" lon="-120.844892"><ele>25.2</ele></trkpt>
     <trkpt lat="35.355888" lon="-120.844685"><ele>26.0</ele></trkpt>
     <trkpt lat="35.355704" lon="-120.844459"><ele>26.5</ele></trkpt>
     <trkpt lat="35.354685" lon="-120.843894"><ele>27.8</ele></trkpt>
     <trkpt lat="35.354464" lon="-120.843813"><ele>29.5</ele></trkpt>
     <trkpt lat="35.353919" lon="-120.843726"><ele>31.2</ele></trkpt>
     <trkpt lat="35.353763" lon="-120.842687"><ele>41.2</ele></trkpt>
     <trkpt lat="35.353448" lon="-120.841926"><ele>43.8</ele></trkpt>
     <trkpt lat="35.353373" lon="-120.841576"><ele>44.5</ele></trkpt>
     <trkpt lat="35.353386" lon="-120.841365"><ele>45.5</ele></trkpt>
     <trkpt lat="35.353565" lon="-120.840531"><ele>50.8</ele></trkpt>
     <trkpt lat="35.353560" lon="-120.840201"><ele>51.5</ele></trkpt>
     <trkpt lat="35.353503" lon="-120.839939"><ele>51.8</ele></trkpt>
     <trkpt lat="35.353238" lon="-120.839376"><ele>53.5</ele></trkpt>
     <trkpt lat="35.352585" lon="-120.838431"><ele>52.2</ele></trkpt>
     <trkpt lat="35.352222" lon="-120.837788"><ele>53.2</ele></trkpt>
     <trkpt lat="35.351868" lon="-120.836764"><ele>51.2</ele></trkpt>
     <trkpt lat="35.351738" lon="-120.835987"><ele>56.5</ele></trkpt>
     <trkpt lat="35.351413" lon="-120.834581"><ele>38.5</ele></trkpt>
     <trkpt lat="35.351337" lon="-120.833857"><ele>30.8</ele></trkpt>
     <trkpt lat="35.351415" lon="-120.833499"><ele>29.5</ele></trkpt>
     <trkpt lat="35.351480" lon="-120.833365"><ele>29.2</ele></trkpt>
     <trkpt lat="35.351765" lon="-120.833015"><ele>30.8</ele></trkpt>
     <trkpt lat="35.352049" lon="-120.832393"><ele>30.0</ele></trkpt>
     <trkpt lat="35.352384" lon="-120.831988"><ele>28.8</ele></trkpt>
     <trkpt lat="35.352566" lon="-120.831533"><ele>25.0</ele></trkpt>
     <trkpt lat="35.352850" lon="-120.831041"><ele>19.5</ele></trkpt>
     <trkpt lat="35.353576" lon="-120.830047"><ele>15.5</ele></trkpt>
     <trkpt lat="35.353879" lon="-120.829549"><ele>12.5</ele></trkpt>
     <trkpt lat="35.354791" lon="-120.828569"><ele>11.8</ele></trkpt>
     <trkpt lat="35.354932" lon="-120.828344"><ele>9.8</ele></trkpt>
     <trkpt lat="35.355019" lon="-120.828050"><ele>8.2</ele></trkpt>
     <trkpt lat="35.353849" lon="-120.827506"><ele>6.0</ele></trkpt>
     <trkpt lat="35.353534" lon="-120.827422"><ele>6.2</ele></trkpt>
     <trkpt lat="35.353288" lon="-120.827408"><ele>7.2</ele></trkpt>
     <trkpt lat="35.353018" lon="-120.827455"><ele>10.0</ele></trkpt>
     <trkpt lat="35.352693" lon="-120.827590"><ele>11.8</ele></trkpt>
     <trkpt lat="35.352159" lon="-120.828019"><ele>9.8</ele></trkpt>
     <trkpt lat="35.351860" lon="-120.828167"><ele>8.8</ele></trkpt>
     <trkpt lat="35.351429" lon="-120.828243"><ele>8.2</ele></trkpt>
     <trkpt lat="35.350802" lon="-120.828272"><ele>8.0</ele></trkpt>
     <trkpt lat="35.350185" lon="-120.828058"><ele>8.5</ele></trkpt>
     <trkpt lat="35.349918" lon="-120.827898"><ele>9.0</ele></trkpt>
     <trkpt lat="35.349715" lon="-120.827699"><ele>9.5</ele></trkpt>
     <trkpt lat="35.349338" lon="-120.827138"><ele>10.8</ele></trkpt>
     <trkpt lat="35.348924" lon="-120.826790"><ele>10.0</ele></trkpt>
     <trkpt lat="35.348724" lon="-120.826687"><ele>9.5</ele></trkpt>
     <trkpt lat="35.347855" lon="-120.826399"><ele>7.0</ele></trkpt>
     <trkpt lat="35.346823" lon="-120.825813"><ele>6.5</ele></trkpt>
     <trkpt lat="35.346319" lon="-120.825696"><ele>6.8</ele></trkpt>
     <trkpt lat="35.344806" lon="-120.825611"><ele>8.5</ele></trkpt>
     <trkpt lat="35.343819" lon="-120.825356"><ele>11.2</ele></trkpt>
     <trkpt lat="35.343075" lon="-120.825037"><ele>9.2</ele></trkpt>
     <trkpt lat="35.342684" lon="-120.824824"><ele>8.5</ele></trkpt>
     <trkpt lat="35.340966" lon="-120.823766"><ele>9.0</ele></trkpt>
     <trkpt lat="35.340337" lon="-120.823506"><ele>9.0</ele></trkpt>
     <trkpt lat="35.339877" lon="-120.823368"><ele>8.2</ele></trkpt>
     <trkpt lat="35.339382" lon="-120.823290"><ele>6.5</ele></trkpt>
     <trkpt lat="35.337089" lon="-120.823300"><ele>7.5</ele></trkpt>
     <trkpt lat="35.334796" lon="-120.823310"><ele>8.5</ele></trkpt>
     <trkpt lat="35.333322" lon="-120.823362"><ele>26.0</ele></trkpt>
     <trkpt lat="35.331795" lon="-120.823362"><ele>27.4</ele></trkpt>
     <trkpt lat="35.330268" lon="-120.823362"><ele>28.8</ele></trkpt>
     <trkpt lat="35.329564" lon="-120.823324"><ele>27.8</ele></trkpt>
     <trkpt lat="35.328759" lon="-120.823112"><ele>31.0</ele></trkpt>
     <trkpt lat="35.328234" lon="-120.822866"><ele>35.0</ele></trkpt>
     <trkpt lat="35.326613" lon="-120.821735"><ele>38.5</ele></trkpt>
     <trkpt lat="35.326006" lon="-120.821409"><ele>34.5</ele></trkpt>
     <trkpt lat="35.325608" lon="-120.821273"><ele>31.5</ele></trkpt>
     <trkpt lat="35.324918" lon="-120.821149"><ele>26.8</ele></trkpt>
     <trkpt lat="35.324567" lon="-120.821124"><ele>25.2</ele></trkpt>
     <trkpt lat="35.324026" lon="-120.821161"><ele>23.5</ele></trkpt>
     <trkpt lat="35.323506" lon="-120.821279"><ele>23.8</ele></trkpt>
     <trkpt lat="35.322844" lon="-120.821551"><ele>24.0</ele></trkpt>
     <trkpt lat="35.322379" lon="-120.821841"><ele>26.0</ele></trkpt>
     <trkpt lat="35.321069" lon="-120.822964"><ele>31.8</ele></trkpt>
     <trkpt lat="35.320691" lon="-120.823192"><ele>31.0</ele></trkpt>
     <trkpt lat="35.320172" lon="-120.823363"><ele>30.2</ele></trkpt>
     <trkpt lat="35.319694" lon="-120.823412"><ele>29.8</ele></trkpt>
     <trkpt lat="35.317399" lon="-120.823455"><ele>35.8</ele></trkpt>
     <trkpt lat="35.315838" lon="-120.823444"><ele>34.8</ele></trkpt>
     <trkpt lat="35.314278" lon="-120.823434"><ele>33.8</ele></trkpt>
     <trkpt lat="35.313690" lon="-120.823484"><ele>37.0</ele></trkpt>
     <trkpt lat="35.313001" lon="-120.823616"><ele>39.5</ele></trkpt>
     <trkpt lat="35.312507" lon="-120.823766"><ele>39.8</ele></trkpt>
     <trkpt lat="35.312644" lon="-120.824482"><ele>39.8</ele></trkpt>
     <trkpt lat="35.312893" lon="-120.826552"><ele>39.5</ele></trkpt>
     <trkpt lat="35.313142" lon="-120.828622"><ele>39.2</ele></trkpt>
     <trkpt lat="35.313163" lon="-120.830967"><ele>39.1</ele></trkpt>
     <trkpt lat="35.313183" lon="-120.833312"><ele>39.0</ele></trkpt>
     <trkpt lat="35.311968" lon="-120.833253"><ele>39.2</ele></trkpt>
     <trkpt lat="35.311124" lon="-120.833148"><ele>40.0</ele></trkpt>
     <trkpt lat="35.310763" lon="-120.833224"><ele>40.8</ele></trkpt>
     <trkpt lat="35.310765" lon="-120.832979"><ele>41.2</ele></trkpt>
     <trkpt lat="35.310713" lon="-120.832635"><ele>42.5</ele></trkpt>
     <trkpt lat="35.311089" lon="-120.832485"><ele>41.5</ele></trkpt>
     <trkpt lat="35.310915" lon="-120.831186"><ele>42.0</ele></trkpt>
     <trkpt lat="35.310729" lon="-120.829181"><ele>46.1</ele></trkpt>
     <trkpt lat="35.310543" lon="-120.827176"><ele>50.2</ele></trkpt>
     <trkpt lat="35.310398" lon="-120.826333"><ele>50.5</ele></trkpt>
     <trkpt lat="35.310148" lon="-120.825582"><ele>51.2</ele></trkpt>
     <trkpt lat="35.310138" lon="-120.825419"><ele>51.2</ele></trkpt>
     <trkpt lat="35.309129" lon="-120.823584"><ele>54.8</ele></trkpt>
     <trkpt lat="35.308861" lon="-120.822995"><ele>54.8</ele></trkpt>
     <trkpt lat="35.308773" lon="-120.822682"><ele>54.0</ele></trkpt>
     <trkpt lat="35.308013" lon="-120.819643"><ele>48.0</ele></trkpt>
     <trkpt lat="35.307253" lon="-120.816604"><ele>42.0</ele></trkpt>
     <trkpt lat="35.306492" lon="-120.813565"><ele>36.0</ele></trkpt>
     <trkpt lat="35.305732" lon="-120.810526"><ele>30.0</ele></trkpt>
     <trkpt lat="35.304992" lon="-120.807488"><ele>32.0</ele></trkpt>
     <trkpt lat="35.304252" lon="-120.804451"><ele>34.0</ele></trkpt>
     <trkpt lat="35.303512" lon="-120.801413"><ele>36.0</ele></trkpt>
     <trkpt lat="35.303234" lon="-120.800191"><ele>35.0</ele></trkpt>
     <trkpt lat="35.302811" lon="-120.797896"><ele>32.1</ele></trkpt>
     <trkpt lat="35.302387" lon="-120.795601"><ele>29.2</ele></trkpt>
     <trkpt lat="35.302028" lon="-120.794200"><ele>26.2</ele></trkpt>
     <trkpt lat="35.301744" lon="-120.793344"><ele>20.8</ele></trkpt>
     <trkpt lat="35.300952" lon="-120.791275"><ele>18.8</ele></trkpt>
     <trkpt lat="35.300161" lon="-120.789207"><ele>16.8</ele></trkpt>
     <trkpt lat="35.299369" lon="-120.787138"><ele>14.8</ele></trkpt>
     <trkpt lat="35.299200" lon="-120.786609"><ele>13.8</ele></trkpt>
     <trkpt lat="35.298943" lon="-120.785504"><ele>14.5</ele></trkpt>
     <trkpt lat="35.298835" lon="-120.784783"><ele>14.0</ele></trkpt>
     <trkpt lat="35.298751" lon="-120.783533"><ele>13.8</ele></trkpt>
     <trkpt lat="35.298813" lon="-120.782090"><ele>15.0</ele></trkpt>
     <trkpt lat="35.298958" lon="-120.781006"><ele>14.8</ele></trkpt>
     <trkpt lat="35.299110" lon="-120.780338"><ele>15.2</ele></trkpt>
     <trkpt lat="35.299786" lon="-120.777973"><ele>16.2</ele></trkpt>
     <trkpt lat="35.299927" lon="-120.777095"><ele>16.5</ele></trkpt>
     <trkpt lat="35.299966" lon="-120.776610"><ele>17.0</ele></trkpt>
     <trkpt lat="35.299965" lon="-120.775762"><ele>19.2</ele></trkpt>
     <trkpt lat="35.299907" lon="-120.775198"><ele>22.8</ele></trkpt>
     <trkpt lat="35.299662" lon="-120.774054"><ele>21.8</ele></trkpt>
     <trkpt lat="35.298638" lon="-120.771278"><ele>23.9</ele></trkpt>
     <trkpt lat="35.297613" lon="-120.768502"><ele>26.1</ele></trkpt>
     <trkpt lat="35.296589" lon="-120.765726"><ele>28.3</ele></trkpt>
     <trkpt lat="35.295565" lon="-120.762951"><ele>30.5</ele></trkpt>
     <trkpt lat="35.294541" lon="-120.760175"><ele>32.7</ele></trkpt>
     <trkpt lat="35.293517" lon="-120.757399"><ele>34.9</ele></trkpt>
     <trkpt lat="35.292492" lon="-120.754623"><ele>37.1</ele></trkpt>
     <trkpt lat="35.291468" lon="-120.751847"><ele>39.2</ele></trkpt>
     <trkpt lat="35.290436" lon="-120.749030"><ele>39.8</ele></trkpt>
     <trkpt lat="35.289404" lon="-120.746213"><ele>40.2</ele></trkpt>
     <trkpt lat="35.288372" lon="-120.743396"><ele>40.8</ele></trkpt>
     <trkpt lat="35.287340" lon="-120.740579"><ele>41.2</ele></trkpt>
     <trkpt lat="35.286308" lon="-120.737762"><ele>41.8</ele></trkpt>
     <trkpt lat="35.285275" lon="-120.734945"><ele>42.2</ele></trkpt>
     <trkpt lat="35.284243" lon="-120.732128"><ele>42.8</ele></trkpt>
     <trkpt lat="35.283211" lon="-120.729311"><ele>43.2</ele></trkpt>
     <trkpt lat="35.282179" lon="-120.726494"><ele>43.8</ele></trkpt>
     <trkpt lat="35.281147" lon="-120.723677"><ele>44.2</ele></trkpt>
     <trkpt lat="35.280115" lon="-120.720860"><ele>44.8</ele></trkpt>
     <trkpt lat="35.279083" lon="-120.718043"><ele>45.2</ele></trkpt>
     <trkpt lat="35.277848" lon="-120.718751"><ele>52.0</ele></trkpt>
     <trkpt lat="35.277737" lon="-120.718689"><ele>52.0</ele></trkpt>
     <trkpt lat="35.277607" lon="-120.718690"><ele>52.2</ele></trkpt>
     <trkpt lat="35.277503" lon="-120.718744"><ele>52.2</ele></trkpt>
     <trkpt lat="35.277448" lon="-120.718862"><ele>52.8</ele></trkpt>
     <trkpt lat="35.277440" lon="-120.719003"><ele>53.0</ele></trkpt>
     <trkpt lat="35.277448" lon="-120.718862"><ele>52.8</ele></trkpt>
     <trkpt lat="35.277503" lon="-120.718744"><ele>52.2</ele></trkpt>
     <trkpt lat="35.277607" lon="-120.718690"><ele>52.2</ele></trkpt>
     <trkpt lat="35.277737" lon="-120.718689"><ele>52.0</ele></trkpt>
     <trkpt lat="35.277848" lon="-120.718751"><ele>52.0</ele></trkpt>
     <trkpt lat="35.279083" lon="-120.718043"><ele>45.2</ele></trkpt>
     <trkpt lat="35.278472" lon="-120.716370"><ele>44.2</ele></trkpt>
     <trkpt lat="35.277862" lon="-120.714698"><ele>43.2</ele></trkpt>
     <trkpt lat="35.277299" lon="-120.713019"><ele>45.5</ele></trkpt>
     <trkpt lat="35.276889" lon="-120.712120"><ele>44.8</ele></trkpt>
     <trkpt lat="35.276607" lon="-120.711622"><ele>44.2</ele></trkpt>
     <trkpt lat="35.277066" lon="-120.711284"><ele>43.5</ele></trkpt>
     <trkpt lat="35.279144" lon="-120.710046"><ele>43.2</ele></trkpt>
     <trkpt lat="35.281222" lon="-120.708807"><ele>43.0</ele></trkpt>
     <trkpt lat="35.281539" lon="-120.708542"><ele>43.0</ele></trkpt>
     <trkpt lat="35.281887" lon="-120.708146"><ele>43.2</ele></trkpt>
     <trkpt lat="35.282313" lon="-120.707350"><ele>44.8</ele></trkpt>
     <trkpt lat="35.283253" lon="-120.705238"><ele>48.6</ele></trkpt>
     <trkpt lat="35.284192" lon="-120.703126"><ele>52.5</ele></trkpt>
     <trkpt lat="35.284516" lon="-120.702623"><ele>51.2</ele></trkpt>
     <trkpt lat="35.286128" lon="-120.700603"><ele>52.2</ele></trkpt>
     <trkpt lat="35.286392" lon="-120.700163"><ele>52.0</ele></trkpt>
     <trkpt lat="35.287247" lon="-120.698066"><ele>56.9</ele></trkpt>
     <trkpt lat="35.288102" lon="-120.695969"><ele>61.8</ele></trkpt>
     <trkpt lat="35.288987" lon="-120.694105"><ele>64.5</ele></trkpt>
     <trkpt lat="35.289872" lon="-120.692240"><ele>67.2</ele></trkpt>
     <trkpt lat="35.291281" lon="-120.690138"><ele>76.2</ele></trkpt>
     <trkpt lat="35.292017" lon="-120.688643"><ele>86.8</ele></trkpt>
     <trkpt lat="35.292373" lon="-120.688191"><ele>86.5</ele></trkpt>
     <trkpt lat="35.293723" lon="-120.686710"><ele>94.2</ele></trkpt>
     <trkpt lat="35.293977" lon="-120.686284"><ele>94.2</ele></trkpt>
     <trkpt lat="35.294085" lon="-120.685962"><ele>93.2</ele></trkpt>
     <trkpt lat="35.294141" lon="-120.685548"><ele>92.8</ele></trkpt>
     <trkpt lat="35.294141" lon="-120.682783"><ele>89.0</ele></trkpt>
     <trkpt lat="35.294142" lon="-120.680018"><ele>85.2</ele></trkpt>
     <trkpt lat="35.294142" lon="-120.677253"><ele>81.5</ele></trkpt>
     <trkpt lat="35.294109" lon="-120.674180"><ele>81.2</ele></trkpt>
     <trkpt lat="35.294075" lon="-120.671108"><ele>81.0</ele></trkpt>
     <trkpt lat="35.294042" lon="-120.668035"><ele>80.8</ele></trkpt>
     <trkpt lat="35.292396" lon="-120.667438"><ele>78.0</ele></trkpt>
     <trkpt lat="35.291857" lon="-120.667308"><ele>78.2</ele></trkpt>
     <trkpt lat="35.290511" lon="-120.666873"><ele>74.8</ele></trkpt>
     <trkpt lat="35.290182" lon="-120.666679"><ele>73.8</ele></trkpt>
     <trkpt lat="35.289663" lon="-120.666223"><ele>71.8</ele></trkpt>
     <trkpt lat="35.289597" lon="-120.666098"><ele>71.5</ele></trkpt>
     <trkpt lat="35.287847" lon="-120.664568"><ele>72.1</ele></trkpt>
     <trkpt lat="35.286097" lon="-120.663038"><ele>72.8</ele></trkpt>
     <trkpt lat="35.284348" lon="-120.661507"><ele>73.4</ele></trkpt>
     <trkpt lat="35.282598" lon="-120.659977"><ele>74.0</ele></trkpt>
     <trkpt lat="35.282809" lon="-120.659609"><ele>72.8</ele></trkpt>
     <trkpt lat="35.281810" lon="-120.661266"><ele>73.5</ele></trkpt>
     <trkpt lat="35.280574" lon="-120.663494"><ele>70.5</ele></trkpt>
     <trkpt lat="35.279870" lon="-120.662866"><ele>68.5</ele></trkpt>
     <trkpt lat="35.278797" lon="-120.664641"><ele>65.2</ele></trkpt>
     <trkpt lat="35.277723" lon="-120.666417"><ele>62.0</ele></trkpt>
     <trkpt lat="35.276650" lon="-120.668192"><ele>58.8</ele></trkpt>
     <trkpt lat="35.275364" lon="-120.669180"><ele>55.5</ele></trkpt>
     <trkpt lat="35.275203" lon="-120.669263"><ele>55.8</ele></trkpt>
     <trkpt lat="35.273136" lon="-120.669631"><ele>54.0</ele></trkpt>
     <trkpt lat="35.271070" lon="-120.669999"><ele>52.2</ele></trkpt>
     <trkpt lat="35.269003" lon="-120.670367"><ele>50.5</ele></trkpt>
     <trkpt lat="35.266720" lon="-120.670418"><ele>53.0</ele></trkpt>
     <trkpt lat="35.264437" lon="-120.670470"><ele>55.5</ele></trkpt>
     <trkpt lat="35.263941" lon="-120.670456"><ele>55.8</ele></trkpt>
     <trkpt lat="35.263454" lon="-120.670304"><ele>55.5</ele></trkpt>
     <trkpt lat="35.261601" lon="-120.669319"><ele>52.0</ele></trkpt>
     <trkpt lat="35.261296" lon="-120.669195"><ele>51.0</ele></trkpt>
     <trkpt lat="35.259956" lon="-120.668875"><ele>50.5</ele></trkpt>
     <trkpt lat="35.258616" lon="-120.668555"><ele>50.0</ele></trkpt>
     <trkpt lat="35.257898" lon="-120.668542"><ele>49.2</ele></trkpt>
     <trkpt lat="35.255302" lon="-120.668791"><ele>44.5</ele></trkpt>
     <trkpt lat="35.254947" lon="-120.668865"><ele>45.0</ele></trkpt>
     <trkpt lat="35.254466" lon="-120.669062"><ele>46.2</ele></trkpt>
     <trkpt lat="35.252206" lon="-120.670415"><ele>44.9</ele></trkpt>
     <trkpt lat="35.249946" lon="-120.671767"><ele>43.5</ele></trkpt>
     <trkpt lat="35.247685" lon="-120.673120"><ele>42.2</ele></trkpt>
     <trkpt lat="35.245425" lon="-120.674472"><ele>40.9</ele></trkpt>
     <trkpt lat="35.243165" lon="-120.675825"><ele>39.5</ele></trkpt>
     <trkpt lat="35.240992" lon="-120.677292"><ele>36.6</ele></trkpt>
     <trkpt lat="35.238818" lon="-120.678758"><ele>33.7</ele></trkpt>
     <trkpt lat="35.236645" lon="-120.680225"><ele>30.8</ele></trkpt>
     <trkpt lat="35.236305" lon="-120.680513"><ele>31.8</ele></trkpt>
     <trkpt lat="35.235878" lon="-120.680917"><ele>31.5</ele></trkpt>
     <trkpt lat="35.235438" lon="-120.681459"><ele>29.5</ele></trkpt>
     <trkpt lat="35.234823" lon="-120.682475"><ele>29.8</ele></trkpt>
     <trkpt lat="35.233737" lon="-120.685069"><ele>28.8</ele></trkpt>
     <trkpt lat="35.232651" lon="-120.687664"><ele>27.8</ele></trkpt>
     <trkpt lat="35.232368" lon="-120.688209"><ele>26.2</ele></trkpt>
     <trkpt lat="35.231111" lon="-120.690074"><ele>29.5</ele></trkpt>
     <trkpt lat="35.230879" lon="-120.690340"><ele>32.2</ele></trkpt>
     <trkpt lat="35.230697" lon="-120.690468"><ele>32.8</ele></trkpt>
     <trkpt lat="35.230242" lon="-120.690603"><ele>31.0</ele></trkpt>
     <trkpt lat="35.228654" lon="-120.690806"><ele>27.2</ele></trkpt>
     <trkpt lat="35.227621" lon="-120.690783"><ele>25.2</ele></trkpt>
     <trkpt lat="35.225619" lon="-120.690608"><ele>22.2</ele></trkpt>
     <trkpt lat="35.225121" lon="-120.690644"><ele>26.5</ele></trkpt>
     <trkpt lat="35.224859" lon="-120.690731"><ele>28.2</ele></trkpt>
     <trkpt lat="35.224593" lon="-120.690889"><ele>29.5</ele></trkpt>
     <trkpt lat="35.224230" lon="-120.691253"><ele>30.5</ele></trkpt>
     <trkpt lat="35.223507" lon="-120.692530"><ele>27.0</ele></trkpt>
     <trkpt lat="35.223223" lon="-120.692930"><ele>27.2</ele></trkpt>
     <trkpt lat="35.223327" lon="-120.693224"><ele>28.5</ele></trkpt>
     <trkpt lat="35.223202" lon="-120.693439"><ele>28.8</ele></trkpt>
     <trkpt lat="35.223072" lon="-120.693542"><ele>28.8</ele></trkpt>
     <trkpt lat="35.222787" lon="-120.693620"><ele>29.2</ele></trkpt>
     <trkpt lat="35.222562" lon="-120.693625"><ele>29.2</ele></trkpt>
     <trkpt lat="35.221289" lon="-120.693294"><ele>30.0</ele></trkpt>
     <trkpt lat="35.221043" lon="-120.693267"><ele>30.2</ele></trkpt>
     <trkpt lat="35.220829" lon="-120.693280"><ele>30.5</ele></trkpt>
     <trkpt lat="35.220363" lon="-120.693425"><ele>29.5</ele></trkpt>
     <trkpt lat="35.220100" lon="-120.693580"><ele>29.0</ele></trkpt>
     <trkpt lat="35.218295" lon="-120.694895"><ele>27.2</ele></trkpt>
     <trkpt lat="35.217083" lon="-120.695885"><ele>31.2</ele></trkpt>
     <trkpt lat="35.215870" lon="-120.696875"><ele>35.2</ele></trkpt>
     <trkpt lat="35.215631" lon="-120.697024"><ele>38.5</ele></trkpt>
     <trkpt lat="35.215186" lon="-120.697201"><ele>41.5</ele></trkpt>
     <trkpt lat="35.214645" lon="-120.697277"><ele>42.2</ele></trkpt>
     <trkpt lat="35.213118" lon="-120.697233"><ele>39.2</ele></trkpt>
     <trkpt lat="35.211083" lon="-120.697241"><ele>32.8</ele></trkpt>
     <trkpt lat="35.208830" lon="-120.697483"><ele>29.8</ele></trkpt>
     <trkpt lat="35.207438" lon="-120.697314"><ele>25.1</ele></trkpt>
     <trkpt lat="35.206047" lon="-120.697145"><ele>20.5</ele></trkpt>
     <trkpt lat="35.205460" lon="-120.697146"><ele>20.5</ele></trkpt>
     <trkpt lat="35.204821" lon="-120.697207"><ele>22.0</ele></trkpt>
     <trkpt lat="35.202458" lon="-120.697576"><ele>20.8</ele></trkpt>
     <trkpt lat="35.201650" lon="-120.697748"><ele>21.2</ele></trkpt>
     <trkpt lat="35.200045" lon="-120.698369"><ele>20.2</ele></trkpt>
     <trkpt lat="35.197778" lon="-120.699499"><ele>24.8</ele></trkpt>
     <trkpt lat="35.197013" lon="-120.699921"><ele>27.2</ele></trkpt>
     <trkpt lat="35.196117" lon="-120.700568"><ele>27.8</ele></trkpt>
     <trkpt lat="35.196151" lon="-120.701842"><ele>40.0</ele></trkpt>
     <trkpt lat="35.196130" lon="-120.702721"><ele>46.2</ele></trkpt>
     <trkpt lat="35.195973" lon="-120.704248"><ele>47.5</ele></trkpt>
     <trkpt lat="35.195718" lon="-120.705557"><ele>42.5</ele></trkpt>
     <trkpt lat="35.195418" lon="-120.707601"><ele>48.0</ele></trkpt>
     <trkpt lat="35.194876" lon="-120.710730"><ele>34.2</ele></trkpt>
     <trkpt lat="35.194334" lon="-120.713859"><ele>20.5</ele></trkpt>
     <trkpt lat="35.194055" lon="-120.715611"><ele>22.0</ele></trkpt>
     <trkpt lat="35.193777" lon="-120.717364"><ele>23.5</ele></trkpt>
     <trkpt lat="35.193589" lon="-120.717832"><ele>25.2</ele></trkpt>
     <trkpt lat="35.193241" lon="-120.718183"><ele>25.5</ele></trkpt>
     <trkpt lat="35.192953" lon="-120.718314"><ele>25.5</ele></trkpt>
     <trkpt lat="35.192777" lon="-120.718342"><ele>25.2</ele></trkpt>
     <trkpt lat="35.192255" lon="-120.718297"><ele>24.2</ele></trkpt>
     <trkpt lat="35.190744" lon="-120.717984"><ele>18.5</ele></trkpt>
     <trkpt lat="35.190342" lon="-120.717997"><ele>15.2</ele></trkpt>
     <trkpt lat="35.190184" lon="-120.718036"><ele>14.0</ele></trkpt>
     <trkpt lat="35.189847" lon="-120.718231"><ele>12.0</ele></trkpt>
     <trkpt lat="35.189224" lon="-120.718683"><ele>10.2</ele></trkpt>
     <trkpt lat="35.187857" lon="-120.718987"><ele>25.2</ele></trkpt>
     <trkpt lat="35.188319" lon="-120.721322"><ele>24.0</ele></trkpt>
     <trkpt lat="35.188448" lon="-120.722229"><ele>21.2</ele></trkpt>
     <trkpt lat="35.188464" lon="-120.722622"><ele>19.5</ele></trkpt>
     <trkpt lat="35.188415" lon="-120.723082"><ele>17.0</ele></trkpt>
     <trkpt lat="35.188201" lon="-120.724095"><ele>16.2</ele></trkpt>
     <trkpt lat="35.188004" lon="-120.724456"><ele>18.0</ele></trkpt>
     <trkpt lat="35.187763" lon="-120.724696"><ele>18.2</ele></trkpt>
     <trkpt lat="35.187592" lon="-120.724797"><ele>18.2</ele></trkpt>
     <trkpt lat="35.187276" lon="-120.724883"><ele>16.2</ele></trkpt>
     <trkpt lat="35.186950" lon="-120.724840"><ele>16.8</ele></trkpt>
     <trkpt lat="35.185992" lon="-120.724393"><ele>22.8</ele></trkpt>
     <trkpt lat="35.185468" lon="-120.724203"><ele>19.5</ele></trkpt>
     <trkpt lat="35.184879" lon="-120.724035"><ele>20.5</ele></trkpt>
     <trkpt lat="35.183783" lon="-120.723858"><ele>22.5</ele></trkpt>
     <trkpt lat="35.183244" lon="-120.723692"><ele>23.0</ele></trkpt>
     <trkpt lat="35.182150" lon="-120.723139"><ele>22.0</ele></trkpt>
     <trkpt lat="35.181849" lon="-120.723046"><ele>19.8</ele></trkpt>
     <trkpt lat="35.181646" lon="-120.723032"><ele>17.2</ele></trkpt>
     <trkpt lat="35.181331" lon="-120.723088"><ele>15.0</ele></trkpt>
     <trkpt lat="35.180475" lon="-120.723515"><ele>9.8</ele></trkpt>
     <trkpt lat="35.180114" lon="-120.723805"><ele>8.8</ele></trkpt>
     <trkpt lat="35.179961" lon="-120.724003"><ele>8.8</ele></trkpt>
     <trkpt lat="35.179852" lon="-120.724249"><ele>12.2</ele></trkpt>
     <trkpt lat="35.179791" lon="-120.724487"><ele>15.8</ele></trkpt>
     <trkpt lat="35.179776" lon="-120.724915"><ele>19.2</ele></trkpt>
     <trkpt lat="35.179813" lon="-120.725127"><ele>20.2</ele></trkpt>
     <trkpt lat="35.180684" lon="-120.727433"><ele>21.8</ele></trkpt>
     <trkpt lat="35.180474" lon="-120.727617"><ele>29.5</ele></trkpt>
     <trkpt lat="35.180415" lon="-120.727817"><ele>31.2</ele></trkpt>
     <trkpt lat="35.180471" lon="-120.728735"><ele>28.0</ele></trkpt>
     <trkpt lat="35.180443" lon="-120.729316"><ele>27.0</ele></trkpt>
     <trkpt lat="35.180109" lon="-120.731706"><ele>24.2</ele></trkpt>
     <trkpt lat="35.180043" lon="-120.731887"><ele>21.5</ele></trkpt>
     <trkpt lat="35.180109" lon="-120.731706"><ele>24.2</ele></trkpt>
     <trkpt lat="35.180443" lon="-120.729316"><ele>27.0</ele></trkpt>
     <trkpt lat="35.180471" lon="-120.728735"><ele>28.0</ele></trkpt>
     <trkpt lat="35.180415" lon="-120.727817"><ele>31.2</ele></trkpt>
     <trkpt lat="35.180474" lon="-120.727617"><ele>29.5</ele></trkpt>
     <trkpt lat="35.180684" lon="-120.727433"><ele>21.8</ele></trkpt>
     <trkpt lat="35.179813" lon="-120.725127"><ele>20.2</ele></trkpt>
     <trkpt lat="35.179776" lon="-120.724915"><ele>19.2</ele></trkpt>
     <trkpt lat="35.179791" lon="-120.724487"><ele>15.8</ele></trkpt>
     <trkpt lat="35.179852" lon="-120.724249"><ele>12.2</ele></trkpt>
     <trkpt lat="35.179961" lon="-120.724003"><ele>8.8</ele></trkpt>
     <trkpt lat="35.180114" lon="-120.723805"><ele>8.8</ele></trkpt>
     <trkpt lat="35.180475" lon="-120.723515"><ele>9.8</ele></trkpt>
     <trkpt lat="35.181331" lon="-120.723088"><ele>15.0</ele></trkpt>
     <trkpt lat="35.181646" lon="-120.723032"><ele>17.2</ele></trkpt>
     <trkpt lat="35.181849" lon="-120.723046"><ele>19.8</ele></trkpt>
     <trkpt lat="35.182150" lon="-120.723139"><ele>22.0</ele></trkpt>
     <trkpt lat="35.182925" lon="-120.723548"><ele>23.5</ele></trkpt>
     <trkpt lat="35.183581" lon="-120.723805"><ele>22.5</ele></trkpt>
     <trkpt lat="35.185158" lon="-120.724107"><ele>19.0</ele></trkpt>
     <trkpt lat="35.185992" lon="-120.724393"><ele>22.8</ele></trkpt>
     <trkpt lat="35.186950" lon="-120.724840"><ele>16.8</ele></trkpt>
     <trkpt lat="35.187352" lon="-120.724873"><ele>16.8</ele></trkpt>
     <trkpt lat="35.187763" lon="-120.724696"><ele>18.2</ele></trkpt>
     <trkpt lat="35.188004" lon="-120.724456"><ele>18.0</ele></trkpt>
     <trkpt lat="35.188164" lon="-120.724185"><ele>16.5</ele></trkpt>
     <trkpt lat="35.188260" lon="-120.723904"><ele>15.5</ele></trkpt>
     <trkpt lat="35.188415" lon="-120.723082"><ele>17.0</ele></trkpt>
     <trkpt lat="35.188464" lon="-120.722491"><ele>20.5</ele></trkpt>
     <trkpt lat="35.188319" lon="-120.721322"><ele>24.0</ele></trkpt>
     <trkpt lat="35.187995" lon="-120.719708"><ele>24.1</ele></trkpt>
     <trkpt lat="35.187672" lon="-120.718094"><ele>24.2</ele></trkpt>
     <trkpt lat="35.187214" lon="-120.716679"><ele>24.0</ele></trkpt>
     <trkpt lat="35.187087" lon="-120.716172"><ele>25.5</ele></trkpt>
     <trkpt lat="35.187039" lon="-120.715735"><ele>24.2</ele></trkpt>
     <trkpt lat="35.187038" lon="-120.715277"><ele>21.2</ele></trkpt>
     <trkpt lat="35.187127" lon="-120.714304"><ele>15.0</ele></trkpt>
     <trkpt lat="35.187102" lon="-120.713966"><ele>14.5</ele></trkpt>
     <trkpt lat="35.186971" lon="-120.713494"><ele>14.5</ele></trkpt>
     <trkpt lat="35.186773" lon="-120.713123"><ele>14.0</ele></trkpt>
     <trkpt lat="35.185528" lon="-120.711248"><ele>16.0</ele></trkpt>
     <trkpt lat="35.184590" lon="-120.709278"><ele>16.8</ele></trkpt>
     <trkpt lat="35.184188" lon="-120.708808"><ele>16.8</ele></trkpt>
     <trkpt lat="35.182921" lon="-120.707806"><ele>15.5</ele></trkpt>
     <trkpt lat="35.182647" lon="-120.707523"><ele>14.0</ele></trkpt>
     <trkpt lat="35.182415" lon="-120.707093"><ele>15.0</ele></trkpt>
     <trkpt lat="35.181823" lon="-120.705388"><ele>14.5</ele></trkpt>
     <trkpt lat="35.181544" lon="-120.704838"><ele>16.8</ele></trkpt>
     <trkpt lat="35.181268" lon="-120.704453"><ele>22.0</ele></trkpt>
     <trkpt lat="35.180229" lon="-120.703351"><ele>28.2</ele></trkpt>
     <trkpt lat="35.180003" lon="-120.703003"><ele>27.8</ele></trkpt>
     <trkpt lat="35.179869" lon="-120.702666"><ele>30.5</ele></trkpt>
     <trkpt lat="35.179765" lon="-120.702144"><ele>32.8</ele></trkpt>
     <trkpt lat="35.179716" lon="-120.700603"><ele>36.0</ele></trkpt>
     <trkpt lat="35.179653" lon="-120.700427"><ele>37.0</ele></trkpt>
     <trkpt lat="35.179242" lon="-120.700066"><ele>40.0</ele></trkpt>
     <trkpt lat="35.179124" lon="-120.699758"><ele>41.0</ele></trkpt>
     <trkpt lat="35.178830" lon="-120.699391"><ele>46.0</ele></trkpt>
     <trkpt lat="35.178029" lon="-120.698786"><ele>53.5</ele></trkpt>
     <trkpt lat="35.177458" lon="-120.698471"><ele>55.8</ele></trkpt>
     <trkpt lat="35.176787" lon="-120.698269"><ele>53.2</ele></trkpt>
     <trkpt lat="35.175848" lon="-120.698295"><ele>45.5</ele></trkpt>
     <trkpt lat="35.174854" lon="-120.698118"><ele>40.8</ele></trkpt>
     <trkpt lat="35.174076" lon="-120.697773"><ele>36.8</ele></trkpt>
     <trkpt lat="35.173568" lon="-120.697421"><ele>35.0</ele></trkpt>
     <trkpt lat="35.173132" lon="-120.697017"><ele>35.5</ele></trkpt>
     <trkpt lat="35.172085" lon="-120.695833"><ele>35.5</ele></trkpt>
     <trkpt lat="35.170823" lon="-120.694557"><ele>34.0</ele></trkpt>
     <trkpt lat="35.169520" lon="-120.693137"><ele>35.2</ele></trkpt>
     <trkpt lat="35.168798" lon="-120.692461"><ele>35.2</ele></trkpt>
     <trkpt lat="35.166833" lon="-120.690791"><ele>34.2</ele></trkpt>
     <trkpt lat="35.165031" lon="-120.689166"><ele>31.2</ele></trkpt>
     <trkpt lat="35.164348" lon="-120.688601"><ele>28.8</ele></trkpt>
     <trkpt lat="35.163848" lon="-120.687990"><ele>29.5</ele></trkpt>
     <trkpt lat="35.163627" lon="-120.687650"><ele>30.5</ele></trkpt>
     <trkpt lat="35.163404" lon="-120.687185"><ele>31.8</ele></trkpt>
     <trkpt lat="35.162779" lon="-120.685330"><ele>35.8</ele></trkpt>
     <trkpt lat="35.162018" lon="-120.683310"><ele>37.1</ele></trkpt>
     <trkpt lat="35.161257" lon="-120.681289"><ele>38.5</ele></trkpt>
     <trkpt lat="35.160242" lon="-120.678719"><ele>35.4</ele></trkpt>
     <trkpt lat="35.159228" lon="-120.676150"><ele>32.2</ele></trkpt>
     <trkpt lat="35.158213" lon="-120.673580"><ele>29.1</ele></trkpt>
     <trkpt lat="35.157198" lon="-120.671011"><ele>26.0</ele></trkpt>
     <trkpt lat="35.155241" lon="-120.672373"><ele>16.5</ele></trkpt>
     <trkpt lat="35.157198" lon="-120.671011"><ele>26.0</ele></trkpt>
     <trkpt lat="35.156101" lon="-120.668216"><ele>27.5</ele></trkpt>
     <trkpt lat="35.155003" lon="-120.665420"><ele>29.0</ele></trkpt>
     <trkpt lat="35.154491" lon="-120.664584"><ele>26.0</ele></trkpt>
     <trkpt lat="35.154259" lon="-120.664106"><ele>23.5</ele></trkpt>
     <trkpt lat="35.154072" lon="-120.663477"><ele>19.8</ele></trkpt>
     <trkpt lat="35.153879" lon="-120.662511"><ele>24.5</ele></trkpt>
     <trkpt lat="35.153618" lon="-120.661830"><ele>25.8</ele></trkpt>
     <trkpt lat="35.152881" lon="-120.660424"><ele>28.9</ele></trkpt>
     <trkpt lat="35.152143" lon="-120.659018"><ele>32.0</ele></trkpt>
     <trkpt lat="35.151808" lon="-120.658198"><ele>36.0</ele></trkpt>
     <trkpt lat="35.150968" lon="-120.655860"><ele>30.8</ele></trkpt>
     <trkpt lat="35.149604" lon="-120.653161"><ele>31.5</ele></trkpt>
     <trkpt lat="35.149478" lon="-120.652680"><ele>31.8</ele></trkpt>
     <trkpt lat="35.149506" lon="-120.651748"><ele>34.8</ele></trkpt>
     <trkpt lat="35.149451" lon="-120.651357"><ele>36.5</ele></trkpt>
     <trkpt lat="35.148618" lon="-120.649211"><ele>37.1</ele></trkpt>
     <trkpt lat="35.147786" lon="-120.647064"><ele>37.8</ele></trkpt>
     <trkpt lat="35.147486" lon="-120.646465"><ele>35.8</ele></trkpt>
     <trkpt lat="35.147314" lon="-120.646215"><ele>35.8</ele></trkpt>
     <trkpt lat="35.146654" lon="-120.645477"><ele>34.0</ele></trkpt>
     <trkpt lat="35.146177" lon="-120.644637"><ele>34.8</ele></trkpt>
     <trkpt lat="35.145601" lon="-120.644189"><ele>31.5</ele></trkpt>
     <trkpt lat="35.144477" lon="-120.643170"><ele>24.2</ele></trkpt>
     <trkpt lat="35.142744" lon="-120.641250"><ele>20.0</ele></trkpt>
     <trkpt lat="35.142711" lon="-120.641295"><ele>19.8</ele></trkpt>
     <trkpt lat="35.142740" lon="-120.641328"><ele>19.8</ele></trkpt>
     <trkpt lat="35.141986" lon="-120.642333"><ele>15.8</ele></trkpt>
     <trkpt lat="35.141754" lon="-120.642203"><ele>15.5</ele></trkpt>
     <trkpt lat="35.141386" lon="-120.642118"><ele>14.8</ele></trkpt>
     <trkpt lat="35.141221" lon="-120.641991"><ele>14.5</ele></trkpt>
     <trkpt lat="35.139710" lon="-120.640301"><ele>10.6</ele></trkpt>
     <trkpt lat="35.138198" lon="-120.638612"><ele>6.8</ele></trkpt>
     <trkpt lat="35.137940" lon="-120.638365"><ele>6.5</ele></trkpt>
     <trkpt lat="35.137530" lon="-120.638141"><ele>5.8</ele></trkpt>
     <trkpt lat="35.136289" lon="-120.637943"><ele>5.5</ele></trkpt>
     <trkpt lat="35.135860" lon="-120.637709"><ele>5.8</ele></trkpt>
     <trkpt lat="35.134134" lon="-120.635818"><ele>6.0</ele></trkpt>
     <trkpt lat="35.132407" lon="-120.633926"><ele>6.2</ele></trkpt>
     <trkpt lat="35.131501" lon="-120.632877"><ele>5.8</ele></trkpt>
     <trkpt lat="35.131045" lon="-120.632468"><ele>6.0</ele></trkpt>
     <trkpt lat="35.130627" lon="-120.632166"><ele>8.8</ele></trkpt>
     <trkpt lat="35.130020" lon="-120.631998"><ele>15.8</ele></trkpt>
     <trkpt lat="35.128568" lon="-120.631896"><ele>12.1</ele></trkpt>
     <trkpt lat="35.127116" lon="-120.631794"><ele>8.5</ele></trkpt>
     <trkpt lat="35.126598" lon="-120.631729"><ele>9.5</ele></trkpt>
     <trkpt lat="35.125903" lon="-120.631572"><ele>9.0</ele></trkpt>
     <trkpt lat="35.124734" lon="-120.631128"><ele>8.2</ele></trkpt>
     <trkpt lat="35.123456" lon="-120.630527"><ele>7.4</ele></trkpt>
     <trkpt lat="35.122178" lon="-120.629926"><ele>6.5</ele></trkpt>
     <trkpt lat="35.121045" lon="-120.629699"><ele>5.2</ele></trkpt>
     <trkpt lat="35.120574" lon="-120.629523"><ele>5.5</ele></trkpt>
     <trkpt lat="35.118466" lon="-120.628536"><ele>6.8</ele></trkpt>
     <trkpt lat="35.116357" lon="-120.627548"><ele>8.0</ele></trkpt>
     <trkpt lat="35.114249" lon="-120.626561"><ele>9.2</ele></trkpt>
     <trkpt lat="35.112353" lon="-120.625689"><ele>9.9</ele></trkpt>
     <trkpt lat="35.110456" lon="-120.624818"><ele>10.5</ele></trkpt>
     <trkpt lat="35.108559" lon="-120.623946"><ele>11.1</ele></trkpt>
     <trkpt lat="35.106663" lon="-120.623074"><ele>11.8</ele></trkpt>
     <trkpt lat="35.106274" lon="-120.622843"><ele>11.5</ele></trkpt>
     <trkpt lat="35.106045" lon="-120.622653"><ele>11.0</ele></trkpt>
     <trkpt lat="35.104931" lon="-120.621528"><ele>11.6</ele></trkpt>
     <trkpt lat="35.103816" lon="-120.620404"><ele>12.2</ele></trkpt>
     <trkpt lat="35.103561" lon="-120.619982"><ele>12.0</ele></trkpt>
     <trkpt lat="35.103433" lon="-120.619632"><ele>12.5</ele></trkpt>
     <trkpt lat="35.103234" lon="-120.618814"><ele>13.5</ele></trkpt>
     <trkpt lat="35.103148" lon="-120.618573"><ele>14.2</ele></trkpt>
     <trkpt lat="35.102915" lon="-120.618146"><ele>14.8</ele></trkpt>
     <trkpt lat="35.104476" lon="-120.616443"><ele>16.2</ele></trkpt>
     <trkpt lat="35.104659" lon="-120.616210"><ele>17.5</ele></trkpt>
     <trkpt lat="35.104818" lon="-120.615921"><ele>18.8</ele></trkpt>
     <trkpt lat="35.105623" lon="-120.616162"><ele>18.8</ele></trkpt>
     <trkpt lat="35.105553" lon="-120.616650"><ele>18.0</ele></trkpt>
     <trkpt lat="35.105299" lon="-120.616871"><ele>16.5</ele></trkpt>
     <trkpt lat="35.105553" lon="-120.616650"><ele>18.0</ele></trkpt>
     <trkpt lat="35.105623" lon="-120.616162"><ele>18.8</ele></trkpt>
     <trkpt lat="35.105128" lon="-120.615994"><ele>19.2</ele></trkpt>
     <trkpt lat="35.104533" lon="-120.615885"><ele>17.5</ele></trkpt>
     <trkpt lat="35.104091" lon="-120.615866"><ele>16.0</ele></trkpt>
     <trkpt lat="35.102682" lon="-120.615873"><ele>13.2</ele></trkpt>
     <trkpt lat="35.101272" lon="-120.615880"><ele>10.5</ele></trkpt>
     <trkpt lat="35.099841" lon="-120.613906"><ele>9.2</ele></trkpt>
     <trkpt lat="35.098411" lon="-120.611933"><ele>8.0</ele></trkpt>
     <trkpt lat="35.098189" lon="-120.611415"><ele>8.0</ele></trkpt>
     <trkpt lat="35.098149" lon="-120.610781"><ele>8.8</ele></trkpt>
     <trkpt lat="35.098142" lon="-120.608504"><ele>10.4</ele></trkpt>
     <trkpt lat="35.098135" lon="-120.606227"><ele>12.1</ele></trkpt>
     <trkpt lat="35.098128" lon="-120.603950"><ele>13.8</ele></trkpt>
     <trkpt lat="35.098135" lon="-120.600742"><ele>13.9</ele></trkpt>
     <trkpt lat="35.098143" lon="-120.597535"><ele>14.1</ele></trkpt>
     <trkpt lat="35.098151" lon="-120.594328"><ele>14.3</ele></trkpt>
     <trkpt lat="35.098158" lon="-120.591120"><ele>14.5</ele></trkpt>
     <trkpt lat="35.097899" lon="-120.591183"><ele>14.8</ele></trkpt>
     <trkpt lat="35.097287" lon="-120.591546"><ele>14.5</ele></trkpt>
     <trkpt lat="35.096980" lon="-120.591614"><ele>14.2</ele></trkpt>
     <trkpt lat="35.094404" lon="-120.591618"><ele>13.4</ele></trkpt>
     <trkpt lat="35.091828" lon="-120.591622"><ele>12.5</ele></trkpt>
     <trkpt lat="35.089252" lon="-120.591625"><ele>11.6</ele></trkpt>
     <trkpt lat="35.086676" lon="-120.591629"><ele>10.8</ele></trkpt>
     <trkpt lat="35.086303" lon="-120.591581"><ele>10.5</ele></trkpt>
     <trkpt lat="35.085731" lon="-120.591364"><ele>10.2</ele></trkpt>
     <trkpt lat="35.085377" lon="-120.591107"><ele>10.8</ele></trkpt>
     <trkpt lat="35.084286" lon="-120.590111"><ele>20.9</ele></trkpt>
     <trkpt lat="35.083195" lon="-120.589115"><ele>31.0</ele></trkpt>
     <trkpt lat="35.082344" lon="-120.588232"><ele>49.0</ele></trkpt>
     <trkpt lat="35.080765" lon="-120.586704"><ele>56.0</ele></trkpt>
     <trkpt lat="35.079652" lon="-120.587742"><ele>56.5</ele></trkpt>
     <trkpt lat="35.078928" lon="-120.588513"><ele>58.8</ele></trkpt>
     <trkpt lat="35.078384" lon="-120.588912"><ele>61.2</ele></trkpt>
     <trkpt lat="35.078062" lon="-120.589068"><ele>63.0</ele></trkpt>
     <trkpt lat="35.077741" lon="-120.589162"><ele>64.2</ele></trkpt>
     <trkpt lat="35.075546" lon="-120.589606"><ele>65.2</ele></trkpt>
     <trkpt lat="35.073577" lon="-120.590343"><ele>74.2</ele></trkpt>
     <trkpt lat="35.072567" lon="-120.590799"><ele>75.0</ele></trkpt>
     <trkpt lat="35.070429" lon="-120.592336"><ele>65.4</ele></trkpt>
     <trkpt lat="35.068292" lon="-120.593873"><ele>55.9</ele></trkpt>
     <trkpt lat="35.066154" lon="-120.595410"><ele>46.3</ele></trkpt>
     <trkpt lat="35.064016" lon="-120.596947"><ele>36.8</ele></trkpt>
     <trkpt lat="35.063371" lon="-120.597212"><ele>37.8</ele></trkpt>
     <trkpt lat="35.062974" lon="-120.597295"><ele>38.0</ele></trkpt>
     <trkpt lat="35.062325" lon="-120.597303"><ele>37.5</ele></trkpt>
     <trkpt lat="35.059818" lon="-120.596947"><ele>32.8</ele></trkpt>
     <trkpt lat="35.058450" lon="-120.596799"><ele>21.8</ele></trkpt>
     <trkpt lat="35.057377" lon="-120.596557"><ele>20.2</ele></trkpt>
     <trkpt lat="35.055897" lon="-120.595983"><ele>24.8</ele></trkpt>
     <trkpt lat="35.053744" lon="-120.595639"><ele>36.5</ele></trkpt>
     <trkpt lat="35.053315" lon="-120.595545"><ele>37.5</ele></trkpt>
     <trkpt lat="35.052825" lon="-120.595327"><ele>34.8</ele></trkpt>
     <trkpt lat="35.052357" lon="-120.595004"><ele>34.5</ele></trkpt>
     <trkpt lat="35.051959" lon="-120.594596"><ele>37.5</ele></trkpt>
     <trkpt lat="35.051052" lon="-120.593542"><ele>38.0</ele></trkpt>
     <trkpt lat="35.050589" lon="-120.593174"><ele>37.0</ele></trkpt>
     <trkpt lat="35.050120" lon="-120.592930"><ele>36.5</ele></trkpt>
     <trkpt lat="35.049587" lon="-120.592785"><ele>37.2</ele></trkpt>
     <trkpt lat="35.048962" lon="-120.592713"><ele>38.0</ele></trkpt>
     <trkpt lat="35.048373" lon="-120.592565"><ele>39.2</ele></trkpt>
     <trkpt lat="35.048025" lon="-120.592358"><ele>38.8</ele></trkpt>
     <trkpt lat="35.047767" lon="-120.592128"><ele>38.2</ele></trkpt>
     <trkpt lat="35.047571" lon="-120.591851"><ele>38.5</ele></trkpt>
     <trkpt lat="35.047402" lon="-120.591534"><ele>39.0</ele></trkpt>
     <trkpt lat="35.047315" lon="-120.591267"><ele>39.0</ele></trkpt>
     <trkpt lat="35.047249" lon="-120.590926"><ele>39.2</ele></trkpt>
     <trkpt lat="35.047232" lon="-120.590500"><ele>38.5</ele></trkpt>
     <trkpt lat="35.047246" lon="-120.588106"><ele>41.2</ele></trkpt>
     <trkpt lat="35.047260" lon="-120.585712"><ele>44.0</ele></trkpt>
     <trkpt lat="35.047254" lon="-120.583509"><ele>46.3</ele></trkpt>
     <trkpt lat="35.047249" lon="-120.581306"><ele>48.7</ele></trkpt>
     <trkpt lat="35.047243" lon="-120.579103"><ele>51.0</ele></trkpt>
     <trkpt lat="35.047294" lon="-120.576913"><ele>48.0</ele></trkpt>
     <trkpt lat="35.047291" lon="-120.574580"><ele>50.9</ele></trkpt>
     <trkpt lat="35.047287" lon="-120.572247"><ele>53.8</ele></trkpt>
     <trkpt lat="35.047235" lon="-120.571572"><ele>56.5</ele></trkpt>
     <trkpt lat="35.047136" lon="-120.570980"><ele>56.8</ele></trkpt>
     <trkpt lat="35.046931" lon="-120.570347"><ele>53.5</ele></trkpt>
     <trkpt lat="35.046682" lon="-120.569812"><ele>50.2</ele></trkpt>
     <trkpt lat="35.046178" lon="-120.569115"><ele>52.2</ele></trkpt>
     <trkpt lat="35.045835" lon="-120.568771"><ele>54.2</ele></trkpt>
     <trkpt lat="35.045466" lon="-120.568514"><ele>55.8</ele></trkpt>
     <trkpt lat="35.045009" lon="-120.568278"><ele>57.0</ele></trkpt>
     <trkpt lat="35.044439" lon="-120.568124"><ele>57.2</ele></trkpt>
     <trkpt lat="35.043688" lon="-120.568076"><ele>56.2</ele></trkpt>
     <trkpt lat="35.042332" lon="-120.568072"><ele>57.0</ele></trkpt>
     <trkpt lat="35.040976" lon="-120.568067"><ele>57.8</ele></trkpt>
     <trkpt lat="35.040496" lon="-120.567989"><ele>57.2</ele></trkpt>
     <trkpt lat="35.040032" lon="-120.567792"><ele>60.0</ele></trkpt>
     <trkpt lat="35.039439" lon="-120.567316"><ele>62.8</ele></trkpt>
     <trkpt lat="35.037952" lon="-120.565535"><ele>67.5</ele></trkpt>
     <trkpt lat="35.036464" lon="-120.563753"><ele>72.2</ele></trkpt>
     <trkpt lat="35.034977" lon="-120.561972"><ele>77.0</ele></trkpt>
     <trkpt lat="35.034765" lon="-120.561782"><ele>77.0</ele></trkpt>
     <trkpt lat="35.034246" lon="-120.561447"><ele>76.2</ele></trkpt>
     <trkpt lat="35.033885" lon="-120.561285"><ele>77.8</ele></trkpt>
     <trkpt lat="35.033140" lon="-120.561123"><ele>81.0</ele></trkpt>
     <trkpt lat="35.031189" lon="-120.561133"><ele>78.3</ele></trkpt>
     <trkpt lat="35.029238" lon="-120.561144"><ele>75.7</ele></trkpt>
     <trkpt lat="35.027287" lon="-120.561154"><ele>73.0</ele></trkpt>
     <trkpt lat="35.026812" lon="-120.561166"><ele>71.8</ele></trkpt>
     <trkpt lat="35.026590" lon="-120.561231"><ele>71.0</ele></trkpt>
     <trkpt lat="35.024277" lon="-120.562113"><ele>59.4</ele></trkpt>
     <trkpt lat="35.021963" lon="-120.562994"><ele>47.8</ele></trkpt>
     <trkpt lat="35.019650" lon="-120.563876"><ele>36.2</ele></trkpt>
     <trkpt lat="35.017165" lon="-120.564935"><ele>30.0</ele></trkpt>
     <trkpt lat="35.014680" lon="-120.565995"><ele>23.8</ele></trkpt>
     <trkpt lat="35.012532" lon="-120.566868"><ele>23.0</ele></trkpt>
     <trkpt lat="35.010384" lon="-120.567742"><ele>22.2</ele></trkpt>
     <trkpt lat="35.008523" lon="-120.568524"><ele>23.0</ele></trkpt>
     <trkpt lat="35.006662" lon="-120.569306"><ele>23.8</ele></trkpt>
     <trkpt lat="35.004801" lon="-120.570088"><ele>24.5</ele></trkpt>
     <trkpt lat="35.003790" lon="-120.570462"><ele>25.2</ele></trkpt>
     <trkpt lat="35.002944" lon="-120.570519"><ele>25.8</ele></trkpt>
     <trkpt lat="35.000999" lon="-120.570493"><ele>26.5</ele></trkpt>
     <trkpt lat="34.999055" lon="-120.570466"><ele>27.2</ele></trkpt>
     <trkpt lat="34.997645" lon="-120.570522"><ele>26.2</ele></trkpt>
     <trkpt lat="34.996235" lon="-120.570579"><ele>25.2</ele></trkpt>
     <trkpt lat="34.994027" lon="-120.570534"><ele>24.8</ele></trkpt>
     <trkpt lat="34.991465" lon="-120.570544"><ele>25.1</ele></trkpt>
     <trkpt lat="34.988904" lon="-120.570554"><ele>25.4</ele></trkpt>
     <trkpt lat="34.986342" lon="-120.570565"><ele>25.8</ele></trkpt>
     <trkpt lat="34.983781" lon="-120.570575"><ele>26.1</ele></trkpt>
     <trkpt lat="34.981219" lon="-120.570585"><ele>26.5</ele></trkpt>
     <trkpt lat="34.978791" lon="-120.570757"><ele>26.7</ele></trkpt>
     <trkpt lat="34.976364" lon="-120.570930"><ele>26.8</ele></trkpt>
     <trkpt lat="34.973936" lon="-120.571102"><ele>27.0</ele></trkpt>
     <trkpt lat="34.973445" lon="-120.571236"><ele>26.8</ele></trkpt>
     <trkpt lat="34.973187" lon="-120.571366"><ele>27.2</ele></trkpt>
     <trkpt lat="34.971598" lon="-120.572329"><ele>27.8</ele></trkpt>
     <trkpt lat="34.971440" lon="-120.571969"><ele>27.8</ele></trkpt>
     <trkpt lat="34.971598" lon="-120.572329"><ele>27.8</ele></trkpt>
     <trkpt lat="34.969281" lon="-120.573795"><ele>24.0</ele></trkpt>
     <trkpt lat="34.969038" lon="-120.573859"><ele>23.8</ele></trkpt>
     <trkpt lat="34.968389" lon="-120.573876"><ele>23.2</ele></trkpt>
     <trkpt lat="34.965795" lon="-120.573914"><ele>23.8</ele></trkpt>
     <trkpt lat="34.963202" lon="-120.573953"><ele>24.2</ele></trkpt>
     <trkpt lat="34.960608" lon="-120.573991"><ele>24.8</ele></trkpt>
     <trkpt lat="34.958015" lon="-120.574029"><ele>25.2</ele></trkpt>
     <trkpt lat="34.955421" lon="-120.574068"><ele>25.8</ele></trkpt>
     <trkpt lat="34.952828" lon="-120.574106"><ele>26.2</ele></trkpt>
     <trkpt lat="34.950691" lon="-120.574123"><ele>26.1</ele></trkpt>
     <trkpt lat="34.948555" lon="-120.574140"><ele>26.0</ele></trkpt>
     <trkpt lat="34.946418" lon="-120.574158"><ele>25.9</ele></trkpt>
     <trkpt lat="34.944281" lon="-120.574175"><ele>25.8</ele></trkpt>
     <trkpt lat="34.942937" lon="-120.574224"><ele>27.8</ele></trkpt>
     <trkpt lat="34.942101" lon="-120.574145"><ele>26.5</ele></trkpt>
     <trkpt lat="34.941248" lon="-120.573881"><ele>25.0</ele></trkpt>
     <trkpt lat="34.940639" lon="-120.573612"><ele>25.2</ele></trkpt>
     <trkpt lat="34.938866" lon="-120.572400"><ele>27.5</ele></trkpt>
     <trkpt lat="34.936753" lon="-120.571055"><ele>31.6</ele></trkpt>
     <trkpt lat="34.934640" lon="-120.569711"><ele>35.7</ele></trkpt>
     <trkpt lat="34.932527" lon="-120.568366"><ele>39.8</ele></trkpt>
     <trkpt lat="34.930355" lon="-120.567167"><ele>42.5</ele></trkpt>
     <trkpt lat="34.928183" lon="-120.565967"><ele>45.2</ele></trkpt>
     <trkpt lat="34.926011" lon="-120.564768"><ele>48.0</ele></trkpt>
     <trkpt lat="34.923839" lon="-120.563569"><ele>50.8</ele></trkpt>
     <trkpt lat="34.922990" lon="-120.562901"><ele>53.2</ele></trkpt>
     <trkpt lat="34.922330" lon="-120.562166"><ele>53.2</ele></trkpt>
     <trkpt lat="34.920715" lon="-120.559873"><ele>52.0</ele></trkpt>
     <trkpt lat="34.919100" lon="-120.557581"><ele>50.6</ele></trkpt>
     <trkpt lat="34.917484" lon="-120.555288"><ele>49.4</ele></trkpt>
     <trkpt lat="34.915869" lon="-120.552995"><ele>48.0</ele></trkpt>
     <trkpt lat="34.914254" lon="-120.550702"><ele>46.8</ele></trkpt>
     <trkpt lat="34.912639" lon="-120.548410"><ele>45.5</ele></trkpt>
     <trkpt lat="34.911024" lon="-120.546117"><ele>44.1</ele></trkpt>
     <trkpt lat="34.909408" lon="-120.543824"><ele>42.9</ele></trkpt>
     <trkpt lat="34.907793" lon="-120.541532"><ele>41.5</ele></trkpt>
     <trkpt lat="34.906178" lon="-120.539239"><ele>40.2</ele></trkpt>
     <trkpt lat="34.904739" lon="-120.537131"><ele>44.8</ele></trkpt>
     <trkpt lat="34.904140" lon="-120.536047"><ele>46.8</ele></trkpt>
     <trkpt lat="34.903647" lon="-120.534955"><ele>47.8</ele></trkpt>
     <trkpt lat="34.902625" lon="-120.532257"><ele>44.4</ele></trkpt>
     <trkpt lat="34.901603" lon="-120.529558"><ele>41.1</ele></trkpt>
     <trkpt lat="34.900581" lon="-120.526860"><ele>37.8</ele></trkpt>
     <trkpt lat="34.900126" lon="-120.525972"><ele>39.2</ele></trkpt>
     <trkpt lat="34.899541" lon="-120.525167"><ele>40.2</ele></trkpt>
     <trkpt lat="34.898245" lon="-120.523838"><ele>40.8</ele></trkpt>
     <trkpt lat="34.897783" lon="-120.523263"><ele>38.8</ele></trkpt>
     <trkpt lat="34.896461" lon="-120.520660"><ele>39.5</ele></trkpt>
     <trkpt lat="34.895397" lon="-120.518893"><ele>41.5</ele></trkpt>
     <trkpt lat="34.894125" lon="-120.516917"><ele>43.8</ele></trkpt>
     <trkpt lat="34.892853" lon="-120.514942"><ele>46.2</ele></trkpt>
     <trkpt lat="34.891581" lon="-120.512966"><ele>48.5</ele></trkpt>
     <trkpt lat="34.890545" lon="-120.511457"><ele>45.8</ele></trkpt>
     <trkpt lat="34.889051" lon="-120.509179"><ele>47.5</ele></trkpt>
     <trkpt lat="34.887557" lon="-120.506901"><ele>49.2</ele></trkpt>
     <trkpt lat="34.886065" lon="-120.504547"><ele>54.5</ele></trkpt>
     <trkpt lat="34.884999" lon="-120.502961"><ele>54.4</ele></trkpt>
     <trkpt lat="34.883932" lon="-120.501375"><ele>54.2</ele></trkpt>
     <trkpt lat="34.883140" lon="-120.500049"><ele>53.5</ele></trkpt>
     <trkpt lat="34.882273" lon="-120.498754"><ele>55.1</ele></trkpt>
     <trkpt lat="34.881407" lon="-120.497459"><ele>56.8</ele></trkpt>
     <trkpt lat="34.881218" lon="-120.497070"><ele>56.5</ele></trkpt>
     <trkpt lat="34.880236" lon="-120.494644"><ele>59.1</ele></trkpt>
     <trkpt lat="34.879255" lon="-120.492218"><ele>61.8</ele></trkpt>
     <trkpt lat="34.878273" lon="-120.489792"><ele>64.4</ele></trkpt>
     <trkpt lat="34.877291" lon="-120.487366"><ele>67.0</ele></trkpt>
     <trkpt lat="34.876617" lon="-120.485120"><ele>70.1</ele></trkpt>
     <trkpt lat="34.875943" lon="-120.482874"><ele>73.2</ele></trkpt>
     <trkpt lat="34.875128" lon="-120.480225"><ele>73.5</ele></trkpt>
     <trkpt lat="34.874312" lon="-120.477577"><ele>73.8</ele></trkpt>
     <trkpt lat="34.873497" lon="-120.474928"><ele>74.2</ele></trkpt>
     <trkpt lat="34.872681" lon="-120.472280"><ele>74.5</ele></trkpt>
     <trkpt lat="34.871866" lon="-120.469631"><ele>74.8</ele></trkpt>
     <trkpt lat="34.871587" lon="-120.468869"><ele>74.8</ele></trkpt>
     <trkpt lat="34.871317" lon="-120.468242"><ele>75.2</ele></trkpt>
     <trkpt lat="34.870793" lon="-120.467358"><ele>75.0</ele></trkpt>
     <trkpt lat="34.869431" lon="-120.465281"><ele>77.8</ele></trkpt>
     <trkpt lat="34.868069" lon="-120.463203"><ele>80.7</ele></trkpt>
     <trkpt lat="34.866706" lon="-120.461126"><ele>83.5</ele></trkpt>
     <trkpt lat="34.865344" lon="-120.459048"><ele>86.4</ele></trkpt>
     <trkpt lat="34.863982" lon="-120.456971"><ele>89.2</ele></trkpt>
     <trkpt lat="34.864795" lon="-120.456137"><ele>84.8</ele></trkpt>
     <trkpt lat="34.865033" lon="-120.455629"><ele>83.5</ele></trkpt>
     <trkpt lat="34.865151" lon="-120.455141"><ele>82.8</ele></trkpt>
     <trkpt lat="34.865205" lon="-120.452572"><ele>83.0</ele></trkpt>
     <trkpt lat="34.865132" lon="-120.451340"><ele>88.2</ele></trkpt>
     <trkpt lat="34.865128" lon="-120.448655"><ele>98.5</ele></trkpt>
     <trkpt lat="34.865150" lon="-120.447256"><ele>101.0</ele></trkpt>
     <trkpt lat="34.865179" lon="-120.447256"><ele>100.8</ele></trkpt>
     <trkpt lat="34.865150" lon="-120.447256"><ele>101.0</ele></trkpt>
     <trkpt lat="34.865128" lon="-120.448655"><ele>98.5</ele></trkpt>
     <trkpt lat="34.865132" lon="-120.451340"><ele>88.2</ele></trkpt>
     <trkpt lat="34.865205" lon="-120.452572"><ele>83.0</ele></trkpt>
     <trkpt lat="34.865151" lon="-120.455141"><ele>82.8</ele></trkpt>
     <trkpt lat="34.865033" lon="-120.455629"><ele>83.5</ele></trkpt>
     <trkpt lat="34.864795" lon="-120.456137"><ele>84.8</ele></trkpt>
     <trkpt lat="34.863982" lon="-120.456971"><ele>89.2</ele></trkpt>
     <trkpt lat="34.863278" lon="-120.455978"><ele>90.0</ele></trkpt>
     <trkpt lat="34.862921" lon="-120.455554"><ele>89.8</ele></trkpt>
     <trkpt lat="34.862494" lon="-120.455141"><ele>92.0</ele></trkpt>
     <trkpt lat="34.861770" lon="-120.454574"><ele>94.8</ele></trkpt>
     <trkpt lat="34.860951" lon="-120.454171"><ele>100.0</ele></trkpt>
     <trkpt lat="34.860130" lon="-120.453930"><ele>103.8</ele></trkpt>
     <trkpt lat="34.859627" lon="-120.453846"><ele>104.8</ele></trkpt>
     <trkpt lat="34.859056" lon="-120.453804"><ele>105.5</ele></trkpt>
     <trkpt lat="34.857646" lon="-120.453791"><ele>107.9</ele></trkpt>
     <trkpt lat="34.856236" lon="-120.453778"><ele>110.2</ele></trkpt>
     <trkpt lat="34.855046" lon="-120.453637"><ele>112.8</ele></trkpt>
     <trkpt lat="34.853692" lon="-120.453538"><ele>111.5</ele></trkpt>
     <trkpt lat="34.851965" lon="-120.453347"><ele>114.8</ele></trkpt>
     <trkpt lat="34.849580" lon="-120.452939"><ele>122.0</ele></trkpt>
     <trkpt lat="34.847078" lon="-120.452673"><ele>126.5</ele></trkpt>
     <trkpt lat="34.844576" lon="-120.452406"><ele>131.1</ele></trkpt>
     <trkpt lat="34.842073" lon="-120.452140"><ele>135.6</ele></trkpt>
     <trkpt lat="34.839571" lon="-120.451874"><ele>140.2</ele></trkpt>
     <trkpt lat="34.837069" lon="-120.451607"><ele>144.7</ele></trkpt>
     <trkpt lat="34.834567" lon="-120.451341"><ele>149.2</ele></trkpt>
     <trkpt lat="34.833449" lon="-120.451143"><ele>156.2</ele></trkpt>
     <trkpt lat="34.831198" lon="-120.450666"><ele>162.9</ele></trkpt>
     <trkpt lat="34.828948" lon="-120.450189"><ele>169.5</ele></trkpt>
     <trkpt lat="34.827394" lon="-120.449903"><ele>166.2</ele></trkpt>
     <trkpt lat="34.826881" lon="-120.449849"><ele>165.2</ele></trkpt>
     <trkpt lat="34.826100" lon="-120.449864"><ele>165.2</ele></trkpt>
     <trkpt lat="34.824505" lon="-120.449978"><ele>172.2</ele></trkpt>
     <trkpt lat="34.822403" lon="-120.450149"><ele>173.0</ele></trkpt>
     <trkpt lat="34.821189" lon="-120.450303"><ele>163.8</ele></trkpt>
     <trkpt lat="34.820419" lon="-120.450319"><ele>167.2</ele></trkpt>
     <trkpt lat="34.819764" lon="-120.450254"><ele>172.5</ele></trkpt>
     <trkpt lat="34.817329" lon="-120.449775"><ele>158.0</ele></trkpt>
     <trkpt lat="34.814880" lon="-120.449205"><ele>150.0</ele></trkpt>
     <trkpt lat="34.812430" lon="-120.448635"><ele>142.0</ele></trkpt>
     <trkpt lat="34.811480" lon="-120.448317"><ele>140.8</ele></trkpt>
     <trkpt lat="34.809925" lon="-120.447580"><ele>139.6</ele></trkpt>
     <trkpt lat="34.808369" lon="-120.446842"><ele>138.5</ele></trkpt>
     <trkpt lat="34.806855" lon="-120.446057"><ele>137.5</ele></trkpt>
     <trkpt lat="34.805340" lon="-120.445272"><ele>136.5</ele></trkpt>
     <trkpt lat="34.803502" lon="-120.444463"><ele>142.8</ele></trkpt>
     <trkpt lat="34.801664" lon="-120.443653"><ele>149.0</ele></trkpt>
     <trkpt lat="34.801354" lon="-120.443590"><ele>149.2</ele></trkpt>
     <trkpt lat="34.800728" lon="-120.443635"><ele>152.5</ele></trkpt>
     <trkpt lat="34.800397" lon="-120.443726"><ele>153.8</ele></trkpt>
     <trkpt lat="34.799974" lon="-120.443951"><ele>156.0</ele></trkpt>
     <trkpt lat="34.799461" lon="-120.444379"><ele>159.8</ele></trkpt>
     <trkpt lat="34.798866" lon="-120.445013"><ele>165.8</ele></trkpt>
     <trkpt lat="34.798430" lon="-120.445560"><ele>169.5</ele></trkpt>
     <trkpt lat="34.796929" lon="-120.447603"><ele>182.8</ele></trkpt>
     <trkpt lat="34.795428" lon="-120.449647"><ele>196.0</ele></trkpt>
     <trkpt lat="34.793927" lon="-120.451690"><ele>209.2</ele></trkpt>
     <trkpt lat="34.793263" lon="-120.452894"><ele>210.8</ele></trkpt>
     <trkpt lat="34.792265" lon="-120.454902"><ele>192.4</ele></trkpt>
     <trkpt lat="34.791268" lon="-120.456910"><ele>174.0</ele></trkpt>
     <trkpt lat="34.790846" lon="-120.457652"><ele>168.0</ele></trkpt>
     <trkpt lat="34.789773" lon="-120.459195"><ele>156.5</ele></trkpt>
     <trkpt lat="34.788966" lon="-120.460133"><ele>148.2</ele></trkpt>
     <trkpt lat="34.788161" lon="-120.460936"><ele>142.8</ele></trkpt>
     <trkpt lat="34.786376" lon="-120.462510"><ele>133.4</ele></trkpt>
     <trkpt lat="34.784592" lon="-120.464085"><ele>124.1</ele></trkpt>
     <trkpt lat="34.782807" lon="-120.465659"><ele>114.8</ele></trkpt>
     <trkpt lat="34.782042" lon="-120.466384"><ele>111.2</ele></trkpt>
     <trkpt lat="34.781528" lon="-120.466961"><ele>107.5</ele></trkpt>
     <trkpt lat="34.781057" lon="-120.467605"><ele>105.0</ele></trkpt>
     <trkpt lat="34.780660" lon="-120.468265"><ele>102.8</ele></trkpt>
     <trkpt lat="34.780163" lon="-120.469255"><ele>104.0</ele></trkpt>
     <trkpt lat="34.779846" lon="-120.470073"><ele>106.2</ele></trkpt>
     <trkpt lat="34.779658" lon="-120.470677"><ele>102.8</ele></trkpt>
     <trkpt lat="34.779364" lon="-120.472083"><ele>99.5</ele></trkpt>
     <trkpt lat="34.779248" lon="-120.473552"><ele>96.2</ele></trkpt>
     <trkpt lat="34.779268" lon="-120.475225"><ele>95.0</ele></trkpt>
     <trkpt lat="34.779287" lon="-120.476898"><ele>93.8</ele></trkpt>
     <trkpt lat="34.779212" lon="-120.477667"><ele>93.8</ele></trkpt>
     <trkpt lat="34.779088" lon="-120.478378"><ele>93.2</ele></trkpt>
     <trkpt lat="34.778771" lon="-120.479470"><ele>96.8</ele></trkpt>
     <trkpt lat="34.778533" lon="-120.480069"><ele>96.2</ele></trkpt>
     <trkpt lat="34.777199" lon="-120.482769"><ele>84.0</ele></trkpt>
     <trkpt lat="34.775865" lon="-120.485469"><ele>71.8</ele></trkpt>
     <trkpt lat="34.775482" lon="-120.486336"><ele>73.2</ele></trkpt>
     <trkpt lat="34.775127" lon="-120.487404"><ele>74.0</ele></trkpt>
     <trkpt lat="34.774923" lon="-120.488594"><ele>75.5</ele></trkpt>
     <trkpt lat="34.774702" lon="-120.490422"><ele>79.8</ele></trkpt>
     <trkpt lat="34.774712" lon="-120.491637"><ele>80.8</ele></trkpt>
     <trkpt lat="34.774755" lon="-120.491977"><ele>81.2</ele></trkpt>
     <trkpt lat="34.775086" lon="-120.493290"><ele>80.2</ele></trkpt>
     <trkpt lat="34.775422" lon="-120.494251"><ele>84.5</ele></trkpt>
     <trkpt lat="34.775598" lon="-120.494936"><ele>85.5</ele></trkpt>
     <trkpt lat="34.775678" lon="-120.495560"><ele>81.0</ele></trkpt>
     <trkpt lat="34.775695" lon="-120.496319"><ele>78.2</ele></trkpt>
     <trkpt lat="34.775591" lon="-120.497299"><ele>77.2</ele></trkpt>
     <trkpt lat="34.775227" lon="-120.499110"><ele>90.5</ele></trkpt>
     <trkpt lat="34.774862" lon="-120.500920"><ele>103.8</ele></trkpt>
     <trkpt lat="34.774660" lon="-120.502104"><ele>107.5</ele></trkpt>
     <trkpt lat="34.774641" lon="-120.503160"><ele>111.2</ele></trkpt>
     <trkpt lat="34.774761" lon="-120.505070"><ele>121.2</ele></trkpt>
     <trkpt lat="34.774891" lon="-120.505967"><ele>121.5</ele></trkpt>
     <trkpt lat="34.774847" lon="-120.506679"><ele>130.8</ele></trkpt>
     <trkpt lat="34.774746" lon="-120.507430"><ele>143.0</ele></trkpt>
     <trkpt lat="34.774572" lon="-120.508272"><ele>152.2</ele></trkpt>
     <trkpt lat="34.774291" lon="-120.509059"><ele>159.0</ele></trkpt>
     <trkpt lat="34.774141" lon="-120.509361"><ele>159.8</ele></trkpt>
     <trkpt lat="34.773819" lon="-120.509827"><ele>161.8</ele></trkpt>
     <trkpt lat="34.773595" lon="-120.510082"><ele>161.0</ele></trkpt>
     <trkpt lat="34.773056" lon="-120.510585"><ele>158.2</ele></trkpt>
     <trkpt lat="34.772622" lon="-120.510888"><ele>161.0</ele></trkpt>
     <trkpt lat="34.772321" lon="-120.511044"><ele>162.0</ele></trkpt>
     <trkpt lat="34.771715" lon="-120.511280"><ele>164.8</ele></trkpt>
     <trkpt lat="34.769497" lon="-120.511816"><ele>190.5</ele></trkpt>
     <trkpt lat="34.767969" lon="-120.512130"><ele>196.0</ele></trkpt>
     <trkpt lat="34.766442" lon="-120.512445"><ele>201.5</ele></trkpt>
     <trkpt lat="34.764051" lon="-120.512902"><ele>192.2</ele></trkpt>
     <trkpt lat="34.761660" lon="-120.513360"><ele>182.9</ele></trkpt>
     <trkpt lat="34.759270" lon="-120.513818"><ele>173.6</ele></trkpt>
     <trkpt lat="34.756879" lon="-120.514275"><ele>164.2</ele></trkpt>
     <trkpt lat="34.755797" lon="-120.514678"><ele>168.0</ele></trkpt>
     <trkpt lat="34.755358" lon="-120.514908"><ele>168.2</ele></trkpt>
     <trkpt lat="34.754979" lon="-120.515165"><ele>169.0</ele></trkpt>
     <trkpt lat="34.754462" lon="-120.515603"><ele>169.2</ele></trkpt>
     <trkpt lat="34.753843" lon="-120.516264"><ele>168.2</ele></trkpt>
     <trkpt lat="34.753417" lon="-120.516824"><ele>167.2</ele></trkpt>
     <trkpt lat="34.752142" lon="-120.518747"><ele>166.0</ele></trkpt>
     <trkpt lat="34.750867" lon="-120.520670"><ele>164.8</ele></trkpt>
     <trkpt lat="34.749645" lon="-120.519537"><ele>166.2</ele></trkpt>
     <trkpt lat="34.748424" lon="-120.518404"><ele>167.8</ele></trkpt>
     <trkpt lat="34.746906" lon="-120.516871"><ele>165.9</ele></trkpt>
     <trkpt lat="34.745388" lon="-120.515338"><ele>164.0</ele></trkpt>
     <trkpt lat="34.743558" lon="-120.513553"><ele>160.4</ele></trkpt>
     <trkpt lat="34.741727" lon="-120.511767"><ele>156.8</ele></trkpt>
     <trkpt lat="34.739897" lon="-120.509982"><ele>153.2</ele></trkpt>
     <trkpt lat="34.738066" lon="-120.508197"><ele>149.7</ele></trkpt>
     <trkpt lat="34.736235" lon="-120.506411"><ele>146.1</ele></trkpt>
     <trkpt lat="34.734405" lon="-120.504626"><ele>142.5</ele></trkpt>
     <trkpt lat="34.732786" lon="-120.502966"><ele>141.8</ele></trkpt>
     <trkpt lat="34.730747" lon="-120.500998"><ele>136.8</ele></trkpt>
     <trkpt lat="34.728708" lon="-120.499030"><ele>131.8</ele></trkpt>
     <trkpt lat="34.727111" lon="-120.497354"><ele>126.2</ele></trkpt>
     <trkpt lat="34.725515" lon="-120.495677"><ele>120.8</ele></trkpt>
     <trkpt lat="34.724622" lon="-120.494895"><ele>115.8</ele></trkpt>
     <trkpt lat="34.723646" lon="-120.494194"><ele>110.0</ele></trkpt>
     <trkpt lat="34.722116" lon="-120.493333"><ele>103.2</ele></trkpt>
     <trkpt lat="34.721555" lon="-120.492940"><ele>98.5</ele></trkpt>
     <trkpt lat="34.721183" lon="-120.492623"><ele>96.0</ele></trkpt>
     <trkpt lat="34.720080" lon="-120.491473"><ele>88.5</ele></trkpt>
     <trkpt lat="34.719438" lon="-120.490876"><ele>84.5</ele></trkpt>
     <trkpt lat="34.718843" lon="-120.490443"><ele>80.8</ele></trkpt>
     <trkpt lat="34.718244" lon="-120.490133"><ele>74.5</ele></trkpt>
     <trkpt lat="34.717676" lon="-120.489892"><ele>72.0</ele></trkpt>
     <trkpt lat="34.716818" lon="-120.489664"><ele>67.8</ele></trkpt>
     <trkpt lat="34.716146" lon="-120.489580"><ele>66.2</ele></trkpt>
     <trkpt lat="34.714578" lon="-120.489477"><ele>63.2</ele></trkpt>
     <trkpt lat="34.713146" lon="-120.489213"><ele>70.2</ele></trkpt>
     <trkpt lat="34.711643" lon="-120.488738"><ele>85.2</ele></trkpt>
     <trkpt lat="34.710139" lon="-120.488193"><ele>101.0</ele></trkpt>
     <trkpt lat="34.709010" lon="-120.487755"><ele>107.5</ele></trkpt>
     <trkpt lat="34.708504" lon="-120.487420"><ele>110.8</ele></trkpt>
     <trkpt lat="34.708211" lon="-120.487197"><ele>113.0</ele></trkpt>
     <trkpt lat="34.707550" lon="-120.486463"><ele>117.2</ele></trkpt>
     <trkpt lat="34.707335" lon="-120.486161"><ele>118.0</ele></trkpt>
     <trkpt lat="34.707092" lon="-120.485744"><ele>118.8</ele></trkpt>
     <trkpt lat="34.706850" lon="-120.485208"><ele>120.2</ele></trkpt>
     <trkpt lat="34.706588" lon="-120.484493"><ele>120.8</ele></trkpt>
     <trkpt lat="34.705796" lon="-120.481937"><ele>111.8</ele></trkpt>
     <trkpt lat="34.705004" lon="-120.479382"><ele>102.8</ele></trkpt>
     <trkpt lat="34.704212" lon="-120.476826"><ele>93.8</ele></trkpt>
     <trkpt lat="34.703782" lon="-120.475715"><ele>91.5</ele></trkpt>
     <trkpt lat="34.703106" lon="-120.474260"><ele>85.5</ele></trkpt>
     <trkpt lat="34.702807" lon="-120.473747"><ele>85.2</ele></trkpt>
     <trkpt lat="34.701665" lon="-120.472030"><ele>101.8</ele></trkpt>
     <trkpt lat="34.701074" lon="-120.471240"><ele>106.8</ele></trkpt>
     <trkpt lat="34.699997" lon="-120.470028"><ele>107.6</ele></trkpt>
     <trkpt lat="34.698921" lon="-120.468817"><ele>108.5</ele></trkpt>
     <trkpt lat="34.699495" lon="-120.468232"><ele>106.0</ele></trkpt>
     <trkpt lat="34.701379" lon="-120.466093"><ele>105.0</ele></trkpt>
     <trkpt lat="34.701763" lon="-120.465765"><ele>105.0</ele></trkpt>
     <trkpt lat="34.702014" lon="-120.465627"><ele>105.5</ele></trkpt>
     <trkpt lat="34.702623" lon="-120.465416"><ele>106.0</ele></trkpt>
     <trkpt lat="34.702902" lon="-120.465386"><ele>106.5</ele></trkpt>
     <trkpt lat="34.704944" lon="-120.465416"><ele>109.8</ele></trkpt>
     <trkpt lat="34.705347" lon="-120.465485"><ele>111.0</ele></trkpt>
     <trkpt lat="34.705882" lon="-120.465649"><ele>112.2</ele></trkpt>
     <trkpt lat="34.706234" lon="-120.465832"><ele>113.2</ele></trkpt>
     <trkpt lat="34.708380" lon="-120.467585"><ele>116.0</ele></trkpt>
     <trkpt lat="34.709164" lon="-120.466199"><ele>117.8</ele></trkpt>
     <trkpt lat="34.709949" lon="-120.464813"><ele>119.5</ele></trkpt>
     <trkpt lat="34.710080" lon="-120.464616"><ele>119.0</ele></trkpt>
     <trkpt lat="34.710661" lon="-120.463988"><ele>118.2</ele></trkpt>
     <trkpt lat="34.710841" lon="-120.463717"><ele>118.2</ele></trkpt>
     <trkpt lat="34.710941" lon="-120.463279"><ele>118.8</ele></trkpt>
     <trkpt lat="34.710931" lon="-120.462936"><ele>120.0</ele></trkpt>
     <trkpt lat="34.710855" lon="-120.462432"><ele>122.0</ele></trkpt>
     <trkpt lat="34.710858" lon="-120.462122"><ele>122.0</ele></trkpt>
     <trkpt lat="34.711026" lon="-120.461691"><ele>122.0</ele></trkpt>
     <trkpt lat="34.711176" lon="-120.461471"><ele>121.0</ele></trkpt>
     <trkpt lat="34.711399" lon="-120.461262"><ele>120.5</ele></trkpt>
     <trkpt lat="34.711712" lon="-120.461100"><ele>121.2</ele></trkpt>
     <trkpt lat="34.711399" lon="-120.461262"><ele>120.5</ele></trkpt>
     <trkpt lat="34.711176" lon="-120.461471"><ele>121.0</ele></trkpt>
     <trkpt lat="34.711026" lon="-120.461691"><ele>122.0</ele></trkpt>
     <trkpt lat="34.710858" lon="-120.462122"><ele>122.0</ele></trkpt>
     <trkpt lat="34.710855" lon="-120.462432"><ele>122.0</ele></trkpt>
     <trkpt lat="34.710931" lon="-120.462936"><ele>120.0</ele></trkpt>
     <trkpt lat="34.710941" lon="-120.463279"><ele>118.8</ele></trkpt>
     <trkpt lat="34.710841" lon="-120.463717"><ele>118.2</ele></trkpt>
     <trkpt lat="34.710661" lon="-120.463988"><ele>118.2</ele></trkpt>
     <trkpt lat="34.710080" lon="-120.464616"><ele>119.0</ele></trkpt>
     <trkpt lat="34.709949" lon="-120.464813"><ele>119.5</ele></trkpt>
     <trkpt lat="34.709164" lon="-120.466199"><ele>117.8</ele></trkpt>
     <trkpt lat="34.708380" lon="-120.467585"><ele>116.0</ele></trkpt>
     <trkpt lat="34.706234" lon="-120.465832"><ele>113.2</ele></trkpt>
     <trkpt lat="34.705882" lon="-120.465649"><ele>112.2</ele></trkpt>
     <trkpt lat="34.705347" lon="-120.465485"><ele>111.0</ele></trkpt>
     <trkpt lat="34.704944" lon="-120.465416"><ele>109.8</ele></trkpt>
     <trkpt lat="34.702902" lon="-120.465386"><ele>106.5</ele></trkpt>
     <trkpt lat="34.702623" lon="-120.465416"><ele>106.0</ele></trkpt>
     <trkpt lat="34.702014" lon="-120.465627"><ele>105.5</ele></trkpt>
     <trkpt lat="34.701763" lon="-120.465765"><ele>105.0</ele></trkpt>
     <trkpt lat="34.701379" lon="-120.466093"><ele>105.0</ele></trkpt>
     <trkpt lat="34.699495" lon="-120.468232"><ele>106.0</ele></trkpt>
     <trkpt lat="34.698921" lon="-120.468817"><ele>108.5</ele></trkpt>
     <trkpt lat="34.697442" lon="-120.466252"><ele>106.2</ele></trkpt>
     <trkpt lat="34.696732" lon="-120.464922"><ele>104.8</ele></trkpt>
     <trkpt lat="34.695900" lon="-120.462907"><ele>95.1</ele></trkpt>
     <trkpt lat="34.695068" lon="-120.460891"><ele>85.5</ele></trkpt>
     <trkpt lat="34.694849" lon="-120.460470"><ele>81.0</ele></trkpt>
     <trkpt lat="34.694426" lon="-120.459873"><ele>75.2</ele></trkpt>
     <trkpt lat="34.694106" lon="-120.459517"><ele>73.8</ele></trkpt>
     <trkpt lat="34.693755" lon="-120.459202"><ele>71.8</ele></trkpt>
     <trkpt lat="34.693366" lon="-120.458924"><ele>68.5</ele></trkpt>
     <trkpt lat="34.692932" lon="-120.458724"><ele>65.2</ele></trkpt>
     <trkpt lat="34.692497" lon="-120.458588"><ele>62.0</ele></trkpt>
     <trkpt lat="34.691791" lon="-120.458524"><ele>58.8</ele></trkpt>
     <trkpt lat="34.691164" lon="-120.458573"><ele>58.0</ele></trkpt>
     <trkpt lat="34.689098" lon="-120.458919"><ele>62.9</ele></trkpt>
     <trkpt lat="34.687033" lon="-120.459264"><ele>67.8</ele></trkpt>
     <trkpt lat="34.684967" lon="-120.459610"><ele>72.8</ele></trkpt>
     <trkpt lat="34.684106" lon="-120.459657"><ele>74.2</ele></trkpt>
     <trkpt lat="34.683640" lon="-120.459582"><ele>73.0</ele></trkpt>
     <trkpt lat="34.683006" lon="-120.459398"><ele>70.5</ele></trkpt>
     <trkpt lat="34.682358" lon="-120.459048"><ele>67.8</ele></trkpt>
     <trkpt lat="34.680150" lon="-120.457467"><ele>59.0</ele></trkpt>
     <trkpt lat="34.679163" lon="-120.456883"><ele>57.2</ele></trkpt>
     <trkpt lat="34.678499" lon="-120.456639"><ele>57.2</ele></trkpt>
     <trkpt lat="34.677901" lon="-120.456586"><ele>55.5</ele></trkpt>
     <trkpt lat="34.675880" lon="-120.456930"><ele>44.2</ele></trkpt>
     <trkpt lat="34.674078" lon="-120.457290"><ele>44.5</ele></trkpt>
     <trkpt lat="34.672724" lon="-120.457479"><ele>34.9</ele></trkpt>
     <trkpt lat="34.671370" lon="-120.457668"><ele>25.2</ele></trkpt>
     <trkpt lat="34.671399" lon="-120.457867"><ele>25.2</ele></trkpt>
     <trkpt lat="34.669974" lon="-120.457964"><ele>24.2</ele></trkpt>
     <trkpt lat="34.669738" lon="-120.457907"><ele>24.5</ele></trkpt>
     <trkpt lat="34.669526" lon="-120.457786"><ele>24.8</ele></trkpt>
     <trkpt lat="34.669323" lon="-120.457773"><ele>24.8</ele></trkpt>
     <trkpt lat="34.667294" lon="-120.457805"><ele>26.8</ele></trkpt>
     <trkpt lat="34.666327" lon="-120.457843"><ele>27.8</ele></trkpt>
     <trkpt lat="34.666189" lon="-120.457880"><ele>27.8</ele></trkpt>
     <trkpt lat="34.664781" lon="-120.457926"><ele>29.2</ele></trkpt>
     <trkpt lat="34.663372" lon="-120.457973"><ele>30.8</ele></trkpt>
     <trkpt lat="34.662906" lon="-120.457939"><ele>29.5</ele></trkpt>
     <trkpt lat="34.662905" lon="-120.457841"><ele>29.8</ele></trkpt>
     <trkpt lat="34.660694" lon="-120.457783"><ele>29.4</ele></trkpt>
     <trkpt lat="34.658483" lon="-120.457724"><ele>29.0</ele></trkpt>
     <trkpt lat="34.658281" lon="-120.457652"><ele>28.8</ele></trkpt>
     <trkpt lat="34.656189" lon="-120.457669"><ele>27.8</ele></trkpt>
     <trkpt lat="34.654795" lon="-120.457713"><ele>27.6</ele></trkpt>
     <trkpt lat="34.653402" lon="-120.457757"><ele>27.5</ele></trkpt>
     <trkpt lat="34.653385" lon="-120.456453"><ele>28.5</ele></trkpt>
     <trkpt lat="34.650990" lon="-120.456478"><ele>29.4</ele></trkpt>
     <trkpt lat="34.648594" lon="-120.456502"><ele>30.3</ele></trkpt>
     <trkpt lat="34.646199" lon="-120.456527"><ele>31.2</ele></trkpt>
     <trkpt lat="34.643804" lon="-120.456552"><ele>32.2</ele></trkpt>
     <trkpt lat="34.641408" lon="-120.456576"><ele>33.1</ele></trkpt>
     <trkpt lat="34.639013" lon="-120.456601"><ele>34.0</ele></trkpt>
     <trkpt lat="34.639023" lon="-120.457841"><ele>34.0</ele></trkpt>
     <trkpt lat="34.640636" lon="-120.457853"><ele>33.2</ele></trkpt>
     <trkpt lat="34.640611" lon="-120.454924"><ele>34.0</ele></trkpt>
     <trkpt lat="34.640586" lon="-120.451996"><ele>34.7</ele></trkpt>
     <trkpt lat="34.640561" lon="-120.449067"><ele>35.4</ele></trkpt>
     <trkpt lat="34.640536" lon="-120.446138"><ele>36.1</ele></trkpt>
     <trkpt lat="34.640511" lon="-120.443210"><ele>36.8</ele></trkpt>
     <trkpt lat="34.640486" lon="-120.440281"><ele>37.5</ele></trkpt>
     <trkpt lat="34.642083" lon="-120.440266"><ele>37.0</ele></trkpt>
     <trkpt lat="34.643681" lon="-120.440251"><ele>36.5</ele></trkpt>
     <trkpt lat="34.643665" lon="-120.438189"><ele>37.0</ele></trkpt>
     <trkpt lat="34.643650" lon="-120.436127"><ele>37.5</ele></trkpt>
     <trkpt lat="34.643587" lon="-120.435951"><ele>37.5</ele></trkpt>
     <trkpt lat="34.641300" lon="-120.435921"><ele>41.8</ele></trkpt>
     <trkpt lat="34.640813" lon="-120.435725"><ele>44.2</ele></trkpt>
     <trkpt lat="34.639578" lon="-120.435065"><ele>48.0</ele></trkpt>
     <trkpt lat="34.638342" lon="-120.434405"><ele>51.8</ele></trkpt>
     <trkpt lat="34.637988" lon="-120.434265"><ele>52.2</ele></trkpt>
     <trkpt lat="34.637581" lon="-120.434187"><ele>52.8</ele></trkpt>
     <trkpt lat="34.637276" lon="-120.434181"><ele>53.2</ele></trkpt>
     <trkpt lat="34.636268" lon="-120.434335"><ele>54.8</ele></trkpt>
     <trkpt lat="34.635948" lon="-120.434307"><ele>55.2</ele></trkpt>
     <trkpt lat="34.635644" lon="-120.434214"><ele>55.8</ele></trkpt>
     <trkpt lat="34.635303" lon="-120.434016"><ele>58.2</ele></trkpt>
     <trkpt lat="34.634977" lon="-120.433709"><ele>61.2</ele></trkpt>
     <trkpt lat="34.634261" lon="-120.432604"><ele>65.5</ele></trkpt>
     <trkpt lat="34.634044" lon="-120.432348"><ele>66.8</ele></trkpt>
     <trkpt lat="34.633685" lon="-120.432077"><ele>70.8</ele></trkpt>
     <trkpt lat="34.633281" lon="-120.431922"><ele>71.2</ele></trkpt>
     <trkpt lat="34.632913" lon="-120.431897"><ele>75.0</ele></trkpt>
     <trkpt lat="34.632556" lon="-120.431967"><ele>79.8</ele></trkpt>
     <trkpt lat="34.631111" lon="-120.432602"><ele>83.2</ele></trkpt>
     <trkpt lat="34.630370" lon="-120.432801"><ele>80.5</ele></trkpt>
     <trkpt lat="34.629485" lon="-120.432849"><ele>72.5</ele></trkpt>
     <trkpt lat="34.628526" lon="-120.432700"><ele>69.8</ele></trkpt>
     <trkpt lat="34.628011" lon="-120.432517"><ele>68.8</ele></trkpt>
     <trkpt lat="34.627389" lon="-120.432195"><ele>71.5</ele></trkpt>
     <trkpt lat="34.625459" lon="-120.430864"><ele>75.6</ele></trkpt>
     <trkpt lat="34.623529" lon="-120.429533"><ele>79.8</ele></trkpt>
     <trkpt lat="34.622818" lon="-120.429182"><ele>84.5</ele></trkpt>
     <trkpt lat="34.620727" lon="-120.428523"><ele>85.6</ele></trkpt>
     <trkpt lat="34.618636" lon="-120.427864"><ele>86.8</ele></trkpt>
     <trkpt lat="34.617687" lon="-120.427700"><ele>80.5</ele></trkpt>
     <trkpt lat="34.615023" lon="-120.427531"><ele>58.8</ele></trkpt>
     <trkpt lat="34.614314" lon="-120.427373"><ele>55.2</ele></trkpt>
     <trkpt lat="34.613693" lon="-120.427108"><ele>55.2</ele></trkpt>
     <trkpt lat="34.613387" lon="-120.426947"><ele>55.8</ele></trkpt>
     <trkpt lat="34.612762" lon="-120.426453"><ele>57.2</ele></trkpt>
     <trkpt lat="34.612328" lon="-120.425992"><ele>57.2</ele></trkpt>
     <trkpt lat="34.612058" lon="-120.425622"><ele>57.0</ele></trkpt>
     <trkpt lat="34.611616" lon="-120.424831"><ele>57.0</ele></trkpt>
     <trkpt lat="34.610461" lon="-120.422576"><ele>62.0</ele></trkpt>
     <trkpt lat="34.609307" lon="-120.420322"><ele>67.0</ele></trkpt>
     <trkpt lat="34.609085" lon="-120.419951"><ele>70.8</ele></trkpt>
     <trkpt lat="34.608647" lon="-120.419390"><ele>68.8</ele></trkpt>
     <trkpt lat="34.608121" lon="-120.418894"><ele>65.0</ele></trkpt>
     <trkpt lat="34.607517" lon="-120.418502"><ele>64.5</ele></trkpt>
     <trkpt lat="34.606725" lon="-120.418197"><ele>64.5</ele></trkpt>
     <trkpt lat="34.604470" lon="-120.417748"><ele>67.6</ele></trkpt>
     <trkpt lat="34.602216" lon="-120.417298"><ele>70.8</ele></trkpt>
     <trkpt lat="34.601753" lon="-120.417252"><ele>71.0</ele></trkpt>
     <trkpt lat="34.601327" lon="-120.417304"><ele>72.2</ele></trkpt>
     <trkpt lat="34.600411" lon="-120.417645"><ele>73.5</ele></trkpt>
     <trkpt lat="34.599634" lon="-120.417801"><ele>75.0</ele></trkpt>
     <trkpt lat="34.599302" lon="-120.417764"><ele>75.0</ele></trkpt>
     <trkpt lat="34.598839" lon="-120.417608"><ele>71.5</ele></trkpt>
     <trkpt lat="34.598636" lon="-120.417492"><ele>69.5</ele></trkpt>
     <trkpt lat="34.598294" lon="-120.417198"><ele>68.8</ele></trkpt>
     <trkpt lat="34.598041" lon="-120.416890"><ele>68.0</ele></trkpt>
     <trkpt lat="34.597828" lon="-120.416502"><ele>67.5</ele></trkpt>
     <trkpt lat="34.597563" lon="-120.415671"><ele>68.0</ele></trkpt>
     <trkpt lat="34.597120" lon="-120.413873"><ele>69.8</ele></trkpt>
     <trkpt lat="34.596677" lon="-120.412076"><ele>71.5</ele></trkpt>
     <trkpt lat="34.596534" lon="-120.411733"><ele>74.2</ele></trkpt>
     <trkpt lat="34.596204" lon="-120.411180"><ele>74.8</ele></trkpt>
     <trkpt lat="34.595748" lon="-120.410702"><ele>71.2</ele></trkpt>
     <trkpt lat="34.595140" lon="-120.410346"><ele>70.8</ele></trkpt>
     <trkpt lat="34.593391" lon="-120.409724"><ele>71.8</ele></trkpt>
     <trkpt lat="34.591641" lon="-120.409102"><ele>72.8</ele></trkpt>
     <trkpt lat="34.589892" lon="-120.408480"><ele>73.8</ele></trkpt>
     <trkpt lat="34.588772" lon="-120.408259"><ele>75.0</ele></trkpt>
     <trkpt lat="34.587379" lon="-120.408109"><ele>80.4</ele></trkpt>
     <trkpt lat="34.585986" lon="-120.407959"><ele>85.8</ele></trkpt>
     <trkpt lat="34.585317" lon="-120.407720"><ele>86.5</ele></trkpt>
     <trkpt lat="34.584776" lon="-120.407345"><ele>86.5</ele></trkpt>
     <trkpt lat="34.584460" lon="-120.407017"><ele>87.0</ele></trkpt>
     <trkpt lat="34.584276" lon="-120.406765"><ele>87.0</ele></trkpt>
     <trkpt lat="34.583976" lon="-120.406195"><ele>87.2</ele></trkpt>
     <trkpt lat="34.583740" lon="-120.405476"><ele>87.2</ele></trkpt>
     <trkpt lat="34.583665" lon="-120.404837"><ele>86.8</ele></trkpt>
     <trkpt lat="34.583668" lon="-120.404491"><ele>86.8</ele></trkpt>
     <trkpt lat="34.583741" lon="-120.403907"><ele>87.8</ele></trkpt>
     <trkpt lat="34.584195" lon="-120.401719"><ele>96.1</ele></trkpt>
     <trkpt lat="34.584648" lon="-120.399532"><ele>104.5</ele></trkpt>
     <trkpt lat="34.585005" lon="-120.397448"><ele>108.0</ele></trkpt>
     <trkpt lat="34.585090" lon="-120.396623"><ele>112.5</ele></trkpt>
     <trkpt lat="34.585013" lon="-120.395769"><ele>116.0</ele></trkpt>
     <trkpt lat="34.584437" lon="-120.393478"><ele>112.2</ele></trkpt>
     <trkpt lat="34.584355" lon="-120.392974"><ele>112.5</ele></trkpt>
     <trkpt lat="34.584216" lon="-120.390881"><ele>117.8</ele></trkpt>
     <trkpt lat="34.584045" lon="-120.389582"><ele>136.8</ele></trkpt>
     <trkpt lat="34.583716" lon="-120.387600"><ele>135.8</ele></trkpt>
     <trkpt lat="34.583575" lon="-120.385604"><ele>117.8</ele></trkpt>
     <trkpt lat="34.583485" lon="-120.385188"><ele>120.5</ele></trkpt>
     <trkpt lat="34.583345" lon="-120.384806"><ele>123.2</ele></trkpt>
     <trkpt lat="34.583170" lon="-120.384468"><ele>124.2</ele></trkpt>
     <trkpt lat="34.582847" lon="-120.384003"><ele>133.8</ele></trkpt>
     <trkpt lat="34.582342" lon="-120.383499"><ele>129.2</ele></trkpt>
     <trkpt lat="34.581700" lon="-120.382990"><ele>122.5</ele></trkpt>
     <trkpt lat="34.581238" lon="-120.382502"><ele>119.8</ele></trkpt>
     <trkpt lat="34.581014" lon="-120.382119"><ele>123.8</ele></trkpt>
     <trkpt lat="34.580450" lon="-120.380533"><ele>132.5</ele></trkpt>
     <trkpt lat="34.580276" lon="-120.380131"><ele>134.0</ele></trkpt>
     <trkpt lat="34.580098" lon="-120.379850"><ele>135.2</ele></trkpt>
     <trkpt lat="34.578578" lon="-120.378076"><ele>136.5</ele></trkpt>
     <trkpt lat="34.577059" lon="-120.376302"><ele>137.8</ele></trkpt>
     <trkpt lat="34.575854" lon="-120.375030"><ele>139.0</ele></trkpt>
     <trkpt lat="34.575197" lon="-120.374238"><ele>147.0</ele></trkpt>
     <trkpt lat="34.573705" lon="-120.372127"><ele>144.2</ele></trkpt>
     <trkpt lat="34.573362" lon="-120.371748"><ele>144.0</ele></trkpt>
     <trkpt lat="34.572963" lon="-120.371393"><ele>145.5</ele></trkpt>
     <trkpt lat="34.572369" lon="-120.370956"><ele>146.0</ele></trkpt>
     <trkpt lat="34.570281" lon="-120.369848"><ele>146.0</ele></trkpt>
     <trkpt lat="34.568192" lon="-120.368740"><ele>146.0</ele></trkpt>
     <trkpt lat="34.567997" lon="-120.368601"><ele>146.5</ele></trkpt>
     <trkpt lat="34.567629" lon="-120.368230"><ele>147.2</ele></trkpt>
     <trkpt lat="34.566591" lon="-120.366570"><ele>147.5</ele></trkpt>
     <trkpt lat="34.566107" lon="-120.366083"><ele>141.8</ele></trkpt>
     <trkpt lat="34.565988" lon="-120.366009"><ele>141.0</ele></trkpt>
     <trkpt lat="34.565751" lon="-120.365881"><ele>140.8</ele></trkpt>
     <trkpt lat="34.563970" lon="-120.365174"><ele>138.2</ele></trkpt>
     <trkpt lat="34.561780" lon="-120.364317"><ele>142.0</ele></trkpt>
     <trkpt lat="34.559590" lon="-120.363461"><ele>145.8</ele></trkpt>
     <trkpt lat="34.557400" lon="-120.362604"><ele>149.5</ele></trkpt>
     <trkpt lat="34.555820" lon="-120.361924"><ele>151.0</ele></trkpt>
     <trkpt lat="34.555455" lon="-120.361723"><ele>149.8</ele></trkpt>
     <trkpt lat="34.553673" lon="-120.360559"><ele>149.9</ele></trkpt>
     <trkpt lat="34.551890" lon="-120.359395"><ele>150.0</ele></trkpt>
     <trkpt lat="34.551154" lon="-120.358942"><ele>149.5</ele></trkpt>
     <trkpt lat="34.549669" lon="-120.358138"><ele>156.5</ele></trkpt>
     <trkpt lat="34.547578" lon="-120.357157"><ele>157.4</ele></trkpt>
     <trkpt lat="34.545488" lon="-120.356175"><ele>158.2</ele></trkpt>
     <trkpt lat="34.543397" lon="-120.355193"><ele>159.1</ele></trkpt>
     <trkpt lat="34.541306" lon="-120.354212"><ele>160.0</ele></trkpt>
     <trkpt lat="34.539038" lon="-120.353099"><ele>166.5</ele></trkpt>
     <trkpt lat="34.538262" lon="-120.352636"><ele>169.5</ele></trkpt>
     <trkpt lat="34.537672" lon="-120.352157"><ele>169.0</ele></trkpt>
     <trkpt lat="34.535840" lon="-120.350268"><ele>171.5</ele></trkpt>
     <trkpt lat="34.534007" lon="-120.348378"><ele>174.0</ele></trkpt>
     <trkpt lat="34.532174" lon="-120.346489"><ele>176.5</ele></trkpt>
     <trkpt lat="34.530342" lon="-120.344600"><ele>179.0</ele></trkpt>
     <trkpt lat="34.529591" lon="-120.343996"><ele>179.8</ele></trkpt>
     <trkpt lat="34.527626" lon="-120.342824"><ele>183.8</ele></trkpt>
     <trkpt lat="34.525661" lon="-120.341652"><ele>187.8</ele></trkpt>
     <trkpt lat="34.524217" lon="-120.340722"><ele>189.2</ele></trkpt>
     <trkpt lat="34.523594" lon="-120.340177"><ele>188.8</ele></trkpt>
     <trkpt lat="34.522765" lon="-120.339210"><ele>186.0</ele></trkpt>
     <trkpt lat="34.522203" lon="-120.338330"><ele>184.5</ele></trkpt>
     <trkpt lat="34.521976" lon="-120.337871"><ele>184.0</ele></trkpt>
     <trkpt lat="34.521743" lon="-120.337318"><ele>183.8</ele></trkpt>
     <trkpt lat="34.520744" lon="-120.334525"><ele>187.5</ele></trkpt>
     <trkpt lat="34.519745" lon="-120.331731"><ele>191.2</ele></trkpt>
     <trkpt lat="34.518746" lon="-120.328938"><ele>195.0</ele></trkpt>
     <trkpt lat="34.518375" lon="-120.327601"><ele>203.2</ele></trkpt>
     <trkpt lat="34.517991" lon="-120.325288"><ele>217.5</ele></trkpt>
     <trkpt lat="34.517847" lon="-120.323788"><ele>213.0</ele></trkpt>
     <trkpt lat="34.517753" lon="-120.321968"><ele>217.5</ele></trkpt>
     <trkpt lat="34.517658" lon="-120.320149"><ele>222.0</ele></trkpt>
     <trkpt lat="34.517593" lon="-120.319439"><ele>223.8</ele></trkpt>
     <trkpt lat="34.517541" lon="-120.317859"><ele>230.8</ele></trkpt>
     <trkpt lat="34.517559" lon="-120.317521"><ele>232.8</ele></trkpt>
     <trkpt lat="34.517663" lon="-120.316780"><ele>239.5</ele></trkpt>
     <trkpt lat="34.517878" lon="-120.316003"><ele>236.5</ele></trkpt>
     <trkpt lat="34.518273" lon="-120.314992"><ele>229.0</ele></trkpt>
     <trkpt lat="34.519588" lon="-120.312390"><ele>223.5</ele></trkpt>
     <trkpt lat="34.520954" lon="-120.309812"><ele>237.8</ele></trkpt>
     <trkpt lat="34.521372" lon="-120.308950"><ele>236.0</ele></trkpt>
     <trkpt lat="34.521683" lon="-120.308196"><ele>237.2</ele></trkpt>
     <trkpt lat="34.522337" lon="-120.306304"><ele>247.5</ele></trkpt>
     <trkpt lat="34.523207" lon="-120.303570"><ele>242.5</ele></trkpt>
     <trkpt lat="34.524077" lon="-120.300835"><ele>237.5</ele></trkpt>
     <trkpt lat="34.524681" lon="-120.298708"><ele>242.0</ele></trkpt>
     <trkpt lat="34.525140" lon="-120.296589"><ele>246.7</ele></trkpt>
     <trkpt lat="34.525600" lon="-120.294471"><ele>251.3</ele></trkpt>
     <trkpt lat="34.526059" lon="-120.292352"><ele>256.0</ele></trkpt>
     <trkpt lat="34.526226" lon="-120.291138"><ele>259.5</ele></trkpt>
     <trkpt lat="34.526256" lon="-120.290476"><ele>261.2</ele></trkpt>
     <trkpt lat="34.526261" lon="-120.289862"><ele>261.2</ele></trkpt>
     <trkpt lat="34.526162" lon="-120.288733"><ele>259.0</ele></trkpt>
     <trkpt lat="34.525935" lon="-120.287541"><ele>262.8</ele></trkpt>
     <trkpt lat="34.525767" lon="-120.286927"><ele>265.5</ele></trkpt>
     <trkpt lat="34.525484" lon="-120.286132"><ele>269.5</ele></trkpt>
     <trkpt lat="34.525218" lon="-120.285536"><ele>273.2</ele></trkpt>
     <trkpt lat="34.524591" lon="-120.284318"><ele>279.2</ele></trkpt>
     <trkpt lat="34.523596" lon="-120.282518"><ele>284.8</ele></trkpt>
     <trkpt lat="34.523160" lon="-120.281366"><ele>289.0</ele></trkpt>
     <trkpt lat="34.522933" lon="-120.280257"><ele>297.8</ele></trkpt>
     <trkpt lat="34.522597" lon="-120.277538"><ele>309.1</ele></trkpt>
     <trkpt lat="34.522260" lon="-120.274819"><ele>320.5</ele></trkpt>
     <trkpt lat="34.522045" lon="-120.273709"><ele>327.0</ele></trkpt>
     <trkpt lat="34.521425" lon="-120.271655"><ele>327.8</ele></trkpt>
     <trkpt lat="34.520804" lon="-120.269602"><ele>328.5</ele></trkpt>
     <trkpt lat="34.520184" lon="-120.267548"><ele>329.2</ele></trkpt>
     <trkpt lat="34.519524" lon="-120.265519"><ele>305.0</ele></trkpt>
     <trkpt lat="34.518946" lon="-120.264023"><ele>295.1</ele></trkpt>
     <trkpt lat="34.518369" lon="-120.262527"><ele>285.2</ele></trkpt>
     <trkpt lat="34.518200" lon="-120.261913"><ele>277.8</ele></trkpt>
     <trkpt lat="34.518051" lon="-120.261242"><ele>272.0</ele></trkpt>
     <trkpt lat="34.517964" lon="-120.260476"><ele>268.5</ele></trkpt>
     <trkpt lat="34.517906" lon="-120.257285"><ele>257.8</ele></trkpt>
     <trkpt lat="34.517731" lon="-120.254600"><ele>228.8</ele></trkpt>
     <trkpt lat="34.517619" lon="-120.253699"><ele>221.5</ele></trkpt>
     <trkpt lat="34.517315" lon="-120.252605"><ele>219.2</ele></trkpt>
     <trkpt lat="34.516464" lon="-120.250246"><ele>199.5</ele></trkpt>
     <trkpt lat="34.515758" lon="-120.248063"><ele>185.5</ele></trkpt>
     <trkpt lat="34.515196" lon="-120.245728"><ele>166.9</ele></trkpt>
     <trkpt lat="34.514633" lon="-120.243394"><ele>148.2</ele></trkpt>
     <trkpt lat="34.514185" lon="-120.241997"><ele>145.8</ele></trkpt>
     <trkpt lat="34.513164" lon="-120.239060"><ele>138.8</ele></trkpt>
     <trkpt lat="34.512172" lon="-120.236621"><ele>129.2</ele></trkpt>
     <trkpt lat="34.511768" lon="-120.236902"><ele>127.5</ele></trkpt>
     <trkpt lat="34.511638" lon="-120.236862"><ele>128.0</ele></trkpt>
     <trkpt lat="34.511580" lon="-120.236778"><ele>129.5</ele></trkpt>
     <trkpt lat="34.511061" lon="-120.235853"><ele>127.8</ele></trkpt>
     <trkpt lat="34.510785" lon="-120.235249"><ele>122.8</ele></trkpt>
     <trkpt lat="34.510283" lon="-120.233937"><ele>120.5</ele></trkpt>
     <trkpt lat="34.510033" lon="-120.233378"><ele>117.2</ele></trkpt>
     <trkpt lat="34.509957" lon="-120.233179"><ele>117.8</ele></trkpt>
     <trkpt lat="34.509841" lon="-120.232647"><ele>118.5</ele></trkpt>
     <trkpt lat="34.509796" lon="-120.231210"><ele>113.2</ele></trkpt>
     <trkpt lat="34.509698" lon="-120.230830"><ele>110.5</ele></trkpt>
     <trkpt lat="34.509457" lon="-120.230395"><ele>108.2</ele></trkpt>
     <trkpt lat="34.508577" lon="-120.229384"><ele>104.8</ele></trkpt>
     <trkpt lat="34.508269" lon="-120.228814"><ele>104.8</ele></trkpt>
     <trkpt lat="34.508038" lon="-120.228956"><ele>107.2</ele></trkpt>
     <trkpt lat="34.508269" lon="-120.228814"><ele>104.8</ele></trkpt>
     <trkpt lat="34.507927" lon="-120.228161"><ele>102.8</ele></trkpt>
     <trkpt lat="34.507646" lon="-120.227898"><ele>101.5</ele></trkpt>
     <trkpt lat="34.507794" lon="-120.227540"><ele>98.8</ele></trkpt>
     <trkpt lat="34.507643" lon="-120.227112"><ele>97.2</ele></trkpt>
     <trkpt lat="34.507471" lon="-120.227103"><ele>97.0</ele></trkpt>
     <trkpt lat="34.507372" lon="-120.227053"><ele>97.0</ele></trkpt>
     <trkpt lat="34.507313" lon="-120.226975"><ele>97.0</ele></trkpt>
     <trkpt lat="34.507297" lon="-120.226741"><ele>96.2</ele></trkpt>
     <trkpt lat="34.505179" lon="-120.226463"><ele>95.0</ele></trkpt>
     <trkpt lat="34.504542" lon="-120.226512"><ele>95.8</ele></trkpt>
     <trkpt lat="34.503454" lon="-120.226834"><ele>93.8</ele></trkpt>
     <trkpt lat="34.502774" lon="-120.227194"><ele>96.8</ele></trkpt>
     <trkpt lat="34.502256" lon="-120.227602"><ele>96.2</ele></trkpt>
     <trkpt lat="34.501045" lon="-120.228791"><ele>90.9</ele></trkpt>
     <trkpt lat="34.499833" lon="-120.229979"><ele>85.5</ele></trkpt>
     <trkpt lat="34.499263" lon="-120.230481"><ele>85.0</ele></trkpt>
     <trkpt lat="34.498687" lon="-120.230828"><ele>82.0</ele></trkpt>
     <trkpt lat="34.498224" lon="-120.231031"><ele>80.0</ele></trkpt>
     <trkpt lat="34.497627" lon="-120.231183"><ele>76.0</ele></trkpt>
     <trkpt lat="34.497057" lon="-120.231221"><ele>75.8</ele></trkpt>
     <trkpt lat="34.496502" lon="-120.231164"><ele>76.2</ele></trkpt>
     <trkpt lat="34.495433" lon="-120.230970"><ele>75.8</ele></trkpt>
     <trkpt lat="34.494981" lon="-120.230791"><ele>72.5</ele></trkpt>
     <trkpt lat="34.494583" lon="-120.230480"><ele>77.0</ele></trkpt>
     <trkpt lat="34.494310" lon="-120.230145"><ele>76.5</ele></trkpt>
     <trkpt lat="34.494110" lon="-120.229766"><ele>76.8</ele></trkpt>
     <trkpt lat="34.493427" lon="-120.228057"><ele>76.2</ele></trkpt>
     <trkpt lat="34.493185" lon="-120.227573"><ele>71.0</ele></trkpt>
     <trkpt lat="34.492897" lon="-120.227193"><ele>70.8</ele></trkpt>
     <trkpt lat="34.492472" lon="-120.226842"><ele>62.8</ele></trkpt>
     <trkpt lat="34.492070" lon="-120.226669"><ele>58.0</ele></trkpt>
     <trkpt lat="34.490832" lon="-120.226560"><ele>62.8</ele></trkpt>
     <trkpt lat="34.489748" lon="-120.226257"><ele>75.2</ele></trkpt>
     <trkpt lat="34.489187" lon="-120.226232"><ele>67.5</ele></trkpt>
     <trkpt lat="34.488864" lon="-120.226270"><ele>63.0</ele></trkpt>
     <trkpt lat="34.488364" lon="-120.226426"><ele>54.5</ele></trkpt>
     <trkpt lat="34.487967" lon="-120.226633"><ele>43.8</ele></trkpt>
     <trkpt lat="34.487381" lon="-120.227085"><ele>36.0</ele></trkpt>
     <trkpt lat="34.486619" lon="-120.227744"><ele>37.2</ele></trkpt>
     <trkpt lat="34.485283" lon="-120.229211"><ele>32.0</ele></trkpt>
     <trkpt lat="34.484563" lon="-120.229884"><ele>28.0</ele></trkpt>
     <trkpt lat="34.484285" lon="-120.230079"><ele>27.5</ele></trkpt>
     <trkpt lat="34.483743" lon="-120.230350"><ele>27.5</ele></trkpt>
     <trkpt lat="34.483404" lon="-120.230449"><ele>27.2</ele></trkpt>
     <trkpt lat="34.482869" lon="-120.230516"><ele>23.5</ele></trkpt>
     <trkpt lat="34.482308" lon="-120.230497"><ele>20.5</ele></trkpt>
     <trkpt lat="34.481606" lon="-120.230271"><ele>17.5</ele></trkpt>
     <trkpt lat="34.479681" lon="-120.229389"><ele>16.4</ele></trkpt>
     <trkpt lat="34.477755" lon="-120.228507"><ele>15.2</ele></trkpt>
     <trkpt lat="34.477648" lon="-120.228755"><ele>14.0</ele></trkpt>
     <trkpt lat="34.477521" lon="-120.228785"><ele>13.8</ele></trkpt>
     <trkpt lat="34.477447" lon="-120.228746"><ele>13.8</ele></trkpt>
     <trkpt lat="34.477181" lon="-120.228568"><ele>13.5</ele></trkpt>
     <trkpt lat="34.477447" lon="-120.228746"><ele>13.8</ele></trkpt>
     <trkpt lat="34.477582" lon="-120.228785"><ele>13.8</ele></trkpt>
     <trkpt lat="34.477683" lon="-120.228718"><ele>14.2</ele></trkpt>
     <trkpt lat="34.477755" lon="-120.228507"><ele>15.2</ele></trkpt>
     <trkpt lat="34.475465" lon="-120.227457"><ele>20.0</ele></trkpt>
     <trkpt lat="34.475079" lon="-120.227226"><ele>26.8</ele></trkpt>
     <trkpt lat="34.474725" lon="-120.226948"><ele>33.5</ele></trkpt>
     <trkpt lat="34.474360" lon="-120.226558"><ele>40.0</ele></trkpt>
     <trkpt lat="34.474027" lon="-120.226071"><ele>40.8</ele></trkpt>
     <trkpt lat="34.473816" lon="-120.225670"><ele>40.5</ele></trkpt>
     <trkpt lat="34.473588" lon="-120.225102"><ele>40.0</ele></trkpt>
     <trkpt lat="34.473318" lon="-120.224045"><ele>42.0</ele></trkpt>
     <trkpt lat="34.473234" lon="-120.223422"><ele>42.2</ele></trkpt>
     <trkpt lat="34.473211" lon="-120.222956"><ele>43.5</ele></trkpt>
     <trkpt lat="34.473237" lon="-120.220101"><ele>41.6</ele></trkpt>
     <trkpt lat="34.473263" lon="-120.217246"><ele>39.8</ele></trkpt>
     <trkpt lat="34.473289" lon="-120.214391"><ele>37.9</ele></trkpt>
     <trkpt lat="34.473315" lon="-120.211536"><ele>36.1</ele></trkpt>
     <trkpt lat="34.473341" lon="-120.208681"><ele>34.2</ele></trkpt>
     <trkpt lat="34.473367" lon="-120.205826"><ele>32.4</ele></trkpt>
     <trkpt lat="34.473393" lon="-120.202971"><ele>30.5</ele></trkpt>
     <trkpt lat="34.473383" lon="-120.200756"><ele>37.5</ele></trkpt>
     <trkpt lat="34.473197" lon="-120.198739"><ele>37.5</ele></trkpt>
     <trkpt lat="34.472689" lon="-120.195561"><ele>33.1</ele></trkpt>
     <trkpt lat="34.472180" lon="-120.192383"><ele>28.7</ele></trkpt>
     <trkpt lat="34.471672" lon="-120.189205"><ele>24.2</ele></trkpt>
     <trkpt lat="34.471497" lon="-120.187558"><ele>21.5</ele></trkpt>
     <trkpt lat="34.471452" lon="-120.186047"><ele>23.8</ele></trkpt>
     <trkpt lat="34.471440" lon="-120.183161"><ele>25.5</ele></trkpt>
     <trkpt lat="34.471427" lon="-120.180276"><ele>27.2</ele></trkpt>
     <trkpt lat="34.471415" lon="-120.177390"><ele>28.9</ele></trkpt>
     <trkpt lat="34.471403" lon="-120.174504"><ele>30.6</ele></trkpt>
     <trkpt lat="34.471390" lon="-120.171619"><ele>32.3</ele></trkpt>
     <trkpt lat="34.471378" lon="-120.168733"><ele>34.0</ele></trkpt>
     <trkpt lat="34.471447" lon="-120.167546"><ele>35.8</ele></trkpt>
     <trkpt lat="34.471546" lon="-120.166793"><ele>33.5</ele></trkpt>
     <trkpt lat="34.472064" lon="-120.163936"><ele>32.5</ele></trkpt>
     <trkpt lat="34.472581" lon="-120.161079"><ele>31.4</ele></trkpt>
     <trkpt lat="34.473099" lon="-120.158221"><ele>30.4</ele></trkpt>
     <trkpt lat="34.473616" lon="-120.155364"><ele>29.3</ele></trkpt>
     <trkpt lat="34.474134" lon="-120.152507"><ele>28.2</ele></trkpt>
     <trkpt lat="34.474171" lon="-120.151811"><ele>30.5</ele></trkpt>
     <trkpt lat="34.474204" lon="-120.149210"><ele>32.2</ele></trkpt>
     <trkpt lat="34.474237" lon="-120.146610"><ele>34.0</ele></trkpt>
     <trkpt lat="34.474330" lon="-120.145126"><ele>32.5</ele></trkpt>
     <trkpt lat="34.474472" lon="-120.143462"><ele>27.2</ele></trkpt>
     <trkpt lat="34.474614" lon="-120.141799"><ele>22.0</ele></trkpt>
     <trkpt lat="34.474497" lon="-120.140280"><ele>26.5</ele></trkpt>
     <trkpt lat="34.474392" lon="-120.140057"><ele>28.5</ele></trkpt>
     <trkpt lat="34.474109" lon="-120.139740"><ele>27.2</ele></trkpt>
     <trkpt lat="34.474037" lon="-120.139500"><ele>27.8</ele></trkpt>
     <trkpt lat="34.473992" lon="-120.138148"><ele>34.0</ele></trkpt>
     <trkpt lat="34.474030" lon="-120.136082"><ele>38.0</ele></trkpt>
     <trkpt lat="34.473971" lon="-120.135119"><ele>35.5</ele></trkpt>
     <trkpt lat="34.473478" lon="-120.132540"><ele>32.1</ele></trkpt>
     <trkpt lat="34.472986" lon="-120.129961"><ele>28.8</ele></trkpt>
     <trkpt lat="34.472684" lon="-120.127862"><ele>25.0</ele></trkpt>
     <trkpt lat="34.472505" lon="-120.125572"><ele>25.4</ele></trkpt>
     <trkpt lat="34.472325" lon="-120.123282"><ele>25.8</ele></trkpt>
     <trkpt lat="34.472146" lon="-120.120992"><ele>26.2</ele></trkpt>
     <trkpt lat="34.471876" lon="-120.118642"><ele>23.5</ele></trkpt>
     <trkpt lat="34.471648" lon="-120.117573"><ele>30.2</ele></trkpt>
     <trkpt lat="34.471310" lon="-120.116637"><ele>31.0</ele></trkpt>
     <trkpt lat="34.470479" lon="-120.115039"><ele>29.9</ele></trkpt>
     <trkpt lat="34.469649" lon="-120.113442"><ele>28.8</ele></trkpt>
     <trkpt lat="34.468859" lon="-120.111719"><ele>27.9</ele></trkpt>
     <trkpt lat="34.468069" lon="-120.109996"><ele>27.0</ele></trkpt>
     <trkpt lat="34.466982" lon="-120.107050"><ele>24.2</ele></trkpt>
     <trkpt lat="34.465894" lon="-120.104105"><ele>21.5</ele></trkpt>
     <trkpt lat="34.464807" lon="-120.101159"><ele>18.8</ele></trkpt>
     <trkpt lat="34.464555" lon="-120.100654"><ele>15.8</ele></trkpt>
     <trkpt lat="34.463361" lon="-120.098630"><ele>19.0</ele></trkpt>
     <trkpt lat="34.462855" lon="-120.097532"><ele>18.5</ele></trkpt>
     <trkpt lat="34.462652" lon="-120.096913"><ele>17.8</ele></trkpt>
     <trkpt lat="34.461995" lon="-120.094174"><ele>19.6</ele></trkpt>
     <trkpt lat="34.461338" lon="-120.091435"><ele>21.5</ele></trkpt>
     <trkpt lat="34.461141" lon="-120.090137"><ele>20.2</ele></trkpt>
     <trkpt lat="34.461101" lon="-120.088735"><ele>22.2</ele></trkpt>
     <trkpt lat="34.461143" lon="-120.087931"><ele>24.2</ele></trkpt>
     <trkpt lat="34.461326" lon="-120.086267"><ele>26.2</ele></trkpt>
     <trkpt lat="34.461510" lon="-120.084604"><ele>28.2</ele></trkpt>
     <trkpt lat="34.461539" lon="-120.083912"><ele>28.0</ele></trkpt>
     <trkpt lat="34.461455" lon="-120.081495"><ele>27.8</ele></trkpt>
     <trkpt lat="34.461474" lon="-120.080743"><ele>29.2</ele></trkpt>
     <trkpt lat="34.461533" lon="-120.080058"><ele>28.2</ele></trkpt>
     <trkpt lat="34.461661" lon="-120.079274"><ele>29.8</ele></trkpt>
     <trkpt lat="34.461853" lon="-120.078471"><ele>36.5</ele></trkpt>
     <trkpt lat="34.462182" lon="-120.077464"><ele>42.8</ele></trkpt>
     <trkpt lat="34.462493" lon="-120.076734"><ele>46.0</ele></trkpt>
     <trkpt lat="34.462918" lon="-120.075976"><ele>53.2</ele></trkpt>
     <trkpt lat="34.464142" lon="-120.074115"><ele>45.5</ele></trkpt>
     <trkpt lat="34.464773" lon="-120.072793"><ele>39.8</ele></trkpt>
     <trkpt lat="34.464949" lon="-120.072320"><ele>36.8</ele></trkpt>
     <trkpt lat="34.465275" lon="-120.071060"><ele>26.2</ele></trkpt>
     <trkpt lat="34.465411" lon="-120.070187"><ele>18.8</ele></trkpt>
     <trkpt lat="34.465466" lon="-120.069450"><ele>17.2</ele></trkpt>
     <trkpt lat="34.465472" lon="-120.068713"><ele>16.2</ele></trkpt>
     <trkpt lat="34.465429" lon="-120.068027"><ele>16.8</ele></trkpt>
     <trkpt lat="34.465187" lon="-120.067086"><ele>18.5</ele></trkpt>
     <trkpt lat="34.464940" lon="-120.066319"><ele>21.8</ele></trkpt>
     <trkpt lat="34.464703" lon="-120.065737"><ele>24.8</ele></trkpt>
     <trkpt lat="34.464193" lon="-120.064856"><ele>28.8</ele></trkpt>
     <trkpt lat="34.463965" lon="-120.064723"><ele>27.2</ele></trkpt>
     <trkpt lat="34.463724" lon="-120.064753"><ele>25.8</ele></trkpt>
     <trkpt lat="34.463622" lon="-120.064826"><ele>25.0</ele></trkpt>
     <trkpt lat="34.463531" lon="-120.064999"><ele>24.2</ele></trkpt>
     <trkpt lat="34.463484" lon="-120.065152"><ele>23.0</ele></trkpt>
     <trkpt lat="34.463489" lon="-120.065331"><ele>22.0</ele></trkpt>
     <trkpt lat="34.463592" lon="-120.065565"><ele>21.2</ele></trkpt>
     <trkpt lat="34.464251" lon="-120.066304"><ele>19.8</ele></trkpt>
     <trkpt lat="34.464084" lon="-120.066608"><ele>17.0</ele></trkpt>
     <trkpt lat="34.464118" lon="-120.066797"><ele>16.2</ele></trkpt>
     <trkpt lat="34.464676" lon="-120.067434"><ele>13.2</ele></trkpt>
     <trkpt lat="34.464813" lon="-120.067668"><ele>12.8</ele></trkpt>
     <trkpt lat="34.464863" lon="-120.068032"><ele>12.5</ele></trkpt>
     <trkpt lat="34.464869" lon="-120.068619"><ele>11.8</ele></trkpt>
     <trkpt lat="34.464993" lon="-120.069378"><ele>12.0</ele></trkpt>
     <trkpt lat="34.464594" lon="-120.069449"><ele>11.0</ele></trkpt>
     <trkpt lat="34.464441" lon="-120.068834"><ele>10.0</ele></trkpt>
     <trkpt lat="34.463974" lon="-120.068136"><ele>10.0</ele></trkpt>
     <trkpt lat="34.463764" lon="-120.067380"><ele>12.5</ele></trkpt>
     <trkpt lat="34.463456" lon="-120.066674"><ele>15.2</ele></trkpt>
     <trkpt lat="34.462908" lon="-120.066293"><ele>12.0</ele></trkpt>
     <trkpt lat="34.462729" lon="-120.066028"><ele>11.8</ele></trkpt>
     <trkpt lat="34.462651" lon="-120.065757"><ele>10.8</ele></trkpt>
     <trkpt lat="34.462233" lon="-120.062794"><ele>0.2</ele></trkpt>
     <trkpt lat="34.462237" lon="-120.062140"><ele>-1.8</ele></trkpt>
     <trkpt lat="34.462068" lon="-120.061645"><ele>-3.5</ele></trkpt>
     <trkpt lat="34.461915" lon="-120.060540"><ele>12.5</ele></trkpt>
     <trkpt lat="34.461928" lon="-120.060221"><ele>13.0</ele></trkpt>
     <trkpt lat="34.461804" lon="-120.059513"><ele>10.2</ele></trkpt>
     <trkpt lat="34.461608" lon="-120.058684"><ele>7.5</ele></trkpt>
     <trkpt lat="34.461590" lon="-120.058365"><ele>6.2</ele></trkpt>
     <trkpt lat="34.461654" lon="-120.057144"><ele>2.0</ele></trkpt>
     <trkpt lat="34.461798" lon="-120.055704"><ele>12.5</ele></trkpt>
     <trkpt lat="34.461911" lon="-120.055232"><ele>12.0</ele></trkpt>
     <trkpt lat="34.462238" lon="-120.052536"><ele>10.8</ele></trkpt>
     <trkpt lat="34.462253" lon="-120.052067"><ele>10.2</ele></trkpt>
     <trkpt lat="34.462158" lon="-120.051541"><ele>9.0</ele></trkpt>
     <trkpt lat="34.462134" lon="-120.051053"><ele>9.0</ele></trkpt>
     <trkpt lat="34.462169" lon="-120.050731"><ele>9.5</ele></trkpt>
     <trkpt lat="34.462430" lon="-120.050050"><ele>13.0</ele></trkpt>
     <trkpt lat="34.462622" lon="-120.048333"><ele>11.0</ele></trkpt>
    </trkseg>
  </trk>
</gpx>
