<?xml version="1.0" encoding="UTF-8"?>
<gpx version="1.1" creator="velo-build_pch_route" xmlns="http://www.topografix.com/GPX/1/1" xmlns:xsi="http://www.w3.org/2001/XMLSchema-instance" xsi:schemaLocation="http://www.topografix.com/GPX/1/1 http://www.topografix.com/GPX/1/1/gpx.xsd">
  <metadata>
    <name>Day 4 (OPTIONAL) - Los Angeles to San Diego</name>
    <desc>The optional extension. Out of Union Station on the Los Angeles River path to Long Beach, the Orange County beach cities, then the San Diego North County coast to Santa Fe Depot. Camp Pendleton is bypassed on the Caltrans-permitted I-5 shoulder, so no base pass is needed; see pch_day4_alt_pendleton.gpx for the through-the-base line.</desc>
    <time>2026-08-08T18:30:06Z</time>
  </metadata>
  <trk>
    <name>Day 4 (OPTIONAL) - Los Angeles to San Diego</name>
    <trkseg>
     <trkpt lat="34.056039" lon="-118.235905"><ele>90.5</ele></trkpt>
     <trkpt lat="34.056180" lon="-118.236862"><ele>88.8</ele></trkpt>
     <trkpt lat="34.057244" lon="-118.236632"><ele>89.0</ele></trkpt>
     <trkpt lat="34.057310" lon="-118.236563"><ele>89.5</ele></trkpt>
     <trkpt lat="34.057333" lon="-118.236444"><ele>90.0</ele></trkpt>
     <trkpt lat="34.057277" lon="-118.236078"><ele>90.8</ele></trkpt>
     <trkpt lat="34.057767" lon="-118.235956"><ele>91.5</ele></trkpt>
     <trkpt lat="34.057161" lon="-118.233827"><ele>89.8</ele></trkpt>
     <trkpt lat="34.056555" lon="-118.231698"><ele>88.0</ele></trkpt>
     <trkpt lat="34.055846" lon="-118.229513"><ele>94.5</ele></trkpt>
     <trkpt lat="34.055071" lon="-118.227407"><ele>93.2</ele></trkpt>
     <trkpt lat="34.054330" lon="-118.225728"><ele>93.1</ele></trkpt>
     <trkpt lat="34.053590" lon="-118.224049"><ele>93.0</ele></trkpt>
     <trkpt lat="34.053078" lon="-118.222744"><ele>96.8</ele></trkpt>
     <trkpt lat="34.051073" lon="-118.222102"><ele>98.5</ele></trkpt>
     <trkpt lat="34.049068" lon="-118.221459"><ele>100.2</ele></trkpt>
     <trkpt lat="34.048933" lon="-118.221378"><ele>99.5</ele></trkpt>
     <trkpt lat="34.047602" lon="-118.219847"><ele>100.0</ele></trkpt>
     <trkpt lat="34.045430" lon="-118.219783"><ele>96.0</ele></trkpt>
     <trkpt lat="34.043550" lon="-118.219674"><ele>95.1</ele></trkpt>
     <trkpt lat="34.041670" lon="-118.219566"><ele>94.2</ele></trkpt>
     <trkpt lat="34.039848" lon="-118.219848"><ele>93.5</ele></trkpt>
     <trkpt lat="34.039366" lon="-118.219869"><ele>94.2</ele></trkpt>
     <trkpt lat="34.039277" lon="-118.219947"><ele>94.5</ele></trkpt>
     <trkpt lat="34.039107" lon="-118.219936"><ele>94.5</ele></trkpt>
     <trkpt lat="34.038800" lon="-118.219880"><ele>93.5</ele></trkpt>
     <trkpt lat="34.038507" lon="-118.219753"><ele>93.0</ele></trkpt>
     <trkpt lat="34.038012" lon="-118.219532"><ele>94.8</ele></trkpt>
     <trkpt lat="34.037947" lon="-118.219424"><ele>95.2</ele></trkpt>
     <trkpt lat="34.037875" lon="-118.219384"><ele>95.8</ele></trkpt>
     <trkpt lat="34.036805" lon="-118.218933"><ele>101.5</ele></trkpt>
     <trkpt lat="34.036498" lon="-118.218875"><ele>102.0</ele></trkpt>
     <trkpt lat="34.036121" lon="-118.218880"><ele>101.8</ele></trkpt>
     <trkpt lat="34.035887" lon="-118.218906"><ele>101.5</ele></trkpt>
     <trkpt lat="34.034143" lon="-118.219389"><ele>96.9</ele></trkpt>
     <trkpt lat="34.032398" lon="-118.219872"><ele>92.2</ele></trkpt>
     <trkpt lat="34.030495" lon="-118.220257"><ele>91.5</ele></trkpt>
     <trkpt lat="34.028591" lon="-118.220641"><ele>90.8</ele></trkpt>
     <trkpt lat="34.026787" lon="-118.220844"><ele>88.8</ele></trkpt>
     <trkpt lat="34.024982" lon="-118.221048"><ele>86.8</ele></trkpt>
     <trkpt lat="34.024836" lon="-118.221117"><ele>88.0</ele></trkpt>
     <trkpt lat="34.023814" lon="-118.218760"><ele>83.8</ele></trkpt>
     <trkpt lat="34.022793" lon="-118.216402"><ele>79.7</ele></trkpt>
     <trkpt lat="34.021771" lon="-118.214045"><ele>75.5</ele></trkpt>
     <trkpt lat="34.020958" lon="-118.212268"><ele>72.2</ele></trkpt>
     <trkpt lat="34.020146" lon="-118.210492"><ele>69.0</ele></trkpt>
     <trkpt lat="34.018894" lon="-118.210430"><ele>68.8</ele></trkpt>
     <trkpt lat="34.018567" lon="-118.210331"><ele>68.5</ele></trkpt>
     <trkpt lat="34.016836" lon="-118.209319"><ele>63.5</ele></trkpt>
     <trkpt lat="34.016582" lon="-118.209022"><ele>62.8</ele></trkpt>
     <trkpt lat="34.016272" lon="-118.208492"><ele>62.5</ele></trkpt>
     <trkpt lat="34.016018" lon="-118.208278"><ele>62.5</ele></trkpt>
     <trkpt lat="34.015775" lon="-118.208208"><ele>62.8</ele></trkpt>
     <trkpt lat="34.015706" lon="-118.208253"><ele>62.8</ele></trkpt>
     <trkpt lat="34.015039" lon="-118.208233"><ele>62.8</ele></trkpt>
     <trkpt lat="34.014757" lon="-118.208169"><ele>62.2</ele></trkpt>
     <trkpt lat="34.013749" lon="-118.207638"><ele>60.5</ele></trkpt>
     <trkpt lat="34.012603" lon="-118.207181"><ele>60.5</ele></trkpt>
     <trkpt lat="34.011456" lon="-118.206520"><ele>59.2</ele></trkpt>
     <trkpt lat="34.011101" lon="-118.206233"><ele>60.0</ele></trkpt>
     <trkpt lat="34.010519" lon="-118.205665"><ele>60.2</ele></trkpt>
     <trkpt lat="34.009959" lon="-118.205302"><ele>60.0</ele></trkpt>
     <trkpt lat="34.009336" lon="-118.205109"><ele>60.0</ele></trkpt>
     <trkpt lat="34.008179" lon="-118.205044"><ele>59.0</ele></trkpt>
     <trkpt lat="34.007947" lon="-118.205003"><ele>57.0</ele></trkpt>
     <trkpt lat="34.007873" lon="-118.204947"><ele>56.8</ele></trkpt>
     <trkpt lat="34.005480" lon="-118.204895"><ele>56.4</ele></trkpt>
     <trkpt lat="34.003087" lon="-118.204842"><ele>56.1</ele></trkpt>
     <trkpt lat="34.000695" lon="-118.204790"><ele>55.7</ele></trkpt>
     <trkpt lat="33.998302" lon="-118.204737"><ele>55.4</ele></trkpt>
     <trkpt lat="33.995909" lon="-118.204684"><ele>55.0</ele></trkpt>
     <trkpt lat="33.993516" lon="-118.204632"><ele>54.7</ele></trkpt>
     <trkpt lat="33.991124" lon="-118.204579"><ele>54.3</ele></trkpt>
     <trkpt lat="33.988731" lon="-118.204527"><ele>54.0</ele></trkpt>
     <trkpt lat="33.988916" lon="-118.204368"><ele>54.5</ele></trkpt>
     <trkpt lat="33.989000" lon="-118.204139"><ele>54.0</ele></trkpt>
     <trkpt lat="33.988931" lon="-118.203498"><ele>53.5</ele></trkpt>
     <trkpt lat="33.988966" lon="-118.203408"><ele>53.8</ele></trkpt>
     <trkpt lat="33.988906" lon="-118.202842"><ele>53.2</ele></trkpt>
     <trkpt lat="33.988701" lon="-118.202696"><ele>53.0</ele></trkpt>
     <trkpt lat="33.988562" lon="-118.202659"><ele>53.0</ele></trkpt>
     <trkpt lat="33.986437" lon="-118.202642"><ele>52.1</ele></trkpt>
     <trkpt lat="33.984311" lon="-118.202626"><ele>51.1</ele></trkpt>
     <trkpt lat="33.982185" lon="-118.202609"><ele>50.2</ele></trkpt>
     <trkpt lat="33.980060" lon="-118.202593"><ele>49.2</ele></trkpt>
     <trkpt lat="33.979889" lon="-118.202538"><ele>49.2</ele></trkpt>
     <trkpt lat="33.979490" lon="-118.202238"><ele>49.8</ele></trkpt>
     <trkpt lat="33.979252" lon="-118.202176"><ele>50.0</ele></trkpt>
     <trkpt lat="33.976699" lon="-118.202552"><ele>48.4</ele></trkpt>
     <trkpt lat="33.974146" lon="-118.202928"><ele>46.8</ele></trkpt>
     <trkpt lat="33.972993" lon="-118.202567"><ele>45.5</ele></trkpt>
     <trkpt lat="33.972267" lon="-118.202161"><ele>45.2</ele></trkpt>
     <trkpt lat="33.971937" lon="-118.202138"><ele>45.5</ele></trkpt>
     <trkpt lat="33.971185" lon="-118.202287"><ele>46.2</ele></trkpt>
     <trkpt lat="33.970358" lon="-118.201821"><ele>45.5</ele></trkpt>
     <trkpt lat="33.968835" lon="-118.200729"><ele>45.2</ele></trkpt>
     <trkpt lat="33.968145" lon="-118.200150"><ele>44.2</ele></trkpt>
     <trkpt lat="33.967382" lon="-118.199431"><ele>42.8</ele></trkpt>
     <trkpt lat="33.966337" lon="-118.198269"><ele>43.2</ele></trkpt>
     <trkpt lat="33.964593" lon="-118.196076"><ele>42.3</ele></trkpt>
     <trkpt lat="33.962850" lon="-118.193883"><ele>41.4</ele></trkpt>
     <trkpt lat="33.961106" lon="-118.191690"><ele>40.5</ele></trkpt>
     <trkpt lat="33.959362" lon="-118.189498"><ele>39.6</ele></trkpt>
     <trkpt lat="33.957619" lon="-118.187305"><ele>38.7</ele></trkpt>
     <trkpt lat="33.955875" lon="-118.185112"><ele>37.8</ele></trkpt>
     <trkpt lat="33.955632" lon="-118.184687"><ele>37.5</ele></trkpt>
     <trkpt lat="33.955537" lon="-118.183974"><ele>37.2</ele></trkpt>
     <trkpt lat="33.955338" lon="-118.183979"><ele>36.8</ele></trkpt>
     <trkpt lat="33.954609" lon="-118.183807"><ele>36.0</ele></trkpt>
     <trkpt lat="33.953652" lon="-118.183669"><ele>35.8</ele></trkpt>
     <trkpt lat="33.951756" lon="-118.183179"><ele>35.8</ele></trkpt>
     <trkpt lat="33.949908" lon="-118.182481"><ele>35.3</ele></trkpt>
     <trkpt lat="33.948059" lon="-118.181784"><ele>34.9</ele></trkpt>
     <trkpt lat="33.946211" lon="-118.181086"><ele>34.5</ele></trkpt>
     <trkpt lat="33.945934" lon="-118.178825"><ele>35.1</ele></trkpt>
     <trkpt lat="33.945657" lon="-118.176565"><ele>35.8</ele></trkpt>
     <trkpt lat="33.945451" lon="-118.174598"><ele>31.0</ele></trkpt>
     <trkpt lat="33.944573" lon="-118.174732"><ele>35.0</ele></trkpt>
     <trkpt lat="33.944416" lon="-118.174698"><ele>35.5</ele></trkpt>
     <trkpt lat="33.943037" lon="-118.174804"><ele>35.2</ele></trkpt>
     <trkpt lat="33.942120" lon="-118.174781"><ele>33.5</ele></trkpt>
     <trkpt lat="33.940826" lon="-118.175105"><ele>31.0</ele></trkpt>
     <trkpt lat="33.939150" lon="-118.175364"><ele>32.1</ele></trkpt>
     <trkpt lat="33.937474" lon="-118.175622"><ele>33.2</ele></trkpt>
     <trkpt lat="33.937347" lon="-118.175682"><ele>33.2</ele></trkpt>
     <trkpt lat="33.936918" lon="-118.175759"><ele>33.0</ele></trkpt>
     <trkpt lat="33.935360" lon="-118.175861"><ele>32.5</ele></trkpt>
     <trkpt lat="33.934341" lon="-118.176112"><ele>33.2</ele></trkpt>
     <trkpt lat="33.931712" lon="-118.176498"><ele>29.5</ele></trkpt>
     <trkpt lat="33.930673" lon="-118.176554"><ele>30.0</ele></trkpt>
     <trkpt lat="33.929660" lon="-118.176783"><ele>25.0</ele></trkpt>
     <trkpt lat="33.929688" lon="-118.176812"><ele>25.2</ele></trkpt>
     <trkpt lat="33.930553" lon="-118.176751"><ele>30.2</ele></trkpt>
     <trkpt lat="33.930615" lon="-118.176740"><ele>30.5</ele></trkpt>
     <trkpt lat="33.930465" lon="-118.175191"><ele>28.2</ele></trkpt>
     <trkpt lat="33.929356" lon="-118.175421"><ele>26.0</ele></trkpt>
     <trkpt lat="33.927493" lon="-118.175625"><ele>30.0</ele></trkpt>
     <trkpt lat="33.927252" lon="-118.175597"><ele>29.5</ele></trkpt>
     <trkpt lat="33.926653" lon="-118.175660"><ele>28.0</ele></trkpt>
     <trkpt lat="33.926310" lon="-118.175746"><ele>27.2</ele></trkpt>
     <trkpt lat="33.923780" lon="-118.176028"><ele>29.2</ele></trkpt>
     <trkpt lat="33.921251" lon="-118.176310"><ele>31.2</ele></trkpt>
     <trkpt lat="33.918675" lon="-118.176529"><ele>31.2</ele></trkpt>
     <trkpt lat="33.918020" lon="-118.176652"><ele>29.8</ele></trkpt>
     <trkpt lat="33.915503" lon="-118.176944"><ele>28.4</ele></trkpt>
     <trkpt lat="33.912985" lon="-118.177236"><ele>27.0</ele></trkpt>
     <trkpt lat="33.912771" lon="-118.177238"><ele>26.8</ele></trkpt>
     <trkpt lat="33.912542" lon="-118.177172"><ele>26.8</ele></trkpt>
     <trkpt lat="33.912227" lon="-118.177241"><ele>25.5</ele></trkpt>
     <trkpt lat="33.910965" lon="-118.177656"><ele>26.5</ele></trkpt>
     <trkpt lat="33.910781" lon="-118.177843"><ele>26.2</ele></trkpt>
     <trkpt lat="33.910470" lon="-118.177985"><ele>25.5</ele></trkpt>
     <trkpt lat="33.908783" lon="-118.178510"><ele>26.6</ele></trkpt>
     <trkpt lat="33.907097" lon="-118.179034"><ele>27.8</ele></trkpt>
     <trkpt lat="33.905976" lon="-118.179524"><ele>24.8</ele></trkpt>
     <trkpt lat="33.905315" lon="-118.179918"><ele>23.8</ele></trkpt>
     <trkpt lat="33.904707" lon="-118.180380"><ele>23.5</ele></trkpt>
     <trkpt lat="33.903080" lon="-118.182052"><ele>22.2</ele></trkpt>
     <trkpt lat="33.901763" lon="-118.183521"><ele>19.5</ele></trkpt>
     <trkpt lat="33.901190" lon="-118.184062"><ele>22.5</ele></trkpt>
     <trkpt lat="33.900377" lon="-118.184626"><ele>27.5</ele></trkpt>
     <trkpt lat="33.899777" lon="-118.184931"><ele>27.0</ele></trkpt>
     <trkpt lat="33.899225" lon="-118.185135"><ele>25.0</ele></trkpt>
     <trkpt lat="33.898438" lon="-118.185315"><ele>22.5</ele></trkpt>
     <trkpt lat="33.897110" lon="-118.185504"><ele>25.8</ele></trkpt>
     <trkpt lat="33.896322" lon="-118.185707"><ele>24.5</ele></trkpt>
     <trkpt lat="33.895543" lon="-118.185767"><ele>25.8</ele></trkpt>
     <trkpt lat="33.893072" lon="-118.186149"><ele>25.0</ele></trkpt>
     <trkpt lat="33.890601" lon="-118.186532"><ele>24.2</ele></trkpt>
     <trkpt lat="33.888952" lon="-118.186904"><ele>22.2</ele></trkpt>
     <trkpt lat="33.887683" lon="-118.186998"><ele>22.0</ele></trkpt>
     <trkpt lat="33.885957" lon="-118.187274"><ele>23.1</ele></trkpt>
     <trkpt lat="33.884231" lon="-118.187549"><ele>24.2</ele></trkpt>
     <trkpt lat="33.882870" lon="-118.187618"><ele>20.5</ele></trkpt>
     <trkpt lat="33.881536" lon="-118.188002"><ele>25.5</ele></trkpt>
     <trkpt lat="33.880563" lon="-118.188155"><ele>25.2</ele></trkpt>
     <trkpt lat="33.878852" lon="-118.188527"><ele>23.0</ele></trkpt>
     <trkpt lat="33.877497" lon="-118.188643"><ele>18.2</ele></trkpt>
     <trkpt lat="33.876256" lon="-118.188925"><ele>17.5</ele></trkpt>
     <trkpt lat="33.875260" lon="-118.189336"><ele>18.2</ele></trkpt>
     <trkpt lat="33.874502" lon="-118.189399"><ele>19.5</ele></trkpt>
     <trkpt lat="33.872539" lon="-118.190071"><ele>20.8</ele></trkpt>
     <trkpt lat="33.871712" lon="-118.190432"><ele>19.5</ele></trkpt>
     <trkpt lat="33.870911" lon="-118.190886"><ele>17.8</ele></trkpt>
     <trkpt lat="33.868999" lon="-118.192123"><ele>22.2</ele></trkpt>
     <trkpt lat="33.866829" lon="-118.193468"><ele>20.3</ele></trkpt>
     <trkpt lat="33.864660" lon="-118.194813"><ele>18.4</ele></trkpt>
     <trkpt lat="33.862490" lon="-118.196159"><ele>16.4</ele></trkpt>
     <trkpt lat="33.860320" lon="-118.197504"><ele>14.5</ele></trkpt>
     <trkpt lat="33.860121" lon="-118.197570"><ele>13.5</ele></trkpt>
     <trkpt lat="33.859093" lon="-118.198131"><ele>15.8</ele></trkpt>
     <trkpt lat="33.857863" lon="-118.199045"><ele>13.2</ele></trkpt>
     <trkpt lat="33.856480" lon="-118.199927"><ele>12.1</ele></trkpt>
     <trkpt lat="33.855096" lon="-118.200809"><ele>11.0</ele></trkpt>
     <trkpt lat="33.854321" lon="-118.201214"><ele>14.0</ele></trkpt>
     <trkpt lat="33.853522" lon="-118.201547"><ele>14.0</ele></trkpt>
     <trkpt lat="33.852283" lon="-118.201901"><ele>19.2</ele></trkpt>
     <trkpt lat="33.850885" lon="-118.202166"><ele>15.8</ele></trkpt>
     <trkpt lat="33.849412" lon="-118.202278"><ele>15.1</ele></trkpt>
     <trkpt lat="33.847940" lon="-118.202389"><ele>14.5</ele></trkpt>
     <trkpt lat="33.846496" lon="-118.202638"><ele>12.2</ele></trkpt>
     <trkpt lat="33.845163" lon="-118.202577"><ele>12.8</ele></trkpt>
     <trkpt lat="33.845096" lon="-118.202544"><ele>12.0</ele></trkpt>
     <trkpt lat="33.843273" lon="-118.202710"><ele>15.2</ele></trkpt>
     <trkpt lat="33.841451" lon="-118.202876"><ele>18.5</ele></trkpt>
     <trkpt lat="33.840393" lon="-118.202827"><ele>11.2</ele></trkpt>
     <trkpt lat="33.839489" lon="-118.202974"><ele>10.8</ele></trkpt>
     <trkpt lat="33.839122" lon="-118.203109"><ele>11.8</ele></trkpt>
     <trkpt lat="33.838207" lon="-118.203129"><ele>15.0</ele></trkpt>
     <trkpt lat="33.835839" lon="-118.203406"><ele>12.4</ele></trkpt>
     <trkpt lat="33.833472" lon="-118.203682"><ele>9.8</ele></trkpt>
     <trkpt lat="33.832093" lon="-118.203996"><ele>14.0</ele></trkpt>
     <trkpt lat="33.830918" lon="-118.204025"><ele>20.0</ele></trkpt>
     <trkpt lat="33.829267" lon="-118.204228"><ele>15.5</ele></trkpt>
     <trkpt lat="33.827616" lon="-118.204430"><ele>11.0</ele></trkpt>
     <trkpt lat="33.826540" lon="-118.204463"><ele>11.5</ele></trkpt>
     <trkpt lat="33.825448" lon="-118.204607"><ele>11.2</ele></trkpt>
     <trkpt lat="33.824628" lon="-118.204814"><ele>14.0</ele></trkpt>
     <trkpt lat="33.824205" lon="-118.204817"><ele>17.0</ele></trkpt>
     <trkpt lat="33.823682" lon="-118.204727"><ele>17.0</ele></trkpt>
     <trkpt lat="33.823222" lon="-118.204793"><ele>16.5</ele></trkpt>
     <trkpt lat="33.820830" lon="-118.204791"><ele>13.8</ele></trkpt>
     <trkpt lat="33.820565" lon="-118.204756"><ele>12.8</ele></trkpt>
     <trkpt lat="33.819770" lon="-118.204815"><ele>9.2</ele></trkpt>
     <trkpt lat="33.817949" lon="-118.204784"><ele>4.0</ele></trkpt>
     <trkpt lat="33.817794" lon="-118.204736"><ele>5.0</ele></trkpt>
     <trkpt lat="33.816960" lon="-118.204720"><ele>8.2</ele></trkpt>
     <trkpt lat="33.816531" lon="-118.204764"><ele>9.5</ele></trkpt>
     <trkpt lat="33.814148" lon="-118.204757"><ele>10.9</ele></trkpt>
     <trkpt lat="33.811764" lon="-118.204749"><ele>12.3</ele></trkpt>
     <trkpt lat="33.809381" lon="-118.204742"><ele>13.8</ele></trkpt>
     <trkpt lat="33.808909" lon="-118.204780"><ele>12.8</ele></trkpt>
     <trkpt lat="33.808177" lon="-118.204723"><ele>9.2</ele></trkpt>
     <trkpt lat="33.807426" lon="-118.204775"><ele>15.2</ele></trkpt>
     <trkpt lat="33.805761" lon="-118.204601"><ele>13.2</ele></trkpt>
     <trkpt lat="33.804111" lon="-118.204555"><ele>7.2</ele></trkpt>
     <trkpt lat="33.803396" lon="-118.204466"><ele>5.5</ele></trkpt>
     <trkpt lat="33.801794" lon="-118.204446"><ele>6.9</ele></trkpt>
     <trkpt lat="33.800192" lon="-118.204427"><ele>8.2</ele></trkpt>
     <trkpt lat="33.798009" lon="-118.204429"><ele>8.0</ele></trkpt>
     <trkpt lat="33.795826" lon="-118.204431"><ele>7.8</ele></trkpt>
     <trkpt lat="33.793643" lon="-118.204434"><ele>7.5</ele></trkpt>
     <trkpt lat="33.791460" lon="-118.204436"><ele>7.2</ele></trkpt>
     <trkpt lat="33.790291" lon="-118.204282"><ele>6.2</ele></trkpt>
     <trkpt lat="33.789858" lon="-118.204358"><ele>6.0</ele></trkpt>
     <trkpt lat="33.789827" lon="-118.203319"><ele>6.8</ele></trkpt>
     <trkpt lat="33.789774" lon="-118.203207"><ele>6.5</ele></trkpt>
     <trkpt lat="33.789685" lon="-118.203168"><ele>6.5</ele></trkpt>
     <trkpt lat="33.789692" lon="-118.202529"><ele>6.2</ele></trkpt>
     <trkpt lat="33.789883" lon="-118.201879"><ele>6.8</ele></trkpt>
     <trkpt lat="33.789869" lon="-118.199369"><ele>5.5</ele></trkpt>
     <trkpt lat="33.787248" lon="-118.199371"><ele>7.0</ele></trkpt>
     <trkpt lat="33.784627" lon="-118.199374"><ele>8.6</ele></trkpt>
     <trkpt lat="33.782006" lon="-118.199376"><ele>10.1</ele></trkpt>
     <trkpt lat="33.779385" lon="-118.199378"><ele>11.7</ele></trkpt>
     <trkpt lat="33.776764" lon="-118.199381"><ele>13.2</ele></trkpt>
     <trkpt lat="33.774143" lon="-118.199383"><ele>14.8</ele></trkpt>
     <trkpt lat="33.774137" lon="-118.196354"><ele>15.5</ele></trkpt>
     <trkpt lat="33.772097" lon="-118.196368"><ele>13.8</ele></trkpt>
     <trkpt lat="33.770057" lon="-118.196382"><ele>12.1</ele></trkpt>
     <trkpt lat="33.768016" lon="-118.196397"><ele>10.4</ele></trkpt>
     <trkpt lat="33.765976" lon="-118.196411"><ele>8.8</ele></trkpt>
     <trkpt lat="33.765881" lon="-118.196451"><ele>8.5</ele></trkpt>
     <trkpt lat="33.765365" lon="-118.196446"><ele>5.2</ele></trkpt>
     <trkpt lat="33.765118" lon="-118.196581"><ele>3.2</ele></trkpt>
     <trkpt lat="33.764064" lon="-118.194615"><ele>6.2</ele></trkpt>
     <trkpt lat="33.763114" lon="-118.192499"><ele>6.0</ele></trkpt>
     <trkpt lat="33.763071" lon="-118.192482"><ele>6.0</ele></trkpt>
     <trkpt lat="33.762751" lon="-118.192643"><ele>5.8</ele></trkpt>
     <trkpt lat="33.762759" lon="-118.192755"><ele>5.8</ele></trkpt>
     <trkpt lat="33.762608" lon="-118.192802"><ele>5.2</ele></trkpt>
     <trkpt lat="33.762375" lon="-118.192213"><ele>5.8</ele></trkpt>
     <trkpt lat="33.762185" lon="-118.192226"><ele>5.2</ele></trkpt>
     <trkpt lat="33.762200" lon="-118.191984"><ele>5.5</ele></trkpt>
     <trkpt lat="33.761974" lon="-118.191314"><ele>5.5</ele></trkpt>
     <trkpt lat="33.762010" lon="-118.190895"><ele>6.0</ele></trkpt>
     <trkpt lat="33.761921" lon="-118.190699"><ele>5.8</ele></trkpt>
     <trkpt lat="33.761714" lon="-118.190571"><ele>5.2</ele></trkpt>
     <trkpt lat="33.761686" lon="-118.190490"><ele>5.5</ele></trkpt>
     <trkpt lat="33.761738" lon="-118.190297"><ele>6.5</ele></trkpt>
     <trkpt lat="33.761653" lon="-118.190034"><ele>7.8</ele></trkpt>
     <trkpt lat="33.761772" lon="-118.190001"><ele>7.5</ele></trkpt>
     <trkpt lat="33.761714" lon="-118.189561"><ele>5.8</ele></trkpt>
     <trkpt lat="33.761677" lon="-118.189492"><ele>5.5</ele></trkpt>
     <trkpt lat="33.761669" lon="-118.189214"><ele>4.0</ele></trkpt>
     <trkpt lat="33.761582" lon="-118.189135"><ele>4.2</ele></trkpt>
     <trkpt lat="33.761479" lon="-118.189109"><ele>4.8</ele></trkpt>
     <trkpt lat="33.761335" lon="-118.189188"><ele>4.8</ele></trkpt>
     <trkpt lat="33.760828" lon="-118.189190"><ele>5.8</ele></trkpt>
     <trkpt lat="33.760737" lon="-118.189244"><ele>5.8</ele></trkpt>
     <trkpt lat="33.760633" lon="-118.189243"><ele>5.8</ele></trkpt>
     <trkpt lat="33.760184" lon="-118.189066"><ele>5.8</ele></trkpt>
     <trkpt lat="33.760474" lon="-118.188257"><ele>6.0</ele></trkpt>
     <trkpt lat="33.761145" lon="-118.186931"><ele>6.2</ele></trkpt>
     <trkpt lat="33.762245" lon="-118.185077"><ele>5.8</ele></trkpt>
     <trkpt lat="33.763346" lon="-118.183222"><ele>5.2</ele></trkpt>
     <trkpt lat="33.763396" lon="-118.183213"><ele>5.5</ele></trkpt>
     <trkpt lat="33.763703" lon="-118.183489"><ele>6.8</ele></trkpt>
     <trkpt lat="33.763882" lon="-118.183439"><ele>7.2</ele></trkpt>
     <trkpt lat="33.764567" lon="-118.182202"><ele>9.2</ele></trkpt>
     <trkpt lat="33.764590" lon="-118.182095"><ele>9.5</ele></trkpt>
     <trkpt lat="33.764585" lon="-118.179885"><ele>15.9</ele></trkpt>
     <trkpt lat="33.764580" lon="-118.177674"><ele>22.2</ele></trkpt>
     <trkpt lat="33.764321" lon="-118.175170"><ele>20.8</ele></trkpt>
     <trkpt lat="33.764328" lon="-118.174424"><ele>17.2</ele></trkpt>
     <trkpt lat="33.764283" lon="-118.174166"><ele>16.2</ele></trkpt>
     <trkpt lat="33.764113" lon="-118.173778"><ele>16.5</ele></trkpt>
     <trkpt lat="33.763770" lon="-118.171133"><ele>12.1</ele></trkpt>
     <trkpt lat="33.763426" lon="-118.168488"><ele>7.8</ele></trkpt>
     <trkpt lat="33.763476" lon="-118.168145"><ele>7.8</ele></trkpt>
     <trkpt lat="33.763315" lon="-118.167158"><ele>8.2</ele></trkpt>
     <trkpt lat="33.763043" lon="-118.166606"><ele>8.8</ele></trkpt>
     <trkpt lat="33.762853" lon="-118.165261"><ele>9.5</ele></trkpt>
     <trkpt lat="33.762643" lon="-118.164895"><ele>7.0</ele></trkpt>
     <trkpt lat="33.762581" lon="-118.164539"><ele>7.0</ele></trkpt>
     <trkpt lat="33.762612" lon="-118.164382"><ele>7.5</ele></trkpt>
     <trkpt lat="33.762460" lon="-118.163455"><ele>8.0</ele></trkpt>
     <trkpt lat="33.762455" lon="-118.163276"><ele>8.2</ele></trkpt>
     <trkpt lat="33.762523" lon="-118.162833"><ele>8.5</ele></trkpt>
     <trkpt lat="33.762514" lon="-118.162444"><ele>9.2</ele></trkpt>
     <trkpt lat="33.762272" lon="-118.161254"><ele>9.0</ele></trkpt>
     <trkpt lat="33.762053" lon="-118.160673"><ele>8.8</ele></trkpt>
     <trkpt lat="33.761447" lon="-118.157865"><ele>7.9</ele></trkpt>
     <trkpt lat="33.760841" lon="-118.155057"><ele>7.0</ele></trkpt>
     <trkpt lat="33.760866" lon="-118.154530"><ele>9.5</ele></trkpt>
     <trkpt lat="33.760636" lon="-118.154110"><ele>7.8</ele></trkpt>
     <trkpt lat="33.760454" lon="-118.153261"><ele>8.0</ele></trkpt>
     <trkpt lat="33.760453" lon="-118.152960"><ele>10.0</ele></trkpt>
     <trkpt lat="33.760142" lon="-118.151898"><ele>10.5</ele></trkpt>
     <trkpt lat="33.759994" lon="-118.151620"><ele>10.2</ele></trkpt>
     <trkpt lat="33.759670" lon="-118.151268"><ele>10.0</ele></trkpt>
     <trkpt lat="33.759484" lon="-118.150878"><ele>10.0</ele></trkpt>
     <trkpt lat="33.758969" lon="-118.148985"><ele>9.2</ele></trkpt>
     <trkpt lat="33.758950" lon="-118.148435"><ele>9.2</ele></trkpt>
     <trkpt lat="33.758805" lon="-118.147770"><ele>9.0</ele></trkpt>
     <trkpt lat="33.758551" lon="-118.147834"><ele>8.8</ele></trkpt>
     <trkpt lat="33.758428" lon="-118.147760"><ele>8.8</ele></trkpt>
     <trkpt lat="33.758183" lon="-118.146882"><ele>8.5</ele></trkpt>
     <trkpt lat="33.758058" lon="-118.146781"><ele>8.5</ele></trkpt>
     <trkpt lat="33.757892" lon="-118.146731"><ele>8.2</ele></trkpt>
     <trkpt lat="33.757779" lon="-118.146561"><ele>8.2</ele></trkpt>
     <trkpt lat="33.757404" lon="-118.144845"><ele>7.8</ele></trkpt>
     <trkpt lat="33.756900" lon="-118.143960"><ele>7.5</ele></trkpt>
     <trkpt lat="33.755992" lon="-118.141123"><ele>6.8</ele></trkpt>
     <trkpt lat="33.755926" lon="-118.140345"><ele>6.8</ele></trkpt>
     <trkpt lat="33.755228" lon="-118.138561"><ele>6.2</ele></trkpt>
     <trkpt lat="33.755078" lon="-118.138023"><ele>6.2</ele></trkpt>
     <trkpt lat="33.754840" lon="-118.136779"><ele>6.0</ele></trkpt>
     <trkpt lat="33.754395" lon="-118.135660"><ele>5.8</ele></trkpt>
     <trkpt lat="33.753991" lon="-118.134990"><ele>5.5</ele></trkpt>
     <trkpt lat="33.753609" lon="-118.134580"><ele>5.5</ele></trkpt>
     <trkpt lat="33.752924" lon="-118.133267"><ele>5.0</ele></trkpt>
     <trkpt lat="33.752835" lon="-118.133021"><ele>5.0</ele></trkpt>
     <trkpt lat="33.752845" lon="-118.132821"><ele>5.0</ele></trkpt>
     <trkpt lat="33.752921" lon="-118.132658"><ele>5.0</ele></trkpt>
     <trkpt lat="33.753487" lon="-118.132271"><ele>5.0</ele></trkpt>
     <trkpt lat="33.753535" lon="-118.132337"><ele>5.0</ele></trkpt>
     <trkpt lat="33.754273" lon="-118.131903"><ele>3.2</ele></trkpt>
     <trkpt lat="33.755076" lon="-118.132223"><ele>3.8</ele></trkpt>
     <trkpt lat="33.756660" lon="-118.131223"><ele>4.6</ele></trkpt>
     <trkpt lat="33.758244" lon="-118.130223"><ele>5.5</ele></trkpt>
     <trkpt lat="33.757779" lon="-118.127832"><ele>5.5</ele></trkpt>
     <trkpt lat="33.757313" lon="-118.125440"><ele>5.5</ele></trkpt>
     <trkpt lat="33.756847" lon="-118.123049"><ele>5.5</ele></trkpt>
     <trkpt lat="33.756382" lon="-118.120658"><ele>5.5</ele></trkpt>
     <trkpt lat="33.756283" lon="-118.120036"><ele>6.2</ele></trkpt>
     <trkpt lat="33.756230" lon="-118.118888"><ele>7.2</ele></trkpt>
     <trkpt lat="33.756300" lon="-118.118087"><ele>6.8</ele></trkpt>
     <trkpt lat="33.756466" lon="-118.117289"><ele>6.5</ele></trkpt>
     <trkpt lat="33.757240" lon="-118.114216"><ele>6.2</ele></trkpt>
     <trkpt lat="33.758014" lon="-118.111143"><ele>6.0</ele></trkpt>
     <trkpt lat="33.756565" lon="-118.109802"><ele>7.1</ele></trkpt>
     <trkpt lat="33.755116" lon="-118.108461"><ele>8.2</ele></trkpt>
     <trkpt lat="33.753667" lon="-118.107120"><ele>9.2</ele></trkpt>
     <trkpt lat="33.752852" lon="-118.106565"><ele>8.2</ele></trkpt>
     <trkpt lat="33.752137" lon="-118.106238"><ele>5.8</ele></trkpt>
     <trkpt lat="33.751440" lon="-118.106047"><ele>4.5</ele></trkpt>
     <trkpt lat="33.751395" lon="-118.106074"><ele>4.8</ele></trkpt>
     <trkpt lat="33.749628" lon="-118.105998"><ele>5.8</ele></trkpt>
     <trkpt lat="33.747861" lon="-118.105921"><ele>6.8</ele></trkpt>
     <trkpt lat="33.747181" lon="-118.105743"><ele>7.2</ele></trkpt>
     <trkpt lat="33.746537" lon="-118.105425"><ele>7.5</ele></trkpt>
     <trkpt lat="33.746250" lon="-118.106052"><ele>8.2</ele></trkpt>
     <trkpt lat="33.745595" lon="-118.106582"><ele>8.2</ele></trkpt>
     <trkpt lat="33.745071" lon="-118.106936"><ele>8.5</ele></trkpt>
     <trkpt lat="33.745073" lon="-118.106038"><ele>9.5</ele></trkpt>
     <trkpt lat="33.744787" lon="-118.106048"><ele>9.2</ele></trkpt>
     <trkpt lat="33.744569" lon="-118.106117"><ele>9.0</ele></trkpt>
     <trkpt lat="33.743400" lon="-118.104823"><ele>8.5</ele></trkpt>
     <trkpt lat="33.742231" lon="-118.103529"><ele>8.0</ele></trkpt>
     <trkpt lat="33.740730" lon="-118.101904"><ele>7.7</ele></trkpt>
     <trkpt lat="33.739228" lon="-118.100279"><ele>7.3</ele></trkpt>
     <trkpt lat="33.737727" lon="-118.098654"><ele>7.0</ele></trkpt>
     <trkpt lat="33.737642" lon="-118.098490"><ele>7.0</ele></trkpt>
     <trkpt lat="33.737661" lon="-118.098348"><ele>7.0</ele></trkpt>
     <trkpt lat="33.737559" lon="-118.098319"><ele>6.8</ele></trkpt>
     <trkpt lat="33.737597" lon="-118.097868"><ele>5.2</ele></trkpt>
     <trkpt lat="33.737699" lon="-118.097741"><ele>5.0</ele></trkpt>
     <trkpt lat="33.739829" lon="-118.096212"><ele>5.0</ele></trkpt>
     <trkpt lat="33.740300" lon="-118.095777"><ele>4.8</ele></trkpt>
     <trkpt lat="33.740565" lon="-118.095586"><ele>5.0</ele></trkpt>
     <trkpt lat="33.740636" lon="-118.095466"><ele>5.0</ele></trkpt>
     <trkpt lat="33.740679" lon="-118.095463"><ele>5.0</ele></trkpt>
     <trkpt lat="33.740712" lon="-118.095548"><ele>5.0</ele></trkpt>
     <trkpt lat="33.740781" lon="-118.095495"><ele>5.2</ele></trkpt>
     <trkpt lat="33.739940" lon="-118.093445"><ele>5.2</ele></trkpt>
     <trkpt lat="33.739099" lon="-118.091394"><ele>5.1</ele></trkpt>
     <trkpt lat="33.738258" lon="-118.089344"><ele>5.0</ele></trkpt>
     <trkpt lat="33.737804" lon="-118.088456"><ele>6.0</ele></trkpt>
     <trkpt lat="33.737372" lon="-118.087839"><ele>7.0</ele></trkpt>
     <trkpt lat="33.736994" lon="-118.087395"><ele>7.2</ele></trkpt>
     <trkpt lat="33.736491" lon="-118.086915"><ele>7.5</ele></trkpt>
     <trkpt lat="33.736104" lon="-118.086629"><ele>8.0</ele></trkpt>
     <trkpt lat="33.735460" lon="-118.086243"><ele>6.8</ele></trkpt>
     <trkpt lat="33.733327" lon="-118.085425"><ele>5.8</ele></trkpt>
     <trkpt lat="33.731653" lon="-118.084822"><ele>5.0</ele></trkpt>
     <trkpt lat="33.729978" lon="-118.084219"><ele>4.2</ele></trkpt>
     <trkpt lat="33.728975" lon="-118.083632"><ele>5.8</ele></trkpt>
     <trkpt lat="33.728522" lon="-118.083250"><ele>5.5</ele></trkpt>
     <trkpt lat="33.727716" lon="-118.082379"><ele>7.0</ele></trkpt>
     <trkpt lat="33.727655" lon="-118.082224"><ele>6.5</ele></trkpt>
     <trkpt lat="33.726450" lon="-118.080852"><ele>6.9</ele></trkpt>
     <trkpt lat="33.725245" lon="-118.079481"><ele>7.2</ele></trkpt>
     <trkpt lat="33.724970" lon="-118.078999"><ele>7.5</ele></trkpt>
     <trkpt lat="33.724569" lon="-118.077909"><ele>6.2</ele></trkpt>
     <trkpt lat="33.724056" lon="-118.078626"><ele>6.2</ele></trkpt>
     <trkpt lat="33.722361" lon="-118.076706"><ele>6.0</ele></trkpt>
     <trkpt lat="33.720667" lon="-118.074786"><ele>5.7</ele></trkpt>
     <trkpt lat="33.718972" lon="-118.072866"><ele>5.4</ele></trkpt>
     <trkpt lat="33.717278" lon="-118.070946"><ele>5.1</ele></trkpt>
     <trkpt lat="33.715583" lon="-118.069026"><ele>4.8</ele></trkpt>
     <trkpt lat="33.713889" lon="-118.067106"><ele>4.5</ele></trkpt>
     <trkpt lat="33.712194" lon="-118.065186"><ele>4.2</ele></trkpt>
     <trkpt lat="33.711806" lon="-118.064722"><ele>2.2</ele></trkpt>
     <trkpt lat="33.711732" lon="-118.064575"><ele>2.2</ele></trkpt>
     <trkpt lat="33.711640" lon="-118.064553"><ele>2.2</ele></trkpt>
     <trkpt lat="33.711594" lon="-118.064495"><ele>2.2</ele></trkpt>
     <trkpt lat="33.711527" lon="-118.064564"><ele>2.2</ele></trkpt>
     <trkpt lat="33.711415" lon="-118.064559"><ele>2.2</ele></trkpt>
     <trkpt lat="33.711351" lon="-118.064434"><ele>2.2</ele></trkpt>
     <trkpt lat="33.711363" lon="-118.064352"><ele>2.2</ele></trkpt>
     <trkpt lat="33.711116" lon="-118.064127"><ele>2.2</ele></trkpt>
     <trkpt lat="33.709336" lon="-118.062100"><ele>2.8</ele></trkpt>
     <trkpt lat="33.709029" lon="-118.061912"><ele>2.8</ele></trkpt>
     <trkpt lat="33.708908" lon="-118.061788"><ele>2.8</ele></trkpt>
     <trkpt lat="33.708659" lon="-118.061402"><ele>3.0</ele></trkpt>
     <trkpt lat="33.708404" lon="-118.061197"><ele>3.0</ele></trkpt>
     <trkpt lat="33.707227" lon="-118.059861"><ele>3.2</ele></trkpt>
     <trkpt lat="33.707083" lon="-118.059648"><ele>3.2</ele></trkpt>
     <trkpt lat="33.706841" lon="-118.059454"><ele>3.2</ele></trkpt>
     <trkpt lat="33.704942" lon="-118.057273"><ele>3.8</ele></trkpt>
     <trkpt lat="33.703043" lon="-118.055092"><ele>4.2</ele></trkpt>
     <trkpt lat="33.702369" lon="-118.054375"><ele>4.2</ele></trkpt>
     <trkpt lat="33.701215" lon="-118.053261"><ele>4.5</ele></trkpt>
     <trkpt lat="33.701062" lon="-118.053181"><ele>4.5</ele></trkpt>
     <trkpt lat="33.699666" lon="-118.051890"><ele>4.5</ele></trkpt>
     <trkpt lat="33.699392" lon="-118.051692"><ele>4.5</ele></trkpt>
     <trkpt lat="33.699094" lon="-118.051312"><ele>4.8</ele></trkpt>
     <trkpt lat="33.697607" lon="-118.049956"><ele>4.8</ele></trkpt>
     <trkpt lat="33.697416" lon="-118.049677"><ele>4.8</ele></trkpt>
     <trkpt lat="33.697075" lon="-118.049469"><ele>4.8</ele></trkpt>
     <trkpt lat="33.696725" lon="-118.049042"><ele>4.8</ele></trkpt>
     <trkpt lat="33.696528" lon="-118.048908"><ele>4.8</ele></trkpt>
     <trkpt lat="33.696291" lon="-118.048843"><ele>4.8</ele></trkpt>
     <trkpt lat="33.695717" lon="-118.048410"><ele>4.8</ele></trkpt>
     <trkpt lat="33.694687" lon="-118.047408"><ele>5.0</ele></trkpt>
     <trkpt lat="33.694572" lon="-118.047206"><ele>5.5</ele></trkpt>
     <trkpt lat="33.694491" lon="-118.046916"><ele>6.0</ele></trkpt>
     <trkpt lat="33.694377" lon="-118.046684"><ele>6.5</ele></trkpt>
     <trkpt lat="33.694203" lon="-118.046517"><ele>6.2</ele></trkpt>
     <trkpt lat="33.693928" lon="-118.046398"><ele>6.2</ele></trkpt>
     <trkpt lat="33.692688" lon="-118.045245"><ele>5.5</ele></trkpt>
     <trkpt lat="33.692413" lon="-118.044906"><ele>5.5</ele></trkpt>
     <trkpt lat="33.692102" lon="-118.044704"><ele>5.5</ele></trkpt>
     <trkpt lat="33.690162" lon="-118.042862"><ele>5.8</ele></trkpt>
     <trkpt lat="33.688222" lon="-118.041021"><ele>6.0</ele></trkpt>
     <trkpt lat="33.687996" lon="-118.040851"><ele>6.0</ele></trkpt>
     <trkpt lat="33.686277" lon="-118.039249"><ele>6.0</ele></trkpt>
     <trkpt lat="33.686065" lon="-118.039135"><ele>6.0</ele></trkpt>
     <trkpt lat="33.685636" lon="-118.038477"><ele>6.0</ele></trkpt>
     <trkpt lat="33.684192" lon="-118.037132"><ele>6.2</ele></trkpt>
     <trkpt lat="33.684130" lon="-118.037010"><ele>6.2</ele></trkpt>
     <trkpt lat="33.684089" lon="-118.036657"><ele>6.5</ele></trkpt>
     <trkpt lat="33.684034" lon="-118.036547"><ele>6.2</ele></trkpt>
     <trkpt lat="33.682712" lon="-118.035284"><ele>6.5</ele></trkpt>
     <trkpt lat="33.682435" lon="-118.035064"><ele>6.5</ele></trkpt>
     <trkpt lat="33.682000" lon="-118.034799"><ele>6.8</ele></trkpt>
     <trkpt lat="33.680196" lon="-118.032696"><ele>7.2</ele></trkpt>
     <trkpt lat="33.678391" lon="-118.030594"><ele>7.8</ele></trkpt>
     <trkpt lat="33.676587" lon="-118.028491"><ele>8.2</ele></trkpt>
     <trkpt lat="33.675476" lon="-118.027108"><ele>8.5</ele></trkpt>
     <trkpt lat="33.675208" lon="-118.026939"><ele>8.5</ele></trkpt>
     <trkpt lat="33.674718" lon="-118.026513"><ele>8.8</ele></trkpt>
     <trkpt lat="33.674483" lon="-118.026251"><ele>8.8</ele></trkpt>
     <trkpt lat="33.674370" lon="-118.026098"><ele>9.8</ele></trkpt>
     <trkpt lat="33.674266" lon="-118.025758"><ele>13.0</ele></trkpt>
     <trkpt lat="33.673993" lon="-118.025564"><ele>10.8</ele></trkpt>
     <trkpt lat="33.672795" lon="-118.024142"><ele>11.2</ele></trkpt>
     <trkpt lat="33.672686" lon="-118.023897"><ele>11.5</ele></trkpt>
     <trkpt lat="33.671878" lon="-118.022806"><ele>10.0</ele></trkpt>
     <trkpt lat="33.671586" lon="-118.022641"><ele>9.0</ele></trkpt>
     <trkpt lat="33.670657" lon="-118.021358"><ele>8.8</ele></trkpt>
     <trkpt lat="33.669728" lon="-118.020075"><ele>8.5</ele></trkpt>
     <trkpt lat="33.669609" lon="-118.019893"><ele>8.5</ele></trkpt>
     <trkpt lat="33.669566" lon="-118.019652"><ele>8.8</ele></trkpt>
     <trkpt lat="33.669497" lon="-118.019493"><ele>9.0</ele></trkpt>
     <trkpt lat="33.668621" lon="-118.018281"><ele>8.8</ele></trkpt>
     <trkpt lat="33.668359" lon="-118.018105"><ele>7.8</ele></trkpt>
     <trkpt lat="33.668317" lon="-118.017827"><ele>7.2</ele></trkpt>
     <trkpt lat="33.668080" lon="-118.017607"><ele>6.8</ele></trkpt>
     <trkpt lat="33.667913" lon="-118.017232"><ele>6.5</ele></trkpt>
     <trkpt lat="33.666534" lon="-118.015328"><ele>8.5</ele></trkpt>
     <trkpt lat="33.666365" lon="-118.015009"><ele>8.8</ele></trkpt>
     <trkpt lat="33.666171" lon="-118.014834"><ele>8.8</ele></trkpt>
     <trkpt lat="33.664695" lon="-118.012809"><ele>6.5</ele></trkpt>
     <trkpt lat="33.664516" lon="-118.012486"><ele>6.2</ele></trkpt>
     <trkpt lat="33.662940" lon="-118.010307"><ele>4.8</ele></trkpt>
     <trkpt lat="33.661363" lon="-118.008128"><ele>3.2</ele></trkpt>
     <trkpt lat="33.661072" lon="-118.007822"><ele>3.0</ele></trkpt>
     <trkpt lat="33.660643" lon="-118.007524"><ele>3.0</ele></trkpt>
     <trkpt lat="33.660374" lon="-118.007184"><ele>3.0</ele></trkpt>
     <trkpt lat="33.660096" lon="-118.006978"><ele>3.0</ele></trkpt>
     <trkpt lat="33.659288" lon="-118.006247"><ele>2.8</ele></trkpt>
     <trkpt lat="33.658841" lon="-118.006183"><ele>2.8</ele></trkpt>
     <trkpt lat="33.658012" lon="-118.005449"><ele>2.8</ele></trkpt>
     <trkpt lat="33.657833" lon="-118.005204"><ele>2.8</ele></trkpt>
     <trkpt lat="33.657842" lon="-118.004954"><ele>2.5</ele></trkpt>
     <trkpt lat="33.658004" lon="-118.004676"><ele>2.5</ele></trkpt>
     <trkpt lat="33.657971" lon="-118.004509"><ele>2.5</ele></trkpt>
     <trkpt lat="33.656598" lon="-118.002595"><ele>2.2</ele></trkpt>
     <trkpt lat="33.655225" lon="-118.000682"><ele>2.0</ele></trkpt>
     <trkpt lat="33.654979" lon="-118.000418"><ele>2.0</ele></trkpt>
     <trkpt lat="33.654708" lon="-117.999945"><ele>2.0</ele></trkpt>
     <trkpt lat="33.654642" lon="-117.999628"><ele>2.0</ele></trkpt>
     <trkpt lat="33.653859" lon="-117.998259"><ele>1.9</ele></trkpt>
     <trkpt lat="33.653076" lon="-117.996890"><ele>1.8</ele></trkpt>
     <trkpt lat="33.653015" lon="-117.996806"><ele>1.5</ele></trkpt>
     <trkpt lat="33.652823" lon="-117.996685"><ele>1.5</ele></trkpt>
     <trkpt lat="33.652463" lon="-117.996094"><ele>1.5</ele></trkpt>
     <trkpt lat="33.652375" lon="-117.995746"><ele>1.5</ele></trkpt>
     <trkpt lat="33.652218" lon="-117.995424"><ele>1.5</ele></trkpt>
     <trkpt lat="33.651515" lon="-117.994308"><ele>1.2</ele></trkpt>
     <trkpt lat="33.651301" lon="-117.994146"><ele>1.2</ele></trkpt>
     <trkpt lat="33.650940" lon="-117.993597"><ele>1.2</ele></trkpt>
     <trkpt lat="33.650865" lon="-117.993278"><ele>1.2</ele></trkpt>
     <trkpt lat="33.649916" lon="-117.991771"><ele>1.0</ele></trkpt>
     <trkpt lat="33.649714" lon="-117.991627"><ele>1.0</ele></trkpt>
     <trkpt lat="33.649274" lon="-117.990926"><ele>1.0</ele></trkpt>
     <trkpt lat="33.649229" lon="-117.990681"><ele>1.2</ele></trkpt>
     <trkpt lat="33.648845" lon="-117.990094"><ele>2.8</ele></trkpt>
     <trkpt lat="33.648343" lon="-117.989347"><ele>2.8</ele></trkpt>
     <trkpt lat="33.648124" lon="-117.989184"><ele>3.0</ele></trkpt>
     <trkpt lat="33.647688" lon="-117.988529"><ele>3.0</ele></trkpt>
     <trkpt lat="33.647647" lon="-117.988289"><ele>3.2</ele></trkpt>
     <trkpt lat="33.647519" lon="-117.988072"><ele>3.2</ele></trkpt>
     <trkpt lat="33.647506" lon="-117.987810"><ele>3.2</ele></trkpt>
     <trkpt lat="33.646413" lon="-117.986053"><ele>3.8</ele></trkpt>
     <trkpt lat="33.645320" lon="-117.984297"><ele>4.2</ele></trkpt>
     <trkpt lat="33.643936" lon="-117.981893"><ele>5.0</ele></trkpt>
     <trkpt lat="33.643662" lon="-117.981700"><ele>5.0</ele></trkpt>
     <trkpt lat="33.643119" lon="-117.980763"><ele>5.2</ele></trkpt>
     <trkpt lat="33.643096" lon="-117.980450"><ele>5.2</ele></trkpt>
     <trkpt lat="33.641985" lon="-117.978515"><ele>5.8</ele></trkpt>
     <trkpt lat="33.640873" lon="-117.976579"><ele>6.4</ele></trkpt>
     <trkpt lat="33.639762" lon="-117.974644"><ele>7.0</ele></trkpt>
     <trkpt lat="33.639352" lon="-117.974231"><ele>7.0</ele></trkpt>
     <trkpt lat="33.638780" lon="-117.973150"><ele>6.5</ele></trkpt>
     <trkpt lat="33.638756" lon="-117.972856"><ele>6.5</ele></trkpt>
     <trkpt lat="33.638477" lon="-117.972257"><ele>6.5</ele></trkpt>
     <trkpt lat="33.637648" lon="-117.970266"><ele>6.0</ele></trkpt>
     <trkpt lat="33.636819" lon="-117.968275"><ele>5.5</ele></trkpt>
     <trkpt lat="33.636245" lon="-117.967049"><ele>5.0</ele></trkpt>
     <trkpt lat="33.634947" lon="-117.964825"><ele>4.5</ele></trkpt>
     <trkpt lat="33.634714" lon="-117.964698"><ele>4.5</ele></trkpt>
     <trkpt lat="33.634649" lon="-117.964620"><ele>4.5</ele></trkpt>
     <trkpt lat="33.634116" lon="-117.963740"><ele>4.2</ele></trkpt>
     <trkpt lat="33.634075" lon="-117.963409"><ele>4.0</ele></trkpt>
     <trkpt lat="33.633260" lon="-117.962063"><ele>4.2</ele></trkpt>
     <trkpt lat="33.632444" lon="-117.960717"><ele>4.5</ele></trkpt>
     <trkpt lat="33.632444" lon="-117.960559"><ele>5.0</ele></trkpt>
     <trkpt lat="33.632574" lon="-117.960376"><ele>6.0</ele></trkpt>
     <trkpt lat="33.631595" lon="-117.958783"><ele>8.5</ele></trkpt>
     <trkpt lat="33.631547" lon="-117.958460"><ele>9.2</ele></trkpt>
     <trkpt lat="33.631432" lon="-117.958218"><ele>8.8</ele></trkpt>
     <trkpt lat="33.630032" lon="-117.955881"><ele>6.8</ele></trkpt>
     <trkpt lat="33.629391" lon="-117.954683"><ele>6.0</ele></trkpt>
     <trkpt lat="33.628172" lon="-117.952668"><ele>6.2</ele></trkpt>
     <trkpt lat="33.628091" lon="-117.952584"><ele>6.5</ele></trkpt>
     <trkpt lat="33.627855" lon="-117.952103"><ele>6.8</ele></trkpt>
     <trkpt lat="33.626435" lon="-117.949680"><ele>4.5</ele></trkpt>
     <trkpt lat="33.625416" lon="-117.947849"><ele>7.0</ele></trkpt>
     <trkpt lat="33.625175" lon="-117.947123"><ele>5.5</ele></trkpt>
     <trkpt lat="33.625123" lon="-117.946794"><ele>4.2</ele></trkpt>
     <trkpt lat="33.624887" lon="-117.944225"><ele>5.8</ele></trkpt>
     <trkpt lat="33.624749" lon="-117.943627"><ele>5.8</ele></trkpt>
     <trkpt lat="33.623862" lon="-117.941214"><ele>6.0</ele></trkpt>
     <trkpt lat="33.622823" lon="-117.939502"><ele>4.2</ele></trkpt>
     <trkpt lat="33.622666" lon="-117.939097"><ele>3.5</ele></trkpt>
     <trkpt lat="33.622787" lon="-117.939039"><ele>4.0</ele></trkpt>
     <trkpt lat="33.621987" lon="-117.936348"><ele>5.2</ele></trkpt>
     <trkpt lat="33.621575" lon="-117.933474"><ele>4.0</ele></trkpt>
     <trkpt lat="33.621478" lon="-117.933489"><ele>4.2</ele></trkpt>
     <trkpt lat="33.621140" lon="-117.931059"><ele>5.5</ele></trkpt>
     <trkpt lat="33.621040" lon="-117.930730"><ele>5.8</ele></trkpt>
     <trkpt lat="33.620754" lon="-117.930424"><ele>5.2</ele></trkpt>
     <trkpt lat="33.620589" lon="-117.929983"><ele>4.5</ele></trkpt>
     <trkpt lat="33.620497" lon="-117.929855"><ele>4.5</ele></trkpt>
     <trkpt lat="33.620308" lon="-117.929858"><ele>4.2</ele></trkpt>
     <trkpt lat="33.620230" lon="-117.929682"><ele>4.2</ele></trkpt>
     <trkpt lat="33.620210" lon="-117.929338"><ele>4.2</ele></trkpt>
     <trkpt lat="33.620253" lon="-117.929205"><ele>4.5</ele></trkpt>
     <trkpt lat="33.620529" lon="-117.928799"><ele>4.5</ele></trkpt>
     <trkpt lat="33.620959" lon="-117.928532"><ele>3.8</ele></trkpt>
     <trkpt lat="33.621057" lon="-117.928424"><ele>3.8</ele></trkpt>
     <trkpt lat="33.621127" lon="-117.928247"><ele>3.8</ele></trkpt>
     <trkpt lat="33.621173" lon="-117.927818"><ele>4.0</ele></trkpt>
     <trkpt lat="33.621168" lon="-117.927336"><ele>4.5</ele></trkpt>
     <trkpt lat="33.621108" lon="-117.926770"><ele>5.0</ele></trkpt>
     <trkpt lat="33.620996" lon="-117.926213"><ele>6.5</ele></trkpt>
     <trkpt lat="33.620692" lon="-117.925310"><ele>5.2</ele></trkpt>
     <trkpt lat="33.620261" lon="-117.924412"><ele>3.8</ele></trkpt>
     <trkpt lat="33.620323" lon="-117.924371"><ele>4.0</ele></trkpt>
     <trkpt lat="33.619551" lon="-117.922703"><ele>6.2</ele></trkpt>
     <trkpt lat="33.619561" lon="-117.922606"><ele>6.2</ele></trkpt>
     <trkpt lat="33.619021" lon="-117.921439"><ele>6.8</ele></trkpt>
     <trkpt lat="33.618398" lon="-117.920227"><ele>5.2</ele></trkpt>
     <trkpt lat="33.617785" lon="-117.919353"><ele>7.0</ele></trkpt>
     <trkpt lat="33.617468" lon="-117.918816"><ele>10.5</ele></trkpt>
     <trkpt lat="33.617038" lon="-117.917862"><ele>9.5</ele></trkpt>
     <trkpt lat="33.616851" lon="-117.917285"><ele>7.5</ele></trkpt>
     <trkpt lat="33.616478" lon="-117.915688"><ele>7.9</ele></trkpt>
     <trkpt lat="33.616104" lon="-117.914090"><ele>8.2</ele></trkpt>
     <trkpt lat="33.615974" lon="-117.913211"><ele>7.8</ele></trkpt>
     <trkpt lat="33.615928" lon="-117.912084"><ele>8.8</ele></trkpt>
     <trkpt lat="33.616019" lon="-117.910146"><ele>8.5</ele></trkpt>
     <trkpt lat="33.616110" lon="-117.908208"><ele>8.2</ele></trkpt>
     <trkpt lat="33.616310" lon="-117.906949"><ele>6.5</ele></trkpt>
     <trkpt lat="33.616685" lon="-117.905504"><ele>5.2</ele></trkpt>
     <trkpt lat="33.616748" lon="-117.905096"><ele>5.0</ele></trkpt>
     <trkpt lat="33.616776" lon="-117.904573"><ele>4.8</ele></trkpt>
     <trkpt lat="33.616753" lon="-117.904121"><ele>4.5</ele></trkpt>
     <trkpt lat="33.616667" lon="-117.903555"><ele>4.2</ele></trkpt>
     <trkpt lat="33.616288" lon="-117.902332"><ele>3.5</ele></trkpt>
     <trkpt lat="33.616234" lon="-117.901961"><ele>3.8</ele></trkpt>
     <trkpt lat="33.616189" lon="-117.900873"><ele>4.2</ele></trkpt>
     <trkpt lat="33.614436" lon="-117.899904"><ele>5.2</ele></trkpt>
     <trkpt lat="33.614047" lon="-117.899584"><ele>7.0</ele></trkpt>
     <trkpt lat="33.613497" lon="-117.899015"><ele>8.2</ele></trkpt>
     <trkpt lat="33.613036" lon="-117.898467"><ele>10.0</ele></trkpt>
     <trkpt lat="33.612323" lon="-117.897161"><ele>8.8</ele></trkpt>
     <trkpt lat="33.611973" lon="-117.896324"><ele>7.0</ele></trkpt>
     <trkpt lat="33.611858" lon="-117.895226"><ele>10.5</ele></trkpt>
     <trkpt lat="33.611710" lon="-117.894686"><ele>9.5</ele></trkpt>
     <trkpt lat="33.611512" lon="-117.894266"><ele>8.2</ele></trkpt>
     <trkpt lat="33.611138" lon="-117.893702"><ele>8.2</ele></trkpt>
     <trkpt lat="33.610833" lon="-117.892920"><ele>9.8</ele></trkpt>
     <trkpt lat="33.610714" lon="-117.892207"><ele>10.5</ele></trkpt>
     <trkpt lat="33.610572" lon="-117.889814"><ele>12.0</ele></trkpt>
     <trkpt lat="33.610509" lon="-117.889355"><ele>14.0</ele></trkpt>
     <trkpt lat="33.610428" lon="-117.889057"><ele>14.0</ele></trkpt>
     <trkpt lat="33.609996" lon="-117.888017"><ele>11.8</ele></trkpt>
     <trkpt lat="33.609645" lon="-117.887329"><ele>13.8</ele></trkpt>
     <trkpt lat="33.608720" lon="-117.886259"><ele>13.5</ele></trkpt>
     <trkpt lat="33.607065" lon="-117.884526"><ele>8.5</ele></trkpt>
     <trkpt lat="33.606276" lon="-117.884013"><ele>8.0</ele></trkpt>
     <trkpt lat="33.605873" lon="-117.883862"><ele>8.8</ele></trkpt>
     <trkpt lat="33.605602" lon="-117.883862"><ele>8.5</ele></trkpt>
     <trkpt lat="33.604798" lon="-117.883999"><ele>5.8</ele></trkpt>
     <trkpt lat="33.604627" lon="-117.883998"><ele>5.5</ele></trkpt>
     <trkpt lat="33.604318" lon="-117.883878"><ele>6.0</ele></trkpt>
     <trkpt lat="33.604123" lon="-117.883690"><ele>7.2</ele></trkpt>
     <trkpt lat="33.602490" lon="-117.881625"><ele>10.2</ele></trkpt>
     <trkpt lat="33.602217" lon="-117.881413"><ele>9.8</ele></trkpt>
     <trkpt lat="33.601717" lon="-117.881201"><ele>7.2</ele></trkpt>
     <trkpt lat="33.601561" lon="-117.881090"><ele>6.8</ele></trkpt>
     <trkpt lat="33.601467" lon="-117.880878"><ele>7.2</ele></trkpt>
     <trkpt lat="33.601338" lon="-117.880034"><ele>12.2</ele></trkpt>
     <trkpt lat="33.601226" lon="-117.879790"><ele>13.2</ele></trkpt>
     <trkpt lat="33.600986" lon="-117.879535"><ele>13.0</ele></trkpt>
     <trkpt lat="33.599945" lon="-117.878790"><ele>11.8</ele></trkpt>
     <trkpt lat="33.599882" lon="-117.878604"><ele>15.0</ele></trkpt>
     <trkpt lat="33.599960" lon="-117.878031"><ele>19.8</ele></trkpt>
     <trkpt lat="33.599931" lon="-117.877825"><ele>21.0</ele></trkpt>
     <trkpt lat="33.599424" lon="-117.876809"><ele>27.5</ele></trkpt>
     <trkpt lat="33.599160" lon="-117.876477"><ele>28.2</ele></trkpt>
     <trkpt lat="33.598769" lon="-117.876126"><ele>29.5</ele></trkpt>
     <trkpt lat="33.598245" lon="-117.875428"><ele>30.8</ele></trkpt>
     <trkpt lat="33.597685" lon="-117.874301"><ele>30.5</ele></trkpt>
     <trkpt lat="33.596834" lon="-117.872751"><ele>31.5</ele></trkpt>
     <trkpt lat="33.595984" lon="-117.871202"><ele>32.5</ele></trkpt>
     <trkpt lat="33.596285" lon="-117.870911"><ele>32.2</ele></trkpt>
     <trkpt lat="33.595868" lon="-117.870451"><ele>33.2</ele></trkpt>
     <trkpt lat="33.594905" lon="-117.869222"><ele>36.0</ele></trkpt>
     <trkpt lat="33.593663" lon="-117.866829"><ele>37.9</ele></trkpt>
     <trkpt lat="33.592420" lon="-117.864437"><ele>39.8</ele></trkpt>
     <trkpt lat="33.591178" lon="-117.862044"><ele>41.7</ele></trkpt>
     <trkpt lat="33.589935" lon="-117.859652"><ele>43.6</ele></trkpt>
     <trkpt lat="33.588693" lon="-117.857259"><ele>45.5</ele></trkpt>
     <trkpt lat="33.587908" lon="-117.856121"><ele>43.5</ele></trkpt>
     <trkpt lat="33.587868" lon="-117.855950"><ele>43.5</ele></trkpt>
     <trkpt lat="33.587599" lon="-117.855525"><ele>43.0</ele></trkpt>
     <trkpt lat="33.586248" lon="-117.853572"><ele>42.5</ele></trkpt>
     <trkpt lat="33.584898" lon="-117.851620"><ele>42.0</ele></trkpt>
     <trkpt lat="33.583547" lon="-117.849667"><ele>41.5</ele></trkpt>
     <trkpt lat="33.583019" lon="-117.848950"><ele>42.0</ele></trkpt>
     <trkpt lat="33.582888" lon="-117.848903"><ele>41.5</ele></trkpt>
     <trkpt lat="33.581180" lon="-117.846447"><ele>37.8</ele></trkpt>
     <trkpt lat="33.579471" lon="-117.843991"><ele>34.0</ele></trkpt>
     <trkpt lat="33.577763" lon="-117.841535"><ele>30.2</ele></trkpt>
     <trkpt lat="33.576989" lon="-117.840764"><ele>25.0</ele></trkpt>
     <trkpt lat="33.576543" lon="-117.840434"><ele>21.8</ele></trkpt>
     <trkpt lat="33.576045" lon="-117.840132"><ele>18.2</ele></trkpt>
     <trkpt lat="33.574593" lon="-117.839427"><ele>15.5</ele></trkpt>
     <trkpt lat="33.573645" lon="-117.838826"><ele>20.0</ele></trkpt>
     <trkpt lat="33.573090" lon="-117.838358"><ele>24.0</ele></trkpt>
     <trkpt lat="33.572305" lon="-117.837541"><ele>28.2</ele></trkpt>
     <trkpt lat="33.570659" lon="-117.835545"><ele>29.0</ele></trkpt>
     <trkpt lat="33.569012" lon="-117.833549"><ele>29.8</ele></trkpt>
     <trkpt lat="33.568481" lon="-117.832859"><ele>29.8</ele></trkpt>
     <trkpt lat="33.567888" lon="-117.831977"><ele>32.8</ele></trkpt>
     <trkpt lat="33.566432" lon="-117.829638"><ele>23.4</ele></trkpt>
     <trkpt lat="33.564975" lon="-117.827300"><ele>14.0</ele></trkpt>
     <trkpt lat="33.564944" lon="-117.827133"><ele>14.2</ele></trkpt>
     <trkpt lat="33.563658" lon="-117.825117"><ele>23.0</ele></trkpt>
     <trkpt lat="33.563570" lon="-117.825066"><ele>22.2</ele></trkpt>
     <trkpt lat="33.562959" lon="-117.824402"><ele>20.2</ele></trkpt>
     <trkpt lat="33.562325" lon="-117.823870"><ele>19.2</ele></trkpt>
     <trkpt lat="33.561937" lon="-117.823470"><ele>17.2</ele></trkpt>
     <trkpt lat="33.561585" lon="-117.823014"><ele>13.8</ele></trkpt>
     <trkpt lat="33.561540" lon="-117.822876"><ele>13.2</ele></trkpt>
     <trkpt lat="33.560438" lon="-117.821317"><ele>8.8</ele></trkpt>
     <trkpt lat="33.560103" lon="-117.820898"><ele>10.8</ele></trkpt>
     <trkpt lat="33.560020" lon="-117.820860"><ele>10.8</ele></trkpt>
     <trkpt lat="33.559357" lon="-117.819971"><ele>12.8</ele></trkpt>
     <trkpt lat="33.557739" lon="-117.818368"><ele>26.0</ele></trkpt>
     <trkpt lat="33.557388" lon="-117.817904"><ele>32.2</ele></trkpt>
     <trkpt lat="33.556970" lon="-117.817158"><ele>39.0</ele></trkpt>
     <trkpt lat="33.556841" lon="-117.816839"><ele>39.0</ele></trkpt>
     <trkpt lat="33.556847" lon="-117.816748"><ele>39.2</ele></trkpt>
     <trkpt lat="33.555895" lon="-117.814552"><ele>35.0</ele></trkpt>
     <trkpt lat="33.555492" lon="-117.813725"><ele>36.5</ele></trkpt>
     <trkpt lat="33.554488" lon="-117.812038"><ele>32.9</ele></trkpt>
     <trkpt lat="33.553483" lon="-117.810352"><ele>29.2</ele></trkpt>
     <trkpt lat="33.553364" lon="-117.810099"><ele>29.5</ele></trkpt>
     <trkpt lat="33.553187" lon="-117.809558"><ele>27.5</ele></trkpt>
     <trkpt lat="33.553125" lon="-117.809187"><ele>27.0</ele></trkpt>
     <trkpt lat="33.553047" lon="-117.809030"><ele>26.0</ele></trkpt>
     <trkpt lat="33.553020" lon="-117.808391"><ele>23.0</ele></trkpt>
     <trkpt lat="33.552911" lon="-117.807648"><ele>17.8</ele></trkpt>
     <trkpt lat="33.552911" lon="-117.807399"><ele>17.5</ele></trkpt>
     <trkpt lat="33.552691" lon="-117.806853"><ele>19.0</ele></trkpt>
     <trkpt lat="33.552375" lon="-117.806352"><ele>23.0</ele></trkpt>
     <trkpt lat="33.551997" lon="-117.805932"><ele>26.8</ele></trkpt>
     <trkpt lat="33.551657" lon="-117.805674"><ele>26.8</ele></trkpt>
     <trkpt lat="33.550896" lon="-117.805237"><ele>28.2</ele></trkpt>
     <trkpt lat="33.550461" lon="-117.804853"><ele>31.8</ele></trkpt>
     <trkpt lat="33.550018" lon="-117.804237"><ele>33.8</ele></trkpt>
     <trkpt lat="33.549620" lon="-117.803439"><ele>36.8</ele></trkpt>
     <trkpt lat="33.549148" lon="-117.802342"><ele>35.5</ele></trkpt>
     <trkpt lat="33.548416" lon="-117.800288"><ele>32.8</ele></trkpt>
     <trkpt lat="33.547814" lon="-117.798563"><ele>30.4</ele></trkpt>
     <trkpt lat="33.547211" lon="-117.796837"><ele>28.0</ele></trkpt>
     <trkpt lat="33.546772" lon="-117.795442"><ele>30.5</ele></trkpt>
     <trkpt lat="33.546464" lon="-117.794850"><ele>28.5</ele></trkpt>
     <trkpt lat="33.545976" lon="-117.794050"><ele>24.8</ele></trkpt>
     <trkpt lat="33.545824" lon="-117.793690"><ele>26.2</ele></trkpt>
     <trkpt lat="33.544854" lon="-117.791077"><ele>24.2</ele></trkpt>
     <trkpt lat="33.543883" lon="-117.788464"><ele>22.2</ele></trkpt>
     <trkpt lat="33.543346" lon="-117.786962"><ele>14.2</ele></trkpt>
     <trkpt lat="33.542808" lon="-117.785459"><ele>6.2</ele></trkpt>
     <trkpt lat="33.542164" lon="-117.784250"><ele>6.8</ele></trkpt>
     <trkpt lat="33.542116" lon="-117.783627"><ele>8.8</ele></trkpt>
     <trkpt lat="33.542048" lon="-117.783340"><ele>9.8</ele></trkpt>
     <trkpt lat="33.540292" lon="-117.781805"><ele>12.9</ele></trkpt>
     <trkpt lat="33.538535" lon="-117.780270"><ele>16.0</ele></trkpt>
     <trkpt lat="33.536514" lon="-117.778767"><ele>17.3</ele></trkpt>
     <trkpt lat="33.534493" lon="-117.777263"><ele>18.7</ele></trkpt>
     <trkpt lat="33.532472" lon="-117.775760"><ele>20.0</ele></trkpt>
     <trkpt lat="33.530879" lon="-117.773824"><ele>23.2</ele></trkpt>
     <trkpt lat="33.529287" lon="-117.771887"><ele>26.3</ele></trkpt>
     <trkpt lat="33.527694" lon="-117.769951"><ele>29.5</ele></trkpt>
     <trkpt lat="33.526719" lon="-117.768814"><ele>27.2</ele></trkpt>
     <trkpt lat="33.525481" lon="-117.767253"><ele>30.0</ele></trkpt>
     <trkpt lat="33.524244" lon="-117.765692"><ele>32.8</ele></trkpt>
     <trkpt lat="33.523095" lon="-117.764374"><ele>39.6</ele></trkpt>
     <trkpt lat="33.521946" lon="-117.763055"><ele>46.5</ele></trkpt>
     <trkpt lat="33.521692" lon="-117.762722"><ele>43.0</ele></trkpt>
     <trkpt lat="33.521171" lon="-117.761801"><ele>39.8</ele></trkpt>
     <trkpt lat="33.521035" lon="-117.761630"><ele>40.2</ele></trkpt>
     <trkpt lat="33.520730" lon="-117.761342"><ele>42.2</ele></trkpt>
     <trkpt lat="33.518992" lon="-117.760064"><ele>41.2</ele></trkpt>
     <trkpt lat="33.517395" lon="-117.758479"><ele>40.0</ele></trkpt>
     <trkpt lat="33.515799" lon="-117.756894"><ele>38.8</ele></trkpt>
     <trkpt lat="33.514760" lon="-117.756008"><ele>35.8</ele></trkpt>
     <trkpt lat="33.513498" lon="-117.755034"><ele>28.8</ele></trkpt>
     <trkpt lat="33.512465" lon="-117.754127"><ele>21.8</ele></trkpt>
     <trkpt lat="33.512023" lon="-117.753651"><ele>20.5</ele></trkpt>
     <trkpt lat="33.510646" lon="-117.751913"><ele>11.0</ele></trkpt>
     <trkpt lat="33.510217" lon="-117.751506"><ele>14.2</ele></trkpt>
     <trkpt lat="33.509749" lon="-117.751153"><ele>18.0</ele></trkpt>
     <trkpt lat="33.508680" lon="-117.750475"><ele>24.0</ele></trkpt>
     <trkpt lat="33.508234" lon="-117.750068"><ele>28.8</ele></trkpt>
     <trkpt lat="33.507423" lon="-117.748947"><ele>34.2</ele></trkpt>
     <trkpt lat="33.506175" lon="-117.747694"><ele>39.8</ele></trkpt>
     <trkpt lat="33.504331" lon="-117.745754"><ele>42.2</ele></trkpt>
     <trkpt lat="33.503629" lon="-117.745207"><ele>44.0</ele></trkpt>
     <trkpt lat="33.503353" lon="-117.745017"><ele>45.8</ele></trkpt>
     <trkpt lat="33.503108" lon="-117.744933"><ele>44.5</ele></trkpt>
     <trkpt lat="33.501800" lon="-117.744000"><ele>40.2</ele></trkpt>
     <trkpt lat="33.501748" lon="-117.743869"><ele>40.8</ele></trkpt>
     <trkpt lat="33.500180" lon="-117.742772"><ele>34.2</ele></trkpt>
     <trkpt lat="33.499709" lon="-117.742265"><ele>35.2</ele></trkpt>
     <trkpt lat="33.499432" lon="-117.741891"><ele>36.8</ele></trkpt>
     <trkpt lat="33.498606" lon="-117.740486"><ele>43.0</ele></trkpt>
     <trkpt lat="33.498396" lon="-117.740194"><ele>46.2</ele></trkpt>
     <trkpt lat="33.498003" lon="-117.739715"><ele>49.8</ele></trkpt>
     <trkpt lat="33.497755" lon="-117.739484"><ele>51.0</ele></trkpt>
     <trkpt lat="33.497020" lon="-117.738882"><ele>54.8</ele></trkpt>
     <trkpt lat="33.496503" lon="-117.738517"><ele>56.2</ele></trkpt>
     <trkpt lat="33.494746" lon="-117.737416"><ele>60.0</ele></trkpt>
     <trkpt lat="33.494040" lon="-117.736805"><ele>62.5</ele></trkpt>
     <trkpt lat="33.493620" lon="-117.736288"><ele>60.2</ele></trkpt>
     <trkpt lat="33.492378" lon="-117.734369"><ele>59.9</ele></trkpt>
     <trkpt lat="33.491135" lon="-117.732451"><ele>59.5</ele></trkpt>
     <trkpt lat="33.490960" lon="-117.732289"><ele>58.8</ele></trkpt>
     <trkpt lat="33.490660" lon="-117.731848"><ele>57.5</ele></trkpt>
     <trkpt lat="33.490620" lon="-117.731652"><ele>57.2</ele></trkpt>
     <trkpt lat="33.489619" lon="-117.730374"><ele>52.8</ele></trkpt>
     <trkpt lat="33.488641" lon="-117.729240"><ele>53.6</ele></trkpt>
     <trkpt lat="33.487663" lon="-117.728105"><ele>54.5</ele></trkpt>
     <trkpt lat="33.487350" lon="-117.727760"><ele>54.0</ele></trkpt>
     <trkpt lat="33.487185" lon="-117.727691"><ele>53.5</ele></trkpt>
     <trkpt lat="33.485872" lon="-117.726141"><ele>46.2</ele></trkpt>
     <trkpt lat="33.485853" lon="-117.725998"><ele>46.0</ele></trkpt>
     <trkpt lat="33.485475" lon="-117.725557"><ele>44.0</ele></trkpt>
     <trkpt lat="33.485386" lon="-117.725533"><ele>43.5</ele></trkpt>
     <trkpt lat="33.484971" lon="-117.725077"><ele>40.8</ele></trkpt>
     <trkpt lat="33.484913" lon="-117.724911"><ele>40.5</ele></trkpt>
     <trkpt lat="33.483291" lon="-117.723015"><ele>36.1</ele></trkpt>
     <trkpt lat="33.481670" lon="-117.721118"><ele>31.8</ele></trkpt>
     <trkpt lat="33.480437" lon="-117.719863"><ele>41.0</ele></trkpt>
     <trkpt lat="33.479765" lon="-117.719298"><ele>44.0</ele></trkpt>
     <trkpt lat="33.478894" lon="-117.718679"><ele>46.2</ele></trkpt>
     <trkpt lat="33.478760" lon="-117.718696"><ele>46.8</ele></trkpt>
     <trkpt lat="33.477372" lon="-117.717776"><ele>46.5</ele></trkpt>
     <trkpt lat="33.475214" lon="-117.716324"><ele>49.8</ele></trkpt>
     <trkpt lat="33.473056" lon="-117.714872"><ele>53.1</ele></trkpt>
     <trkpt lat="33.470897" lon="-117.713420"><ele>56.4</ele></trkpt>
     <trkpt lat="33.468739" lon="-117.711968"><ele>59.7</ele></trkpt>
     <trkpt lat="33.466581" lon="-117.710516"><ele>63.0</ele></trkpt>
     <trkpt lat="33.466154" lon="-117.710091"><ele>63.0</ele></trkpt>
     <trkpt lat="33.465921" lon="-117.709769"><ele>64.5</ele></trkpt>
     <trkpt lat="33.465725" lon="-117.709364"><ele>68.0</ele></trkpt>
     <trkpt lat="33.465560" lon="-117.708934"><ele>71.5</ele></trkpt>
     <trkpt lat="33.465420" lon="-117.708352"><ele>74.2</ele></trkpt>
     <trkpt lat="33.465383" lon="-117.707847"><ele>69.8</ele></trkpt>
     <trkpt lat="33.465319" lon="-117.707746"><ele>68.2</ele></trkpt>
     <trkpt lat="33.465034" lon="-117.707700"><ele>65.2</ele></trkpt>
     <trkpt lat="33.464503" lon="-117.707700"><ele>64.2</ele></trkpt>
     <trkpt lat="33.463941" lon="-117.707706"><ele>60.2</ele></trkpt>
     <trkpt lat="33.463757" lon="-117.707751"><ele>58.0</ele></trkpt>
     <trkpt lat="33.462355" lon="-117.708723"><ele>60.2</ele></trkpt>
     <trkpt lat="33.461845" lon="-117.708920"><ele>56.2</ele></trkpt>
     <trkpt lat="33.461623" lon="-117.708070"><ele>39.2</ele></trkpt>
     <trkpt lat="33.461636" lon="-117.707857"><ele>34.5</ele></trkpt>
     <trkpt lat="33.461720" lon="-117.707722"><ele>31.8</ele></trkpt>
     <trkpt lat="33.461881" lon="-117.707653"><ele>31.0</ele></trkpt>
     <trkpt lat="33.462244" lon="-117.707657"><ele>33.2</ele></trkpt>
     <trkpt lat="33.462957" lon="-117.707453"><ele>37.5</ele></trkpt>
     <trkpt lat="33.463093" lon="-117.707380"><ele>38.2</ele></trkpt>
     <trkpt lat="33.463227" lon="-117.707187"><ele>36.5</ele></trkpt>
     <trkpt lat="33.463268" lon="-117.707011"><ele>33.2</ele></trkpt>
     <trkpt lat="33.463265" lon="-117.706631"><ele>25.0</ele></trkpt>
     <trkpt lat="33.463072" lon="-117.706309"><ele>18.8</ele></trkpt>
     <trkpt lat="33.463212" lon="-117.706157"><ele>21.2</ele></trkpt>
     <trkpt lat="33.463311" lon="-117.705943"><ele>21.5</ele></trkpt>
     <trkpt lat="33.463369" lon="-117.705240"><ele>20.2</ele></trkpt>
     <trkpt lat="33.463549" lon="-117.704354"><ele>24.2</ele></trkpt>
     <trkpt lat="33.463539" lon="-117.703981"><ele>23.5</ele></trkpt>
     <trkpt lat="33.463504" lon="-117.703856"><ele>22.5</ele></trkpt>
     <trkpt lat="33.463436" lon="-117.703773"><ele>20.2</ele></trkpt>
     <trkpt lat="33.463185" lon="-117.703657"><ele>15.0</ele></trkpt>
     <trkpt lat="33.463111" lon="-117.703526"><ele>14.0</ele></trkpt>
     <trkpt lat="33.463112" lon="-117.703424"><ele>14.0</ele></trkpt>
     <trkpt lat="33.463208" lon="-117.703127"><ele>16.2</ele></trkpt>
     <trkpt lat="33.463045" lon="-117.702688"><ele>15.2</ele></trkpt>
     <trkpt lat="33.462965" lon="-117.702270"><ele>15.0</ele></trkpt>
     <trkpt lat="33.462957" lon="-117.701881"><ele>16.2</ele></trkpt>
     <trkpt lat="33.463020" lon="-117.701324"><ele>19.8</ele></trkpt>
     <trkpt lat="33.462980" lon="-117.700943"><ele>20.2</ele></trkpt>
     <trkpt lat="33.462881" lon="-117.700680"><ele>19.2</ele></trkpt>
     <trkpt lat="33.462381" lon="-117.699819"><ele>13.8</ele></trkpt>
     <trkpt lat="33.462120" lon="-117.698716"><ele>14.2</ele></trkpt>
     <trkpt lat="33.462078" lon="-117.698204"><ele>14.2</ele></trkpt>
     <trkpt lat="33.462293" lon="-117.695941"><ele>12.6</ele></trkpt>
     <trkpt lat="33.462507" lon="-117.693678"><ele>11.0</ele></trkpt>
     <trkpt lat="33.462556" lon="-117.691623"><ele>13.0</ele></trkpt>
     <trkpt lat="33.462619" lon="-117.690703"><ele>13.2</ele></trkpt>
     <trkpt lat="33.462723" lon="-117.690268"><ele>12.5</ele></trkpt>
     <trkpt lat="33.462998" lon="-117.689698"><ele>12.2</ele></trkpt>
     <trkpt lat="33.463719" lon="-117.688874"><ele>13.0</ele></trkpt>
     <trkpt lat="33.463542" lon="-117.688595"><ele>12.2</ele></trkpt>
     <trkpt lat="33.463457" lon="-117.688387"><ele>12.0</ele></trkpt>
     <trkpt lat="33.463452" lon="-117.688011"><ele>11.5</ele></trkpt>
     <trkpt lat="33.463508" lon="-117.687837"><ele>11.0</ele></trkpt>
     <trkpt lat="33.464102" lon="-117.686780"><ele>8.0</ele></trkpt>
     <trkpt lat="33.464185" lon="-117.686523"><ele>8.0</ele></trkpt>
     <trkpt lat="33.464238" lon="-117.686151"><ele>8.0</ele></trkpt>
     <trkpt lat="33.464225" lon="-117.685450"><ele>7.8</ele></trkpt>
     <trkpt lat="33.464005" lon="-117.684643"><ele>8.0</ele></trkpt>
     <trkpt lat="33.464054" lon="-117.684627"><ele>8.0</ele></trkpt>
     <trkpt lat="33.463959" lon="-117.683630"><ele>7.2</ele></trkpt>
     <trkpt lat="33.463409" lon="-117.681657"><ele>10.2</ele></trkpt>
     <trkpt lat="33.463166" lon="-117.681545"><ele>9.0</ele></trkpt>
     <trkpt lat="33.463065" lon="-117.681417"><ele>8.8</ele></trkpt>
     <trkpt lat="33.463047" lon="-117.680952"><ele>8.8</ele></trkpt>
     <trkpt lat="33.462933" lon="-117.680598"><ele>8.8</ele></trkpt>
     <trkpt lat="33.462409" lon="-117.679834"><ele>8.5</ele></trkpt>
     <trkpt lat="33.461626" lon="-117.678545"><ele>7.2</ele></trkpt>
     <trkpt lat="33.461533" lon="-117.678427"><ele>7.2</ele></trkpt>
     <trkpt lat="33.461217" lon="-117.678356"><ele>7.5</ele></trkpt>
     <trkpt lat="33.460805" lon="-117.677702"><ele>7.5</ele></trkpt>
     <trkpt lat="33.460962" lon="-117.677558"><ele>7.5</ele></trkpt>
     <trkpt lat="33.460891" lon="-117.677372"><ele>7.5</ele></trkpt>
     <trkpt lat="33.460767" lon="-117.677258"><ele>7.5</ele></trkpt>
     <trkpt lat="33.459551" lon="-117.675269"><ele>7.9</ele></trkpt>
     <trkpt lat="33.458335" lon="-117.673281"><ele>8.2</ele></trkpt>
     <trkpt lat="33.457188" lon="-117.671373"><ele>8.5</ele></trkpt>
     <trkpt lat="33.457120" lon="-117.671142"><ele>9.0</ele></trkpt>
     <trkpt lat="33.456961" lon="-117.671014"><ele>8.8</ele></trkpt>
     <trkpt lat="33.456335" lon="-117.669820"><ele>8.2</ele></trkpt>
     <trkpt lat="33.456206" lon="-117.669732"><ele>8.5</ele></trkpt>
     <trkpt lat="33.455548" lon="-117.668732"><ele>8.2</ele></trkpt>
     <trkpt lat="33.455331" lon="-117.668287"><ele>8.0</ele></trkpt>
     <trkpt lat="33.455593" lon="-117.668074"><ele>11.5</ele></trkpt>
     <trkpt lat="33.455491" lon="-117.667811"><ele>13.5</ele></trkpt>
     <trkpt lat="33.453899" lon="-117.665307"><ele>13.8</ele></trkpt>
     <trkpt lat="33.453346" lon="-117.664365"><ele>15.8</ele></trkpt>
     <trkpt lat="33.453109" lon="-117.663887"><ele>18.0</ele></trkpt>
     <trkpt lat="33.452370" lon="-117.662148"><ele>19.5</ele></trkpt>
     <trkpt lat="33.451630" lon="-117.660409"><ele>21.0</ele></trkpt>
     <trkpt lat="33.450960" lon="-117.658931"><ele>19.8</ele></trkpt>
     <trkpt lat="33.449593" lon="-117.656589"><ele>19.4</ele></trkpt>
     <trkpt lat="33.448226" lon="-117.654248"><ele>19.0</ele></trkpt>
     <trkpt lat="33.447690" lon="-117.653489"><ele>18.8</ele></trkpt>
     <trkpt lat="33.446420" lon="-117.652029"><ele>17.9</ele></trkpt>
     <trkpt lat="33.445150" lon="-117.650569"><ele>17.0</ele></trkpt>
     <trkpt lat="33.443699" lon="-117.648712"><ele>17.5</ele></trkpt>
     <trkpt lat="33.442384" lon="-117.646806"><ele>18.8</ele></trkpt>
     <trkpt lat="33.441274" lon="-117.644927"><ele>16.0</ele></trkpt>
     <trkpt lat="33.440164" lon="-117.643048"><ele>13.2</ele></trkpt>
     <trkpt lat="33.439695" lon="-117.642387"><ele>13.2</ele></trkpt>
     <trkpt lat="33.438176" lon="-117.640484"><ele>12.6</ele></trkpt>
     <trkpt lat="33.436658" lon="-117.638581"><ele>11.9</ele></trkpt>
     <trkpt lat="33.435140" lon="-117.636678"><ele>11.2</ele></trkpt>
     <trkpt lat="33.433621" lon="-117.634775"><ele>10.5</ele></trkpt>
     <trkpt lat="33.433183" lon="-117.634185"><ele>8.5</ele></trkpt>
     <trkpt lat="33.432814" lon="-117.633546"><ele>8.2</ele></trkpt>
     <trkpt lat="33.432739" lon="-117.633500"><ele>8.0</ele></trkpt>
     <trkpt lat="33.432637" lon="-117.633541"><ele>7.5</ele></trkpt>
     <trkpt lat="33.432593" lon="-117.633484"><ele>7.2</ele></trkpt>
     <trkpt lat="33.432624" lon="-117.633396"><ele>7.5</ele></trkpt>
     <trkpt lat="33.432587" lon="-117.633302"><ele>7.2</ele></trkpt>
     <trkpt lat="33.432317" lon="-117.632953"><ele>7.2</ele></trkpt>
     <trkpt lat="33.432282" lon="-117.632025"><ele>10.2</ele></trkpt>
     <trkpt lat="33.432374" lon="-117.631230"><ele>13.5</ele></trkpt>
     <trkpt lat="33.432240" lon="-117.631208"><ele>13.5</ele></trkpt>
     <trkpt lat="33.432018" lon="-117.631066"><ele>14.2</ele></trkpt>
     <trkpt lat="33.431756" lon="-117.630614"><ele>18.8</ele></trkpt>
     <trkpt lat="33.432128" lon="-117.630164"><ele>19.2</ele></trkpt>
     <trkpt lat="33.432064" lon="-117.630058"><ele>20.8</ele></trkpt>
     <trkpt lat="33.432128" lon="-117.629939"><ele>20.2</ele></trkpt>
     <trkpt lat="33.431995" lon="-117.629260"><ele>19.8</ele></trkpt>
     <trkpt lat="33.431933" lon="-117.629138"><ele>19.8</ele></trkpt>
     <trkpt lat="33.431831" lon="-117.629051"><ele>20.2</ele></trkpt>
     <trkpt lat="33.431180" lon="-117.629190"><ele>22.8</ele></trkpt>
     <trkpt lat="33.430744" lon="-117.629009"><ele>23.5</ele></trkpt>
     <trkpt lat="33.430610" lon="-117.628876"><ele>24.8</ele></trkpt>
     <trkpt lat="33.430431" lon="-117.628506"><ele>26.0</ele></trkpt>
     <trkpt lat="33.430391" lon="-117.628318"><ele>26.2</ele></trkpt>
     <trkpt lat="33.430383" lon="-117.627470"><ele>26.2</ele></trkpt>
     <trkpt lat="33.430340" lon="-117.627369"><ele>27.2</ele></trkpt>
     <trkpt lat="33.430221" lon="-117.627273"><ele>28.8</ele></trkpt>
     <trkpt lat="33.430083" lon="-117.627250"><ele>29.5</ele></trkpt>
     <trkpt lat="33.428796" lon="-117.627537"><ele>34.8</ele></trkpt>
     <trkpt lat="33.428672" lon="-117.627496"><ele>35.0</ele></trkpt>
     <trkpt lat="33.428974" lon="-117.626237"><ele>38.5</ele></trkpt>
     <trkpt lat="33.429138" lon="-117.625714"><ele>40.2</ele></trkpt>
     <trkpt lat="33.429793" lon="-117.624998"><ele>42.0</ele></trkpt>
     <trkpt lat="33.428260" lon="-117.623024"><ele>44.0</ele></trkpt>
     <trkpt lat="33.426728" lon="-117.621051"><ele>46.0</ele></trkpt>
     <trkpt lat="33.426193" lon="-117.620259"><ele>46.2</ele></trkpt>
     <trkpt lat="33.426088" lon="-117.619805"><ele>46.2</ele></trkpt>
     <trkpt lat="33.426077" lon="-117.618970"><ele>47.0</ele></trkpt>
     <trkpt lat="33.426115" lon="-117.618820"><ele>47.8</ele></trkpt>
     <trkpt lat="33.426330" lon="-117.618480"><ele>50.2</ele></trkpt>
     <trkpt lat="33.425992" lon="-117.618410"><ele>48.5</ele></trkpt>
     <trkpt lat="33.425557" lon="-117.618416"><ele>47.2</ele></trkpt>
     <trkpt lat="33.425017" lon="-117.618592"><ele>46.2</ele></trkpt>
     <trkpt lat="33.424760" lon="-117.618742"><ele>46.2</ele></trkpt>
     <trkpt lat="33.424544" lon="-117.618978"><ele>45.8</ele></trkpt>
     <trkpt lat="33.424521" lon="-117.618641"><ele>46.8</ele></trkpt>
     <trkpt lat="33.424440" lon="-117.618441"><ele>47.2</ele></trkpt>
     <trkpt lat="33.424260" lon="-117.618216"><ele>48.2</ele></trkpt>
     <trkpt lat="33.423658" lon="-117.617663"><ele>47.0</ele></trkpt>
     <trkpt lat="33.423365" lon="-117.618089"><ele>45.8</ele></trkpt>
     <trkpt lat="33.423149" lon="-117.618563"><ele>44.5</ele></trkpt>
     <trkpt lat="33.422872" lon="-117.618817"><ele>43.5</ele></trkpt>
     <trkpt lat="33.422691" lon="-117.618888"><ele>43.0</ele></trkpt>
     <trkpt lat="33.422542" lon="-117.618892"><ele>42.8</ele></trkpt>
     <trkpt lat="33.421873" lon="-117.618793"><ele>37.8</ele></trkpt>
     <trkpt lat="33.421608" lon="-117.618818"><ele>35.8</ele></trkpt>
     <trkpt lat="33.421207" lon="-117.618939"><ele>31.5</ele></trkpt>
     <trkpt lat="33.420922" lon="-117.619127"><ele>26.5</ele></trkpt>
     <trkpt lat="33.420846" lon="-117.619219"><ele>24.5</ele></trkpt>
     <trkpt lat="33.420759" lon="-117.619397"><ele>22.2</ele></trkpt>
     <trkpt lat="33.420696" lon="-117.619698"><ele>18.8</ele></trkpt>
     <trkpt lat="33.420632" lon="-117.619806"><ele>17.2</ele></trkpt>
     <trkpt lat="33.420462" lon="-117.619926"><ele>15.0</ele></trkpt>
     <trkpt lat="33.420197" lon="-117.619891"><ele>13.5</ele></trkpt>
     <trkpt lat="33.419782" lon="-117.619569"><ele>14.2</ele></trkpt>
     <trkpt lat="33.419643" lon="-117.619684"><ele>12.2</ele></trkpt>
     <trkpt lat="33.419636" lon="-117.619746"><ele>11.5</ele></trkpt>
     <trkpt lat="33.419643" lon="-117.619684"><ele>12.2</ele></trkpt>
     <trkpt lat="33.419782" lon="-117.619569"><ele>14.2</ele></trkpt>
     <trkpt lat="33.419528" lon="-117.619381"><ele>15.2</ele></trkpt>
     <trkpt lat="33.419102" lon="-117.618917"><ele>20.5</ele></trkpt>
     <trkpt lat="33.418853" lon="-117.618486"><ele>24.5</ele></trkpt>
     <trkpt lat="33.418815" lon="-117.618232"><ele>26.0</ele></trkpt>
     <trkpt lat="33.419033" lon="-117.617918"><ele>31.5</ele></trkpt>
     <trkpt lat="33.419466" lon="-117.617714"><ele>35.5</ele></trkpt>
     <trkpt lat="33.419856" lon="-117.617328"><ele>38.2</ele></trkpt>
     <trkpt lat="33.420109" lon="-117.617162"><ele>40.2</ele></trkpt>
     <trkpt lat="33.420317" lon="-117.616913"><ele>42.2</ele></trkpt>
     <trkpt lat="33.420559" lon="-117.616495"><ele>44.0</ele></trkpt>
     <trkpt lat="33.420654" lon="-117.616407"><ele>44.2</ele></trkpt>
     <trkpt lat="33.420710" lon="-117.615583"><ele>47.2</ele></trkpt>
     <trkpt lat="33.420775" lon="-117.615245"><ele>48.0</ele></trkpt>
     <trkpt lat="33.420853" lon="-117.615005"><ele>49.0</ele></trkpt>
     <trkpt lat="33.421069" lon="-117.614597"><ele>49.5</ele></trkpt>
     <trkpt lat="33.420880" lon="-117.614415"><ele>48.5</ele></trkpt>
     <trkpt lat="33.420785" lon="-117.614185"><ele>47.5</ele></trkpt>
     <trkpt lat="33.420552" lon="-117.613039"><ele>51.0</ele></trkpt>
     <trkpt lat="33.419921" lon="-117.612650"><ele>50.8</ele></trkpt>
     <trkpt lat="33.419586" lon="-117.612375"><ele>49.8</ele></trkpt>
     <trkpt lat="33.419362" lon="-117.612017"><ele>50.0</ele></trkpt>
     <trkpt lat="33.418739" lon="-117.610710"><ele>53.8</ele></trkpt>
     <trkpt lat="33.418497" lon="-117.610337"><ele>54.5</ele></trkpt>
     <trkpt lat="33.418154" lon="-117.609939"><ele>55.2</ele></trkpt>
     <trkpt lat="33.417612" lon="-117.609565"><ele>54.2</ele></trkpt>
     <trkpt lat="33.417435" lon="-117.609322"><ele>54.2</ele></trkpt>
     <trkpt lat="33.417378" lon="-117.609083"><ele>54.5</ele></trkpt>
     <trkpt lat="33.417406" lon="-117.608548"><ele>54.5</ele></trkpt>
     <trkpt lat="33.417310" lon="-117.608345"><ele>54.2</ele></trkpt>
     <trkpt lat="33.417160" lon="-117.608286"><ele>53.8</ele></trkpt>
     <trkpt lat="33.416754" lon="-117.608303"><ele>52.2</ele></trkpt>
     <trkpt lat="33.416643" lon="-117.608357"><ele>51.8</ele></trkpt>
     <trkpt lat="33.414508" lon="-117.608500"><ele>42.0</ele></trkpt>
     <trkpt lat="33.414330" lon="-117.608413"><ele>41.0</ele></trkpt>
     <trkpt lat="33.413615" lon="-117.607143"><ele>43.2</ele></trkpt>
     <trkpt lat="33.413594" lon="-117.607019"><ele>43.8</ele></trkpt>
     <trkpt lat="33.413412" lon="-117.606746"><ele>44.8</ele></trkpt>
     <trkpt lat="33.413186" lon="-117.606546"><ele>44.8</ele></trkpt>
     <trkpt lat="33.412785" lon="-117.606283"><ele>44.5</ele></trkpt>
     <trkpt lat="33.412563" lon="-117.606069"><ele>44.5</ele></trkpt>
     <trkpt lat="33.412458" lon="-117.606027"><ele>44.0</ele></trkpt>
     <trkpt lat="33.412069" lon="-117.605617"><ele>41.8</ele></trkpt>
     <trkpt lat="33.411503" lon="-117.605245"><ele>39.2</ele></trkpt>
     <trkpt lat="33.411345" lon="-117.605185"><ele>39.0</ele></trkpt>
     <trkpt lat="33.411188" lon="-117.605054"><ele>39.0</ele></trkpt>
     <trkpt lat="33.410863" lon="-117.604607"><ele>39.5</ele></trkpt>
     <trkpt lat="33.410691" lon="-117.604476"><ele>40.0</ele></trkpt>
     <trkpt lat="33.410553" lon="-117.604450"><ele>40.2</ele></trkpt>
     <trkpt lat="33.410111" lon="-117.604211"><ele>41.8</ele></trkpt>
     <trkpt lat="33.409791" lon="-117.603944"><ele>41.8</ele></trkpt>
     <trkpt lat="33.409645" lon="-117.603702"><ele>41.8</ele></trkpt>
     <trkpt lat="33.409617" lon="-117.603591"><ele>42.0</ele></trkpt>
     <trkpt lat="33.409689" lon="-117.602936"><ele>43.5</ele></trkpt>
     <trkpt lat="33.409750" lon="-117.602820"><ele>44.0</ele></trkpt>
     <trkpt lat="33.409775" lon="-117.602613"><ele>44.8</ele></trkpt>
     <trkpt lat="33.409707" lon="-117.602251"><ele>46.0</ele></trkpt>
     <trkpt lat="33.409547" lon="-117.602033"><ele>46.8</ele></trkpt>
     <trkpt lat="33.409219" lon="-117.601877"><ele>46.8</ele></trkpt>
     <trkpt lat="33.408613" lon="-117.601990"><ele>45.0</ele></trkpt>
     <trkpt lat="33.408449" lon="-117.601900"><ele>44.8</ele></trkpt>
     <trkpt lat="33.408750" lon="-117.600921"><ele>48.5</ele></trkpt>
     <trkpt lat="33.408431" lon="-117.600708"><ele>47.8</ele></trkpt>
     <trkpt lat="33.407618" lon="-117.599831"><ele>45.0</ele></trkpt>
     <trkpt lat="33.406281" lon="-117.599159"><ele>45.0</ele></trkpt>
     <trkpt lat="33.404945" lon="-117.598488"><ele>45.0</ele></trkpt>
     <trkpt lat="33.402597" lon="-117.597195"><ele>43.8</ele></trkpt>
     <trkpt lat="33.400211" lon="-117.596062"><ele>39.1</ele></trkpt>
     <trkpt lat="33.397824" lon="-117.594929"><ele>34.5</ele></trkpt>
     <trkpt lat="33.397246" lon="-117.594686"><ele>34.0</ele></trkpt>
     <trkpt lat="33.396774" lon="-117.594635"><ele>34.0</ele></trkpt>
     <trkpt lat="33.395927" lon="-117.594446"><ele>34.0</ele></trkpt>
     <trkpt lat="33.395452" lon="-117.594447"><ele>33.2</ele></trkpt>
     <trkpt lat="33.395110" lon="-117.594333"><ele>32.8</ele></trkpt>
     <trkpt lat="33.394908" lon="-117.594219"><ele>32.8</ele></trkpt>
     <trkpt lat="33.394855" lon="-117.594092"><ele>33.0</ele></trkpt>
     <trkpt lat="33.394966" lon="-117.593811"><ele>34.0</ele></trkpt>
     <trkpt lat="33.394432" lon="-117.593040"><ele>32.0</ele></trkpt>
     <trkpt lat="33.394154" lon="-117.592720"><ele>30.0</ele></trkpt>
     <trkpt lat="33.393875" lon="-117.592484"><ele>28.5</ele></trkpt>
     <trkpt lat="33.391825" lon="-117.591039"><ele>16.0</ele></trkpt>
     <trkpt lat="33.390680" lon="-117.590294"><ele>11.0</ele></trkpt>
     <trkpt lat="33.389568" lon="-117.589417"><ele>11.5</ele></trkpt>
     <trkpt lat="33.388039" lon="-117.588493"><ele>9.2</ele></trkpt>
     <trkpt lat="33.387684" lon="-117.588158"><ele>8.2</ele></trkpt>
     <trkpt lat="33.386253" lon="-117.586403"><ele>9.8</ele></trkpt>
     <trkpt lat="33.385321" lon="-117.585140"><ele>15.2</ele></trkpt>
     <trkpt lat="33.384388" lon="-117.583878"><ele>20.8</ele></trkpt>
     <trkpt lat="33.384235" lon="-117.583763"><ele>21.0</ele></trkpt>
     <trkpt lat="33.383987" lon="-117.583290"><ele>23.8</ele></trkpt>
     <trkpt lat="33.383606" lon="-117.582259"><ele>23.5</ele></trkpt>
     <trkpt lat="33.383566" lon="-117.581989"><ele>23.5</ele></trkpt>
     <trkpt lat="33.383743" lon="-117.581922"><ele>23.5</ele></trkpt>
     <trkpt lat="33.384020" lon="-117.582899"><ele>23.2</ele></trkpt>
     <trkpt lat="33.384259" lon="-117.583445"><ele>23.2</ele></trkpt>
     <trkpt lat="33.384380" lon="-117.583548"><ele>22.5</ele></trkpt>
     <trkpt lat="33.384588" lon="-117.583620"><ele>22.5</ele></trkpt>
     <trkpt lat="33.384720" lon="-117.583467"><ele>23.2</ele></trkpt>
     <trkpt lat="33.384764" lon="-117.583337"><ele>23.8</ele></trkpt>
     <trkpt lat="33.384434" lon="-117.581294"><ele>23.5</ele></trkpt>
     <trkpt lat="33.384328" lon="-117.580862"><ele>23.5</ele></trkpt>
     <trkpt lat="33.383890" lon="-117.579531"><ele>23.8</ele></trkpt>
     <trkpt lat="33.383269" lon="-117.577835"><ele>13.2</ele></trkpt>
     <trkpt lat="33.382129" lon="-117.574938"><ele>14.6</ele></trkpt>
     <trkpt lat="33.380989" lon="-117.572041"><ele>15.9</ele></trkpt>
     <trkpt lat="33.379848" lon="-117.569145"><ele>17.2</ele></trkpt>
     <trkpt lat="33.378708" lon="-117.566248"><ele>18.5</ele></trkpt>
     <trkpt lat="33.377941" lon="-117.564884"><ele>24.2</ele></trkpt>
     <trkpt lat="33.377440" lon="-117.564231"><ele>26.2</ele></trkpt>
     <trkpt lat="33.375734" lon="-117.562326"><ele>28.0</ele></trkpt>
     <trkpt lat="33.375003" lon="-117.561382"><ele>28.5</ele></trkpt>
     <trkpt lat="33.373733" lon="-117.559070"><ele>30.8</ele></trkpt>
     <trkpt lat="33.372463" lon="-117.556758"><ele>33.0</ele></trkpt>
     <trkpt lat="33.371192" lon="-117.554445"><ele>35.2</ele></trkpt>
     <trkpt lat="33.369922" lon="-117.552133"><ele>37.5</ele></trkpt>
     <trkpt lat="33.368652" lon="-117.549821"><ele>39.8</ele></trkpt>
     <trkpt lat="33.367382" lon="-117.547509"><ele>42.0</ele></trkpt>
     <trkpt lat="33.366709" lon="-117.546462"><ele>43.2</ele></trkpt>
     <trkpt lat="33.365074" lon="-117.544069"><ele>44.2</ele></trkpt>
     <trkpt lat="33.363440" lon="-117.541677"><ele>45.2</ele></trkpt>
     <trkpt lat="33.361805" lon="-117.539284"><ele>46.2</ele></trkpt>
     <trkpt lat="33.360171" lon="-117.536892"><ele>47.2</ele></trkpt>
     <trkpt lat="33.358536" lon="-117.534499"><ele>48.1</ele></trkpt>
     <trkpt lat="33.356901" lon="-117.532106"><ele>49.1</ele></trkpt>
     <trkpt lat="33.355267" lon="-117.529714"><ele>50.1</ele></trkpt>
     <trkpt lat="33.353632" lon="-117.527321"><ele>51.1</ele></trkpt>
     <trkpt lat="33.351998" lon="-117.524929"><ele>52.1</ele></trkpt>
     <trkpt lat="33.350363" lon="-117.522536"><ele>53.0</ele></trkpt>
     <trkpt lat="33.348729" lon="-117.520144"><ele>54.0</ele></trkpt>
     <trkpt lat="33.347094" lon="-117.517751"><ele>55.0</ele></trkpt>
     <trkpt lat="33.345386" lon="-117.515405"><ele>54.2</ele></trkpt>
     <trkpt lat="33.343679" lon="-117.513060"><ele>53.4</ele></trkpt>
     <trkpt lat="33.341971" lon="-117.510714"><ele>52.5</ele></trkpt>
     <trkpt lat="33.340263" lon="-117.508369"><ele>51.7</ele></trkpt>
     <trkpt lat="33.338555" lon="-117.506023"><ele>50.9</ele></trkpt>
     <trkpt lat="33.336848" lon="-117.503678"><ele>50.1</ele></trkpt>
     <trkpt lat="33.335140" lon="-117.501332"><ele>49.2</ele></trkpt>
     <trkpt lat="33.333432" lon="-117.498986"><ele>48.4</ele></trkpt>
     <trkpt lat="33.331725" lon="-117.496641"><ele>47.6</ele></trkpt>
     <trkpt lat="33.330017" lon="-117.494295"><ele>46.8</ele></trkpt>
     <trkpt lat="33.328309" lon="-117.491950"><ele>46.0</ele></trkpt>
     <trkpt lat="33.326601" lon="-117.489604"><ele>45.1</ele></trkpt>
     <trkpt lat="33.324894" lon="-117.487259"><ele>44.3</ele></trkpt>
     <trkpt lat="33.323186" lon="-117.484913"><ele>43.5</ele></trkpt>
     <trkpt lat="33.322727" lon="-117.484415"><ele>44.5</ele></trkpt>
     <trkpt lat="33.321695" lon="-117.483574"><ele>44.8</ele></trkpt>
     <trkpt lat="33.321228" lon="-117.483282"><ele>46.0</ele></trkpt>
     <trkpt lat="33.320360" lon="-117.482887"><ele>45.5</ele></trkpt>
     <trkpt lat="33.319385" lon="-117.482638"><ele>45.8</ele></trkpt>
     <trkpt lat="33.317517" lon="-117.482457"><ele>45.0</ele></trkpt>
     <trkpt lat="33.315649" lon="-117.482276"><ele>44.2</ele></trkpt>
     <trkpt lat="33.314939" lon="-117.482167"><ele>44.5</ele></trkpt>
     <trkpt lat="33.313614" lon="-117.481758"><ele>40.5</ele></trkpt>
     <trkpt lat="33.312824" lon="-117.481293"><ele>37.8</ele></trkpt>
     <trkpt lat="33.311951" lon="-117.480614"><ele>36.5</ele></trkpt>
     <trkpt lat="33.310982" lon="-117.479591"><ele>35.5</ele></trkpt>
     <trkpt lat="33.309209" lon="-117.477439"><ele>33.5</ele></trkpt>
     <trkpt lat="33.307435" lon="-117.475286"><ele>31.5</ele></trkpt>
     <trkpt lat="33.305662" lon="-117.473134"><ele>29.5</ele></trkpt>
     <trkpt lat="33.303889" lon="-117.470981"><ele>27.5</ele></trkpt>
     <trkpt lat="33.302116" lon="-117.468829"><ele>25.5</ele></trkpt>
     <trkpt lat="33.300342" lon="-117.466676"><ele>23.5</ele></trkpt>
     <trkpt lat="33.298569" lon="-117.464524"><ele>21.5</ele></trkpt>
     <trkpt lat="33.297263" lon="-117.462919"><ele>18.5</ele></trkpt>
     <trkpt lat="33.295957" lon="-117.461314"><ele>15.5</ele></trkpt>
     <trkpt lat="33.294651" lon="-117.459709"><ele>12.5</ele></trkpt>
     <trkpt lat="33.294243" lon="-117.459267"><ele>11.2</ele></trkpt>
     <trkpt lat="33.293232" lon="-117.458366"><ele>11.5</ele></trkpt>
     <trkpt lat="33.292242" lon="-117.457649"><ele>11.5</ele></trkpt>
     <trkpt lat="33.290206" lon="-117.456103"><ele>12.8</ele></trkpt>
     <trkpt lat="33.288169" lon="-117.454557"><ele>14.0</ele></trkpt>
     <trkpt lat="33.286133" lon="-117.453011"><ele>15.2</ele></trkpt>
     <trkpt lat="33.284097" lon="-117.451465"><ele>16.5</ele></trkpt>
     <trkpt lat="33.282060" lon="-117.449918"><ele>17.8</ele></trkpt>
     <trkpt lat="33.280024" lon="-117.448372"><ele>19.0</ele></trkpt>
     <trkpt lat="33.277987" lon="-117.446826"><ele>20.2</ele></trkpt>
     <trkpt lat="33.275951" lon="-117.445280"><ele>21.5</ele></trkpt>
     <trkpt lat="33.274483" lon="-117.444506"><ele>21.0</ele></trkpt>
     <trkpt lat="33.274175" lon="-117.444437"><ele>21.0</ele></trkpt>
     <trkpt lat="33.273519" lon="-117.444459"><ele>23.2</ele></trkpt>
     <trkpt lat="33.273402" lon="-117.444561"><ele>23.8</ele></trkpt>
     <trkpt lat="33.273296" lon="-117.444595"><ele>24.0</ele></trkpt>
     <trkpt lat="33.273027" lon="-117.444526"><ele>24.0</ele></trkpt>
     <trkpt lat="33.272617" lon="-117.444253"><ele>24.8</ele></trkpt>
     <trkpt lat="33.272329" lon="-117.443850"><ele>25.5</ele></trkpt>
     <trkpt lat="33.272176" lon="-117.443422"><ele>26.2</ele></trkpt>
     <trkpt lat="33.272163" lon="-117.443153"><ele>26.0</ele></trkpt>
     <trkpt lat="33.272250" lon="-117.442925"><ele>25.5</ele></trkpt>
     <trkpt lat="33.272186" lon="-117.442599"><ele>24.8</ele></trkpt>
     <trkpt lat="33.271958" lon="-117.442154"><ele>22.2</ele></trkpt>
     <trkpt lat="33.271244" lon="-117.440987"><ele>15.8</ele></trkpt>
     <trkpt lat="33.269638" lon="-117.438807"><ele>17.2</ele></trkpt>
     <trkpt lat="33.268032" lon="-117.436627"><ele>18.6</ele></trkpt>
     <trkpt lat="33.266426" lon="-117.434446"><ele>20.1</ele></trkpt>
     <trkpt lat="33.264820" lon="-117.432266"><ele>21.5</ele></trkpt>
     <trkpt lat="33.264317" lon="-117.431686"><ele>23.5</ele></trkpt>
     <trkpt lat="33.263500" lon="-117.430939"><ele>25.2</ele></trkpt>
     <trkpt lat="33.262756" lon="-117.430344"><ele>25.0</ele></trkpt>
     <trkpt lat="33.261620" lon="-117.429497"><ele>22.5</ele></trkpt>
     <trkpt lat="33.259597" lon="-117.427887"><ele>22.2</ele></trkpt>
     <trkpt lat="33.257573" lon="-117.426278"><ele>22.0</ele></trkpt>
     <trkpt lat="33.255550" lon="-117.424668"><ele>21.8</ele></trkpt>
     <trkpt lat="33.253527" lon="-117.423059"><ele>21.5</ele></trkpt>
     <trkpt lat="33.251636" lon="-117.421586"><ele>20.8</ele></trkpt>
     <trkpt lat="33.249746" lon="-117.420113"><ele>20.0</ele></trkpt>
     <trkpt lat="33.247855" lon="-117.418640"><ele>19.2</ele></trkpt>
     <trkpt lat="33.246768" lon="-117.417997"><ele>16.2</ele></trkpt>
     <trkpt lat="33.245261" lon="-117.417327"><ele>16.1</ele></trkpt>
     <trkpt lat="33.243754" lon="-117.416657"><ele>16.0</ele></trkpt>
     <trkpt lat="33.243062" lon="-117.416299"><ele>16.0</ele></trkpt>
     <trkpt lat="33.242305" lon="-117.415805"><ele>16.0</ele></trkpt>
     <trkpt lat="33.241823" lon="-117.415428"><ele>16.0</ele></trkpt>
     <trkpt lat="33.241397" lon="-117.415010"><ele>15.5</ele></trkpt>
     <trkpt lat="33.240250" lon="-117.413643"><ele>17.8</ele></trkpt>
     <trkpt lat="33.239540" lon="-117.412453"><ele>16.8</ele></trkpt>
     <trkpt lat="33.239117" lon="-117.411667"><ele>14.8</ele></trkpt>
     <trkpt lat="33.237785" lon="-117.409416"><ele>15.0</ele></trkpt>
     <trkpt lat="33.237614" lon="-117.409187"><ele>14.2</ele></trkpt>
     <trkpt lat="33.235731" lon="-117.407084"><ele>15.4</ele></trkpt>
     <trkpt lat="33.233849" lon="-117.404980"><ele>16.5</ele></trkpt>
     <trkpt lat="33.231966" lon="-117.402877"><ele>17.7</ele></trkpt>
     <trkpt lat="33.230084" lon="-117.400773"><ele>18.8</ele></trkpt>
     <trkpt lat="33.228201" lon="-117.398670"><ele>20.0</ele></trkpt>
     <trkpt lat="33.226319" lon="-117.396566"><ele>21.1</ele></trkpt>
     <trkpt lat="33.224436" lon="-117.394463"><ele>22.2</ele></trkpt>
     <trkpt lat="33.223292" lon="-117.393323"><ele>24.8</ele></trkpt>
     <trkpt lat="33.222660" lon="-117.392776"><ele>24.8</ele></trkpt>
     <trkpt lat="33.222152" lon="-117.392426"><ele>25.2</ele></trkpt>
     <trkpt lat="33.221547" lon="-117.392107"><ele>25.0</ele></trkpt>
     <trkpt lat="33.220963" lon="-117.391894"><ele>24.0</ele></trkpt>
     <trkpt lat="33.218991" lon="-117.391302"><ele>23.4</ele></trkpt>
     <trkpt lat="33.217019" lon="-117.390709"><ele>22.8</ele></trkpt>
     <trkpt lat="33.215047" lon="-117.390117"><ele>22.2</ele></trkpt>
     <trkpt lat="33.214257" lon="-117.389800"><ele>21.5</ele></trkpt>
     <trkpt lat="33.213485" lon="-117.389367"><ele>23.0</ele></trkpt>
     <trkpt lat="33.213278" lon="-117.389354"><ele>23.0</ele></trkpt>
     <trkpt lat="33.212229" lon="-117.388806"><ele>22.0</ele></trkpt>
     <trkpt lat="33.211977" lon="-117.388712"><ele>21.2</ele></trkpt>
     <trkpt lat="33.211533" lon="-117.388715"><ele>19.0</ele></trkpt>
     <trkpt lat="33.210518" lon="-117.388993"><ele>16.0</ele></trkpt>
     <trkpt lat="33.210221" lon="-117.388968"><ele>17.0</ele></trkpt>
     <trkpt lat="33.209952" lon="-117.388884"><ele>18.0</ele></trkpt>
     <trkpt lat="33.209715" lon="-117.388746"><ele>18.8</ele></trkpt>
     <trkpt lat="33.209337" lon="-117.388394"><ele>20.5</ele></trkpt>
     <trkpt lat="33.209293" lon="-117.388304"><ele>20.8</ele></trkpt>
     <trkpt lat="33.209292" lon="-117.388176"><ele>21.0</ele></trkpt>
     <trkpt lat="33.208706" lon="-117.388681"><ele>18.8</ele></trkpt>
     <trkpt lat="33.208590" lon="-117.388834"><ele>18.0</ele></trkpt>
     <trkpt lat="33.207877" lon="-117.390439"><ele>16.2</ele></trkpt>
     <trkpt lat="33.207250" lon="-117.390243"><ele>12.8</ele></trkpt>
     <trkpt lat="33.206775" lon="-117.389488"><ele>10.5</ele></trkpt>
     <trkpt lat="33.206608" lon="-117.389302"><ele>11.0</ele></trkpt>
     <trkpt lat="33.205360" lon="-117.388951"><ele>4.2</ele></trkpt>
     <trkpt lat="33.205003" lon="-117.388888"><ele>4.2</ele></trkpt>
     <trkpt lat="33.204820" lon="-117.389008"><ele>3.5</ele></trkpt>
     <trkpt lat="33.204078" lon="-117.390199"><ele>2.8</ele></trkpt>
     <trkpt lat="33.203785" lon="-117.389929"><ele>2.5</ele></trkpt>
     <trkpt lat="33.203640" lon="-117.389740"><ele>2.5</ele></trkpt>
     <trkpt lat="33.203246" lon="-117.388939"><ele>2.5</ele></trkpt>
     <trkpt lat="33.203020" lon="-117.388621"><ele>2.5</ele></trkpt>
     <trkpt lat="33.202651" lon="-117.388293"><ele>4.0</ele></trkpt>
     <trkpt lat="33.201554" lon="-117.387771"><ele>13.5</ele></trkpt>
     <trkpt lat="33.201349" lon="-117.387719"><ele>13.2</ele></trkpt>
     <trkpt lat="33.201165" lon="-117.387767"><ele>13.0</ele></trkpt>
     <trkpt lat="33.200867" lon="-117.387972"><ele>12.2</ele></trkpt>
     <trkpt lat="33.200681" lon="-117.388046"><ele>12.0</ele></trkpt>
     <trkpt lat="33.200501" lon="-117.388033"><ele>11.5</ele></trkpt>
     <trkpt lat="33.200347" lon="-117.387966"><ele>11.5</ele></trkpt>
     <trkpt lat="33.198734" lon="-117.386611"><ele>13.2</ele></trkpt>
     <trkpt lat="33.197121" lon="-117.385255"><ele>15.0</ele></trkpt>
     <trkpt lat="33.196931" lon="-117.385124"><ele>14.5</ele></trkpt>
     <trkpt lat="33.196244" lon="-117.384977"><ele>13.2</ele></trkpt>
     <trkpt lat="33.195834" lon="-117.384699"><ele>12.8</ele></trkpt>
     <trkpt lat="33.195453" lon="-117.384372"><ele>11.8</ele></trkpt>
     <trkpt lat="33.195451" lon="-117.384328"><ele>12.0</ele></trkpt>
     <trkpt lat="33.194190" lon="-117.383265"><ele>11.6</ele></trkpt>
     <trkpt lat="33.192929" lon="-117.382202"><ele>11.2</ele></trkpt>
     <trkpt lat="33.192146" lon="-117.381573"><ele>13.0</ele></trkpt>
     <trkpt lat="33.191890" lon="-117.381411"><ele>12.5</ele></trkpt>
     <trkpt lat="33.190062" lon="-117.379843"><ele>11.4</ele></trkpt>
     <trkpt lat="33.188235" lon="-117.378274"><ele>10.3</ele></trkpt>
     <trkpt lat="33.186407" lon="-117.376706"><ele>9.2</ele></trkpt>
     <trkpt lat="33.186229" lon="-117.376665"><ele>9.2</ele></trkpt>
     <trkpt lat="33.184404" lon="-117.375130"><ele>8.3</ele></trkpt>
     <trkpt lat="33.182579" lon="-117.373595"><ele>7.3</ele></trkpt>
     <trkpt lat="33.180753" lon="-117.372061"><ele>6.4</ele></trkpt>
     <trkpt lat="33.178928" lon="-117.370526"><ele>5.4</ele></trkpt>
     <trkpt lat="33.177103" lon="-117.368991"><ele>4.5</ele></trkpt>
     <trkpt lat="33.176794" lon="-117.368642"><ele>4.8</ele></trkpt>
     <trkpt lat="33.176449" lon="-117.368111"><ele>6.0</ele></trkpt>
     <trkpt lat="33.174867" lon="-117.366797"><ele>8.4</ele></trkpt>
     <trkpt lat="33.173286" lon="-117.365483"><ele>10.8</ele></trkpt>
     <trkpt lat="33.174142" lon="-117.363989"><ele>14.0</ele></trkpt>
     <trkpt lat="33.172604" lon="-117.362663"><ele>13.0</ele></trkpt>
     <trkpt lat="33.171920" lon="-117.361998"><ele>13.2</ele></trkpt>
     <trkpt lat="33.171075" lon="-117.361131"><ele>13.2</ele></trkpt>
     <trkpt lat="33.171016" lon="-117.361060"><ele>13.5</ele></trkpt>
     <trkpt lat="33.171043" lon="-117.360986"><ele>13.5</ele></trkpt>
     <trkpt lat="33.169790" lon="-117.359657"><ele>12.2</ele></trkpt>
     <trkpt lat="33.170541" lon="-117.358386"><ele>10.8</ele></trkpt>
     <trkpt lat="33.170067" lon="-117.358019"><ele>9.2</ele></trkpt>
     <trkpt lat="33.169267" lon="-117.357272"><ele>5.2</ele></trkpt>
     <trkpt lat="33.167924" lon="-117.356140"><ele>3.2</ele></trkpt>
     <trkpt lat="33.166580" lon="-117.355009"><ele>1.2</ele></trkpt>
     <trkpt lat="33.166043" lon="-117.354693"><ele>4.0</ele></trkpt>
     <trkpt lat="33.165964" lon="-117.354634"><ele>4.2</ele></trkpt>
     <trkpt lat="33.165970" lon="-117.354586"><ele>4.5</ele></trkpt>
     <trkpt lat="33.165712" lon="-117.354567"><ele>5.8</ele></trkpt>
     <trkpt lat="33.165665" lon="-117.354476"><ele>6.2</ele></trkpt>
     <trkpt lat="33.165713" lon="-117.354214"><ele>6.5</ele></trkpt>
     <trkpt lat="33.165530" lon="-117.353930"><ele>8.0</ele></trkpt>
     <trkpt lat="33.164796" lon="-117.353005"><ele>13.2</ele></trkpt>
     <trkpt lat="33.163225" lon="-117.351692"><ele>12.8</ele></trkpt>
     <trkpt lat="33.162819" lon="-117.352448"><ele>12.5</ele></trkpt>
     <trkpt lat="33.161165" lon="-117.351094"><ele>13.5</ele></trkpt>
     <trkpt lat="33.161134" lon="-117.351058"><ele>13.5</ele></trkpt>
     <trkpt lat="33.161271" lon="-117.350807"><ele>13.0</ele></trkpt>
     <trkpt lat="33.161119" lon="-117.350681"><ele>13.5</ele></trkpt>
     <trkpt lat="33.161020" lon="-117.350702"><ele>13.8</ele></trkpt>
     <trkpt lat="33.160984" lon="-117.350590"><ele>14.2</ele></trkpt>
     <trkpt lat="33.160387" lon="-117.350097"><ele>15.2</ele></trkpt>
     <trkpt lat="33.160103" lon="-117.350588"><ele>14.8</ele></trkpt>
     <trkpt lat="33.160114" lon="-117.350711"><ele>14.8</ele></trkpt>
     <trkpt lat="33.159452" lon="-117.351839"><ele>18.5</ele></trkpt>
     <trkpt lat="33.159352" lon="-117.351862"><ele>18.8</ele></trkpt>
     <trkpt lat="33.159300" lon="-117.351957"><ele>19.2</ele></trkpt>
     <trkpt lat="33.158014" lon="-117.350929"><ele>18.2</ele></trkpt>
     <trkpt lat="33.157578" lon="-117.350760"><ele>18.8</ele></trkpt>
     <trkpt lat="33.157271" lon="-117.350722"><ele>18.5</ele></trkpt>
     <trkpt lat="33.155858" lon="-117.350905"><ele>17.5</ele></trkpt>
     <trkpt lat="33.155471" lon="-117.350908"><ele>16.5</ele></trkpt>
     <trkpt lat="33.154957" lon="-117.350816"><ele>15.8</ele></trkpt>
     <trkpt lat="33.154488" lon="-117.350621"><ele>14.0</ele></trkpt>
     <trkpt lat="33.153973" lon="-117.350291"><ele>14.2</ele></trkpt>
     <trkpt lat="33.153907" lon="-117.350161"><ele>15.2</ele></trkpt>
     <trkpt lat="33.153552" lon="-117.349899"><ele>14.8</ele></trkpt>
     <trkpt lat="33.153349" lon="-117.349773"><ele>14.0</ele></trkpt>
     <trkpt lat="33.153261" lon="-117.349773"><ele>13.2</ele></trkpt>
     <trkpt lat="33.153191" lon="-117.349669"><ele>13.2</ele></trkpt>
     <trkpt lat="33.151855" lon="-117.348716"><ele>12.2</ele></trkpt>
     <trkpt lat="33.150026" lon="-117.347306"><ele>12.5</ele></trkpt>
     <trkpt lat="33.148197" lon="-117.345896"><ele>12.8</ele></trkpt>
     <trkpt lat="33.146853" lon="-117.344830"><ele>10.2</ele></trkpt>
     <trkpt lat="33.145519" lon="-117.343662"><ele>6.5</ele></trkpt>
     <trkpt lat="33.144186" lon="-117.342494"><ele>2.8</ele></trkpt>
     <trkpt lat="33.143032" lon="-117.341584"><ele>4.2</ele></trkpt>
     <trkpt lat="33.141603" lon="-117.340718"><ele>4.8</ele></trkpt>
     <trkpt lat="33.139410" lon="-117.339520"><ele>4.5</ele></trkpt>
     <trkpt lat="33.137217" lon="-117.338323"><ele>4.2</ele></trkpt>
     <trkpt lat="33.135156" lon="-117.337333"><ele>9.0</ele></trkpt>
     <trkpt lat="33.134305" lon="-117.336796"><ele>11.8</ele></trkpt>
     <trkpt lat="33.134221" lon="-117.336671"><ele>12.8</ele></trkpt>
     <trkpt lat="33.132108" lon="-117.335190"><ele>13.2</ele></trkpt>
     <trkpt lat="33.129994" lon="-117.333709"><ele>13.6</ele></trkpt>
     <trkpt lat="33.127881" lon="-117.332227"><ele>14.1</ele></trkpt>
     <trkpt lat="33.125768" lon="-117.330746"><ele>14.5</ele></trkpt>
     <trkpt lat="33.124474" lon="-117.329667"><ele>13.9</ele></trkpt>
     <trkpt lat="33.123179" lon="-117.328589"><ele>13.2</ele></trkpt>
     <trkpt lat="33.122398" lon="-117.327957"><ele>13.2</ele></trkpt>
     <trkpt lat="33.121944" lon="-117.327645"><ele>13.2</ele></trkpt>
     <trkpt lat="33.119771" lon="-117.326721"><ele>10.4</ele></trkpt>
     <trkpt lat="33.117597" lon="-117.325797"><ele>7.6</ele></trkpt>
     <trkpt lat="33.115424" lon="-117.324873"><ele>4.8</ele></trkpt>
     <trkpt lat="33.114200" lon="-117.324236"><ele>5.5</ele></trkpt>
     <trkpt lat="33.112414" lon="-117.323045"><ele>14.2</ele></trkpt>
     <trkpt lat="33.111710" lon="-117.322637"><ele>17.5</ele></trkpt>
     <trkpt lat="33.110825" lon="-117.322243"><ele>20.5</ele></trkpt>
     <trkpt lat="33.108804" lon="-117.321433"><ele>19.6</ele></trkpt>
     <trkpt lat="33.106783" lon="-117.320624"><ele>18.8</ele></trkpt>
     <trkpt lat="33.104951" lon="-117.319602"><ele>19.2</ele></trkpt>
     <trkpt lat="33.103161" lon="-117.318836"><ele>18.1</ele></trkpt>
     <trkpt lat="33.101371" lon="-117.318069"><ele>16.9</ele></trkpt>
     <trkpt lat="33.099581" lon="-117.317303"><ele>15.8</ele></trkpt>
     <trkpt lat="33.097509" lon="-117.316680"><ele>13.8</ele></trkpt>
     <trkpt lat="33.095223" lon="-117.315677"><ele>11.5</ele></trkpt>
     <trkpt lat="33.093469" lon="-117.314947"><ele>11.6</ele></trkpt>
     <trkpt lat="33.091714" lon="-117.314217"><ele>11.8</ele></trkpt>
     <trkpt lat="33.089366" lon="-117.313352"><ele>8.4</ele></trkpt>
     <trkpt lat="33.087018" lon="-117.312487"><ele>5.0</ele></trkpt>
     <trkpt lat="33.085652" lon="-117.311891"><ele>7.2</ele></trkpt>
     <trkpt lat="33.084915" lon="-117.311378"><ele>8.2</ele></trkpt>
     <trkpt lat="33.084329" lon="-117.310819"><ele>9.5</ele></trkpt>
     <trkpt lat="33.082829" lon="-117.309162"><ele>13.5</ele></trkpt>
     <trkpt lat="33.082475" lon="-117.308842"><ele>15.8</ele></trkpt>
     <trkpt lat="33.081679" lon="-117.308276"><ele>19.5</ele></trkpt>
     <trkpt lat="33.081019" lon="-117.307921"><ele>20.0</ele></trkpt>
     <trkpt lat="33.079122" lon="-117.307245"><ele>21.0</ele></trkpt>
     <trkpt lat="33.076767" lon="-117.306470"><ele>20.8</ele></trkpt>
     <trkpt lat="33.074413" lon="-117.305694"><ele>20.7</ele></trkpt>
     <trkpt lat="33.072058" lon="-117.304919"><ele>20.5</ele></trkpt>
     <trkpt lat="33.070685" lon="-117.304410"><ele>19.2</ele></trkpt>
     <trkpt lat="33.068151" lon="-117.303574"><ele>19.8</ele></trkpt>
     <trkpt lat="33.065616" lon="-117.302738"><ele>20.2</ele></trkpt>
     <trkpt lat="33.063713" lon="-117.302064"><ele>20.0</ele></trkpt>
     <trkpt lat="33.061811" lon="-117.301390"><ele>19.8</ele></trkpt>
     <trkpt lat="33.060722" lon="-117.300860"><ele>21.8</ele></trkpt>
     <trkpt lat="33.060670" lon="-117.300790"><ele>21.8</ele></trkpt>
     <trkpt lat="33.059434" lon="-117.300069"><ele>22.0</ele></trkpt>
     <trkpt lat="33.058182" lon="-117.299278"><ele>21.0</ele></trkpt>
     <trkpt lat="33.056930" lon="-117.298487"><ele>20.0</ele></trkpt>
     <trkpt lat="33.056751" lon="-117.298411"><ele>19.2</ele></trkpt>
     <trkpt lat="33.056624" lon="-117.298406"><ele>19.0</ele></trkpt>
     <trkpt lat="33.056527" lon="-117.298248"><ele>19.2</ele></trkpt>
     <trkpt lat="33.056428" lon="-117.298167"><ele>19.8</ele></trkpt>
     <trkpt lat="33.054091" lon="-117.296625"><ele>22.8</ele></trkpt>
     <trkpt lat="33.051754" lon="-117.295082"><ele>25.8</ele></trkpt>
     <trkpt lat="33.051170" lon="-117.294746"><ele>25.2</ele></trkpt>
     <trkpt lat="33.050518" lon="-117.294502"><ele>24.2</ele></trkpt>
     <trkpt lat="33.049934" lon="-117.294360"><ele>22.2</ele></trkpt>
     <trkpt lat="33.048771" lon="-117.294189"><ele>17.8</ele></trkpt>
     <trkpt lat="33.048685" lon="-117.294253"><ele>17.5</ele></trkpt>
     <trkpt lat="33.047969" lon="-117.294129"><ele>18.5</ele></trkpt>
     <trkpt lat="33.046098" lon="-117.293908"><ele>23.8</ele></trkpt>
     <trkpt lat="33.045845" lon="-117.293834"><ele>24.2</ele></trkpt>
     <trkpt lat="33.043334" lon="-117.293494"><ele>24.3</ele></trkpt>
     <trkpt lat="33.040824" lon="-117.293155"><ele>24.4</ele></trkpt>
     <trkpt lat="33.038313" lon="-117.292815"><ele>24.5</ele></trkpt>
     <trkpt lat="33.037625" lon="-117.292670"><ele>23.8</ele></trkpt>
     <trkpt lat="33.036976" lon="-117.292397"><ele>24.2</ele></trkpt>
     <trkpt lat="33.035909" lon="-117.291847"><ele>23.5</ele></trkpt>
     <trkpt lat="33.035884" lon="-117.291915"><ele>23.5</ele></trkpt>
     <trkpt lat="33.035545" lon="-117.291774"><ele>23.8</ele></trkpt>
     <trkpt lat="33.033450" lon="-117.290662"><ele>20.5</ele></trkpt>
     <trkpt lat="33.031354" lon="-117.289550"><ele>17.2</ele></trkpt>
     <trkpt lat="33.029397" lon="-117.288552"><ele>16.8</ele></trkpt>
     <trkpt lat="33.027440" lon="-117.287553"><ele>16.2</ele></trkpt>
     <trkpt lat="33.026319" lon="-117.286904"><ele>16.0</ele></trkpt>
     <trkpt lat="33.024160" lon="-117.285565"><ele>17.4</ele></trkpt>
     <trkpt lat="33.022001" lon="-117.284225"><ele>18.8</ele></trkpt>
     <trkpt lat="33.021589" lon="-117.284022"><ele>19.2</ele></trkpt>
     <trkpt lat="33.019681" lon="-117.282824"><ele>12.2</ele></trkpt>
     <trkpt lat="33.018133" lon="-117.282007"><ele>8.2</ele></trkpt>
     <trkpt lat="33.016038" lon="-117.281052"><ele>5.0</ele></trkpt>
     <trkpt lat="33.013806" lon="-117.280116"><ele>4.2</ele></trkpt>
     <trkpt lat="33.012785" lon="-117.279760"><ele>4.8</ele></trkpt>
     <trkpt lat="33.011905" lon="-117.279526"><ele>3.5</ele></trkpt>
     <trkpt lat="33.011812" lon="-117.279545"><ele>3.2</ele></trkpt>
     <trkpt lat="33.010323" lon="-117.279195"><ele>4.6</ele></trkpt>
     <trkpt lat="33.008835" lon="-117.278845"><ele>6.0</ele></trkpt>
     <trkpt lat="33.008767" lon="-117.278797"><ele>6.0</ele></trkpt>
     <trkpt lat="33.007356" lon="-117.278497"><ele>7.8</ele></trkpt>
     <trkpt lat="33.005181" lon="-117.278247"><ele>10.2</ele></trkpt>
     <trkpt lat="33.004378" lon="-117.278106"><ele>11.2</ele></trkpt>
     <trkpt lat="33.003185" lon="-117.277701"><ele>12.8</ele></trkpt>
     <trkpt lat="33.002264" lon="-117.277208"><ele>14.0</ele></trkpt>
     <trkpt lat="33.001728" lon="-117.276840"><ele>14.8</ele></trkpt>
     <trkpt lat="33.001501" lon="-117.276530"><ele>15.2</ele></trkpt>
     <trkpt lat="33.000162" lon="-117.275230"><ele>16.8</ele></trkpt>
     <trkpt lat="32.999875" lon="-117.274994"><ele>16.2</ele></trkpt>
     <trkpt lat="32.998829" lon="-117.274382"><ele>17.2</ele></trkpt>
     <trkpt lat="32.997292" lon="-117.273627"><ele>18.1</ele></trkpt>
     <trkpt lat="32.995754" lon="-117.272871"><ele>19.0</ele></trkpt>
     <trkpt lat="32.994772" lon="-117.272453"><ele>18.8</ele></trkpt>
     <trkpt lat="32.992572" lon="-117.271917"><ele>19.6</ele></trkpt>
     <trkpt lat="32.990373" lon="-117.271381"><ele>20.5</ele></trkpt>
     <trkpt lat="32.988073" lon="-117.270844"><ele>20.8</ele></trkpt>
     <trkpt lat="32.985774" lon="-117.270307"><ele>21.1</ele></trkpt>
     <trkpt lat="32.983474" lon="-117.269769"><ele>21.4</ele></trkpt>
     <trkpt lat="32.981174" lon="-117.269232"><ele>21.8</ele></trkpt>
     <trkpt lat="32.980757" lon="-117.269173"><ele>22.5</ele></trkpt>
     <trkpt lat="32.979924" lon="-117.269172"><ele>19.8</ele></trkpt>
     <trkpt lat="32.977926" lon="-117.269329"><ele>11.5</ele></trkpt>
     <trkpt lat="32.977378" lon="-117.269342"><ele>8.2</ele></trkpt>
     <trkpt lat="32.976726" lon="-117.269280"><ele>4.8</ele></trkpt>
     <trkpt lat="32.974534" lon="-117.268928"><ele>4.8</ele></trkpt>
     <trkpt lat="32.972342" lon="-117.268576"><ele>4.8</ele></trkpt>
     <trkpt lat="32.970639" lon="-117.268218"><ele>3.9</ele></trkpt>
     <trkpt lat="32.968937" lon="-117.267861"><ele>3.0</ele></trkpt>
     <trkpt lat="32.968113" lon="-117.267505"><ele>4.2</ele></trkpt>
     <trkpt lat="32.967413" lon="-117.267085"><ele>5.2</ele></trkpt>
     <trkpt lat="32.965602" lon="-117.265575"><ele>16.2</ele></trkpt>
     <trkpt lat="32.965163" lon="-117.265337"><ele>21.0</ele></trkpt>
     <trkpt lat="32.964834" lon="-117.265242"><ele>21.8</ele></trkpt>
     <trkpt lat="32.964515" lon="-117.265216"><ele>23.0</ele></trkpt>
     <trkpt lat="32.962287" lon="-117.265301"><ele>28.8</ele></trkpt>
     <trkpt lat="32.960059" lon="-117.265387"><ele>34.5</ele></trkpt>
     <trkpt lat="32.959757" lon="-117.265374"><ele>34.8</ele></trkpt>
     <trkpt lat="32.959229" lon="-117.265262"><ele>35.2</ele></trkpt>
     <trkpt lat="32.957260" lon="-117.264526"><ele>39.7</ele></trkpt>
     <trkpt lat="32.955291" lon="-117.263791"><ele>44.1</ele></trkpt>
     <trkpt lat="32.953322" lon="-117.263055"><ele>48.5</ele></trkpt>
     <trkpt lat="32.951215" lon="-117.262207"><ele>51.2</ele></trkpt>
     <trkpt lat="32.949658" lon="-117.261631"><ele>54.8</ele></trkpt>
     <trkpt lat="32.948101" lon="-117.261055"><ele>58.2</ele></trkpt>
     <trkpt lat="32.946623" lon="-117.260457"><ele>64.5</ele></trkpt>
     <trkpt lat="32.945890" lon="-117.260246"><ele>65.0</ele></trkpt>
     <trkpt lat="32.945085" lon="-117.260203"><ele>64.5</ele></trkpt>
     <trkpt lat="32.944466" lon="-117.260295"><ele>60.2</ele></trkpt>
     <trkpt lat="32.942624" lon="-117.260953"><ele>44.5</ele></trkpt>
     <trkpt lat="32.941825" lon="-117.261140"><ele>43.5</ele></trkpt>
     <trkpt lat="32.941502" lon="-117.261180"><ele>42.0</ele></trkpt>
     <trkpt lat="32.939633" lon="-117.261219"><ele>28.1</ele></trkpt>
     <trkpt lat="32.937765" lon="-117.261259"><ele>14.2</ele></trkpt>
     <trkpt lat="32.937333" lon="-117.261203"><ele>12.0</ele></trkpt>
     <trkpt lat="32.935366" lon="-117.260755"><ele>9.0</ele></trkpt>
     <trkpt lat="32.933398" lon="-117.260308"><ele>6.0</ele></trkpt>
     <trkpt lat="32.931584" lon="-117.260058"><ele>4.5</ele></trkpt>
     <trkpt lat="32.929770" lon="-117.259809"><ele>3.0</ele></trkpt>
     <trkpt lat="32.929211" lon="-117.259694"><ele>1.8</ele></trkpt>
     <trkpt lat="32.928475" lon="-117.259358"><ele>3.8</ele></trkpt>
     <trkpt lat="32.927888" lon="-117.258925"><ele>4.8</ele></trkpt>
     <trkpt lat="32.927322" lon="-117.258320"><ele>8.8</ele></trkpt>
     <trkpt lat="32.926707" lon="-117.257549"><ele>17.2</ele></trkpt>
     <trkpt lat="32.925584" lon="-117.256047"><ele>30.2</ele></trkpt>
     <trkpt lat="32.924461" lon="-117.254545"><ele>43.2</ele></trkpt>
     <trkpt lat="32.924199" lon="-117.254121"><ele>45.8</ele></trkpt>
     <trkpt lat="32.923451" lon="-117.252642"><ele>52.6</ele></trkpt>
     <trkpt lat="32.922703" lon="-117.251163"><ele>59.5</ele></trkpt>
     <trkpt lat="32.922232" lon="-117.250512"><ele>59.2</ele></trkpt>
     <trkpt lat="32.921738" lon="-117.250003"><ele>63.0</ele></trkpt>
     <trkpt lat="32.921121" lon="-117.249563"><ele>68.0</ele></trkpt>
     <trkpt lat="32.920609" lon="-117.249319"><ele>76.5</ele></trkpt>
     <trkpt lat="32.920069" lon="-117.249147"><ele>85.5</ele></trkpt>
     <trkpt lat="32.918787" lon="-117.248904"><ele>91.2</ele></trkpt>
     <trkpt lat="32.917730" lon="-117.248479"><ele>93.5</ele></trkpt>
     <trkpt lat="32.917073" lon="-117.248061"><ele>96.5</ele></trkpt>
     <trkpt lat="32.915655" lon="-117.246935"><ele>107.2</ele></trkpt>
     <trkpt lat="32.914238" lon="-117.245808"><ele>118.0</ele></trkpt>
     <trkpt lat="32.913806" lon="-117.245515"><ele>119.0</ele></trkpt>
     <trkpt lat="32.913424" lon="-117.245322"><ele>121.5</ele></trkpt>
     <trkpt lat="32.912847" lon="-117.245131"><ele>126.2</ele></trkpt>
     <trkpt lat="32.910365" lon="-117.244615"><ele>127.1</ele></trkpt>
     <trkpt lat="32.907882" lon="-117.244098"><ele>127.9</ele></trkpt>
     <trkpt lat="32.905400" lon="-117.243582"><ele>128.8</ele></trkpt>
     <trkpt lat="32.902918" lon="-117.243066"><ele>129.6</ele></trkpt>
     <trkpt lat="32.900435" lon="-117.242549"><ele>130.5</ele></trkpt>
     <trkpt lat="32.897953" lon="-117.242033"><ele>131.3</ele></trkpt>
     <trkpt lat="32.895470" lon="-117.241516"><ele>132.2</ele></trkpt>
     <trkpt lat="32.892988" lon="-117.241000"><ele>133.0</ele></trkpt>
     <trkpt lat="32.892379" lon="-117.240798"><ele>130.8</ele></trkpt>
     <trkpt lat="32.891906" lon="-117.240482"><ele>129.2</ele></trkpt>
     <trkpt lat="32.891258" lon="-117.241452"><ele>131.0</ele></trkpt>
     <trkpt lat="32.890899" lon="-117.241878"><ele>129.0</ele></trkpt>
     <trkpt lat="32.890570" lon="-117.242165"><ele>127.0</ele></trkpt>
     <trkpt lat="32.889434" lon="-117.242923"><ele>121.8</ele></trkpt>
     <trkpt lat="32.888795" lon="-117.243292"><ele>120.5</ele></trkpt>
     <trkpt lat="32.888030" lon="-117.243631"><ele>118.5</ele></trkpt>
     <trkpt lat="32.887414" lon="-117.243810"><ele>116.8</ele></trkpt>
     <trkpt lat="32.886551" lon="-117.243914"><ele>113.8</ele></trkpt>
     <trkpt lat="32.884084" lon="-117.243972"><ele>113.8</ele></trkpt>
     <trkpt lat="32.881952" lon="-117.243981"><ele>117.0</ele></trkpt>
     <trkpt lat="32.879820" lon="-117.243991"><ele>120.2</ele></trkpt>
     <trkpt lat="32.877688" lon="-117.244000"><ele>123.5</ele></trkpt>
     <trkpt lat="32.875949" lon="-117.243761"><ele>124.8</ele></trkpt>
     <trkpt lat="32.875549" lon="-117.243747"><ele>124.8</ele></trkpt>
     <trkpt lat="32.875186" lon="-117.244217"><ele>122.8</ele></trkpt>
     <trkpt lat="32.874969" lon="-117.244433"><ele>121.8</ele></trkpt>
     <trkpt lat="32.874664" lon="-117.244656"><ele>121.0</ele></trkpt>
     <trkpt lat="32.874245" lon="-117.244847"><ele>120.5</ele></trkpt>
     <trkpt lat="32.873229" lon="-117.245142"><ele>119.5</ele></trkpt>
     <trkpt lat="32.872266" lon="-117.245519"><ele>120.5</ele></trkpt>
     <trkpt lat="32.871887" lon="-117.245739"><ele>121.2</ele></trkpt>
     <trkpt lat="32.871726" lon="-117.245956"><ele>121.5</ele></trkpt>
     <trkpt lat="32.871624" lon="-117.246188"><ele>121.5</ele></trkpt>
     <trkpt lat="32.871479" lon="-117.247121"><ele>120.8</ele></trkpt>
     <trkpt lat="32.871365" lon="-117.247406"><ele>120.5</ele></trkpt>
     <trkpt lat="32.871216" lon="-117.247632"><ele>119.5</ele></trkpt>
     <trkpt lat="32.870986" lon="-117.247852"><ele>118.2</ele></trkpt>
     <trkpt lat="32.870791" lon="-117.247973"><ele>117.5</ele></trkpt>
     <trkpt lat="32.869487" lon="-117.248470"><ele>111.5</ele></trkpt>
     <trkpt lat="32.869393" lon="-117.248517"><ele>111.0</ele></trkpt>
     <trkpt lat="32.869229" lon="-117.248692"><ele>108.5</ele></trkpt>
     <trkpt lat="32.869142" lon="-117.248904"><ele>106.0</ele></trkpt>
     <trkpt lat="32.869123" lon="-117.249077"><ele>103.8</ele></trkpt>
     <trkpt lat="32.869162" lon="-117.249299"><ele>100.5</ele></trkpt>
     <trkpt lat="32.869288" lon="-117.249532"><ele>96.5</ele></trkpt>
     <trkpt lat="32.869468" lon="-117.249660"><ele>93.5</ele></trkpt>
     <trkpt lat="32.870195" lon="-117.249937"><ele>87.8</ele></trkpt>
     <trkpt lat="32.870848" lon="-117.250403"><ele>88.8</ele></trkpt>
     <trkpt lat="32.870966" lon="-117.250540"><ele>87.2</ele></trkpt>
     <trkpt lat="32.871061" lon="-117.250787"><ele>83.8</ele></trkpt>
     <trkpt lat="32.871049" lon="-117.251090"><ele>79.2</ele></trkpt>
     <trkpt lat="32.870942" lon="-117.251318"><ele>75.8</ele></trkpt>
     <trkpt lat="32.870726" lon="-117.251489"><ele>72.0</ele></trkpt>
     <trkpt lat="32.868925" lon="-117.251731"><ele>58.5</ele></trkpt>
     <trkpt lat="32.866632" lon="-117.252286"><ele>38.5</ele></trkpt>
     <trkpt lat="32.866374" lon="-117.252311"><ele>37.0</ele></trkpt>
     <trkpt lat="32.865305" lon="-117.252240"><ele>35.5</ele></trkpt>
     <trkpt lat="32.864897" lon="-117.252255"><ele>33.5</ele></trkpt>
     <trkpt lat="32.864456" lon="-117.252399"><ele>28.0</ele></trkpt>
     <trkpt lat="32.863525" lon="-117.253106"><ele>20.0</ele></trkpt>
     <trkpt lat="32.863363" lon="-117.253194"><ele>19.8</ele></trkpt>
     <trkpt lat="32.863107" lon="-117.253259"><ele>19.0</ele></trkpt>
     <trkpt lat="32.860893" lon="-117.253388"><ele>18.4</ele></trkpt>
     <trkpt lat="32.858679" lon="-117.253518"><ele>17.9</ele></trkpt>
     <trkpt lat="32.856464" lon="-117.253647"><ele>17.4</ele></trkpt>
     <trkpt lat="32.854250" lon="-117.253777"><ele>16.8</ele></trkpt>
     <trkpt lat="32.852036" lon="-117.253906"><ele>16.2</ele></trkpt>
     <trkpt lat="32.851340" lon="-117.254212"><ele>17.5</ele></trkpt>
     <trkpt lat="32.851053" lon="-117.254417"><ele>17.5</ele></trkpt>
     <trkpt lat="32.850660" lon="-117.254819"><ele>18.8</ele></trkpt>
     <trkpt lat="32.850476" lon="-117.255086"><ele>19.8</ele></trkpt>
     <trkpt lat="32.849932" lon="-117.256844"><ele>25.0</ele></trkpt>
     <trkpt lat="32.849872" lon="-117.257395"><ele>28.0</ele></trkpt>
     <trkpt lat="32.849940" lon="-117.258423"><ele>32.5</ele></trkpt>
     <trkpt lat="32.849918" lon="-117.258852"><ele>34.5</ele></trkpt>
     <trkpt lat="32.849774" lon="-117.260586"><ele>36.2</ele></trkpt>
     <trkpt lat="32.849662" lon="-117.261252"><ele>35.5</ele></trkpt>
     <trkpt lat="32.849528" lon="-117.261590"><ele>35.0</ele></trkpt>
     <trkpt lat="32.848887" lon="-117.262775"><ele>32.8</ele></trkpt>
     <trkpt lat="32.848670" lon="-117.263333"><ele>31.0</ele></trkpt>
     <trkpt lat="32.848184" lon="-117.264914"><ele>39.0</ele></trkpt>
     <trkpt lat="32.847872" lon="-117.266467"><ele>40.2</ele></trkpt>
     <trkpt lat="32.847606" lon="-117.266972"><ele>44.8</ele></trkpt>
     <trkpt lat="32.847373" lon="-117.267255"><ele>48.0</ele></trkpt>
     <trkpt lat="32.847176" lon="-117.267372"><ele>49.8</ele></trkpt>
     <trkpt lat="32.847569" lon="-117.267906"><ele>45.8</ele></trkpt>
     <trkpt lat="32.847713" lon="-117.268313"><ele>45.2</ele></trkpt>
     <trkpt lat="32.847974" lon="-117.268856"><ele>43.8</ele></trkpt>
     <trkpt lat="32.848272" lon="-117.269787"><ele>40.0</ele></trkpt>
     <trkpt lat="32.848365" lon="-117.269921"><ele>39.0</ele></trkpt>
     <trkpt lat="32.848520" lon="-117.270379"><ele>38.0</ele></trkpt>
     <trkpt lat="32.849013" lon="-117.270394"><ele>35.5</ele></trkpt>
     <trkpt lat="32.849240" lon="-117.270478"><ele>29.0</ele></trkpt>
     <trkpt lat="32.849748" lon="-117.270867"><ele>13.5</ele></trkpt>
     <trkpt lat="32.850011" lon="-117.271191"><ele>9.8</ele></trkpt>
     <trkpt lat="32.850076" lon="-117.271363"><ele>8.2</ele></trkpt>
     <trkpt lat="32.849933" lon="-117.271831"><ele>5.8</ele></trkpt>
     <trkpt lat="32.849936" lon="-117.271980"><ele>8.2</ele></trkpt>
     <trkpt lat="32.850084" lon="-117.272902"><ele>13.0</ele></trkpt>
     <trkpt lat="32.850058" lon="-117.273143"><ele>14.0</ele></trkpt>
     <trkpt lat="32.849762" lon="-117.273736"><ele>17.0</ele></trkpt>
     <trkpt lat="32.849387" lon="-117.274182"><ele>19.8</ele></trkpt>
     <trkpt lat="32.849212" lon="-117.274285"><ele>20.8</ele></trkpt>
     <trkpt lat="32.848950" lon="-117.274324"><ele>23.2</ele></trkpt>
     <trkpt lat="32.848296" lon="-117.274238"><ele>30.5</ele></trkpt>
     <trkpt lat="32.847972" lon="-117.274245"><ele>32.2</ele></trkpt>
     <trkpt lat="32.847495" lon="-117.274685"><ele>33.8</ele></trkpt>
     <trkpt lat="32.847267" lon="-117.275007"><ele>32.8</ele></trkpt>
     <trkpt lat="32.847126" lon="-117.275091"><ele>32.8</ele></trkpt>
     <trkpt lat="32.846769" lon="-117.275145"><ele>32.2</ele></trkpt>
     <trkpt lat="32.846584" lon="-117.275307"><ele>31.8</ele></trkpt>
     <trkpt lat="32.846409" lon="-117.275737"><ele>30.2</ele></trkpt>
     <trkpt lat="32.844144" lon="-117.274996"><ele>34.0</ele></trkpt>
     <trkpt lat="32.841878" lon="-117.274255"><ele>37.9</ele></trkpt>
     <trkpt lat="32.839613" lon="-117.273513"><ele>41.6</ele></trkpt>
     <trkpt lat="32.837347" lon="-117.272772"><ele>45.5</ele></trkpt>
     <trkpt lat="32.835082" lon="-117.272031"><ele>49.2</ele></trkpt>
     <trkpt lat="32.834849" lon="-117.271948"><ele>49.5</ele></trkpt>
     <trkpt lat="32.833975" lon="-117.271408"><ele>54.5</ele></trkpt>
     <trkpt lat="32.833437" lon="-117.271234"><ele>55.8</ele></trkpt>
     <trkpt lat="32.833201" lon="-117.271218"><ele>55.8</ele></trkpt>
     <trkpt lat="32.832734" lon="-117.271286"><ele>55.2</ele></trkpt>
     <trkpt lat="32.832820" lon="-117.271561"><ele>52.2</ele></trkpt>
     <trkpt lat="32.832861" lon="-117.271848"><ele>49.8</ele></trkpt>
     <trkpt lat="32.831931" lon="-117.272219"><ele>48.0</ele></trkpt>
     <trkpt lat="32.831656" lon="-117.272243"><ele>48.0</ele></trkpt>
     <trkpt lat="32.831124" lon="-117.272154"><ele>51.0</ele></trkpt>
     <trkpt lat="32.830815" lon="-117.272161"><ele>52.0</ele></trkpt>
     <trkpt lat="32.830297" lon="-117.272446"><ele>51.2</ele></trkpt>
     <trkpt lat="32.829028" lon="-117.272865"><ele>45.0</ele></trkpt>
     <trkpt lat="32.828458" lon="-117.272903"><ele>42.8</ele></trkpt>
     <trkpt lat="32.827928" lon="-117.273157"><ele>41.5</ele></trkpt>
     <trkpt lat="32.827149" lon="-117.273434"><ele>42.5</ele></trkpt>
     <trkpt lat="32.826665" lon="-117.273734"><ele>42.2</ele></trkpt>
     <trkpt lat="32.825675" lon="-117.274165"><ele>37.0</ele></trkpt>
     <trkpt lat="32.824694" lon="-117.274354"><ele>35.8</ele></trkpt>
     <trkpt lat="32.823731" lon="-117.274391"><ele>32.2</ele></trkpt>
     <trkpt lat="32.823427" lon="-117.274330"><ele>31.5</ele></trkpt>
     <trkpt lat="32.823185" lon="-117.274887"><ele>29.2</ele></trkpt>
     <trkpt lat="32.823109" lon="-117.275330"><ele>28.5</ele></trkpt>
     <trkpt lat="32.821390" lon="-117.274257"><ele>27.2</ele></trkpt>
     <trkpt lat="32.819670" lon="-117.273183"><ele>26.0</ele></trkpt>
     <trkpt lat="32.817951" lon="-117.272110"><ele>24.8</ele></trkpt>
     <trkpt lat="32.817635" lon="-117.271965"><ele>24.8</ele></trkpt>
     <trkpt lat="32.817531" lon="-117.271958"><ele>24.5</ele></trkpt>
     <trkpt lat="32.817498" lon="-117.271887"><ele>24.8</ele></trkpt>
     <trkpt lat="32.816842" lon="-117.271434"><ele>27.0</ele></trkpt>
     <trkpt lat="32.815812" lon="-117.270798"><ele>26.0</ele></trkpt>
     <trkpt lat="32.815584" lon="-117.270747"><ele>25.8</ele></trkpt>
     <trkpt lat="32.815382" lon="-117.270541"><ele>26.0</ele></trkpt>
     <trkpt lat="32.813849" lon="-117.269554"><ele>24.5</ele></trkpt>
     <trkpt lat="32.813775" lon="-117.269573"><ele>24.2</ele></trkpt>
     <trkpt lat="32.812503" lon="-117.268339"><ele>23.8</ele></trkpt>
     <trkpt lat="32.812360" lon="-117.268292"><ele>23.8</ele></trkpt>
     <trkpt lat="32.812321" lon="-117.268146"><ele>24.2</ele></trkpt>
     <trkpt lat="32.812220" lon="-117.267991"><ele>24.5</ele></trkpt>
     <trkpt lat="32.811219" lon="-117.266816"><ele>26.2</ele></trkpt>
     <trkpt lat="32.811096" lon="-117.266756"><ele>26.2</ele></trkpt>
     <trkpt lat="32.811019" lon="-117.266585"><ele>26.2</ele></trkpt>
     <trkpt lat="32.810767" lon="-117.266253"><ele>25.5</ele></trkpt>
     <trkpt lat="32.809501" lon="-117.264760"><ele>24.2</ele></trkpt>
     <trkpt lat="32.808235" lon="-117.263268"><ele>23.0</ele></trkpt>
     <trkpt lat="32.808081" lon="-117.262941"><ele>24.2</ele></trkpt>
     <trkpt lat="32.807968" lon="-117.262564"><ele>25.8</ele></trkpt>
     <trkpt lat="32.807951" lon="-117.262117"><ele>27.0</ele></trkpt>
     <trkpt lat="32.807868" lon="-117.261749"><ele>27.5</ele></trkpt>
     <trkpt lat="32.807726" lon="-117.261425"><ele>28.0</ele></trkpt>
     <trkpt lat="32.806828" lon="-117.260296"><ele>27.8</ele></trkpt>
     <trkpt lat="32.806051" lon="-117.259436"><ele>26.0</ele></trkpt>
     <trkpt lat="32.805816" lon="-117.259209"><ele>25.8</ele></trkpt>
     <trkpt lat="32.804945" lon="-117.258538"><ele>25.2</ele></trkpt>
     <trkpt lat="32.804895" lon="-117.258312"><ele>25.5</ele></trkpt>
     <trkpt lat="32.804981" lon="-117.258072"><ele>25.8</ele></trkpt>
     <trkpt lat="32.803568" lon="-117.257637"><ele>22.5</ele></trkpt>
     <trkpt lat="32.802155" lon="-117.257202"><ele>19.2</ele></trkpt>
     <trkpt lat="32.801860" lon="-117.258624"><ele>12.8</ele></trkpt>
     <trkpt lat="32.801829" lon="-117.258909"><ele>11.0</ele></trkpt>
     <trkpt lat="32.801685" lon="-117.259072"><ele>9.5</ele></trkpt>
     <trkpt lat="32.801584" lon="-117.259108"><ele>8.8</ele></trkpt>
     <trkpt lat="32.800171" lon="-117.258465"><ele>8.9</ele></trkpt>
     <trkpt lat="32.798759" lon="-117.257822"><ele>9.0</ele></trkpt>
     <trkpt lat="32.798518" lon="-117.257584"><ele>8.2</ele></trkpt>
     <trkpt lat="32.798093" lon="-117.257474"><ele>7.8</ele></trkpt>
     <trkpt lat="32.798055" lon="-117.257347"><ele>7.8</ele></trkpt>
     <trkpt lat="32.797822" lon="-117.257243"><ele>7.8</ele></trkpt>
     <trkpt lat="32.797337" lon="-117.257065"><ele>6.5</ele></trkpt>
     <trkpt lat="32.797281" lon="-117.257133"><ele>6.0</ele></trkpt>
     <trkpt lat="32.797186" lon="-117.257119"><ele>5.5</ele></trkpt>
     <trkpt lat="32.797131" lon="-117.257000"><ele>5.8</ele></trkpt>
     <trkpt lat="32.796847" lon="-117.256852"><ele>5.2</ele></trkpt>
     <trkpt lat="32.796043" lon="-117.256576"><ele>6.5</ele></trkpt>
     <trkpt lat="32.795953" lon="-117.256625"><ele>6.8</ele></trkpt>
     <trkpt lat="32.795518" lon="-117.256470"><ele>5.8</ele></trkpt>
     <trkpt lat="32.795482" lon="-117.256424"><ele>5.8</ele></trkpt>
     <trkpt lat="32.795379" lon="-117.256458"><ele>5.5</ele></trkpt>
     <trkpt lat="32.795311" lon="-117.256365"><ele>5.2</ele></trkpt>
     <trkpt lat="32.794408" lon="-117.256046"><ele>3.5</ele></trkpt>
     <trkpt lat="32.794299" lon="-117.256057"><ele>3.5</ele></trkpt>
     <trkpt lat="32.793492" lon="-117.255891"><ele>2.0</ele></trkpt>
     <trkpt lat="32.793396" lon="-117.255854"><ele>1.8</ele></trkpt>
     <trkpt lat="32.793385" lon="-117.255783"><ele>1.8</ele></trkpt>
     <trkpt lat="32.793332" lon="-117.255758"><ele>1.8</ele></trkpt>
     <trkpt lat="32.791374" lon="-117.255373"><ele>2.2</ele></trkpt>
     <trkpt lat="32.789438" lon="-117.254849"><ele>2.5</ele></trkpt>
     <trkpt lat="32.788428" lon="-117.254621"><ele>2.5</ele></trkpt>
     <trkpt lat="32.786335" lon="-117.254229"><ele>2.6</ele></trkpt>
     <trkpt lat="32.784242" lon="-117.253837"><ele>2.8</ele></trkpt>
     <trkpt lat="32.782441" lon="-117.253552"><ele>3.8</ele></trkpt>
     <trkpt lat="32.782737" lon="-117.251229"><ele>2.2</ele></trkpt>
     <trkpt lat="32.783521" lon="-117.251354"><ele>2.0</ele></trkpt>
     <trkpt lat="32.784199" lon="-117.251533"><ele>1.8</ele></trkpt>
     <trkpt lat="32.786567" lon="-117.252515"><ele>1.2</ele></trkpt>
     <trkpt lat="32.787033" lon="-117.252663"><ele>1.5</ele></trkpt>
     <trkpt lat="32.787262" lon="-117.252632"><ele>1.8</ele></trkpt>
     <trkpt lat="32.787514" lon="-117.252496"><ele>2.0</ele></trkpt>
     <trkpt lat="32.788339" lon="-117.252488"><ele>5.5</ele></trkpt>
     <trkpt lat="32.788789" lon="-117.252585"><ele>4.5</ele></trkpt>
     <trkpt lat="32.788912" lon="-117.252559"><ele>4.2</ele></trkpt>
     <trkpt lat="32.789046" lon="-117.252391"><ele>4.2</ele></trkpt>
     <trkpt lat="32.789237" lon="-117.252250"><ele>4.0</ele></trkpt>
     <trkpt lat="32.789972" lon="-117.251322"><ele>6.5</ele></trkpt>
     <trkpt lat="32.790275" lon="-117.250780"><ele>5.2</ele></trkpt>
     <trkpt lat="32.790599" lon="-117.250366"><ele>4.2</ele></trkpt>
     <trkpt lat="32.791631" lon="-117.250693"><ele>4.5</ele></trkpt>
     <trkpt lat="32.792268" lon="-117.247795"><ele>7.1</ele></trkpt>
     <trkpt lat="32.792904" lon="-117.244897"><ele>9.7</ele></trkpt>
     <trkpt lat="32.793541" lon="-117.241999"><ele>12.2</ele></trkpt>
     <trkpt lat="32.793534" lon="-117.241893"><ele>12.8</ele></trkpt>
     <trkpt lat="32.793412" lon="-117.241814"><ele>13.0</ele></trkpt>
     <trkpt lat="32.793415" lon="-117.241635"><ele>14.0</ele></trkpt>
     <trkpt lat="32.793883" lon="-117.239451"><ele>15.4</ele></trkpt>
     <trkpt lat="32.794350" lon="-117.237267"><ele>16.8</ele></trkpt>
     <trkpt lat="32.794717" lon="-117.235697"><ele>17.5</ele></trkpt>
     <trkpt lat="32.794966" lon="-117.235350"><ele>16.5</ele></trkpt>
     <trkpt lat="32.795431" lon="-117.233321"><ele>12.0</ele></trkpt>
     <trkpt lat="32.795895" lon="-117.231293"><ele>7.5</ele></trkpt>
     <trkpt lat="32.796085" lon="-117.230620"><ele>5.0</ele></trkpt>
     <trkpt lat="32.796634" lon="-117.228129"><ele>4.0</ele></trkpt>
     <trkpt lat="32.796595" lon="-117.228055"><ele>4.0</ele></trkpt>
     <trkpt lat="32.796602" lon="-117.227898"><ele>4.2</ele></trkpt>
     <trkpt lat="32.797038" lon="-117.225899"><ele>4.5</ele></trkpt>
     <trkpt lat="32.797042" lon="-117.225715"><ele>4.2</ele></trkpt>
     <trkpt lat="32.797113" lon="-117.225426"><ele>3.5</ele></trkpt>
     <trkpt lat="32.797209" lon="-117.225258"><ele>3.0</ele></trkpt>
     <trkpt lat="32.797595" lon="-117.223364"><ele>2.5</ele></trkpt>
     <trkpt lat="32.797953" lon="-117.221873"><ele>2.0</ele></trkpt>
     <trkpt lat="32.798314" lon="-117.220077"><ele>1.5</ele></trkpt>
     <trkpt lat="32.798338" lon="-117.219814"><ele>2.0</ele></trkpt>
     <trkpt lat="32.798392" lon="-117.219748"><ele>2.0</ele></trkpt>
     <trkpt lat="32.798649" lon="-117.218482"><ele>2.2</ele></trkpt>
     <trkpt lat="32.798739" lon="-117.217373"><ele>3.5</ele></trkpt>
     <trkpt lat="32.798719" lon="-117.215154"><ele>4.8</ele></trkpt>
     <trkpt lat="32.798700" lon="-117.212935"><ele>6.0</ele></trkpt>
     <trkpt lat="32.798541" lon="-117.212418"><ele>6.2</ele></trkpt>
     <trkpt lat="32.798283" lon="-117.211923"><ele>5.2</ele></trkpt>
     <trkpt lat="32.797941" lon="-117.211497"><ele>4.5</ele></trkpt>
     <trkpt lat="32.797894" lon="-117.211368"><ele>4.5</ele></trkpt>
     <trkpt lat="32.797119" lon="-117.210497"><ele>4.0</ele></trkpt>
     <trkpt lat="32.796167" lon="-117.209685"><ele>3.5</ele></trkpt>
     <trkpt lat="32.795459" lon="-117.209217"><ele>3.2</ele></trkpt>
     <trkpt lat="32.794650" lon="-117.208795"><ele>4.2</ele></trkpt>
     <trkpt lat="32.793402" lon="-117.208240"><ele>7.8</ele></trkpt>
     <trkpt lat="32.792832" lon="-117.208039"><ele>5.5</ele></trkpt>
     <trkpt lat="32.792388" lon="-117.207951"><ele>4.2</ele></trkpt>
     <trkpt lat="32.791975" lon="-117.208078"><ele>3.5</ele></trkpt>
     <trkpt lat="32.791754" lon="-117.208271"><ele>3.0</ele></trkpt>
     <trkpt lat="32.791046" lon="-117.209119"><ele>0.8</ele></trkpt>
     <trkpt lat="32.790856" lon="-117.209228"><ele>0.2</ele></trkpt>
     <trkpt lat="32.790593" lon="-117.209267"><ele>0.5</ele></trkpt>
     <trkpt lat="32.789948" lon="-117.209113"><ele>1.2</ele></trkpt>
     <trkpt lat="32.789624" lon="-117.208965"><ele>2.0</ele></trkpt>
     <trkpt lat="32.788574" lon="-117.207909"><ele>3.8</ele></trkpt>
     <trkpt lat="32.788252" lon="-117.207750"><ele>2.8</ele></trkpt>
     <trkpt lat="32.787983" lon="-117.207689"><ele>2.2</ele></trkpt>
     <trkpt lat="32.786031" lon="-117.207862"><ele>3.5</ele></trkpt>
     <trkpt lat="32.783884" lon="-117.208412"><ele>4.0</ele></trkpt>
     <trkpt lat="32.781736" lon="-117.208961"><ele>4.5</ele></trkpt>
     <trkpt lat="32.779589" lon="-117.209511"><ele>5.0</ele></trkpt>
     <trkpt lat="32.778919" lon="-117.209638"><ele>5.2</ele></trkpt>
     <trkpt lat="32.778074" lon="-117.209684"><ele>3.2</ele></trkpt>
     <trkpt lat="32.777448" lon="-117.209632"><ele>3.2</ele></trkpt>
     <trkpt lat="32.776651" lon="-117.209458"><ele>3.2</ele></trkpt>
     <trkpt lat="32.774314" lon="-117.208580"><ele>1.0</ele></trkpt>
     <trkpt lat="32.771866" lon="-117.207809"><ele>3.0</ele></trkpt>
     <trkpt lat="32.771454" lon="-117.207745"><ele>2.5</ele></trkpt>
     <trkpt lat="32.770343" lon="-117.207774"><ele>1.5</ele></trkpt>
     <trkpt lat="32.770064" lon="-117.207852"><ele>1.2</ele></trkpt>
     <trkpt lat="32.769840" lon="-117.208024"><ele>0.8</ele></trkpt>
     <trkpt lat="32.768914" lon="-117.209154"><ele>3.0</ele></trkpt>
     <trkpt lat="32.768742" lon="-117.209295"><ele>3.2</ele></trkpt>
     <trkpt lat="32.768440" lon="-117.209443"><ele>3.0</ele></trkpt>
     <trkpt lat="32.768245" lon="-117.209486"><ele>3.0</ele></trkpt>
     <trkpt lat="32.768018" lon="-117.209499"><ele>3.0</ele></trkpt>
     <trkpt lat="32.767668" lon="-117.209391"><ele>4.2</ele></trkpt>
     <trkpt lat="32.767461" lon="-117.209227"><ele>5.5</ele></trkpt>
     <trkpt lat="32.767271" lon="-117.208887"><ele>3.8</ele></trkpt>
     <trkpt lat="32.766999" lon="-117.208044"><ele>3.8</ele></trkpt>
     <trkpt lat="32.766503" lon="-117.206217"><ele>5.8</ele></trkpt>
     <trkpt lat="32.766265" lon="-117.205676"><ele>5.8</ele></trkpt>
     <trkpt lat="32.765962" lon="-117.205213"><ele>6.0</ele></trkpt>
     <trkpt lat="32.765666" lon="-117.204887"><ele>6.2</ele></trkpt>
     <trkpt lat="32.765127" lon="-117.204523"><ele>7.0</ele></trkpt>
     <trkpt lat="32.762643" lon="-117.203576"><ele>7.2</ele></trkpt>
     <trkpt lat="32.760159" lon="-117.202629"><ele>7.5</ele></trkpt>
     <trkpt lat="32.758431" lon="-117.202011"><ele>5.5</ele></trkpt>
     <trkpt lat="32.756702" lon="-117.201394"><ele>3.5</ele></trkpt>
     <trkpt lat="32.756357" lon="-117.201369"><ele>3.2</ele></trkpt>
     <trkpt lat="32.753739" lon="-117.200844"><ele>3.8</ele></trkpt>
     <trkpt lat="32.751589" lon="-117.200403"><ele>2.5</ele></trkpt>
     <trkpt lat="32.750722" lon="-117.200178"><ele>3.8</ele></trkpt>
     <trkpt lat="32.749534" lon="-117.199729"><ele>3.2</ele></trkpt>
     <trkpt lat="32.748596" lon="-117.199214"><ele>3.8</ele></trkpt>
     <trkpt lat="32.748004" lon="-117.198785"><ele>4.0</ele></trkpt>
     <trkpt lat="32.747664" lon="-117.198430"><ele>3.5</ele></trkpt>
     <trkpt lat="32.747049" lon="-117.197645"><ele>4.0</ele></trkpt>
     <trkpt lat="32.745742" lon="-117.195757"><ele>6.8</ele></trkpt>
     <trkpt lat="32.745484" lon="-117.195332"><ele>6.5</ele></trkpt>
     <trkpt lat="32.744269" lon="-117.192880"><ele>4.5</ele></trkpt>
     <trkpt lat="32.743053" lon="-117.190428"><ele>2.5</ele></trkpt>
     <trkpt lat="32.742154" lon="-117.188519"><ele>2.2</ele></trkpt>
     <trkpt lat="32.741248" lon="-117.186298"><ele>3.4</ele></trkpt>
     <trkpt lat="32.740343" lon="-117.184078"><ele>4.5</ele></trkpt>
     <trkpt lat="32.739767" lon="-117.182764"><ele>10.0</ele></trkpt>
     <trkpt lat="32.739100" lon="-117.181626"><ele>4.5</ele></trkpt>
     <trkpt lat="32.738280" lon="-117.180569"><ele>0.0</ele></trkpt>
     <trkpt lat="32.737486" lon="-117.179705"><ele>0.5</ele></trkpt>
     <trkpt lat="32.735849" lon="-117.178265"><ele>3.1</ele></trkpt>
     <trkpt lat="32.734212" lon="-117.176824"><ele>5.7</ele></trkpt>
     <trkpt lat="32.732575" lon="-117.175384"><ele>8.2</ele></trkpt>
     <trkpt lat="32.732052" lon="-117.174998"><ele>7.2</ele></trkpt>
     <trkpt lat="32.731357" lon="-117.174605"><ele>9.8</ele></trkpt>
     <trkpt lat="32.729476" lon="-117.173773"><ele>6.8</ele></trkpt>
     <trkpt lat="32.729610" lon="-117.173224"><ele>7.0</ele></trkpt>
     <trkpt lat="32.729965" lon="-117.172148"><ele>18.8</ele></trkpt>
     <trkpt lat="32.730050" lon="-117.171987"><ele>19.0</ele></trkpt>
     <trkpt lat="32.728085" lon="-117.171128"><ele>16.7</ele></trkpt>
     <trkpt lat="32.726120" lon="-117.170270"><ele>14.3</ele></trkpt>
     <trkpt lat="32.724155" lon="-117.169411"><ele>12.0</ele></trkpt>
     <trkpt lat="32.723586" lon="-117.169276"><ele>13.0</ele></trkpt>
     <trkpt lat="32.722916" lon="-117.169186"><ele>11.2</ele></trkpt>
     <trkpt lat="32.721382" lon="-117.169192"><ele>11.8</ele></trkpt>
     <trkpt lat="32.719848" lon="-117.169198"><ele>12.2</ele></trkpt>
     <trkpt lat="32.718810" lon="-117.169248"><ele>7.0</ele></trkpt>
     <trkpt lat="32.717021" lon="-117.169226"><ele>7.2</ele></trkpt>
     <trkpt lat="32.717036" lon="-117.169771"><ele>4.5</ele></trkpt>
     <trkpt lat="32.716850" lon="-117.169771"><ele>5.2</ele></trkpt>
    </trkseg>
  </trk>
</gpx>
