<?xml version="1.0" encoding="UTF-8"?>
<gpx version="1.1" creator="velo-build_pch_route" xmlns="http://www.topografix.com/GPX/1/1" xmlns:xsi="http://www.w3.org/2001/XMLSchema-instance" xsi:schemaLocation="http://www.topografix.com/GPX/1/1 http://www.topografix.com/GPX/1/1/gpx.xsd">
  <metadata>
    <name>San Francisco -&gt; Los Angeles by the coast (3 stages)</name>
    <desc>Southbound Highway 1: SF -&gt; Limekiln SP -&gt; Refugio SB -&gt; LA Union Station</desc>
    <time>2026-08-04T17:12:49Z</time>
  </metadata>
  <trk>
    <name>Day 1 - San Francisco to Limekiln State Park</name>
    <trkseg>
     <trkpt lat="37.775683" lon="-122.424968"><ele>24.0</ele></trkpt>
     <trkpt lat="37.775280" lon="-122.428132"><ele>33.0</ele></trkpt>
     <trkpt lat="37.774877" lon="-122.431296"><ele>41.9</ele></trkpt>
     <trkpt lat="37.774473" lon="-122.434460"><ele>50.8</ele></trkpt>
     <trkpt lat="37.774070" lon="-122.437624"><ele>59.8</ele></trkpt>
     <trkpt lat="37.773667" lon="-122.440788"><ele>68.8</ele></trkpt>
     <trkpt lat="37.773642" lon="-122.440935"><ele>69.5</ele></trkpt>
     <trkpt lat="37.773523" lon="-122.441026"><ele>70.0</ele></trkpt>
     <trkpt lat="37.773460" lon="-122.441410"><ele>72.2</ele></trkpt>
     <trkpt lat="37.773324" lon="-122.441653"><ele>73.8</ele></trkpt>
     <trkpt lat="37.773085" lon="-122.442721"><ele>74.5</ele></trkpt>
     <trkpt lat="37.773083" lon="-122.442979"><ele>74.2</ele></trkpt>
     <trkpt lat="37.773123" lon="-122.443190"><ele>73.8</ele></trkpt>
     <trkpt lat="37.773110" lon="-122.443619"><ele>74.8</ele></trkpt>
     <trkpt lat="37.773063" lon="-122.443853"><ele>75.8</ele></trkpt>
     <trkpt lat="37.773038" lon="-122.444319"><ele>76.5</ele></trkpt>
     <trkpt lat="37.772951" lon="-122.444563"><ele>76.8</ele></trkpt>
     <trkpt lat="37.772956" lon="-122.445016"><ele>76.0</ele></trkpt>
     <trkpt lat="37.772857" lon="-122.445999"><ele>77.0</ele></trkpt>
     <trkpt lat="37.772829" lon="-122.446163"><ele>77.5</ele></trkpt>
     <trkpt lat="37.772679" lon="-122.446330"><ele>78.8</ele></trkpt>
     <trkpt lat="37.772598" lon="-122.446486"><ele>79.2</ele></trkpt>
     <trkpt lat="37.772688" lon="-122.447098"><ele>79.5</ele></trkpt>
     <trkpt lat="37.772554" lon="-122.447704"><ele>80.0</ele></trkpt>
     <trkpt lat="37.772512" lon="-122.448429"><ele>80.8</ele></trkpt>
     <trkpt lat="37.772414" lon="-122.448768"><ele>80.5</ele></trkpt>
     <trkpt lat="37.772263" lon="-122.448989"><ele>80.5</ele></trkpt>
     <trkpt lat="37.772168" lon="-122.449286"><ele>80.5</ele></trkpt>
     <trkpt lat="37.772219" lon="-122.449934"><ele>79.8</ele></trkpt>
     <trkpt lat="37.772220" lon="-122.450672"><ele>79.8</ele></trkpt>
     <trkpt lat="37.772194" lon="-122.450963"><ele>80.2</ele></trkpt>
     <trkpt lat="37.772098" lon="-122.451331"><ele>81.0</ele></trkpt>
     <trkpt lat="37.772029" lon="-122.452336"><ele>84.0</ele></trkpt>
     <trkpt lat="37.772108" lon="-122.452353"><ele>84.2</ele></trkpt>
     <trkpt lat="37.772160" lon="-122.452632"><ele>84.8</ele></trkpt>
     <trkpt lat="37.771009" lon="-122.455416"><ele>81.2</ele></trkpt>
     <trkpt lat="37.770974" lon="-122.455856"><ele>82.8</ele></trkpt>
     <trkpt lat="37.770919" lon="-122.455976"><ele>83.2</ele></trkpt>
     <trkpt lat="37.770933" lon="-122.456370"><ele>87.0</ele></trkpt>
     <trkpt lat="37.771174" lon="-122.458207"><ele>81.8</ele></trkpt>
     <trkpt lat="37.771465" lon="-122.460065"><ele>81.4</ele></trkpt>
     <trkpt lat="37.771755" lon="-122.461924"><ele>81.0</ele></trkpt>
     <trkpt lat="37.772414" lon="-122.464454"><ele>80.5</ele></trkpt>
     <trkpt lat="37.772572" lon="-122.465268"><ele>78.8</ele></trkpt>
     <trkpt lat="37.772638" lon="-122.465428"><ele>78.5</ele></trkpt>
     <trkpt lat="37.772682" lon="-122.465756"><ele>78.5</ele></trkpt>
     <trkpt lat="37.772571" lon="-122.466579"><ele>77.8</ele></trkpt>
     <trkpt lat="37.772526" lon="-122.467998"><ele>81.8</ele></trkpt>
     <trkpt lat="37.772362" lon="-122.468911"><ele>80.8</ele></trkpt>
     <trkpt lat="37.772155" lon="-122.469385"><ele>80.0</ele></trkpt>
     <trkpt lat="37.771354" lon="-122.470576"><ele>80.5</ele></trkpt>
     <trkpt lat="37.770986" lon="-122.471192"><ele>82.8</ele></trkpt>
     <trkpt lat="37.770804" lon="-122.471618"><ele>85.8</ele></trkpt>
     <trkpt lat="37.770711" lon="-122.472009"><ele>85.5</ele></trkpt>
     <trkpt lat="37.770741" lon="-122.472389"><ele>83.5</ele></trkpt>
     <trkpt lat="37.770867" lon="-122.472843"><ele>81.0</ele></trkpt>
     <trkpt lat="37.771670" lon="-122.475127"><ele>84.8</ele></trkpt>
     <trkpt lat="37.771708" lon="-122.475690"><ele>84.0</ele></trkpt>
     <trkpt lat="37.771669" lon="-122.476161"><ele>83.5</ele></trkpt>
     <trkpt lat="37.771541" lon="-122.476891"><ele>85.0</ele></trkpt>
     <trkpt lat="37.771318" lon="-122.477764"><ele>89.8</ele></trkpt>
     <trkpt lat="37.770497" lon="-122.479924"><ele>77.8</ele></trkpt>
     <trkpt lat="37.769947" lon="-122.479533"><ele>79.5</ele></trkpt>
     <trkpt lat="37.769923" lon="-122.479897"><ele>78.2</ele></trkpt>
     <trkpt lat="37.769710" lon="-122.480596"><ele>75.5</ele></trkpt>
     <trkpt lat="37.769596" lon="-122.481319"><ele>73.8</ele></trkpt>
     <trkpt lat="37.769093" lon="-122.482685"><ele>70.2</ele></trkpt>
     <trkpt lat="37.768748" lon="-122.483774"><ele>63.0</ele></trkpt>
     <trkpt lat="37.768353" lon="-122.485423"><ele>66.5</ele></trkpt>
     <trkpt lat="37.768197" lon="-122.486876"><ele>64.0</ele></trkpt>
     <trkpt lat="37.767889" lon="-122.488394"><ele>57.8</ele></trkpt>
     <trkpt lat="37.767580" lon="-122.489193"><ele>60.5</ele></trkpt>
     <trkpt lat="37.766664" lon="-122.491221"><ele>58.5</ele></trkpt>
     <trkpt lat="37.766324" lon="-122.492114"><ele>54.2</ele></trkpt>
     <trkpt lat="37.766108" lon="-122.492896"><ele>54.2</ele></trkpt>
     <trkpt lat="37.766246" lon="-122.493409"><ele>53.8</ele></trkpt>
     <trkpt lat="37.766383" lon="-122.494517"><ele>50.2</ele></trkpt>
     <trkpt lat="37.766432" lon="-122.495373"><ele>48.5</ele></trkpt>
     <trkpt lat="37.766372" lon="-122.496122"><ele>47.2</ele></trkpt>
     <trkpt lat="37.766193" lon="-122.496542"><ele>47.2</ele></trkpt>
     <trkpt lat="37.765496" lon="-122.497699"><ele>42.5</ele></trkpt>
     <trkpt lat="37.765240" lon="-122.498223"><ele>40.5</ele></trkpt>
     <trkpt lat="37.765139" lon="-122.498319"><ele>40.5</ele></trkpt>
     <trkpt lat="37.764871" lon="-122.499231"><ele>35.5</ele></trkpt>
     <trkpt lat="37.764772" lon="-122.499707"><ele>33.8</ele></trkpt>
     <trkpt lat="37.764780" lon="-122.500143"><ele>32.5</ele></trkpt>
     <trkpt lat="37.764882" lon="-122.501044"><ele>33.0</ele></trkpt>
     <trkpt lat="37.765183" lon="-122.502647"><ele>38.0</ele></trkpt>
     <trkpt lat="37.765504" lon="-122.504075"><ele>35.8</ele></trkpt>
     <trkpt lat="37.765527" lon="-122.504345"><ele>33.8</ele></trkpt>
     <trkpt lat="37.765434" lon="-122.506076"><ele>24.8</ele></trkpt>
     <trkpt lat="37.765252" lon="-122.507004"><ele>17.5</ele></trkpt>
     <trkpt lat="37.764778" lon="-122.508453"><ele>11.2</ele></trkpt>
     <trkpt lat="37.764421" lon="-122.509361"><ele>9.2</ele></trkpt>
     <trkpt lat="37.764360" lon="-122.509418"><ele>9.0</ele></trkpt>
     <trkpt lat="37.764188" lon="-122.509449"><ele>8.2</ele></trkpt>
     <trkpt lat="37.764136" lon="-122.510513"><ele>6.2</ele></trkpt>
     <trkpt lat="37.763947" lon="-122.510451"><ele>6.2</ele></trkpt>
     <trkpt lat="37.763902" lon="-122.510327"><ele>6.5</ele></trkpt>
     <trkpt lat="37.763900" lon="-122.510052"><ele>6.8</ele></trkpt>
     <trkpt lat="37.763394" lon="-122.510077"><ele>6.8</ele></trkpt>
     <trkpt lat="37.763030" lon="-122.510006"><ele>7.5</ele></trkpt>
     <trkpt lat="37.762711" lon="-122.510006"><ele>8.2</ele></trkpt>
     <trkpt lat="37.761653" lon="-122.509877"><ele>8.0</ele></trkpt>
     <trkpt lat="37.761357" lon="-122.509798"><ele>8.0</ele></trkpt>
     <trkpt lat="37.760343" lon="-122.509713"><ele>7.5</ele></trkpt>
     <trkpt lat="37.760270" lon="-122.509709"><ele>7.5</ele></trkpt>
     <trkpt lat="37.760265" lon="-122.509834"><ele>7.2</ele></trkpt>
     <trkpt lat="37.757606" lon="-122.509489"><ele>7.3</ele></trkpt>
     <trkpt lat="37.754946" lon="-122.509143"><ele>7.4</ele></trkpt>
     <trkpt lat="37.752287" lon="-122.508798"><ele>7.4</ele></trkpt>
     <trkpt lat="37.749627" lon="-122.508452"><ele>7.5</ele></trkpt>
     <trkpt lat="37.746968" lon="-122.508107"><ele>7.5</ele></trkpt>
     <trkpt lat="37.744308" lon="-122.507761"><ele>7.6</ele></trkpt>
     <trkpt lat="37.741649" lon="-122.507416"><ele>7.6</ele></trkpt>
     <trkpt lat="37.738989" lon="-122.507070"><ele>7.7</ele></trkpt>
     <trkpt lat="37.736330" lon="-122.506725"><ele>7.8</ele></trkpt>
     <trkpt lat="37.735384" lon="-122.506697"><ele>7.2</ele></trkpt>
     <trkpt lat="37.735401" lon="-122.505584"><ele>6.2</ele></trkpt>
     <trkpt lat="37.734917" lon="-122.505638"><ele>5.8</ele></trkpt>
     <trkpt lat="37.734952" lon="-122.505826"><ele>5.8</ele></trkpt>
     <trkpt lat="37.734917" lon="-122.505638"><ele>5.8</ele></trkpt>
     <trkpt lat="37.735336" lon="-122.505583"><ele>6.0</ele></trkpt>
     <trkpt lat="37.735361" lon="-122.506843"><ele>6.2</ele></trkpt>
     <trkpt lat="37.734969" lon="-122.506848"><ele>5.5</ele></trkpt>
     <trkpt lat="37.733160" lon="-122.507203"><ele>3.5</ele></trkpt>
     <trkpt lat="37.732673" lon="-122.507228"><ele>2.0</ele></trkpt>
     <trkpt lat="37.732292" lon="-122.507186"><ele>2.5</ele></trkpt>
     <trkpt lat="37.729724" lon="-122.506566"><ele>7.5</ele></trkpt>
     <trkpt lat="37.728012" lon="-122.506320"><ele>9.0</ele></trkpt>
     <trkpt lat="37.727641" lon="-122.506208"><ele>10.8</ele></trkpt>
     <trkpt lat="37.727113" lon="-122.505940"><ele>14.5</ele></trkpt>
     <trkpt lat="37.726537" lon="-122.505471"><ele>18.2</ele></trkpt>
     <trkpt lat="37.726234" lon="-122.505102"><ele>21.2</ele></trkpt>
     <trkpt lat="37.725437" lon="-122.503745"><ele>21.5</ele></trkpt>
     <trkpt lat="37.725089" lon="-122.503290"><ele>17.5</ele></trkpt>
     <trkpt lat="37.724919" lon="-122.503203"><ele>16.5</ele></trkpt>
     <trkpt lat="37.723914" lon="-122.502947"><ele>19.2</ele></trkpt>
     <trkpt lat="37.723167" lon="-122.502573"><ele>20.0</ele></trkpt>
     <trkpt lat="37.722807" lon="-122.502301"><ele>20.8</ele></trkpt>
     <trkpt lat="37.721618" lon="-122.501236"><ele>25.5</ele></trkpt>
     <trkpt lat="37.720823" lon="-122.500672"><ele>24.2</ele></trkpt>
     <trkpt lat="37.720591" lon="-122.500557"><ele>22.8</ele></trkpt>
     <trkpt lat="37.720084" lon="-122.500404"><ele>20.5</ele></trkpt>
     <trkpt lat="37.719073" lon="-122.500335"><ele>22.8</ele></trkpt>
     <trkpt lat="37.719043" lon="-122.500075"><ele>21.8</ele></trkpt>
     <trkpt lat="37.719096" lon="-122.499857"><ele>21.2</ele></trkpt>
     <trkpt lat="37.719502" lon="-122.499988"><ele>18.8</ele></trkpt>
     <trkpt lat="37.720224" lon="-122.500128"><ele>17.8</ele></trkpt>
     <trkpt lat="37.719502" lon="-122.499988"><ele>18.8</ele></trkpt>
     <trkpt lat="37.719096" lon="-122.499857"><ele>21.2</ele></trkpt>
     <trkpt lat="37.719043" lon="-122.500075"><ele>21.8</ele></trkpt>
     <trkpt lat="37.719073" lon="-122.500335"><ele>22.8</ele></trkpt>
     <trkpt lat="37.718152" lon="-122.500268"><ele>29.5</ele></trkpt>
     <trkpt lat="37.717877" lon="-122.500207"><ele>32.5</ele></trkpt>
     <trkpt lat="37.717229" lon="-122.499884"><ele>38.2</ele></trkpt>
     <trkpt lat="37.715753" lon="-122.498787"><ele>46.8</ele></trkpt>
     <trkpt lat="37.715170" lon="-122.498535"><ele>49.8</ele></trkpt>
     <trkpt lat="37.714616" lon="-122.498436"><ele>52.8</ele></trkpt>
     <trkpt lat="37.712553" lon="-122.498314"><ele>61.5</ele></trkpt>
     <trkpt lat="37.710489" lon="-122.498192"><ele>70.2</ele></trkpt>
     <trkpt lat="37.708911" lon="-122.498244"><ele>69.0</ele></trkpt>
     <trkpt lat="37.706785" lon="-122.498481"><ele>67.8</ele></trkpt>
     <trkpt lat="37.706246" lon="-122.498473"><ele>64.2</ele></trkpt>
     <trkpt lat="37.705810" lon="-122.498392"><ele>62.5</ele></trkpt>
     <trkpt lat="37.703669" lon="-122.497448"><ele>67.8</ele></trkpt>
     <trkpt lat="37.702730" lon="-122.497153"><ele>66.8</ele></trkpt>
     <trkpt lat="37.701049" lon="-122.496294"><ele>65.9</ele></trkpt>
     <trkpt lat="37.699369" lon="-122.495435"><ele>65.0</ele></trkpt>
     <trkpt lat="37.698399" lon="-122.495068"><ele>65.8</ele></trkpt>
     <trkpt lat="37.697663" lon="-122.494896"><ele>68.5</ele></trkpt>
     <trkpt lat="37.696731" lon="-122.494782"><ele>69.5</ele></trkpt>
     <trkpt lat="37.695260" lon="-122.494754"><ele>75.4</ele></trkpt>
     <trkpt lat="37.693789" lon="-122.494726"><ele>81.2</ele></trkpt>
     <trkpt lat="37.693392" lon="-122.494667"><ele>84.2</ele></trkpt>
     <trkpt lat="37.692624" lon="-122.494435"><ele>91.2</ele></trkpt>
     <trkpt lat="37.692219" lon="-122.494251"><ele>93.8</ele></trkpt>
     <trkpt lat="37.691672" lon="-122.493925"><ele>97.0</ele></trkpt>
     <trkpt lat="37.690590" lon="-122.493061"><ele>102.0</ele></trkpt>
     <trkpt lat="37.690474" lon="-122.493037"><ele>102.8</ele></trkpt>
     <trkpt lat="37.690345" lon="-122.493071"><ele>103.5</ele></trkpt>
     <trkpt lat="37.690247" lon="-122.493123"><ele>104.0</ele></trkpt>
     <trkpt lat="37.690140" lon="-122.493268"><ele>104.2</ele></trkpt>
     <trkpt lat="37.688450" lon="-122.491260"><ele>124.0</ele></trkpt>
     <trkpt lat="37.688033" lon="-122.490839"><ele>128.2</ele></trkpt>
     <trkpt lat="37.687543" lon="-122.490439"><ele>132.0</ele></trkpt>
     <trkpt lat="37.687079" lon="-122.490142"><ele>134.5</ele></trkpt>
     <trkpt lat="37.686455" lon="-122.489866"><ele>138.5</ele></trkpt>
     <trkpt lat="37.685803" lon="-122.489745"><ele>142.5</ele></trkpt>
     <trkpt lat="37.685287" lon="-122.489758"><ele>144.5</ele></trkpt>
     <trkpt lat="37.683143" lon="-122.490205"><ele>139.8</ele></trkpt>
     <trkpt lat="37.682543" lon="-122.490252"><ele>140.5</ele></trkpt>
     <trkpt lat="37.681028" lon="-122.490534"><ele>142.5</ele></trkpt>
     <trkpt lat="37.679514" lon="-122.490816"><ele>144.5</ele></trkpt>
     <trkpt lat="37.678817" lon="-122.490906"><ele>147.2</ele></trkpt>
     <trkpt lat="37.677691" lon="-122.490913"><ele>149.0</ele></trkpt>
     <trkpt lat="37.676696" lon="-122.490785"><ele>153.5</ele></trkpt>
     <trkpt lat="37.675990" lon="-122.490600"><ele>158.8</ele></trkpt>
     <trkpt lat="37.673571" lon="-122.489580"><ele>175.2</ele></trkpt>
     <trkpt lat="37.671153" lon="-122.488560"><ele>191.8</ele></trkpt>
     <trkpt lat="37.670944" lon="-122.488440"><ele>192.5</ele></trkpt>
     <trkpt lat="37.670086" lon="-122.487715"><ele>187.8</ele></trkpt>
     <trkpt lat="37.669714" lon="-122.487565"><ele>184.5</ele></trkpt>
     <trkpt lat="37.668075" lon="-122.487073"><ele>178.0</ele></trkpt>
     <trkpt lat="37.667325" lon="-122.486601"><ele>174.5</ele></trkpt>
     <trkpt lat="37.667066" lon="-122.486561"><ele>172.0</ele></trkpt>
     <trkpt lat="37.665611" lon="-122.486587"><ele>153.8</ele></trkpt>
     <trkpt lat="37.664156" lon="-122.486613"><ele>135.5</ele></trkpt>
     <trkpt lat="37.663878" lon="-122.486508"><ele>132.0</ele></trkpt>
     <trkpt lat="37.662310" lon="-122.485655"><ele>119.8</ele></trkpt>
     <trkpt lat="37.662083" lon="-122.485686"><ele>117.8</ele></trkpt>
     <trkpt lat="37.661956" lon="-122.485793"><ele>115.8</ele></trkpt>
     <trkpt lat="37.661864" lon="-122.485954"><ele>113.8</ele></trkpt>
     <trkpt lat="37.661319" lon="-122.487501"><ele>98.2</ele></trkpt>
     <trkpt lat="37.661272" lon="-122.487775"><ele>95.8</ele></trkpt>
     <trkpt lat="37.661268" lon="-122.488222"><ele>92.0</ele></trkpt>
     <trkpt lat="37.660561" lon="-122.488242"><ele>90.0</ele></trkpt>
     <trkpt lat="37.660585" lon="-122.489480"><ele>82.8</ele></trkpt>
     <trkpt lat="37.660652" lon="-122.490051"><ele>80.0</ele></trkpt>
     <trkpt lat="37.660885" lon="-122.490708"><ele>75.5</ele></trkpt>
     <trkpt lat="37.660948" lon="-122.490998"><ele>72.5</ele></trkpt>
     <trkpt lat="37.660948" lon="-122.491301"><ele>68.8</ele></trkpt>
     <trkpt lat="37.660889" lon="-122.491542"><ele>66.5</ele></trkpt>
     <trkpt lat="37.660730" lon="-122.491835"><ele>62.2</ele></trkpt>
     <trkpt lat="37.660489" lon="-122.492065"><ele>57.2</ele></trkpt>
     <trkpt lat="37.660187" lon="-122.492198"><ele>54.5</ele></trkpt>
     <trkpt lat="37.659814" lon="-122.492255"><ele>52.0</ele></trkpt>
     <trkpt lat="37.657431" lon="-122.491810"><ele>48.5</ele></trkpt>
     <trkpt lat="37.657082" lon="-122.491810"><ele>49.2</ele></trkpt>
     <trkpt lat="37.656098" lon="-122.491959"><ele>45.8</ele></trkpt>
     <trkpt lat="37.655701" lon="-122.491929"><ele>44.2</ele></trkpt>
     <trkpt lat="37.655109" lon="-122.491711"><ele>43.2</ele></trkpt>
     <trkpt lat="37.653986" lon="-122.491025"><ele>40.0</ele></trkpt>
     <trkpt lat="37.653452" lon="-122.490833"><ele>37.8</ele></trkpt>
     <trkpt lat="37.653106" lon="-122.490765"><ele>35.8</ele></trkpt>
     <trkpt lat="37.652768" lon="-122.490756"><ele>33.2</ele></trkpt>
     <trkpt lat="37.652340" lon="-122.490869"><ele>30.2</ele></trkpt>
     <trkpt lat="37.652098" lon="-122.490878"><ele>29.8</ele></trkpt>
     <trkpt lat="37.651779" lon="-122.490813"><ele>29.2</ele></trkpt>
     <trkpt lat="37.651656" lon="-122.490840"><ele>28.8</ele></trkpt>
     <trkpt lat="37.651030" lon="-122.490756"><ele>27.5</ele></trkpt>
     <trkpt lat="37.649286" lon="-122.491142"><ele>25.2</ele></trkpt>
     <trkpt lat="37.649278" lon="-122.490570"><ele>25.5</ele></trkpt>
     <trkpt lat="37.648630" lon="-122.490643"><ele>24.2</ele></trkpt>
     <trkpt lat="37.647617" lon="-122.490889"><ele>23.0</ele></trkpt>
     <trkpt lat="37.647086" lon="-122.490881"><ele>23.2</ele></trkpt>
     <trkpt lat="37.646462" lon="-122.491002"><ele>24.8</ele></trkpt>
     <trkpt lat="37.646037" lon="-122.491105"><ele>26.8</ele></trkpt>
     <trkpt lat="37.645076" lon="-122.491444"><ele>30.2</ele></trkpt>
     <trkpt lat="37.643923" lon="-122.491562"><ele>28.8</ele></trkpt>
     <trkpt lat="37.643447" lon="-122.491537"><ele>26.2</ele></trkpt>
     <trkpt lat="37.643065" lon="-122.491407"><ele>25.0</ele></trkpt>
     <trkpt lat="37.640842" lon="-122.490369"><ele>23.0</ele></trkpt>
     <trkpt lat="37.639609" lon="-122.489874"><ele>21.5</ele></trkpt>
     <trkpt lat="37.638943" lon="-122.489668"><ele>19.5</ele></trkpt>
     <trkpt lat="37.638329" lon="-122.489548"><ele>17.8</ele></trkpt>
     <trkpt lat="37.636612" lon="-122.489403"><ele>17.5</ele></trkpt>
     <trkpt lat="37.636525" lon="-122.489347"><ele>18.0</ele></trkpt>
     <trkpt lat="37.636530" lon="-122.488724"><ele>20.5</ele></trkpt>
     <trkpt lat="37.636483" lon="-122.488509"><ele>21.8</ele></trkpt>
     <trkpt lat="37.636478" lon="-122.488135"><ele>23.5</ele></trkpt>
     <trkpt lat="37.635771" lon="-122.488139"><ele>33.5</ele></trkpt>
     <trkpt lat="37.635776" lon="-122.489339"><ele>19.0</ele></trkpt>
     <trkpt lat="37.634166" lon="-122.489296"><ele>16.5</ele></trkpt>
     <trkpt lat="37.632555" lon="-122.489253"><ele>14.0</ele></trkpt>
     <trkpt lat="37.631317" lon="-122.489090"><ele>10.5</ele></trkpt>
     <trkpt lat="37.629870" lon="-122.489035"><ele>6.8</ele></trkpt>
     <trkpt lat="37.629877" lon="-122.489792"><ele>5.0</ele></trkpt>
     <trkpt lat="37.628444" lon="-122.489700"><ele>5.8</ele></trkpt>
     <trkpt lat="37.627530" lon="-122.489582"><ele>7.8</ele></trkpt>
     <trkpt lat="37.626574" lon="-122.489297"><ele>11.8</ele></trkpt>
     <trkpt lat="37.626311" lon="-122.489112"><ele>11.5</ele></trkpt>
     <trkpt lat="37.625142" lon="-122.487829"><ele>15.2</ele></trkpt>
     <trkpt lat="37.623994" lon="-122.486780"><ele>17.6</ele></trkpt>
     <trkpt lat="37.622846" lon="-122.485730"><ele>20.0</ele></trkpt>
     <trkpt lat="37.622520" lon="-122.485515"><ele>19.5</ele></trkpt>
     <trkpt lat="37.622384" lon="-122.485472"><ele>19.2</ele></trkpt>
     <trkpt lat="37.622132" lon="-122.485490"><ele>18.5</ele></trkpt>
     <trkpt lat="37.621721" lon="-122.485745"><ele>16.2</ele></trkpt>
     <trkpt lat="37.621529" lon="-122.485803"><ele>15.8</ele></trkpt>
     <trkpt lat="37.619527" lon="-122.485874"><ele>16.5</ele></trkpt>
     <trkpt lat="37.619389" lon="-122.485960"><ele>17.0</ele></trkpt>
     <trkpt lat="37.619257" lon="-122.486361"><ele>16.8</ele></trkpt>
     <trkpt lat="37.619212" lon="-122.486407"><ele>17.0</ele></trkpt>
     <trkpt lat="37.619101" lon="-122.486361"><ele>18.2</ele></trkpt>
     <trkpt lat="37.618529" lon="-122.485784"><ele>25.8</ele></trkpt>
     <trkpt lat="37.618442" lon="-122.485644"><ele>27.0</ele></trkpt>
     <trkpt lat="37.618235" lon="-122.485469"><ele>30.5</ele></trkpt>
     <trkpt lat="37.616957" lon="-122.485474"><ele>43.0</ele></trkpt>
     <trkpt lat="37.616152" lon="-122.485604"><ele>36.0</ele></trkpt>
     <trkpt lat="37.615396" lon="-122.485930"><ele>30.2</ele></trkpt>
     <trkpt lat="37.614699" lon="-122.486395"><ele>28.0</ele></trkpt>
     <trkpt lat="37.614409" lon="-122.486679"><ele>26.2</ele></trkpt>
     <trkpt lat="37.613986" lon="-122.487205"><ele>24.2</ele></trkpt>
     <trkpt lat="37.613966" lon="-122.487388"><ele>23.8</ele></trkpt>
     <trkpt lat="37.614198" lon="-122.487906"><ele>22.0</ele></trkpt>
     <trkpt lat="37.614221" lon="-122.488031"><ele>21.5</ele></trkpt>
     <trkpt lat="37.613955" lon="-122.488648"><ele>19.2</ele></trkpt>
     <trkpt lat="37.613937" lon="-122.488830"><ele>18.8</ele></trkpt>
     <trkpt lat="37.613966" lon="-122.489009"><ele>18.2</ele></trkpt>
     <trkpt lat="37.614072" lon="-122.489192"><ele>17.8</ele></trkpt>
     <trkpt lat="37.614644" lon="-122.489487"><ele>18.5</ele></trkpt>
     <trkpt lat="37.614807" lon="-122.489728"><ele>18.2</ele></trkpt>
     <trkpt lat="37.614853" lon="-122.489902"><ele>18.0</ele></trkpt>
     <trkpt lat="37.614885" lon="-122.490587"><ele>16.5</ele></trkpt>
     <trkpt lat="37.614798" lon="-122.491545"><ele>16.0</ele></trkpt>
     <trkpt lat="37.614609" lon="-122.491880"><ele>16.8</ele></trkpt>
     <trkpt lat="37.613829" lon="-122.492721"><ele>15.2</ele></trkpt>
     <trkpt lat="37.613621" lon="-122.493173"><ele>15.2</ele></trkpt>
     <trkpt lat="37.612643" lon="-122.493567"><ele>8.5</ele></trkpt>
     <trkpt lat="37.612381" lon="-122.493815"><ele>7.8</ele></trkpt>
     <trkpt lat="37.611410" lon="-122.495326"><ele>6.2</ele></trkpt>
     <trkpt lat="37.610987" lon="-122.495745"><ele>6.2</ele></trkpt>
     <trkpt lat="37.611120" lon="-122.496130"><ele>5.5</ele></trkpt>
     <trkpt lat="37.610838" lon="-122.496283"><ele>3.8</ele></trkpt>
     <trkpt lat="37.610354" lon="-122.495083"><ele>6.5</ele></trkpt>
     <trkpt lat="37.609143" lon="-122.496559"><ele>7.0</ele></trkpt>
     <trkpt lat="37.608672" lon="-122.496881"><ele>7.2</ele></trkpt>
     <trkpt lat="37.608637" lon="-122.496952"><ele>7.0</ele></trkpt>
     <trkpt lat="37.608343" lon="-122.496866"><ele>8.5</ele></trkpt>
     <trkpt lat="37.608058" lon="-122.497621"><ele>11.0</ele></trkpt>
     <trkpt lat="37.607822" lon="-122.497726"><ele>12.0</ele></trkpt>
     <trkpt lat="37.607789" lon="-122.497682"><ele>12.0</ele></trkpt>
     <trkpt lat="37.607808" lon="-122.497585"><ele>12.5</ele></trkpt>
     <trkpt lat="37.607773" lon="-122.497551"><ele>12.5</ele></trkpt>
     <trkpt lat="37.607345" lon="-122.497946"><ele>14.8</ele></trkpt>
     <trkpt lat="37.607323" lon="-122.498276"><ele>14.0</ele></trkpt>
     <trkpt lat="37.607225" lon="-122.498049"><ele>17.0</ele></trkpt>
     <trkpt lat="37.607206" lon="-122.498308"><ele>17.0</ele></trkpt>
     <trkpt lat="37.607100" lon="-122.498087"><ele>19.8</ele></trkpt>
     <trkpt lat="37.607077" lon="-122.498341"><ele>20.5</ele></trkpt>
     <trkpt lat="37.606983" lon="-122.498108"><ele>22.8</ele></trkpt>
     <trkpt lat="37.606968" lon="-122.498387"><ele>23.8</ele></trkpt>
     <trkpt lat="37.606871" lon="-122.498131"><ele>25.5</ele></trkpt>
     <trkpt lat="37.606879" lon="-122.498389"><ele>26.2</ele></trkpt>
     <trkpt lat="37.606750" lon="-122.498077"><ele>28.0</ele></trkpt>
     <trkpt lat="37.606751" lon="-122.498299"><ele>29.2</ele></trkpt>
     <trkpt lat="37.606522" lon="-122.498253"><ele>32.8</ele></trkpt>
     <trkpt lat="37.605991" lon="-122.498496"><ele>39.8</ele></trkpt>
     <trkpt lat="37.604926" lon="-122.498796"><ele>37.2</ele></trkpt>
     <trkpt lat="37.604908" lon="-122.498836"><ele>36.5</ele></trkpt>
     <trkpt lat="37.604965" lon="-122.499027"><ele>35.5</ele></trkpt>
     <trkpt lat="37.604823" lon="-122.499230"><ele>33.2</ele></trkpt>
     <trkpt lat="37.604729" lon="-122.499630"><ele>30.2</ele></trkpt>
     <trkpt lat="37.604688" lon="-122.499619"><ele>29.8</ele></trkpt>
     <trkpt lat="37.604666" lon="-122.499548"><ele>29.2</ele></trkpt>
     <trkpt lat="37.604663" lon="-122.499202"><ele>26.8</ele></trkpt>
     <trkpt lat="37.604516" lon="-122.499065"><ele>25.2</ele></trkpt>
     <trkpt lat="37.603069" lon="-122.498719"><ele>13.8</ele></trkpt>
     <trkpt lat="37.602110" lon="-122.498566"><ele>10.8</ele></trkpt>
     <trkpt lat="37.601539" lon="-122.498676"><ele>10.5</ele></trkpt>
     <trkpt lat="37.601316" lon="-122.499105"><ele>7.8</ele></trkpt>
     <trkpt lat="37.601184" lon="-122.499188"><ele>7.8</ele></trkpt>
     <trkpt lat="37.600671" lon="-122.499320"><ele>8.0</ele></trkpt>
     <trkpt lat="37.600401" lon="-122.499457"><ele>7.8</ele></trkpt>
     <trkpt lat="37.600181" lon="-122.499635"><ele>6.5</ele></trkpt>
     <trkpt lat="37.599709" lon="-122.500168"><ele>5.8</ele></trkpt>
     <trkpt lat="37.599667" lon="-122.500148"><ele>5.8</ele></trkpt>
     <trkpt lat="37.599492" lon="-122.500251"><ele>5.5</ele></trkpt>
     <trkpt lat="37.599401" lon="-122.500101"><ele>5.2</ele></trkpt>
     <trkpt lat="37.599471" lon="-122.500023"><ele>5.2</ele></trkpt>
     <trkpt lat="37.598808" lon="-122.498946"><ele>7.5</ele></trkpt>
     <trkpt lat="37.598406" lon="-122.499315"><ele>5.2</ele></trkpt>
     <trkpt lat="37.598174" lon="-122.499646"><ele>4.2</ele></trkpt>
     <trkpt lat="37.598406" lon="-122.499315"><ele>5.2</ele></trkpt>
     <trkpt lat="37.598808" lon="-122.498946"><ele>7.5</ele></trkpt>
     <trkpt lat="37.599407" lon="-122.499920"><ele>5.0</ele></trkpt>
     <trkpt lat="37.598360" lon="-122.501086"><ele>2.2</ele></trkpt>
     <trkpt lat="37.597127" lon="-122.502366"><ele>1.9</ele></trkpt>
     <trkpt lat="37.595894" lon="-122.503647"><ele>1.5</ele></trkpt>
     <trkpt lat="37.595944" lon="-122.503840"><ele>1.2</ele></trkpt>
     <trkpt lat="37.594319" lon="-122.505552"><ele>3.5</ele></trkpt>
     <trkpt lat="37.593833" lon="-122.505846"><ele>4.8</ele></trkpt>
     <trkpt lat="37.593350" lon="-122.505887"><ele>6.0</ele></trkpt>
     <trkpt lat="37.592992" lon="-122.505780"><ele>14.8</ele></trkpt>
     <trkpt lat="37.592725" lon="-122.505601"><ele>19.2</ele></trkpt>
     <trkpt lat="37.591003" lon="-122.504125"><ele>49.2</ele></trkpt>
     <trkpt lat="37.590761" lon="-122.503984"><ele>50.8</ele></trkpt>
     <trkpt lat="37.590457" lon="-122.503895"><ele>50.2</ele></trkpt>
     <trkpt lat="37.590105" lon="-122.503939"><ele>54.2</ele></trkpt>
     <trkpt lat="37.589882" lon="-122.504051"><ele>56.5</ele></trkpt>
     <trkpt lat="37.589711" lon="-122.504184"><ele>57.5</ele></trkpt>
     <trkpt lat="37.588778" lon="-122.505180"><ele>80.0</ele></trkpt>
     <trkpt lat="37.588518" lon="-122.505322"><ele>82.8</ele></trkpt>
     <trkpt lat="37.588259" lon="-122.505372"><ele>83.5</ele></trkpt>
     <trkpt lat="37.587966" lon="-122.505326"><ele>84.0</ele></trkpt>
     <trkpt lat="37.587733" lon="-122.505206"><ele>82.5</ele></trkpt>
     <trkpt lat="37.586928" lon="-122.504462"><ele>74.8</ele></trkpt>
     <trkpt lat="37.586618" lon="-122.504265"><ele>74.2</ele></trkpt>
     <trkpt lat="37.586225" lon="-122.504223"><ele>75.0</ele></trkpt>
     <trkpt lat="37.585954" lon="-122.504324"><ele>78.0</ele></trkpt>
     <trkpt lat="37.585659" lon="-122.504606"><ele>78.0</ele></trkpt>
     <trkpt lat="37.585502" lon="-122.504924"><ele>78.0</ele></trkpt>
     <trkpt lat="37.584939" lon="-122.507579"><ele>98.2</ele></trkpt>
     <trkpt lat="37.584992" lon="-122.507612"><ele>100.8</ele></trkpt>
     <trkpt lat="37.585024" lon="-122.507719"><ele>103.2</ele></trkpt>
     <trkpt lat="37.584965" lon="-122.508368"><ele>107.2</ele></trkpt>
     <trkpt lat="37.585015" lon="-122.508766"><ele>109.5</ele></trkpt>
     <trkpt lat="37.585309" lon="-122.509873"><ele>117.5</ele></trkpt>
     <trkpt lat="37.585433" lon="-122.510442"><ele>120.8</ele></trkpt>
     <trkpt lat="37.585450" lon="-122.510680"><ele>121.0</ele></trkpt>
     <trkpt lat="37.585185" lon="-122.514019"><ele>145.8</ele></trkpt>
     <trkpt lat="37.585077" lon="-122.514453"><ele>141.5</ele></trkpt>
     <trkpt lat="37.584849" lon="-122.514849"><ele>140.5</ele></trkpt>
     <trkpt lat="37.584553" lon="-122.515112"><ele>138.0</ele></trkpt>
     <trkpt lat="37.584170" lon="-122.515224"><ele>137.5</ele></trkpt>
     <trkpt lat="37.582709" lon="-122.515107"><ele>136.5</ele></trkpt>
     <trkpt lat="37.581606" lon="-122.515215"><ele>126.8</ele></trkpt>
     <trkpt lat="37.581419" lon="-122.515309"><ele>127.5</ele></trkpt>
     <trkpt lat="37.581063" lon="-122.515791"><ele>113.2</ele></trkpt>
     <trkpt lat="37.580793" lon="-122.516033"><ele>110.8</ele></trkpt>
     <trkpt lat="37.579960" lon="-122.516406"><ele>102.8</ele></trkpt>
     <trkpt lat="37.578969" lon="-122.516925"><ele>89.8</ele></trkpt>
     <trkpt lat="37.578658" lon="-122.516951"><ele>88.2</ele></trkpt>
     <trkpt lat="37.577754" lon="-122.516715"><ele>99.2</ele></trkpt>
     <trkpt lat="37.577012" lon="-122.516708"><ele>90.8</ele></trkpt>
     <trkpt lat="37.576451" lon="-122.516767"><ele>86.8</ele></trkpt>
     <trkpt lat="37.575840" lon="-122.517006"><ele>84.2</ele></trkpt>
     <trkpt lat="37.574665" lon="-122.517892"><ele>86.5</ele></trkpt>
     <trkpt lat="37.574443" lon="-122.517962"><ele>88.0</ele></trkpt>
     <trkpt lat="37.574247" lon="-122.517968"><ele>90.8</ele></trkpt>
     <trkpt lat="37.573916" lon="-122.517882"><ele>82.0</ele></trkpt>
     <trkpt lat="37.573710" lon="-122.517754"><ele>78.2</ele></trkpt>
     <trkpt lat="37.573127" lon="-122.516992"><ele>96.0</ele></trkpt>
     <trkpt lat="37.572500" lon="-122.516460"><ele>87.2</ele></trkpt>
     <trkpt lat="37.572438" lon="-122.516441"><ele>85.8</ele></trkpt>
     <trkpt lat="37.572375" lon="-122.516587"><ele>79.2</ele></trkpt>
     <trkpt lat="37.572273" lon="-122.516616"><ele>75.0</ele></trkpt>
     <trkpt lat="37.571846" lon="-122.516034"><ele>76.5</ele></trkpt>
     <trkpt lat="37.571602" lon="-122.515978"><ele>71.0</ele></trkpt>
     <trkpt lat="37.571080" lon="-122.516068"><ele>65.2</ele></trkpt>
     <trkpt lat="37.570682" lon="-122.516197"><ele>52.5</ele></trkpt>
     <trkpt lat="37.570603" lon="-122.516128"><ele>54.5</ele></trkpt>
     <trkpt lat="37.570593" lon="-122.515934"><ele>66.2</ele></trkpt>
     <trkpt lat="37.570199" lon="-122.515815"><ele>66.2</ele></trkpt>
     <trkpt lat="37.569818" lon="-122.515608"><ele>67.5</ele></trkpt>
     <trkpt lat="37.568431" lon="-122.514404"><ele>55.2</ele></trkpt>
     <trkpt lat="37.567675" lon="-122.513893"><ele>47.2</ele></trkpt>
     <trkpt lat="37.565565" lon="-122.512983"><ele>32.5</ele></trkpt>
     <trkpt lat="37.564692" lon="-122.512639"><ele>36.0</ele></trkpt>
     <trkpt lat="37.564421" lon="-122.512581"><ele>39.5</ele></trkpt>
     <trkpt lat="37.564047" lon="-122.512574"><ele>41.5</ele></trkpt>
     <trkpt lat="37.563632" lon="-122.512657"><ele>39.0</ele></trkpt>
     <trkpt lat="37.563102" lon="-122.512986"><ele>40.2</ele></trkpt>
     <trkpt lat="37.562585" lon="-122.513422"><ele>45.2</ele></trkpt>
     <trkpt lat="37.562306" lon="-122.513567"><ele>42.2</ele></trkpt>
     <trkpt lat="37.562044" lon="-122.513634"><ele>38.8</ele></trkpt>
     <trkpt lat="37.561631" lon="-122.513551"><ele>40.0</ele></trkpt>
     <trkpt lat="37.560704" lon="-122.513112"><ele>41.2</ele></trkpt>
     <trkpt lat="37.560438" lon="-122.513085"><ele>41.2</ele></trkpt>
     <trkpt lat="37.560178" lon="-122.513126"><ele>39.0</ele></trkpt>
     <trkpt lat="37.559887" lon="-122.513281"><ele>38.0</ele></trkpt>
     <trkpt lat="37.559773" lon="-122.513394"><ele>39.0</ele></trkpt>
     <trkpt lat="37.559110" lon="-122.514349"><ele>28.2</ele></trkpt>
     <trkpt lat="37.558842" lon="-122.514543"><ele>27.2</ele></trkpt>
     <trkpt lat="37.558580" lon="-122.514629"><ele>27.8</ele></trkpt>
     <trkpt lat="37.558174" lon="-122.514570"><ele>29.0</ele></trkpt>
     <trkpt lat="37.557850" lon="-122.514393"><ele>25.8</ele></trkpt>
     <trkpt lat="37.557615" lon="-122.514158"><ele>25.5</ele></trkpt>
     <trkpt lat="37.557094" lon="-122.513444"><ele>33.2</ele></trkpt>
     <trkpt lat="37.556850" lon="-122.513238"><ele>32.8</ele></trkpt>
     <trkpt lat="37.556363" lon="-122.512983"><ele>34.8</ele></trkpt>
     <trkpt lat="37.555912" lon="-122.512862"><ele>34.0</ele></trkpt>
     <trkpt lat="37.553876" lon="-122.512497"><ele>26.2</ele></trkpt>
     <trkpt lat="37.551840" lon="-122.512133"><ele>18.5</ele></trkpt>
     <trkpt lat="37.550273" lon="-122.511905"><ele>16.8</ele></trkpt>
     <trkpt lat="37.549388" lon="-122.511945"><ele>14.5</ele></trkpt>
     <trkpt lat="37.548756" lon="-122.512092"><ele>12.2</ele></trkpt>
     <trkpt lat="37.548155" lon="-122.512312"><ele>10.5</ele></trkpt>
     <trkpt lat="37.547546" lon="-122.512653"><ele>8.0</ele></trkpt>
     <trkpt lat="37.545569" lon="-122.514015"><ele>15.5</ele></trkpt>
     <trkpt lat="37.545261" lon="-122.513373"><ele>22.2</ele></trkpt>
     <trkpt lat="37.544492" lon="-122.513502"><ele>29.2</ele></trkpt>
     <trkpt lat="37.543409" lon="-122.510970"><ele>35.6</ele></trkpt>
     <trkpt lat="37.542326" lon="-122.508439"><ele>42.0</ele></trkpt>
     <trkpt lat="37.542033" lon="-122.507824"><ele>47.0</ele></trkpt>
     <trkpt lat="37.541828" lon="-122.507506"><ele>48.8</ele></trkpt>
     <trkpt lat="37.541010" lon="-122.506400"><ele>50.8</ele></trkpt>
     <trkpt lat="37.540181" lon="-122.504479"><ele>57.5</ele></trkpt>
     <trkpt lat="37.539352" lon="-122.502557"><ele>64.2</ele></trkpt>
     <trkpt lat="37.540928" lon="-122.501497"><ele>73.6</ele></trkpt>
     <trkpt lat="37.542505" lon="-122.500436"><ele>83.0</ele></trkpt>
     <trkpt lat="37.544162" lon="-122.499233"><ele>92.2</ele></trkpt>
     <trkpt lat="37.544520" lon="-122.498267"><ele>94.2</ele></trkpt>
     <trkpt lat="37.544501" lon="-122.497760"><ele>90.8</ele></trkpt>
     <trkpt lat="37.544568" lon="-122.497526"><ele>90.8</ele></trkpt>
     <trkpt lat="37.544714" lon="-122.497288"><ele>91.2</ele></trkpt>
     <trkpt lat="37.545540" lon="-122.496272"><ele>93.5</ele></trkpt>
     <trkpt lat="37.545709" lon="-122.495963"><ele>91.2</ele></trkpt>
     <trkpt lat="37.545962" lon="-122.496161"><ele>96.2</ele></trkpt>
     <trkpt lat="37.546386" lon="-122.496043"><ele>97.0</ele></trkpt>
     <trkpt lat="37.547668" lon="-122.496609"><ele>107.5</ele></trkpt>
     <trkpt lat="37.547791" lon="-122.496590"><ele>108.8</ele></trkpt>
     <trkpt lat="37.548340" lon="-122.496319"><ele>112.8</ele></trkpt>
     <trkpt lat="37.548599" lon="-122.496301"><ele>117.2</ele></trkpt>
     <trkpt lat="37.549008" lon="-122.496051"><ele>120.2</ele></trkpt>
     <trkpt lat="37.549417" lon="-122.495625"><ele>122.0</ele></trkpt>
     <trkpt lat="37.549008" lon="-122.496051"><ele>120.2</ele></trkpt>
     <trkpt lat="37.548599" lon="-122.496301"><ele>117.2</ele></trkpt>
     <trkpt lat="37.548340" lon="-122.496319"><ele>112.8</ele></trkpt>
     <trkpt lat="37.547791" lon="-122.496590"><ele>108.8</ele></trkpt>
     <trkpt lat="37.547668" lon="-122.496609"><ele>107.5</ele></trkpt>
     <trkpt lat="37.546386" lon="-122.496043"><ele>97.0</ele></trkpt>
     <trkpt lat="37.545962" lon="-122.496161"><ele>96.2</ele></trkpt>
     <trkpt lat="37.545709" lon="-122.495963"><ele>91.2</ele></trkpt>
     <trkpt lat="37.545540" lon="-122.496272"><ele>93.5</ele></trkpt>
     <trkpt lat="37.544714" lon="-122.497288"><ele>91.2</ele></trkpt>
     <trkpt lat="37.544568" lon="-122.497526"><ele>90.8</ele></trkpt>
     <trkpt lat="37.544501" lon="-122.497760"><ele>90.8</ele></trkpt>
     <trkpt lat="37.544520" lon="-122.498267"><ele>94.2</ele></trkpt>
     <trkpt lat="37.544162" lon="-122.499233"><ele>92.2</ele></trkpt>
     <trkpt lat="37.542505" lon="-122.500436"><ele>83.0</ele></trkpt>
     <trkpt lat="37.540928" lon="-122.501497"><ele>73.6</ele></trkpt>
     <trkpt lat="37.539352" lon="-122.502557"><ele>64.2</ele></trkpt>
     <trkpt lat="37.539151" lon="-122.502046"><ele>61.0</ele></trkpt>
     <trkpt lat="37.539101" lon="-122.501694"><ele>60.0</ele></trkpt>
     <trkpt lat="37.539393" lon="-122.500495"><ele>60.0</ele></trkpt>
     <trkpt lat="37.539387" lon="-122.500214"><ele>61.2</ele></trkpt>
     <trkpt lat="37.539118" lon="-122.499632"><ele>67.8</ele></trkpt>
     <trkpt lat="37.538998" lon="-122.499545"><ele>70.5</ele></trkpt>
     <trkpt lat="37.538890" lon="-122.499543"><ele>72.2</ele></trkpt>
     <trkpt lat="37.538683" lon="-122.499686"><ele>74.5</ele></trkpt>
     <trkpt lat="37.538397" lon="-122.500350"><ele>78.0</ele></trkpt>
     <trkpt lat="37.538294" lon="-122.500497"><ele>79.8</ele></trkpt>
     <trkpt lat="37.538149" lon="-122.500585"><ele>80.8</ele></trkpt>
     <trkpt lat="37.537985" lon="-122.500578"><ele>81.8</ele></trkpt>
     <trkpt lat="37.537115" lon="-122.500259"><ele>88.2</ele></trkpt>
     <trkpt lat="37.536527" lon="-122.500325"><ele>89.0</ele></trkpt>
     <trkpt lat="37.536267" lon="-122.500427"><ele>88.0</ele></trkpt>
     <trkpt lat="37.535084" lon="-122.501685"><ele>78.0</ele></trkpt>
     <trkpt lat="37.533902" lon="-122.502943"><ele>68.0</ele></trkpt>
     <trkpt lat="37.533166" lon="-122.503645"><ele>66.0</ele></trkpt>
     <trkpt lat="37.533063" lon="-122.503687"><ele>66.0</ele></trkpt>
     <trkpt lat="37.532641" lon="-122.503650"><ele>63.8</ele></trkpt>
     <trkpt lat="37.531558" lon="-122.503659"><ele>61.8</ele></trkpt>
     <trkpt lat="37.530435" lon="-122.503862"><ele>57.2</ele></trkpt>
     <trkpt lat="37.530109" lon="-122.503960"><ele>55.5</ele></trkpt>
     <trkpt lat="37.529885" lon="-122.504091"><ele>54.2</ele></trkpt>
     <trkpt lat="37.529428" lon="-122.504452"><ele>54.5</ele></trkpt>
     <trkpt lat="37.529284" lon="-122.504635"><ele>54.2</ele></trkpt>
     <trkpt lat="37.529208" lon="-122.504857"><ele>54.0</ele></trkpt>
     <trkpt lat="37.529100" lon="-122.505835"><ele>52.0</ele></trkpt>
     <trkpt lat="37.528898" lon="-122.506299"><ele>55.8</ele></trkpt>
     <trkpt lat="37.528841" lon="-122.506525"><ele>56.0</ele></trkpt>
     <trkpt lat="37.528765" lon="-122.507125"><ele>53.8</ele></trkpt>
     <trkpt lat="37.528752" lon="-122.507889"><ele>48.8</ele></trkpt>
     <trkpt lat="37.528826" lon="-122.509142"><ele>44.0</ele></trkpt>
     <trkpt lat="37.528246" lon="-122.510216"><ele>41.2</ele></trkpt>
     <trkpt lat="37.527427" lon="-122.510815"><ele>25.5</ele></trkpt>
     <trkpt lat="37.526300" lon="-122.509841"><ele>24.8</ele></trkpt>
     <trkpt lat="37.524808" lon="-122.508430"><ele>25.1</ele></trkpt>
     <trkpt lat="37.523317" lon="-122.507018"><ele>25.5</ele></trkpt>
     <trkpt lat="37.522969" lon="-122.506739"><ele>26.2</ele></trkpt>
     <trkpt lat="37.522088" lon="-122.506159"><ele>28.0</ele></trkpt>
     <trkpt lat="37.521716" lon="-122.506047"><ele>28.2</ele></trkpt>
     <trkpt lat="37.521472" lon="-122.506018"><ele>27.2</ele></trkpt>
     <trkpt lat="37.521313" lon="-122.506047"><ele>26.0</ele></trkpt>
     <trkpt lat="37.520959" lon="-122.506385"><ele>22.5</ele></trkpt>
     <trkpt lat="37.520002" lon="-122.504719"><ele>23.2</ele></trkpt>
     <trkpt lat="37.518663" lon="-122.502220"><ele>21.1</ele></trkpt>
     <trkpt lat="37.517324" lon="-122.499720"><ele>19.0</ele></trkpt>
     <trkpt lat="37.515984" lon="-122.497221"><ele>16.9</ele></trkpt>
     <trkpt lat="37.514645" lon="-122.494722"><ele>14.8</ele></trkpt>
     <trkpt lat="37.514346" lon="-122.494246"><ele>15.5</ele></trkpt>
     <trkpt lat="37.512722" lon="-122.492012"><ele>14.2</ele></trkpt>
     <trkpt lat="37.511098" lon="-122.489778"><ele>12.8</ele></trkpt>
     <trkpt lat="37.509474" lon="-122.487544"><ele>11.5</ele></trkpt>
     <trkpt lat="37.508223" lon="-122.485889"><ele>9.6</ele></trkpt>
     <trkpt lat="37.506973" lon="-122.484233"><ele>7.8</ele></trkpt>
     <trkpt lat="37.506140" lon="-122.482969"><ele>8.0</ele></trkpt>
     <trkpt lat="37.505598" lon="-122.482008"><ele>9.2</ele></trkpt>
     <trkpt lat="37.505184" lon="-122.481129"><ele>9.5</ele></trkpt>
     <trkpt lat="37.504537" lon="-122.479600"><ele>9.8</ele></trkpt>
     <trkpt lat="37.503890" lon="-122.478070"><ele>10.0</ele></trkpt>
     <trkpt lat="37.502763" lon="-122.475161"><ele>10.6</ele></trkpt>
     <trkpt lat="37.501637" lon="-122.472253"><ele>11.3</ele></trkpt>
     <trkpt lat="37.500510" lon="-122.469344"><ele>11.9</ele></trkpt>
     <trkpt lat="37.499384" lon="-122.466435"><ele>12.6</ele></trkpt>
     <trkpt lat="37.498257" lon="-122.463526"><ele>13.2</ele></trkpt>
     <trkpt lat="37.497131" lon="-122.460618"><ele>13.9</ele></trkpt>
     <trkpt lat="37.496004" lon="-122.457709"><ele>14.5</ele></trkpt>
     <trkpt lat="37.495419" lon="-122.456114"><ele>20.2</ele></trkpt>
     <trkpt lat="37.495021" lon="-122.455241"><ele>20.8</ele></trkpt>
     <trkpt lat="37.494593" lon="-122.454559"><ele>19.5</ele></trkpt>
     <trkpt lat="37.493971" lon="-122.453785"><ele>18.0</ele></trkpt>
     <trkpt lat="37.493292" lon="-122.453179"><ele>15.2</ele></trkpt>
     <trkpt lat="37.491053" lon="-122.451633"><ele>15.8</ele></trkpt>
     <trkpt lat="37.488814" lon="-122.450086"><ele>16.4</ele></trkpt>
     <trkpt lat="37.486575" lon="-122.448540"><ele>16.9</ele></trkpt>
     <trkpt lat="37.484336" lon="-122.446993"><ele>17.5</ele></trkpt>
     <trkpt lat="37.482021" lon="-122.445349"><ele>17.0</ele></trkpt>
     <trkpt lat="37.481520" lon="-122.444878"><ele>16.0</ele></trkpt>
     <trkpt lat="37.479465" lon="-122.442731"><ele>15.6</ele></trkpt>
     <trkpt lat="37.477411" lon="-122.440584"><ele>15.1</ele></trkpt>
     <trkpt lat="37.475356" lon="-122.438436"><ele>14.7</ele></trkpt>
     <trkpt lat="37.473301" lon="-122.436289"><ele>14.2</ele></trkpt>
     <trkpt lat="37.472061" lon="-122.435188"><ele>13.8</ele></trkpt>
     <trkpt lat="37.471059" lon="-122.434365"><ele>13.8</ele></trkpt>
     <trkpt lat="37.470367" lon="-122.433995"><ele>14.5</ele></trkpt>
     <trkpt lat="37.469969" lon="-122.433836"><ele>15.0</ele></trkpt>
     <trkpt lat="37.469140" lon="-122.433632"><ele>16.0</ele></trkpt>
     <trkpt lat="37.468617" lon="-122.433587"><ele>15.5</ele></trkpt>
     <trkpt lat="37.467827" lon="-122.433643"><ele>14.0</ele></trkpt>
     <trkpt lat="37.465970" lon="-122.433932"><ele>15.5</ele></trkpt>
     <trkpt lat="37.464114" lon="-122.434221"><ele>17.0</ele></trkpt>
     <trkpt lat="37.463842" lon="-122.431404"><ele>18.9</ele></trkpt>
     <trkpt lat="37.463570" lon="-122.428587"><ele>20.8</ele></trkpt>
     <trkpt lat="37.463634" lon="-122.429242"><ele>21.2</ele></trkpt>
     <trkpt lat="37.461691" lon="-122.429543"><ele>23.1</ele></trkpt>
     <trkpt lat="37.459747" lon="-122.429845"><ele>24.9</ele></trkpt>
     <trkpt lat="37.457804" lon="-122.430146"><ele>26.8</ele></trkpt>
     <trkpt lat="37.456298" lon="-122.430031"><ele>27.5</ele></trkpt>
     <trkpt lat="37.454451" lon="-122.429797"><ele>27.4</ele></trkpt>
     <trkpt lat="37.452604" lon="-122.429563"><ele>27.3</ele></trkpt>
     <trkpt lat="37.450757" lon="-122.429329"><ele>27.2</ele></trkpt>
     <trkpt lat="37.450544" lon="-122.429455"><ele>26.8</ele></trkpt>
     <trkpt lat="37.450343" lon="-122.429908"><ele>25.8</ele></trkpt>
     <trkpt lat="37.448919" lon="-122.429171"><ele>25.8</ele></trkpt>
     <trkpt lat="37.447742" lon="-122.428797"><ele>26.5</ele></trkpt>
     <trkpt lat="37.447281" lon="-122.428720"><ele>26.5</ele></trkpt>
     <trkpt lat="37.444825" lon="-122.428393"><ele>27.6</ele></trkpt>
     <trkpt lat="37.442370" lon="-122.428066"><ele>28.7</ele></trkpt>
     <trkpt lat="37.439915" lon="-122.427739"><ele>29.8</ele></trkpt>
     <trkpt lat="37.437459" lon="-122.427412"><ele>30.8</ele></trkpt>
     <trkpt lat="37.435003" lon="-122.427085"><ele>31.9</ele></trkpt>
     <trkpt lat="37.432548" lon="-122.426758"><ele>33.0</ele></trkpt>
     <trkpt lat="37.431372" lon="-122.426660"><ele>34.5</ele></trkpt>
     <trkpt lat="37.429024" lon="-122.426559"><ele>34.5</ele></trkpt>
     <trkpt lat="37.426676" lon="-122.426458"><ele>34.5</ele></trkpt>
     <trkpt lat="37.424328" lon="-122.426357"><ele>34.5</ele></trkpt>
     <trkpt lat="37.423425" lon="-122.426239"><ele>38.2</ele></trkpt>
     <trkpt lat="37.422378" lon="-122.425993"><ele>40.5</ele></trkpt>
     <trkpt lat="37.419849" lon="-122.425179"><ele>41.5</ele></trkpt>
     <trkpt lat="37.417321" lon="-122.424365"><ele>42.5</ele></trkpt>
     <trkpt lat="37.414792" lon="-122.423552"><ele>43.5</ele></trkpt>
     <trkpt lat="37.412263" lon="-122.422738"><ele>44.5</ele></trkpt>
     <trkpt lat="37.409735" lon="-122.421924"><ele>45.5</ele></trkpt>
     <trkpt lat="37.407206" lon="-122.421110"><ele>46.5</ele></trkpt>
     <trkpt lat="37.405239" lon="-122.420459"><ele>46.8</ele></trkpt>
     <trkpt lat="37.403273" lon="-122.419807"><ele>47.0</ele></trkpt>
     <trkpt lat="37.401306" lon="-122.419156"><ele>47.2</ele></trkpt>
     <trkpt lat="37.400562" lon="-122.418870"><ele>47.0</ele></trkpt>
     <trkpt lat="37.400107" lon="-122.418643"><ele>46.5</ele></trkpt>
     <trkpt lat="37.399002" lon="-122.417925"><ele>50.8</ele></trkpt>
     <trkpt lat="37.398346" lon="-122.417358"><ele>51.0</ele></trkpt>
     <trkpt lat="37.397955" lon="-122.416954"><ele>51.0</ele></trkpt>
     <trkpt lat="37.396179" lon="-122.414958"><ele>52.4</ele></trkpt>
     <trkpt lat="37.394402" lon="-122.412963"><ele>53.8</ele></trkpt>
     <trkpt lat="37.392626" lon="-122.410967"><ele>55.2</ele></trkpt>
     <trkpt lat="37.390849" lon="-122.408972"><ele>56.6</ele></trkpt>
     <trkpt lat="37.389073" lon="-122.406976"><ele>58.0</ele></trkpt>
     <trkpt lat="37.388195" lon="-122.406240"><ele>54.5</ele></trkpt>
     <trkpt lat="37.387673" lon="-122.405907"><ele>54.2</ele></trkpt>
     <trkpt lat="37.387093" lon="-122.405623"><ele>56.0</ele></trkpt>
     <trkpt lat="37.386269" lon="-122.405339"><ele>62.0</ele></trkpt>
     <trkpt lat="37.384573" lon="-122.404869"><ele>62.8</ele></trkpt>
     <trkpt lat="37.383738" lon="-122.404661"><ele>56.0</ele></trkpt>
     <trkpt lat="37.382980" lon="-122.404528"><ele>49.5</ele></trkpt>
     <trkpt lat="37.381164" lon="-122.404350"><ele>48.5</ele></trkpt>
     <trkpt lat="37.379650" lon="-122.404316"><ele>57.5</ele></trkpt>
     <trkpt lat="37.376995" lon="-122.404039"><ele>55.5</ele></trkpt>
     <trkpt lat="37.374340" lon="-122.403763"><ele>53.5</ele></trkpt>
     <trkpt lat="37.373830" lon="-122.403804"><ele>53.2</ele></trkpt>
     <trkpt lat="37.373459" lon="-122.403887"><ele>52.8</ele></trkpt>
     <trkpt lat="37.371727" lon="-122.404638"><ele>54.0</ele></trkpt>
     <trkpt lat="37.371110" lon="-122.404820"><ele>52.5</ele></trkpt>
     <trkpt lat="37.370705" lon="-122.404883"><ele>51.8</ele></trkpt>
     <trkpt lat="37.370077" lon="-122.404905"><ele>51.0</ele></trkpt>
     <trkpt lat="37.368634" lon="-122.404865"><ele>48.5</ele></trkpt>
     <trkpt lat="37.367190" lon="-122.404826"><ele>46.0</ele></trkpt>
     <trkpt lat="37.366400" lon="-122.404716"><ele>48.5</ele></trkpt>
     <trkpt lat="37.365716" lon="-122.404487"><ele>55.0</ele></trkpt>
     <trkpt lat="37.365046" lon="-122.404153"><ele>58.2</ele></trkpt>
     <trkpt lat="37.364629" lon="-122.403865"><ele>61.0</ele></trkpt>
     <trkpt lat="37.364162" lon="-122.403469"><ele>62.8</ele></trkpt>
     <trkpt lat="37.362203" lon="-122.401469"><ele>54.6</ele></trkpt>
     <trkpt lat="37.360244" lon="-122.399469"><ele>46.5</ele></trkpt>
     <trkpt lat="37.359291" lon="-122.398134"><ele>37.0</ele></trkpt>
     <trkpt lat="37.359049" lon="-122.397860"><ele>34.5</ele></trkpt>
     <trkpt lat="37.358429" lon="-122.397373"><ele>28.0</ele></trkpt>
     <trkpt lat="37.358000" lon="-122.397157"><ele>22.5</ele></trkpt>
     <trkpt lat="37.357597" lon="-122.397031"><ele>25.0</ele></trkpt>
     <trkpt lat="37.357074" lon="-122.396968"><ele>28.2</ele></trkpt>
     <trkpt lat="37.356713" lon="-122.396989"><ele>30.5</ele></trkpt>
     <trkpt lat="37.356142" lon="-122.397131"><ele>35.2</ele></trkpt>
     <trkpt lat="37.355560" lon="-122.397427"><ele>40.8</ele></trkpt>
     <trkpt lat="37.354222" lon="-122.398357"><ele>52.0</ele></trkpt>
     <trkpt lat="37.353847" lon="-122.398543"><ele>54.0</ele></trkpt>
     <trkpt lat="37.353450" lon="-122.398668"><ele>56.8</ele></trkpt>
     <trkpt lat="37.352855" lon="-122.398732"><ele>63.5</ele></trkpt>
     <trkpt lat="37.351143" lon="-122.398616"><ele>74.2</ele></trkpt>
     <trkpt lat="37.350769" lon="-122.398515"><ele>76.0</ele></trkpt>
     <trkpt lat="37.350405" lon="-122.398349"><ele>78.0</ele></trkpt>
     <trkpt lat="37.349590" lon="-122.397803"><ele>87.0</ele></trkpt>
     <trkpt lat="37.348940" lon="-122.397481"><ele>94.5</ele></trkpt>
     <trkpt lat="37.347035" lon="-122.396964"><ele>116.8</ele></trkpt>
     <trkpt lat="37.346409" lon="-122.396690"><ele>117.8</ele></trkpt>
     <trkpt lat="37.345825" lon="-122.396319"><ele>117.8</ele></trkpt>
     <trkpt lat="37.344406" lon="-122.395077"><ele>121.5</ele></trkpt>
     <trkpt lat="37.343820" lon="-122.394749"><ele>123.0</ele></trkpt>
     <trkpt lat="37.343220" lon="-122.394594"><ele>121.5</ele></trkpt>
     <trkpt lat="37.342772" lon="-122.394572"><ele>123.5</ele></trkpt>
     <trkpt lat="37.342483" lon="-122.394605"><ele>124.0</ele></trkpt>
     <trkpt lat="37.341118" lon="-122.394935"><ele>132.5</ele></trkpt>
     <trkpt lat="37.340492" lon="-122.394958"><ele>135.5</ele></trkpt>
     <trkpt lat="37.340030" lon="-122.394876"><ele>138.5</ele></trkpt>
     <trkpt lat="37.337712" lon="-122.394194"><ele>126.8</ele></trkpt>
     <trkpt lat="37.335393" lon="-122.393511"><ele>115.0</ele></trkpt>
     <trkpt lat="37.333075" lon="-122.392829"><ele>103.2</ele></trkpt>
     <trkpt lat="37.332455" lon="-122.392432"><ele>98.0</ele></trkpt>
     <trkpt lat="37.331337" lon="-122.391426"><ele>87.0</ele></trkpt>
     <trkpt lat="37.331062" lon="-122.391286"><ele>85.8</ele></trkpt>
     <trkpt lat="37.330785" lon="-122.391214"><ele>85.5</ele></trkpt>
     <trkpt lat="37.330484" lon="-122.391205"><ele>85.2</ele></trkpt>
     <trkpt lat="37.330184" lon="-122.391263"><ele>86.2</ele></trkpt>
     <trkpt lat="37.329735" lon="-122.391489"><ele>85.2</ele></trkpt>
     <trkpt lat="37.329354" lon="-122.391856"><ele>79.5</ele></trkpt>
     <trkpt lat="37.329068" lon="-122.392360"><ele>74.5</ele></trkpt>
     <trkpt lat="37.328944" lon="-122.392742"><ele>73.8</ele></trkpt>
     <trkpt lat="37.328873" lon="-122.393290"><ele>75.2</ele></trkpt>
     <trkpt lat="37.329068" lon="-122.394939"><ele>67.5</ele></trkpt>
     <trkpt lat="37.329037" lon="-122.395584"><ele>62.8</ele></trkpt>
     <trkpt lat="37.328937" lon="-122.396027"><ele>59.0</ele></trkpt>
     <trkpt lat="37.328793" lon="-122.396435"><ele>57.0</ele></trkpt>
     <trkpt lat="37.328617" lon="-122.396776"><ele>55.8</ele></trkpt>
     <trkpt lat="37.328410" lon="-122.397074"><ele>54.0</ele></trkpt>
     <trkpt lat="37.328177" lon="-122.397321"><ele>52.0</ele></trkpt>
     <trkpt lat="37.327894" lon="-122.397543"><ele>49.2</ele></trkpt>
     <trkpt lat="37.326216" lon="-122.398719"><ele>34.8</ele></trkpt>
     <trkpt lat="37.324538" lon="-122.399894"><ele>20.2</ele></trkpt>
     <trkpt lat="37.323113" lon="-122.400811"><ele>9.8</ele></trkpt>
     <trkpt lat="37.323185" lon="-122.401146"><ele>10.0</ele></trkpt>
     <trkpt lat="37.323050" lon="-122.403081"><ele>7.0</ele></trkpt>
     <trkpt lat="37.323070" lon="-122.403296"><ele>8.0</ele></trkpt>
     <trkpt lat="37.323108" lon="-122.403360"><ele>8.5</ele></trkpt>
     <trkpt lat="37.324104" lon="-122.403422"><ele>15.2</ele></trkpt>
     <trkpt lat="37.324258" lon="-122.403472"><ele>16.2</ele></trkpt>
     <trkpt lat="37.324476" lon="-122.403628"><ele>18.0</ele></trkpt>
     <trkpt lat="37.324516" lon="-122.403553"><ele>18.5</ele></trkpt>
     <trkpt lat="37.324503" lon="-122.403307"><ele>20.0</ele></trkpt>
     <trkpt lat="37.324600" lon="-122.403084"><ele>22.0</ele></trkpt>
     <trkpt lat="37.324503" lon="-122.403307"><ele>19.0</ele></trkpt>
     <trkpt lat="37.324516" lon="-122.403553"><ele>17.8</ele></trkpt>
     <trkpt lat="37.324476" lon="-122.403628"><ele>17.2</ele></trkpt>
     <trkpt lat="37.324258" lon="-122.403472"><ele>15.5</ele></trkpt>
     <trkpt lat="37.324104" lon="-122.403422"><ele>14.2</ele></trkpt>
     <trkpt lat="37.323108" lon="-122.403360"><ele>7.2</ele></trkpt>
     <trkpt lat="37.323070" lon="-122.403296"><ele>6.8</ele></trkpt>
     <trkpt lat="37.323050" lon="-122.403081"><ele>7.0</ele></trkpt>
     <trkpt lat="37.323185" lon="-122.401146"><ele>10.0</ele></trkpt>
     <trkpt lat="37.323113" lon="-122.400811"><ele>9.8</ele></trkpt>
     <trkpt lat="37.321449" lon="-122.401709"><ele>3.8</ele></trkpt>
     <trkpt lat="37.319539" lon="-122.402520"><ele>19.8</ele></trkpt>
     <trkpt lat="37.318366" lon="-122.402890"><ele>29.2</ele></trkpt>
     <trkpt lat="37.316899" lon="-122.403227"><ele>43.8</ele></trkpt>
     <trkpt lat="37.314573" lon="-122.403547"><ele>43.3</ele></trkpt>
     <trkpt lat="37.312247" lon="-122.403867"><ele>42.9</ele></trkpt>
     <trkpt lat="37.309921" lon="-122.404187"><ele>42.4</ele></trkpt>
     <trkpt lat="37.307595" lon="-122.404507"><ele>42.0</ele></trkpt>
     <trkpt lat="37.306472" lon="-122.404619"><ele>45.8</ele></trkpt>
     <trkpt lat="37.304099" lon="-122.404634"><ele>31.9</ele></trkpt>
     <trkpt lat="37.301727" lon="-122.404649"><ele>18.1</ele></trkpt>
     <trkpt lat="37.299354" lon="-122.404664"><ele>4.2</ele></trkpt>
     <trkpt lat="37.298661" lon="-122.404706"><ele>8.5</ele></trkpt>
     <trkpt lat="37.298239" lon="-122.404791"><ele>11.5</ele></trkpt>
     <trkpt lat="37.297483" lon="-122.405067"><ele>19.2</ele></trkpt>
     <trkpt lat="37.296159" lon="-122.405821"><ele>32.8</ele></trkpt>
     <trkpt lat="37.295597" lon="-122.406088"><ele>38.0</ele></trkpt>
     <trkpt lat="37.294979" lon="-122.406294"><ele>40.2</ele></trkpt>
     <trkpt lat="37.294393" lon="-122.406394"><ele>38.5</ele></trkpt>
     <trkpt lat="37.293770" lon="-122.406396"><ele>38.2</ele></trkpt>
     <trkpt lat="37.292919" lon="-122.406223"><ele>39.5</ele></trkpt>
     <trkpt lat="37.290962" lon="-122.405496"><ele>41.8</ele></trkpt>
     <trkpt lat="37.289005" lon="-122.404770"><ele>44.0</ele></trkpt>
     <trkpt lat="37.288127" lon="-122.404647"><ele>40.5</ele></trkpt>
     <trkpt lat="37.287708" lon="-122.404647"><ele>37.2</ele></trkpt>
     <trkpt lat="37.287079" lon="-122.404722"><ele>37.0</ele></trkpt>
     <trkpt lat="37.286441" lon="-122.404895"><ele>37.5</ele></trkpt>
     <trkpt lat="37.285811" lon="-122.405179"><ele>35.8</ele></trkpt>
     <trkpt lat="37.285421" lon="-122.405408"><ele>34.0</ele></trkpt>
     <trkpt lat="37.283095" lon="-122.407030"><ele>43.8</ele></trkpt>
     <trkpt lat="37.282642" lon="-122.407306"><ele>48.2</ele></trkpt>
     <trkpt lat="37.281758" lon="-122.407738"><ele>46.2</ele></trkpt>
     <trkpt lat="37.281085" lon="-122.407974"><ele>44.8</ele></trkpt>
     <trkpt lat="37.280368" lon="-122.408145"><ele>43.5</ele></trkpt>
     <trkpt lat="37.279674" lon="-122.408234"><ele>40.0</ele></trkpt>
     <trkpt lat="37.278271" lon="-122.408184"><ele>35.5</ele></trkpt>
     <trkpt lat="37.276868" lon="-122.408134"><ele>31.0</ele></trkpt>
     <trkpt lat="37.275797" lon="-122.408220"><ele>22.8</ele></trkpt>
     <trkpt lat="37.273836" lon="-122.408713"><ele>16.2</ele></trkpt>
     <trkpt lat="37.271876" lon="-122.409206"><ele>9.8</ele></trkpt>
     <trkpt lat="37.269915" lon="-122.409699"><ele>3.2</ele></trkpt>
     <trkpt lat="37.268501" lon="-122.410206"><ele>2.8</ele></trkpt>
     <trkpt lat="37.267702" lon="-122.410646"><ele>3.2</ele></trkpt>
     <trkpt lat="37.266842" lon="-122.411189"><ele>4.8</ele></trkpt>
     <trkpt lat="37.265556" lon="-122.411834"><ele>6.8</ele></trkpt>
     <trkpt lat="37.265068" lon="-122.412004"><ele>9.2</ele></trkpt>
     <trkpt lat="37.262876" lon="-122.412448"><ele>8.8</ele></trkpt>
     <trkpt lat="37.261084" lon="-122.412898"><ele>9.2</ele></trkpt>
     <trkpt lat="37.258462" lon="-122.413472"><ele>9.0</ele></trkpt>
     <trkpt lat="37.255841" lon="-122.414047"><ele>8.8</ele></trkpt>
     <trkpt lat="37.254728" lon="-122.414368"><ele>11.2</ele></trkpt>
     <trkpt lat="37.253373" lon="-122.414907"><ele>15.8</ele></trkpt>
     <trkpt lat="37.251204" lon="-122.415953"><ele>12.1</ele></trkpt>
     <trkpt lat="37.249034" lon="-122.416998"><ele>8.5</ele></trkpt>
     <trkpt lat="37.248076" lon="-122.417342"><ele>7.5</ele></trkpt>
     <trkpt lat="37.247379" lon="-122.417517"><ele>7.2</ele></trkpt>
     <trkpt lat="37.246490" lon="-122.417666"><ele>9.2</ele></trkpt>
     <trkpt lat="37.244415" lon="-122.417840"><ele>9.1</ele></trkpt>
     <trkpt lat="37.242339" lon="-122.418014"><ele>9.0</ele></trkpt>
     <trkpt lat="37.241387" lon="-122.417947"><ele>8.5</ele></trkpt>
     <trkpt lat="37.240788" lon="-122.417791"><ele>8.2</ele></trkpt>
     <trkpt lat="37.240202" lon="-122.417553"><ele>8.2</ele></trkpt>
     <trkpt lat="37.239469" lon="-122.417117"><ele>8.5</ele></trkpt>
     <trkpt lat="37.237978" lon="-122.415971"><ele>8.8</ele></trkpt>
     <trkpt lat="37.237248" lon="-122.415588"><ele>8.8</ele></trkpt>
     <trkpt lat="37.236552" lon="-122.415393"><ele>10.5</ele></trkpt>
     <trkpt lat="37.234410" lon="-122.415026"><ele>11.2</ele></trkpt>
     <trkpt lat="37.233738" lon="-122.414792"><ele>10.8</ele></trkpt>
     <trkpt lat="37.232956" lon="-122.414401"><ele>8.8</ele></trkpt>
     <trkpt lat="37.232551" lon="-122.414146"><ele>7.8</ele></trkpt>
     <trkpt lat="37.231871" lon="-122.413610"><ele>7.2</ele></trkpt>
     <trkpt lat="37.230004" lon="-122.412036"><ele>7.4</ele></trkpt>
     <trkpt lat="37.228138" lon="-122.410462"><ele>7.5</ele></trkpt>
     <trkpt lat="37.226271" lon="-122.408889"><ele>7.6</ele></trkpt>
     <trkpt lat="37.224405" lon="-122.407315"><ele>7.8</ele></trkpt>
     <trkpt lat="37.223700" lon="-122.406830"><ele>11.2</ele></trkpt>
     <trkpt lat="37.222972" lon="-122.406493"><ele>17.8</ele></trkpt>
     <trkpt lat="37.222085" lon="-122.406237"><ele>23.5</ele></trkpt>
     <trkpt lat="37.221205" lon="-122.406139"><ele>23.2</ele></trkpt>
     <trkpt lat="37.219382" lon="-122.406191"><ele>19.2</ele></trkpt>
     <trkpt lat="37.217559" lon="-122.406244"><ele>15.2</ele></trkpt>
     <trkpt lat="37.215736" lon="-122.406296"><ele>11.2</ele></trkpt>
     <trkpt lat="37.214817" lon="-122.406231"><ele>12.8</ele></trkpt>
     <trkpt lat="37.213644" lon="-122.405989"><ele>14.8</ele></trkpt>
     <trkpt lat="37.212655" lon="-122.405646"><ele>18.2</ele></trkpt>
     <trkpt lat="37.210586" lon="-122.404666"><ele>20.6</ele></trkpt>
     <trkpt lat="37.208518" lon="-122.403686"><ele>23.0</ele></trkpt>
     <trkpt lat="37.206620" lon="-122.402821"><ele>22.8</ele></trkpt>
     <trkpt lat="37.204722" lon="-122.401956"><ele>22.5</ele></trkpt>
     <trkpt lat="37.202824" lon="-122.401091"><ele>22.2</ele></trkpt>
     <trkpt lat="37.202011" lon="-122.400894"><ele>21.5</ele></trkpt>
     <trkpt lat="37.200158" lon="-122.400746"><ele>22.8</ele></trkpt>
     <trkpt lat="37.198304" lon="-122.400599"><ele>24.0</ele></trkpt>
     <trkpt lat="37.197494" lon="-122.400440"><ele>23.2</ele></trkpt>
     <trkpt lat="37.196376" lon="-122.400046"><ele>22.0</ele></trkpt>
     <trkpt lat="37.195720" lon="-122.399708"><ele>21.5</ele></trkpt>
     <trkpt lat="37.195028" lon="-122.399259"><ele>20.8</ele></trkpt>
     <trkpt lat="37.193488" lon="-122.398096"><ele>15.0</ele></trkpt>
     <trkpt lat="37.191947" lon="-122.396932"><ele>9.2</ele></trkpt>
     <trkpt lat="37.191837" lon="-122.397159"><ele>8.5</ele></trkpt>
     <trkpt lat="37.191688" lon="-122.397298"><ele>8.5</ele></trkpt>
     <trkpt lat="37.191571" lon="-122.397358"><ele>8.2</ele></trkpt>
     <trkpt lat="37.191448" lon="-122.397358"><ele>7.8</ele></trkpt>
     <trkpt lat="37.190018" lon="-122.396742"><ele>7.2</ele></trkpt>
     <trkpt lat="37.189816" lon="-122.396710"><ele>7.8</ele></trkpt>
     <trkpt lat="37.188424" lon="-122.396861"><ele>6.0</ele></trkpt>
     <trkpt lat="37.188088" lon="-122.396821"><ele>6.0</ele></trkpt>
     <trkpt lat="37.185644" lon="-122.396185"><ele>5.8</ele></trkpt>
     <trkpt lat="37.185198" lon="-122.395955"><ele>5.8</ele></trkpt>
     <trkpt lat="37.183495" lon="-122.394641"><ele>5.8</ele></trkpt>
     <trkpt lat="37.183168" lon="-122.394271"><ele>8.0</ele></trkpt>
     <trkpt lat="37.183004" lon="-122.393997"><ele>9.5</ele></trkpt>
     <trkpt lat="37.182922" lon="-122.393790"><ele>10.0</ele></trkpt>
     <trkpt lat="37.182905" lon="-122.393520"><ele>10.8</ele></trkpt>
     <trkpt lat="37.182466" lon="-122.393596"><ele>9.5</ele></trkpt>
     <trkpt lat="37.182066" lon="-122.394000"><ele>10.8</ele></trkpt>
     <trkpt lat="37.182466" lon="-122.393596"><ele>9.5</ele></trkpt>
     <trkpt lat="37.182905" lon="-122.393520"><ele>10.8</ele></trkpt>
     <trkpt lat="37.182978" lon="-122.393297"><ele>11.5</ele></trkpt>
     <trkpt lat="37.183512" lon="-122.392361"><ele>13.8</ele></trkpt>
     <trkpt lat="37.183925" lon="-122.391353"><ele>14.2</ele></trkpt>
     <trkpt lat="37.184168" lon="-122.390875"><ele>16.0</ele></trkpt>
     <trkpt lat="37.184290" lon="-122.390689"><ele>16.8</ele></trkpt>
     <trkpt lat="37.184594" lon="-122.390459"><ele>18.5</ele></trkpt>
     <trkpt lat="37.184374" lon="-122.389816"><ele>17.0</ele></trkpt>
     <trkpt lat="37.184178" lon="-122.388854"><ele>17.0</ele></trkpt>
     <trkpt lat="37.183943" lon="-122.386295"><ele>16.9</ele></trkpt>
     <trkpt lat="37.183709" lon="-122.383737"><ele>16.8</ele></trkpt>
     <trkpt lat="37.183612" lon="-122.383035"><ele>15.2</ele></trkpt>
     <trkpt lat="37.183405" lon="-122.381992"><ele>15.2</ele></trkpt>
     <trkpt lat="37.183092" lon="-122.380822"><ele>19.5</ele></trkpt>
     <trkpt lat="37.182893" lon="-122.380231"><ele>21.5</ele></trkpt>
     <trkpt lat="37.182469" lon="-122.379149"><ele>22.8</ele></trkpt>
     <trkpt lat="37.182051" lon="-122.378278"><ele>24.2</ele></trkpt>
     <trkpt lat="37.180680" lon="-122.375773"><ele>24.6</ele></trkpt>
     <trkpt lat="37.179309" lon="-122.373268"><ele>25.1</ele></trkpt>
     <trkpt lat="37.177938" lon="-122.370763"><ele>25.4</ele></trkpt>
     <trkpt lat="37.176567" lon="-122.368258"><ele>25.9</ele></trkpt>
     <trkpt lat="37.175196" lon="-122.365753"><ele>26.2</ele></trkpt>
     <trkpt lat="37.174765" lon="-122.365121"><ele>29.0</ele></trkpt>
     <trkpt lat="37.174443" lon="-122.364748"><ele>31.5</ele></trkpt>
     <trkpt lat="37.173895" lon="-122.364243"><ele>32.0</ele></trkpt>
     <trkpt lat="37.173097" lon="-122.363697"><ele>29.2</ele></trkpt>
     <trkpt lat="37.170807" lon="-122.362758"><ele>24.0</ele></trkpt>
     <trkpt lat="37.168518" lon="-122.361820"><ele>18.8</ele></trkpt>
     <trkpt lat="37.166778" lon="-122.361147"><ele>10.6</ele></trkpt>
     <trkpt lat="37.165039" lon="-122.360475"><ele>2.5</ele></trkpt>
     <trkpt lat="37.164178" lon="-122.360081"><ele>5.5</ele></trkpt>
     <trkpt lat="37.163436" lon="-122.359656"><ele>7.2</ele></trkpt>
     <trkpt lat="37.161574" lon="-122.358383"><ele>11.4</ele></trkpt>
     <trkpt lat="37.159712" lon="-122.357109"><ele>15.6</ele></trkpt>
     <trkpt lat="37.157850" lon="-122.355836"><ele>19.8</ele></trkpt>
     <trkpt lat="37.156891" lon="-122.355113"><ele>20.8</ele></trkpt>
     <trkpt lat="37.155559" lon="-122.353963"><ele>27.5</ele></trkpt>
     <trkpt lat="37.154105" lon="-122.352602"><ele>27.0</ele></trkpt>
     <trkpt lat="37.152652" lon="-122.351241"><ele>26.5</ele></trkpt>
     <trkpt lat="37.151198" lon="-122.349880"><ele>26.0</ele></trkpt>
     <trkpt lat="37.150392" lon="-122.348986"><ele>30.8</ele></trkpt>
     <trkpt lat="37.149864" lon="-122.348249"><ele>32.0</ele></trkpt>
     <trkpt lat="37.149532" lon="-122.347696"><ele>27.2</ele></trkpt>
     <trkpt lat="37.149137" lon="-122.346895"><ele>23.8</ele></trkpt>
     <trkpt lat="37.148675" lon="-122.345743"><ele>23.8</ele></trkpt>
     <trkpt lat="37.148234" lon="-122.344480"><ele>18.8</ele></trkpt>
     <trkpt lat="37.147397" lon="-122.341925"><ele>19.9</ele></trkpt>
     <trkpt lat="37.146560" lon="-122.339369"><ele>20.9</ele></trkpt>
     <trkpt lat="37.145723" lon="-122.336814"><ele>22.1</ele></trkpt>
     <trkpt lat="37.144886" lon="-122.334258"><ele>23.1</ele></trkpt>
     <trkpt lat="37.144049" lon="-122.331703"><ele>24.2</ele></trkpt>
     <trkpt lat="37.143127" lon="-122.328957"><ele>28.3</ele></trkpt>
     <trkpt lat="37.142206" lon="-122.326211"><ele>32.4</ele></trkpt>
     <trkpt lat="37.141284" lon="-122.323465"><ele>36.5</ele></trkpt>
     <trkpt lat="37.141108" lon="-122.322995"><ele>36.2</ele></trkpt>
     <trkpt lat="37.140696" lon="-122.322143"><ele>37.5</ele></trkpt>
     <trkpt lat="37.139985" lon="-122.321146"><ele>41.5</ele></trkpt>
     <trkpt lat="37.139486" lon="-122.320614"><ele>42.8</ele></trkpt>
     <trkpt lat="37.138554" lon="-122.319729"><ele>44.2</ele></trkpt>
     <trkpt lat="37.136714" lon="-122.318038"><ele>43.6</ele></trkpt>
     <trkpt lat="37.134874" lon="-122.316348"><ele>43.0</ele></trkpt>
     <trkpt lat="37.133035" lon="-122.314657"><ele>42.4</ele></trkpt>
     <trkpt lat="37.131195" lon="-122.312966"><ele>41.8</ele></trkpt>
     <trkpt lat="37.129445" lon="-122.311413"><ele>36.8</ele></trkpt>
     <trkpt lat="37.128314" lon="-122.310508"><ele>39.8</ele></trkpt>
     <trkpt lat="37.127805" lon="-122.310134"><ele>41.8</ele></trkpt>
     <trkpt lat="37.126525" lon="-122.309320"><ele>37.8</ele></trkpt>
     <trkpt lat="37.124810" lon="-122.308254"><ele>36.9</ele></trkpt>
     <trkpt lat="37.123095" lon="-122.307189"><ele>36.1</ele></trkpt>
     <trkpt lat="37.121380" lon="-122.306123"><ele>35.2</ele></trkpt>
     <trkpt lat="37.119974" lon="-122.305349"><ele>30.0</ele></trkpt>
     <trkpt lat="37.118181" lon="-122.304436"><ele>30.5</ele></trkpt>
     <trkpt lat="37.116389" lon="-122.303523"><ele>31.0</ele></trkpt>
     <trkpt lat="37.115968" lon="-122.303256"><ele>30.5</ele></trkpt>
     <trkpt lat="37.115389" lon="-122.302799"><ele>29.2</ele></trkpt>
     <trkpt lat="37.114867" lon="-122.302257"><ele>28.5</ele></trkpt>
     <trkpt lat="37.114275" lon="-122.301438"><ele>26.2</ele></trkpt>
     <trkpt lat="37.113404" lon="-122.299866"><ele>27.2</ele></trkpt>
     <trkpt lat="37.112532" lon="-122.298294"><ele>28.2</ele></trkpt>
     <trkpt lat="37.111948" lon="-122.297312"><ele>26.0</ele></trkpt>
     <trkpt lat="37.111499" lon="-122.296695"><ele>27.2</ele></trkpt>
     <trkpt lat="37.110986" lon="-122.296135"><ele>27.5</ele></trkpt>
     <trkpt lat="37.108987" lon="-122.294269"><ele>32.5</ele></trkpt>
     <trkpt lat="37.108376" lon="-122.293569"><ele>34.2</ele></trkpt>
     <trkpt lat="37.107126" lon="-122.291899"><ele>29.8</ele></trkpt>
     <trkpt lat="37.105876" lon="-122.290228"><ele>25.2</ele></trkpt>
     <trkpt lat="37.104613" lon="-122.288317"><ele>22.0</ele></trkpt>
     <trkpt lat="37.103349" lon="-122.286406"><ele>18.8</ele></trkpt>
     <trkpt lat="37.102726" lon="-122.285585"><ele>17.2</ele></trkpt>
     <trkpt lat="37.101896" lon="-122.284742"><ele>15.5</ele></trkpt>
     <trkpt lat="37.101567" lon="-122.284468"><ele>14.8</ele></trkpt>
     <trkpt lat="37.100307" lon="-122.283682"><ele>16.2</ele></trkpt>
     <trkpt lat="37.099999" lon="-122.283442"><ele>16.8</ele></trkpt>
     <trkpt lat="37.099264" lon="-122.282743"><ele>17.2</ele></trkpt>
     <trkpt lat="37.098647" lon="-122.282061"><ele>15.2</ele></trkpt>
     <trkpt lat="37.098076" lon="-122.281332"><ele>13.2</ele></trkpt>
     <trkpt lat="37.097630" lon="-122.280655"><ele>10.0</ele></trkpt>
     <trkpt lat="37.097235" lon="-122.279962"><ele>3.8</ele></trkpt>
     <trkpt lat="37.096537" lon="-122.278438"><ele>0.5</ele></trkpt>
     <trkpt lat="37.096019" lon="-122.277598"><ele>0.2</ele></trkpt>
     <trkpt lat="37.095598" lon="-122.277072"><ele>1.8</ele></trkpt>
     <trkpt lat="37.093794" lon="-122.275230"><ele>24.2</ele></trkpt>
     <trkpt lat="37.093055" lon="-122.274659"><ele>27.8</ele></trkpt>
     <trkpt lat="37.092250" lon="-122.274240"><ele>28.5</ele></trkpt>
     <trkpt lat="37.091442" lon="-122.273998"><ele>39.0</ele></trkpt>
     <trkpt lat="37.090400" lon="-122.273807"><ele>43.8</ele></trkpt>
     <trkpt lat="37.089689" lon="-122.273622"><ele>44.2</ele></trkpt>
     <trkpt lat="37.089180" lon="-122.273406"><ele>43.2</ele></trkpt>
     <trkpt lat="37.088495" lon="-122.273004"><ele>43.5</ele></trkpt>
     <trkpt lat="37.087874" lon="-122.272498"><ele>39.0</ele></trkpt>
     <trkpt lat="37.087460" lon="-122.272071"><ele>37.0</ele></trkpt>
     <trkpt lat="37.086532" lon="-122.270836"><ele>36.0</ele></trkpt>
     <trkpt lat="37.085604" lon="-122.269600"><ele>35.0</ele></trkpt>
     <trkpt lat="37.084528" lon="-122.268387"><ele>40.2</ele></trkpt>
     <trkpt lat="37.084045" lon="-122.267938"><ele>41.5</ele></trkpt>
     <trkpt lat="37.082398" lon="-122.266544"><ele>44.4</ele></trkpt>
     <trkpt lat="37.080750" lon="-122.265150"><ele>47.3</ele></trkpt>
     <trkpt lat="37.079103" lon="-122.263756"><ele>50.2</ele></trkpt>
     <trkpt lat="37.078193" lon="-122.263159"><ele>47.2</ele></trkpt>
     <trkpt lat="37.075816" lon="-122.261950"><ele>52.2</ele></trkpt>
     <trkpt lat="37.074966" lon="-122.261431"><ele>51.5</ele></trkpt>
     <trkpt lat="37.074209" lon="-122.260863"><ele>56.5</ele></trkpt>
     <trkpt lat="37.072840" lon="-122.259735"><ele>47.8</ele></trkpt>
     <trkpt lat="37.071472" lon="-122.258607"><ele>39.0</ele></trkpt>
     <trkpt lat="37.069733" lon="-122.257296"><ele>39.8</ele></trkpt>
     <trkpt lat="37.067994" lon="-122.255985"><ele>40.5</ele></trkpt>
     <trkpt lat="37.066851" lon="-122.255266"><ele>47.8</ele></trkpt>
     <trkpt lat="37.064717" lon="-122.253824"><ele>46.6</ele></trkpt>
     <trkpt lat="37.062582" lon="-122.252381"><ele>45.5</ele></trkpt>
     <trkpt lat="37.061896" lon="-122.251862"><ele>46.2</ele></trkpt>
     <trkpt lat="37.061265" lon="-122.251305"><ele>50.2</ele></trkpt>
     <trkpt lat="37.060601" lon="-122.250611"><ele>48.5</ele></trkpt>
     <trkpt lat="37.059314" lon="-122.249126"><ele>47.0</ele></trkpt>
     <trkpt lat="37.058026" lon="-122.247640"><ele>45.5</ele></trkpt>
     <trkpt lat="37.057333" lon="-122.246894"><ele>37.5</ele></trkpt>
     <trkpt lat="37.056606" lon="-122.246199"><ele>39.8</ele></trkpt>
     <trkpt lat="37.054952" lon="-122.244720"><ele>36.5</ele></trkpt>
     <trkpt lat="37.053298" lon="-122.243241"><ele>33.2</ele></trkpt>
     <trkpt lat="37.052512" lon="-122.242458"><ele>31.2</ele></trkpt>
     <trkpt lat="37.050687" lon="-122.240403"><ele>28.8</ele></trkpt>
     <trkpt lat="37.048862" lon="-122.238347"><ele>26.3</ele></trkpt>
     <trkpt lat="37.047037" lon="-122.236292"><ele>23.9</ele></trkpt>
     <trkpt lat="37.045212" lon="-122.234236"><ele>21.4</ele></trkpt>
     <trkpt lat="37.043387" lon="-122.232181"><ele>18.9</ele></trkpt>
     <trkpt lat="37.041562" lon="-122.230125"><ele>16.5</ele></trkpt>
     <trkpt lat="37.039737" lon="-122.228070"><ele>14.0</ele></trkpt>
     <trkpt lat="37.039104" lon="-122.227537"><ele>15.2</ele></trkpt>
     <trkpt lat="37.038197" lon="-122.226995"><ele>18.8</ele></trkpt>
     <trkpt lat="37.037576" lon="-122.226756"><ele>15.2</ele></trkpt>
     <trkpt lat="37.036201" lon="-122.226380"><ele>16.0</ele></trkpt>
     <trkpt lat="37.035362" lon="-122.226001"><ele>24.8</ele></trkpt>
     <trkpt lat="37.034559" lon="-122.225435"><ele>28.2</ele></trkpt>
     <trkpt lat="37.034049" lon="-122.224948"><ele>26.8</ele></trkpt>
     <trkpt lat="37.033424" lon="-122.224143"><ele>27.0</ele></trkpt>
     <trkpt lat="37.031768" lon="-122.221491"><ele>26.3</ele></trkpt>
     <trkpt lat="37.030111" lon="-122.218838"><ele>25.7</ele></trkpt>
     <trkpt lat="37.028455" lon="-122.216186"><ele>25.0</ele></trkpt>
     <trkpt lat="37.027569" lon="-122.214902"><ele>18.5</ele></trkpt>
     <trkpt lat="37.027006" lon="-122.214209"><ele>14.5</ele></trkpt>
     <trkpt lat="37.026301" lon="-122.213442"><ele>17.5</ele></trkpt>
     <trkpt lat="37.024425" lon="-122.211600"><ele>20.2</ele></trkpt>
     <trkpt lat="37.022550" lon="-122.209758"><ele>23.0</ele></trkpt>
     <trkpt lat="37.020674" lon="-122.207916"><ele>25.8</ele></trkpt>
     <trkpt lat="37.019166" lon="-122.206216"><ele>25.6</ele></trkpt>
     <trkpt lat="37.017659" lon="-122.204516"><ele>25.4</ele></trkpt>
     <trkpt lat="37.016151" lon="-122.202816"><ele>25.2</ele></trkpt>
     <trkpt lat="37.014644" lon="-122.201116"><ele>25.0</ele></trkpt>
     <trkpt lat="37.014140" lon="-122.200485"><ele>32.0</ele></trkpt>
     <trkpt lat="37.013773" lon="-122.199913"><ele>28.8</ele></trkpt>
     <trkpt lat="37.012836" lon="-122.198223"><ele>28.8</ele></trkpt>
     <trkpt lat="37.011900" lon="-122.196533"><ele>28.8</ele></trkpt>
     <trkpt lat="37.010602" lon="-122.193846"><ele>21.5</ele></trkpt>
     <trkpt lat="37.010754" lon="-122.193742"><ele>23.2</ele></trkpt>
     <trkpt lat="37.010716" lon="-122.193522"><ele>22.2</ele></trkpt>
     <trkpt lat="37.010798" lon="-122.193222"><ele>21.2</ele></trkpt>
     <trkpt lat="37.011377" lon="-122.192426"><ele>17.0</ele></trkpt>
     <trkpt lat="37.011528" lon="-122.192052"><ele>14.2</ele></trkpt>
     <trkpt lat="37.011571" lon="-122.191730"><ele>11.0</ele></trkpt>
     <trkpt lat="37.011664" lon="-122.191644"><ele>10.8</ele></trkpt>
     <trkpt lat="37.011947" lon="-122.191639"><ele>11.5</ele></trkpt>
     <trkpt lat="37.012330" lon="-122.191788"><ele>14.5</ele></trkpt>
     <trkpt lat="37.012631" lon="-122.191716"><ele>13.8</ele></trkpt>
     <trkpt lat="37.012950" lon="-122.191436"><ele>12.2</ele></trkpt>
     <trkpt lat="37.013796" lon="-122.190395"><ele>14.5</ele></trkpt>
     <trkpt lat="37.013909" lon="-122.190306"><ele>14.8</ele></trkpt>
     <trkpt lat="37.015214" lon="-122.189832"><ele>17.2</ele></trkpt>
     <trkpt lat="37.013909" lon="-122.190306"><ele>14.8</ele></trkpt>
     <trkpt lat="37.013796" lon="-122.190395"><ele>14.5</ele></trkpt>
     <trkpt lat="37.012950" lon="-122.191436"><ele>12.2</ele></trkpt>
     <trkpt lat="37.012631" lon="-122.191716"><ele>13.8</ele></trkpt>
     <trkpt lat="37.012330" lon="-122.191788"><ele>14.5</ele></trkpt>
     <trkpt lat="37.011947" lon="-122.191639"><ele>11.5</ele></trkpt>
     <trkpt lat="37.011664" lon="-122.191644"><ele>10.8</ele></trkpt>
     <trkpt lat="37.011571" lon="-122.191730"><ele>11.0</ele></trkpt>
     <trkpt lat="37.011528" lon="-122.192052"><ele>14.2</ele></trkpt>
     <trkpt lat="37.011377" lon="-122.192426"><ele>17.0</ele></trkpt>
     <trkpt lat="37.010798" lon="-122.193222"><ele>21.2</ele></trkpt>
     <trkpt lat="37.010716" lon="-122.193522"><ele>22.2</ele></trkpt>
     <trkpt lat="37.010754" lon="-122.193742"><ele>23.2</ele></trkpt>
     <trkpt lat="37.010602" lon="-122.193846"><ele>21.5</ele></trkpt>
     <trkpt lat="37.009453" lon="-122.191423"><ele>23.4</ele></trkpt>
     <trkpt lat="37.008305" lon="-122.189001"><ele>25.2</ele></trkpt>
     <trkpt lat="37.007821" lon="-122.188172"><ele>25.8</ele></trkpt>
     <trkpt lat="37.007167" lon="-122.187184"><ele>27.8</ele></trkpt>
     <trkpt lat="37.006548" lon="-122.186370"><ele>28.8</ele></trkpt>
     <trkpt lat="37.005609" lon="-122.185281"><ele>22.2</ele></trkpt>
     <trkpt lat="37.003615" lon="-122.183181"><ele>18.8</ele></trkpt>
     <trkpt lat="37.001621" lon="-122.181081"><ele>15.2</ele></trkpt>
     <trkpt lat="36.999627" lon="-122.178981"><ele>11.8</ele></trkpt>
     <trkpt lat="36.998917" lon="-122.178137"><ele>15.5</ele></trkpt>
     <trkpt lat="36.998261" lon="-122.177223"><ele>23.2</ele></trkpt>
     <trkpt lat="36.997864" lon="-122.176591"><ele>23.0</ele></trkpt>
     <trkpt lat="36.997074" lon="-122.175212"><ele>23.5</ele></trkpt>
     <trkpt lat="36.996285" lon="-122.173832"><ele>24.0</ele></trkpt>
     <trkpt lat="36.995002" lon="-122.171533"><ele>26.0</ele></trkpt>
     <trkpt lat="36.993718" lon="-122.169234"><ele>28.0</ele></trkpt>
     <trkpt lat="36.992435" lon="-122.166935"><ele>30.0</ele></trkpt>
     <trkpt lat="36.991695" lon="-122.165434"><ele>29.1</ele></trkpt>
     <trkpt lat="36.990955" lon="-122.163932"><ele>28.2</ele></trkpt>
     <trkpt lat="36.989706" lon="-122.161210"><ele>28.7</ele></trkpt>
     <trkpt lat="36.988456" lon="-122.158488"><ele>29.1</ele></trkpt>
     <trkpt lat="36.987207" lon="-122.155765"><ele>29.6</ele></trkpt>
     <trkpt lat="36.985957" lon="-122.153043"><ele>30.1</ele></trkpt>
     <trkpt lat="36.984708" lon="-122.150321"><ele>30.5</ele></trkpt>
     <trkpt lat="36.984542" lon="-122.149891"><ele>33.2</ele></trkpt>
     <trkpt lat="36.984347" lon="-122.149160"><ele>37.8</ele></trkpt>
     <trkpt lat="36.984018" lon="-122.146818"><ele>42.0</ele></trkpt>
     <trkpt lat="36.983798" lon="-122.145893"><ele>42.0</ele></trkpt>
     <trkpt lat="36.983570" lon="-122.145293"><ele>46.0</ele></trkpt>
     <trkpt lat="36.982491" lon="-122.143059"><ele>40.1</ele></trkpt>
     <trkpt lat="36.981412" lon="-122.140826"><ele>34.2</ele></trkpt>
     <trkpt lat="36.980282" lon="-122.138782"><ele>30.8</ele></trkpt>
     <trkpt lat="36.979151" lon="-122.136738"><ele>27.2</ele></trkpt>
     <trkpt lat="36.978445" lon="-122.135556"><ele>29.5</ele></trkpt>
     <trkpt lat="36.977744" lon="-122.134562"><ele>31.8</ele></trkpt>
     <trkpt lat="36.976027" lon="-122.132351"><ele>33.8</ele></trkpt>
     <trkpt lat="36.974786" lon="-122.130649"><ele>29.2</ele></trkpt>
     <trkpt lat="36.973218" lon="-122.128445"><ele>24.8</ele></trkpt>
     <trkpt lat="36.971649" lon="-122.126240"><ele>20.2</ele></trkpt>
     <trkpt lat="36.971268" lon="-122.125653"><ele>19.8</ele></trkpt>
     <trkpt lat="36.971046" lon="-122.125219"><ele>19.2</ele></trkpt>
     <trkpt lat="36.970719" lon="-122.124338"><ele>14.0</ele></trkpt>
     <trkpt lat="36.970546" lon="-122.123637"><ele>8.8</ele></trkpt>
     <trkpt lat="36.970456" lon="-122.122910"><ele>7.0</ele></trkpt>
     <trkpt lat="36.970287" lon="-122.119775"><ele>23.8</ele></trkpt>
     <trkpt lat="36.970129" lon="-122.118942"><ele>22.8</ele></trkpt>
     <trkpt lat="36.969886" lon="-122.118123"><ele>20.0</ele></trkpt>
     <trkpt lat="36.969043" lon="-122.116178"><ele>22.5</ele></trkpt>
     <trkpt lat="36.968199" lon="-122.114234"><ele>25.0</ele></trkpt>
     <trkpt lat="36.967334" lon="-122.112132"><ele>25.0</ele></trkpt>
     <trkpt lat="36.966338" lon="-122.109261"><ele>27.9</ele></trkpt>
     <trkpt lat="36.965342" lon="-122.106390"><ele>30.8</ele></trkpt>
     <trkpt lat="36.965037" lon="-122.105716"><ele>32.0</ele></trkpt>
     <trkpt lat="36.964804" lon="-122.105300"><ele>33.5</ele></trkpt>
     <trkpt lat="36.963696" lon="-122.103486"><ele>38.2</ele></trkpt>
     <trkpt lat="36.963280" lon="-122.102580"><ele>41.0</ele></trkpt>
     <trkpt lat="36.963055" lon="-122.101956"><ele>40.5</ele></trkpt>
     <trkpt lat="36.962726" lon="-122.100650"><ele>37.5</ele></trkpt>
     <trkpt lat="36.962148" lon="-122.098044"><ele>37.2</ele></trkpt>
     <trkpt lat="36.961570" lon="-122.095438"><ele>37.0</ele></trkpt>
     <trkpt lat="36.961446" lon="-122.094731"><ele>35.5</ele></trkpt>
     <trkpt lat="36.961345" lon="-122.093682"><ele>31.2</ele></trkpt>
     <trkpt lat="36.961332" lon="-122.092704"><ele>21.5</ele></trkpt>
     <trkpt lat="36.961418" lon="-122.091440"><ele>16.5</ele></trkpt>
     <trkpt lat="36.961653" lon="-122.089766"><ele>16.5</ele></trkpt>
     <trkpt lat="36.961889" lon="-122.088093"><ele>16.5</ele></trkpt>
     <trkpt lat="36.961994" lon="-122.087018"><ele>19.0</ele></trkpt>
     <trkpt lat="36.962178" lon="-122.084175"><ele>12.8</ele></trkpt>
     <trkpt lat="36.962222" lon="-122.081946"><ele>19.2</ele></trkpt>
     <trkpt lat="36.962195" lon="-122.080218"><ele>22.4</ele></trkpt>
     <trkpt lat="36.962169" lon="-122.078490"><ele>25.5</ele></trkpt>
     <trkpt lat="36.962000" lon="-122.078494"><ele>24.0</ele></trkpt>
     <trkpt lat="36.961916" lon="-122.076903"><ele>24.0</ele></trkpt>
     <trkpt lat="36.961883" lon="-122.074026"><ele>25.2</ele></trkpt>
     <trkpt lat="36.961958" lon="-122.073580"><ele>27.8</ele></trkpt>
     <trkpt lat="36.961945" lon="-122.072593"><ele>32.5</ele></trkpt>
     <trkpt lat="36.961715" lon="-122.071403"><ele>28.2</ele></trkpt>
     <trkpt lat="36.961701" lon="-122.071139"><ele>29.0</ele></trkpt>
     <trkpt lat="36.961750" lon="-122.070408"><ele>30.8</ele></trkpt>
     <trkpt lat="36.961676" lon="-122.069417"><ele>32.0</ele></trkpt>
     <trkpt lat="36.961720" lon="-122.069036"><ele>34.5</ele></trkpt>
     <trkpt lat="36.961713" lon="-122.068456"><ele>37.2</ele></trkpt>
     <trkpt lat="36.961506" lon="-122.066986"><ele>34.8</ele></trkpt>
     <trkpt lat="36.961247" lon="-122.063765"><ele>29.5</ele></trkpt>
     <trkpt lat="36.961200" lon="-122.062797"><ele>28.0</ele></trkpt>
     <trkpt lat="36.961164" lon="-122.062607"><ele>27.2</ele></trkpt>
     <trkpt lat="36.960913" lon="-122.062294"><ele>23.8</ele></trkpt>
     <trkpt lat="36.960866" lon="-122.062127"><ele>22.5</ele></trkpt>
     <trkpt lat="36.960862" lon="-122.061883"><ele>21.2</ele></trkpt>
     <trkpt lat="36.960795" lon="-122.061653"><ele>19.8</ele></trkpt>
     <trkpt lat="36.959844" lon="-122.059487"><ele>23.0</ele></trkpt>
     <trkpt lat="36.959795" lon="-122.059065"><ele>22.8</ele></trkpt>
     <trkpt lat="36.959800" lon="-122.057600"><ele>20.5</ele></trkpt>
     <trkpt lat="36.958439" lon="-122.057480"><ele>21.5</ele></trkpt>
     <trkpt lat="36.958710" lon="-122.054864"><ele>20.2</ele></trkpt>
     <trkpt lat="36.958980" lon="-122.052248"><ele>18.8</ele></trkpt>
     <trkpt lat="36.959251" lon="-122.049632"><ele>17.5</ele></trkpt>
     <trkpt lat="36.959303" lon="-122.049453"><ele>17.5</ele></trkpt>
     <trkpt lat="36.959666" lon="-122.046250"><ele>16.5</ele></trkpt>
     <trkpt lat="36.959643" lon="-122.046164"><ele>16.5</ele></trkpt>
     <trkpt lat="36.959669" lon="-122.045852"><ele>16.8</ele></trkpt>
     <trkpt lat="36.959877" lon="-122.044571"><ele>15.2</ele></trkpt>
     <trkpt lat="36.960240" lon="-122.043410"><ele>13.8</ele></trkpt>
     <trkpt lat="36.960664" lon="-122.042395"><ele>15.8</ele></trkpt>
     <trkpt lat="36.960595" lon="-122.042265"><ele>15.0</ele></trkpt>
     <trkpt lat="36.960874" lon="-122.041986"><ele>15.0</ele></trkpt>
     <trkpt lat="36.962306" lon="-122.039576"><ele>19.8</ele></trkpt>
     <trkpt lat="36.962895" lon="-122.038477"><ele>20.8</ele></trkpt>
     <trkpt lat="36.963102" lon="-122.038252"><ele>21.0</ele></trkpt>
     <trkpt lat="36.963147" lon="-122.038155"><ele>21.0</ele></trkpt>
     <trkpt lat="36.963091" lon="-122.038048"><ele>20.5</ele></trkpt>
     <trkpt lat="36.963541" lon="-122.037581"><ele>19.5</ele></trkpt>
     <trkpt lat="36.963528" lon="-122.037422"><ele>19.2</ele></trkpt>
     <trkpt lat="36.963689" lon="-122.037163"><ele>19.2</ele></trkpt>
     <trkpt lat="36.963768" lon="-122.036907"><ele>18.8</ele></trkpt>
     <trkpt lat="36.963842" lon="-122.036190"><ele>19.2</ele></trkpt>
     <trkpt lat="36.963417" lon="-122.035528"><ele>19.8</ele></trkpt>
     <trkpt lat="36.963552" lon="-122.035419"><ele>19.5</ele></trkpt>
     <trkpt lat="36.965370" lon="-122.035237"><ele>20.2</ele></trkpt>
     <trkpt lat="36.967188" lon="-122.035054"><ele>20.8</ele></trkpt>
     <trkpt lat="36.969006" lon="-122.034872"><ele>21.5</ele></trkpt>
     <trkpt lat="36.970631" lon="-122.034504"><ele>23.0</ele></trkpt>
     <trkpt lat="36.972090" lon="-122.034092"><ele>24.2</ele></trkpt>
     <trkpt lat="36.971806" lon="-122.032723"><ele>18.8</ele></trkpt>
     <trkpt lat="36.971881" lon="-122.032552"><ele>18.0</ele></trkpt>
     <trkpt lat="36.972253" lon="-122.032172"><ele>15.5</ele></trkpt>
     <trkpt lat="36.972342" lon="-122.032015"><ele>14.2</ele></trkpt>
     <trkpt lat="36.972626" lon="-122.030646"><ele>9.5</ele></trkpt>
     <trkpt lat="36.974050" lon="-122.030963"><ele>10.2</ele></trkpt>
     <trkpt lat="36.974449" lon="-122.030927"><ele>11.0</ele></trkpt>
     <trkpt lat="36.974606" lon="-122.030101"><ele>9.5</ele></trkpt>
     <trkpt lat="36.974545" lon="-122.030085"><ele>9.2</ele></trkpt>
     <trkpt lat="36.974574" lon="-122.029945"><ele>9.2</ele></trkpt>
     <trkpt lat="36.974379" lon="-122.029875"><ele>8.5</ele></trkpt>
     <trkpt lat="36.974389" lon="-122.029809"><ele>8.2</ele></trkpt>
     <trkpt lat="36.974296" lon="-122.029780"><ele>7.2</ele></trkpt>
     <trkpt lat="36.974389" lon="-122.029809"><ele>8.2</ele></trkpt>
     <trkpt lat="36.974379" lon="-122.029875"><ele>8.5</ele></trkpt>
     <trkpt lat="36.974574" lon="-122.029945"><ele>9.2</ele></trkpt>
     <trkpt lat="36.974545" lon="-122.030085"><ele>9.2</ele></trkpt>
     <trkpt lat="36.974606" lon="-122.030101"><ele>9.5</ele></trkpt>
     <trkpt lat="36.974814" lon="-122.029064"><ele>9.5</ele></trkpt>
     <trkpt lat="36.975143" lon="-122.029105"><ele>10.8</ele></trkpt>
     <trkpt lat="36.975419" lon="-122.029031"><ele>10.2</ele></trkpt>
     <trkpt lat="36.975583" lon="-122.028936"><ele>9.8</ele></trkpt>
     <trkpt lat="36.976791" lon="-122.027790"><ele>11.5</ele></trkpt>
     <trkpt lat="36.976884" lon="-122.027655"><ele>11.8</ele></trkpt>
     <trkpt lat="36.976899" lon="-122.027098"><ele>9.8</ele></trkpt>
     <trkpt lat="36.977043" lon="-122.026527"><ele>7.8</ele></trkpt>
     <trkpt lat="36.977936" lon="-122.025067"><ele>9.0</ele></trkpt>
     <trkpt lat="36.978830" lon="-122.023606"><ele>10.2</ele></trkpt>
     <trkpt lat="36.978933" lon="-122.023378"><ele>12.2</ele></trkpt>
     <trkpt lat="36.979480" lon="-122.021331"><ele>8.5</ele></trkpt>
     <trkpt lat="36.979860" lon="-122.020373"><ele>7.0</ele></trkpt>
     <trkpt lat="36.980198" lon="-122.019275"><ele>7.8</ele></trkpt>
     <trkpt lat="36.980301" lon="-122.019024"><ele>7.8</ele></trkpt>
     <trkpt lat="36.980396" lon="-122.018941"><ele>7.8</ele></trkpt>
     <trkpt lat="36.980684" lon="-122.018124"><ele>7.5</ele></trkpt>
     <trkpt lat="36.980857" lon="-122.017242"><ele>8.8</ele></trkpt>
     <trkpt lat="36.980847" lon="-122.017099"><ele>9.2</ele></trkpt>
     <trkpt lat="36.980997" lon="-122.016115"><ele>15.8</ele></trkpt>
     <trkpt lat="36.981340" lon="-122.014566"><ele>25.2</ele></trkpt>
     <trkpt lat="36.981364" lon="-122.014193"><ele>26.0</ele></trkpt>
     <trkpt lat="36.981431" lon="-122.013963"><ele>25.5</ele></trkpt>
     <trkpt lat="36.981407" lon="-122.011120"><ele>24.5</ele></trkpt>
     <trkpt lat="36.981382" lon="-122.008276"><ele>23.5</ele></trkpt>
     <trkpt lat="36.981028" lon="-122.008149"><ele>23.2</ele></trkpt>
     <trkpt lat="36.980977" lon="-122.007959"><ele>23.5</ele></trkpt>
     <trkpt lat="36.981347" lon="-122.006569"><ele>24.8</ele></trkpt>
     <trkpt lat="36.981451" lon="-122.005689"><ele>24.2</ele></trkpt>
     <trkpt lat="36.981508" lon="-122.004255"><ele>24.0</ele></trkpt>
     <trkpt lat="36.981439" lon="-122.001583"><ele>22.5</ele></trkpt>
     <trkpt lat="36.981675" lon="-121.998767"><ele>22.5</ele></trkpt>
     <trkpt lat="36.981779" lon="-121.998003"><ele>20.8</ele></trkpt>
     <trkpt lat="36.981894" lon="-121.997557"><ele>19.2</ele></trkpt>
     <trkpt lat="36.981931" lon="-121.997044"><ele>16.2</ele></trkpt>
     <trkpt lat="36.981817" lon="-121.996675"><ele>14.0</ele></trkpt>
     <trkpt lat="36.981733" lon="-121.996537"><ele>14.2</ele></trkpt>
     <trkpt lat="36.981410" lon="-121.996257"><ele>14.5</ele></trkpt>
     <trkpt lat="36.980723" lon="-121.995955"><ele>11.8</ele></trkpt>
     <trkpt lat="36.980475" lon="-121.995789"><ele>10.2</ele></trkpt>
     <trkpt lat="36.980098" lon="-121.995404"><ele>10.5</ele></trkpt>
     <trkpt lat="36.979781" lon="-121.994928"><ele>12.8</ele></trkpt>
     <trkpt lat="36.979684" lon="-121.994701"><ele>14.0</ele></trkpt>
     <trkpt lat="36.979694" lon="-121.994596"><ele>14.5</ele></trkpt>
     <trkpt lat="36.979556" lon="-121.994092"><ele>16.5</ele></trkpt>
     <trkpt lat="36.979445" lon="-121.993273"><ele>18.0</ele></trkpt>
     <trkpt lat="36.979427" lon="-121.992955"><ele>19.8</ele></trkpt>
     <trkpt lat="36.979469" lon="-121.992881"><ele>20.5</ele></trkpt>
     <trkpt lat="36.979441" lon="-121.992526"><ele>22.2</ele></trkpt>
     <trkpt lat="36.979358" lon="-121.992106"><ele>23.0</ele></trkpt>
     <trkpt lat="36.979262" lon="-121.991823"><ele>23.5</ele></trkpt>
     <trkpt lat="36.978860" lon="-121.991035"><ele>24.5</ele></trkpt>
     <trkpt lat="36.978862" lon="-121.990942"><ele>24.8</ele></trkpt>
     <trkpt lat="36.978279" lon="-121.989815"><ele>25.5</ele></trkpt>
     <trkpt lat="36.978205" lon="-121.989779"><ele>25.2</ele></trkpt>
     <trkpt lat="36.977699" lon="-121.988792"><ele>23.8</ele></trkpt>
     <trkpt lat="36.977652" lon="-121.988618"><ele>23.5</ele></trkpt>
     <trkpt lat="36.977134" lon="-121.987548"><ele>22.8</ele></trkpt>
     <trkpt lat="36.976840" lon="-121.986406"><ele>25.2</ele></trkpt>
     <trkpt lat="36.976338" lon="-121.984759"><ele>23.8</ele></trkpt>
     <trkpt lat="36.976206" lon="-121.984440"><ele>24.2</ele></trkpt>
     <trkpt lat="36.976122" lon="-121.984032"><ele>24.8</ele></trkpt>
     <trkpt lat="36.976051" lon="-121.983975"><ele>25.0</ele></trkpt>
     <trkpt lat="36.975767" lon="-121.982948"><ele>26.2</ele></trkpt>
     <trkpt lat="36.975699" lon="-121.982153"><ele>26.8</ele></trkpt>
     <trkpt lat="36.975734" lon="-121.982056"><ele>26.8</ele></trkpt>
     <trkpt lat="36.975692" lon="-121.981553"><ele>26.8</ele></trkpt>
     <trkpt lat="36.975631" lon="-121.981492"><ele>26.8</ele></trkpt>
     <trkpt lat="36.975516" lon="-121.979959"><ele>26.0</ele></trkpt>
     <trkpt lat="36.975551" lon="-121.979864"><ele>26.2</ele></trkpt>
     <trkpt lat="36.975494" lon="-121.979165"><ele>26.2</ele></trkpt>
     <trkpt lat="36.975454" lon="-121.979100"><ele>26.2</ele></trkpt>
     <trkpt lat="36.975427" lon="-121.978296"><ele>26.8</ele></trkpt>
     <trkpt lat="36.975392" lon="-121.978139"><ele>26.5</ele></trkpt>
     <trkpt lat="36.975416" lon="-121.977945"><ele>26.0</ele></trkpt>
     <trkpt lat="36.975306" lon="-121.976830"><ele>23.5</ele></trkpt>
     <trkpt lat="36.975144" lon="-121.976291"><ele>23.2</ele></trkpt>
     <trkpt lat="36.974752" lon="-121.975618"><ele>21.8</ele></trkpt>
     <trkpt lat="36.973982" lon="-121.974658"><ele>20.0</ele></trkpt>
     <trkpt lat="36.973814" lon="-121.974284"><ele>20.5</ele></trkpt>
     <trkpt lat="36.973740" lon="-121.973988"><ele>21.2</ele></trkpt>
     <trkpt lat="36.973677" lon="-121.973614"><ele>22.0</ele></trkpt>
     <trkpt lat="36.973650" lon="-121.973133"><ele>23.2</ele></trkpt>
     <trkpt lat="36.973657" lon="-121.970498"><ele>23.9</ele></trkpt>
     <trkpt lat="36.973664" lon="-121.967862"><ele>24.5</ele></trkpt>
     <trkpt lat="36.973671" lon="-121.965227"><ele>25.1</ele></trkpt>
     <trkpt lat="36.973678" lon="-121.962592"><ele>25.8</ele></trkpt>
     <trkpt lat="36.973679" lon="-121.962488"><ele>25.8</ele></trkpt>
     <trkpt lat="36.973728" lon="-121.962385"><ele>25.8</ele></trkpt>
     <trkpt lat="36.973693" lon="-121.959907"><ele>25.2</ele></trkpt>
     <trkpt lat="36.973739" lon="-121.959670"><ele>25.5</ele></trkpt>
     <trkpt lat="36.973741" lon="-121.957523"><ele>24.0</ele></trkpt>
     <trkpt lat="36.973742" lon="-121.955375"><ele>22.5</ele></trkpt>
     <trkpt lat="36.973624" lon="-121.955076"><ele>21.5</ele></trkpt>
     <trkpt lat="36.973010" lon="-121.954112"><ele>9.5</ele></trkpt>
     <trkpt lat="36.972878" lon="-121.953962"><ele>8.8</ele></trkpt>
     <trkpt lat="36.972580" lon="-121.953740"><ele>7.8</ele></trkpt>
     <trkpt lat="36.972159" lon="-121.953569"><ele>6.2</ele></trkpt>
     <trkpt lat="36.972544" lon="-121.952816"><ele>2.0</ele></trkpt>
     <trkpt lat="36.973097" lon="-121.951998"><ele>3.2</ele></trkpt>
     <trkpt lat="36.973129" lon="-121.952121"><ele>3.2</ele></trkpt>
     <trkpt lat="36.973353" lon="-121.952445"><ele>3.2</ele></trkpt>
     <trkpt lat="36.973798" lon="-121.953065"><ele>4.8</ele></trkpt>
     <trkpt lat="36.974130" lon="-121.953441"><ele>4.5</ele></trkpt>
     <trkpt lat="36.974863" lon="-121.953725"><ele>5.5</ele></trkpt>
     <trkpt lat="36.975202" lon="-121.953751"><ele>7.2</ele></trkpt>
     <trkpt lat="36.975496" lon="-121.953715"><ele>9.2</ele></trkpt>
     <trkpt lat="36.975202" lon="-121.953751"><ele>7.2</ele></trkpt>
     <trkpt lat="36.974863" lon="-121.953725"><ele>5.5</ele></trkpt>
     <trkpt lat="36.974239" lon="-121.953496"><ele>4.8</ele></trkpt>
     <trkpt lat="36.974088" lon="-121.953410"><ele>4.5</ele></trkpt>
     <trkpt lat="36.973798" lon="-121.953065"><ele>4.8</ele></trkpt>
     <trkpt lat="36.974355" lon="-121.952639"><ele>11.2</ele></trkpt>
     <trkpt lat="36.974422" lon="-121.952348"><ele>12.0</ele></trkpt>
     <trkpt lat="36.974779" lon="-121.951714"><ele>12.5</ele></trkpt>
     <trkpt lat="36.974954" lon="-121.951058"><ele>16.5</ele></trkpt>
     <trkpt lat="36.974903" lon="-121.950380"><ele>19.5</ele></trkpt>
     <trkpt lat="36.975630" lon="-121.950247"><ele>19.0</ele></trkpt>
     <trkpt lat="36.976161" lon="-121.947949"><ele>25.2</ele></trkpt>
     <trkpt lat="36.976692" lon="-121.945650"><ele>31.3</ele></trkpt>
     <trkpt lat="36.977223" lon="-121.943352"><ele>37.5</ele></trkpt>
     <trkpt lat="36.977620" lon="-121.941900"><ele>31.8</ele></trkpt>
     <trkpt lat="36.977851" lon="-121.941342"><ele>30.2</ele></trkpt>
     <trkpt lat="36.978508" lon="-121.940155"><ele>30.8</ele></trkpt>
     <trkpt lat="36.979148" lon="-121.939401"><ele>32.8</ele></trkpt>
     <trkpt lat="36.979741" lon="-121.938834"><ele>38.5</ele></trkpt>
     <trkpt lat="36.980263" lon="-121.938492"><ele>45.8</ele></trkpt>
     <trkpt lat="36.982293" lon="-121.937824"><ele>40.8</ele></trkpt>
     <trkpt lat="36.982304" lon="-121.937581"><ele>37.5</ele></trkpt>
     <trkpt lat="36.982368" lon="-121.937457"><ele>36.0</ele></trkpt>
     <trkpt lat="36.982884" lon="-121.937245"><ele>34.5</ele></trkpt>
     <trkpt lat="36.983112" lon="-121.937071"><ele>32.8</ele></trkpt>
     <trkpt lat="36.983292" lon="-121.936843"><ele>30.0</ele></trkpt>
     <trkpt lat="36.983497" lon="-121.936342"><ele>30.5</ele></trkpt>
     <trkpt lat="36.983601" lon="-121.935627"><ele>34.0</ele></trkpt>
     <trkpt lat="36.983677" lon="-121.933180"><ele>42.0</ele></trkpt>
     <trkpt lat="36.983654" lon="-121.932296"><ele>46.0</ele></trkpt>
     <trkpt lat="36.983556" lon="-121.931441"><ele>48.2</ele></trkpt>
     <trkpt lat="36.983260" lon="-121.929679"><ele>43.8</ele></trkpt>
     <trkpt lat="36.982853" lon="-121.926632"><ele>43.6</ele></trkpt>
     <trkpt lat="36.982446" lon="-121.923585"><ele>43.5</ele></trkpt>
     <trkpt lat="36.982386" lon="-121.922834"><ele>44.2</ele></trkpt>
     <trkpt lat="36.982033" lon="-121.920342"><ele>43.0</ele></trkpt>
     <trkpt lat="36.981856" lon="-121.919466"><ele>43.5</ele></trkpt>
     <trkpt lat="36.981635" lon="-121.918610"><ele>45.2</ele></trkpt>
     <trkpt lat="36.981147" lon="-121.917196"><ele>47.5</ele></trkpt>
     <trkpt lat="36.980708" lon="-121.916228"><ele>46.5</ele></trkpt>
     <trkpt lat="36.979427" lon="-121.913768"><ele>49.0</ele></trkpt>
     <trkpt lat="36.978626" lon="-121.912485"><ele>45.5</ele></trkpt>
     <trkpt lat="36.978420" lon="-121.912250"><ele>45.5</ele></trkpt>
     <trkpt lat="36.978194" lon="-121.912112"><ele>45.2</ele></trkpt>
     <trkpt lat="36.977912" lon="-121.912057"><ele>44.8</ele></trkpt>
     <trkpt lat="36.975735" lon="-121.912052"><ele>37.2</ele></trkpt>
     <trkpt lat="36.975667" lon="-121.911809"><ele>36.5</ele></trkpt>
     <trkpt lat="36.975647" lon="-121.911702"><ele>36.2</ele></trkpt>
     <trkpt lat="36.976605" lon="-121.911484"><ele>40.8</ele></trkpt>
     <trkpt lat="36.976928" lon="-121.911315"><ele>42.0</ele></trkpt>
     <trkpt lat="36.978321" lon="-121.910044"><ele>45.6</ele></trkpt>
     <trkpt lat="36.979714" lon="-121.908774"><ele>49.2</ele></trkpt>
     <trkpt lat="36.979732" lon="-121.908524"><ele>49.0</ele></trkpt>
     <trkpt lat="36.979659" lon="-121.908283"><ele>48.5</ele></trkpt>
     <trkpt lat="36.978688" lon="-121.907428"><ele>44.0</ele></trkpt>
     <trkpt lat="36.976986" lon="-121.905665"><ele>35.8</ele></trkpt>
     <trkpt lat="36.976825" lon="-121.905431"><ele>34.5</ele></trkpt>
     <trkpt lat="36.976477" lon="-121.904755"><ele>31.5</ele></trkpt>
     <trkpt lat="36.976351" lon="-121.904353"><ele>27.8</ele></trkpt>
     <trkpt lat="36.976299" lon="-121.904046"><ele>26.5</ele></trkpt>
     <trkpt lat="36.976321" lon="-121.903646"><ele>25.0</ele></trkpt>
     <trkpt lat="36.976413" lon="-121.903338"><ele>24.0</ele></trkpt>
     <trkpt lat="36.976559" lon="-121.903076"><ele>24.2</ele></trkpt>
     <trkpt lat="36.977031" lon="-121.902469"><ele>28.5</ele></trkpt>
     <trkpt lat="36.977128" lon="-121.902267"><ele>28.5</ele></trkpt>
     <trkpt lat="36.977178" lon="-121.902052"><ele>28.0</ele></trkpt>
     <trkpt lat="36.977213" lon="-121.901569"><ele>27.2</ele></trkpt>
     <trkpt lat="36.977194" lon="-121.901044"><ele>29.5</ele></trkpt>
     <trkpt lat="36.977105" lon="-121.900687"><ele>30.0</ele></trkpt>
     <trkpt lat="36.976869" lon="-121.900242"><ele>29.2</ele></trkpt>
     <trkpt lat="36.977644" lon="-121.899563"><ele>33.8</ele></trkpt>
     <trkpt lat="36.978388" lon="-121.899389"><ele>34.2</ele></trkpt>
     <trkpt lat="36.978610" lon="-121.899285"><ele>35.2</ele></trkpt>
     <trkpt lat="36.978711" lon="-121.899183"><ele>35.8</ele></trkpt>
     <trkpt lat="36.979000" lon="-121.898732"><ele>36.5</ele></trkpt>
     <trkpt lat="36.979259" lon="-121.898185"><ele>37.5</ele></trkpt>
     <trkpt lat="36.979328" lon="-121.897703"><ele>40.2</ele></trkpt>
     <trkpt lat="36.979217" lon="-121.896780"><ele>42.5</ele></trkpt>
     <trkpt lat="36.978442" lon="-121.896955"><ele>36.2</ele></trkpt>
     <trkpt lat="36.978034" lon="-121.897220"><ele>34.8</ele></trkpt>
     <trkpt lat="36.977614" lon="-121.897316"><ele>34.5</ele></trkpt>
     <trkpt lat="36.978034" lon="-121.897220"><ele>34.8</ele></trkpt>
     <trkpt lat="36.978442" lon="-121.896955"><ele>36.2</ele></trkpt>
     <trkpt lat="36.979217" lon="-121.896780"><ele>42.5</ele></trkpt>
     <trkpt lat="36.979328" lon="-121.897703"><ele>40.2</ele></trkpt>
     <trkpt lat="36.979259" lon="-121.898185"><ele>37.5</ele></trkpt>
     <trkpt lat="36.979000" lon="-121.898732"><ele>36.5</ele></trkpt>
     <trkpt lat="36.978610" lon="-121.899285"><ele>35.2</ele></trkpt>
     <trkpt lat="36.978388" lon="-121.899389"><ele>34.2</ele></trkpt>
     <trkpt lat="36.977644" lon="-121.899563"><ele>33.8</ele></trkpt>
     <trkpt lat="36.976869" lon="-121.900242"><ele>29.2</ele></trkpt>
     <trkpt lat="36.976230" lon="-121.899419"><ele>28.5</ele></trkpt>
     <trkpt lat="36.976073" lon="-121.899156"><ele>30.0</ele></trkpt>
     <trkpt lat="36.975694" lon="-121.898030"><ele>31.0</ele></trkpt>
     <trkpt lat="36.975620" lon="-121.897418"><ele>31.5</ele></trkpt>
     <trkpt lat="36.975642" lon="-121.896314"><ele>36.8</ele></trkpt>
     <trkpt lat="36.975694" lon="-121.895940"><ele>41.0</ele></trkpt>
     <trkpt lat="36.975849" lon="-121.895439"><ele>41.0</ele></trkpt>
     <trkpt lat="36.975878" lon="-121.895103"><ele>41.0</ele></trkpt>
     <trkpt lat="36.975839" lon="-121.894883"><ele>40.8</ele></trkpt>
     <trkpt lat="36.975546" lon="-121.894123"><ele>34.8</ele></trkpt>
     <trkpt lat="36.975493" lon="-121.893852"><ele>34.5</ele></trkpt>
     <trkpt lat="36.975588" lon="-121.891979"><ele>37.4</ele></trkpt>
     <trkpt lat="36.975683" lon="-121.890106"><ele>40.2</ele></trkpt>
     <trkpt lat="36.975668" lon="-121.888984"><ele>41.2</ele></trkpt>
     <trkpt lat="36.975566" lon="-121.886792"><ele>44.8</ele></trkpt>
     <trkpt lat="36.975612" lon="-121.886484"><ele>44.2</ele></trkpt>
     <trkpt lat="36.975747" lon="-121.886139"><ele>43.8</ele></trkpt>
     <trkpt lat="36.976000" lon="-121.885837"><ele>42.5</ele></trkpt>
     <trkpt lat="36.976434" lon="-121.885579"><ele>42.0</ele></trkpt>
     <trkpt lat="36.976506" lon="-121.885411"><ele>42.5</ele></trkpt>
     <trkpt lat="36.976508" lon="-121.885306"><ele>42.8</ele></trkpt>
     <trkpt lat="36.976392" lon="-121.884991"><ele>43.2</ele></trkpt>
     <trkpt lat="36.976001" lon="-121.884490"><ele>44.2</ele></trkpt>
     <trkpt lat="36.975608" lon="-121.884838"><ele>42.2</ele></trkpt>
     <trkpt lat="36.975349" lon="-121.884863"><ele>42.0</ele></trkpt>
     <trkpt lat="36.975061" lon="-121.884648"><ele>42.0</ele></trkpt>
     <trkpt lat="36.974833" lon="-121.884357"><ele>41.8</ele></trkpt>
     <trkpt lat="36.974690" lon="-121.884096"><ele>42.0</ele></trkpt>
     <trkpt lat="36.974100" lon="-121.882706"><ele>48.0</ele></trkpt>
     <trkpt lat="36.973515" lon="-121.881003"><ele>42.5</ele></trkpt>
     <trkpt lat="36.973201" lon="-121.879830"><ele>41.8</ele></trkpt>
     <trkpt lat="36.972488" lon="-121.877881"><ele>41.9</ele></trkpt>
     <trkpt lat="36.971776" lon="-121.875931"><ele>42.0</ele></trkpt>
     <trkpt lat="36.971338" lon="-121.874455"><ele>50.5</ele></trkpt>
     <trkpt lat="36.971372" lon="-121.872939"><ele>52.2</ele></trkpt>
     <trkpt lat="36.971433" lon="-121.872640"><ele>51.2</ele></trkpt>
     <trkpt lat="36.971534" lon="-121.872405"><ele>50.5</ele></trkpt>
     <trkpt lat="36.971736" lon="-121.872138"><ele>49.8</ele></trkpt>
     <trkpt lat="36.972108" lon="-121.871862"><ele>51.2</ele></trkpt>
     <trkpt lat="36.972133" lon="-121.871635"><ele>48.8</ele></trkpt>
     <trkpt lat="36.972082" lon="-121.871498"><ele>48.2</ele></trkpt>
     <trkpt lat="36.971711" lon="-121.871721"><ele>45.8</ele></trkpt>
     <trkpt lat="36.971141" lon="-121.872168"><ele>47.5</ele></trkpt>
     <trkpt lat="36.970871" lon="-121.872464"><ele>47.0</ele></trkpt>
     <trkpt lat="36.970384" lon="-121.873138"><ele>51.0</ele></trkpt>
     <trkpt lat="36.969650" lon="-121.874573"><ele>58.8</ele></trkpt>
     <trkpt lat="36.969537" lon="-121.874386"><ele>60.2</ele></trkpt>
     <trkpt lat="36.969468" lon="-121.874079"><ele>61.8</ele></trkpt>
     <trkpt lat="36.969507" lon="-121.873401"><ele>62.5</ele></trkpt>
     <trkpt lat="36.969419" lon="-121.872814"><ele>64.0</ele></trkpt>
     <trkpt lat="36.969297" lon="-121.872515"><ele>66.2</ele></trkpt>
     <trkpt lat="36.968852" lon="-121.871755"><ele>66.5</ele></trkpt>
     <trkpt lat="36.967926" lon="-121.870596"><ele>72.8</ele></trkpt>
     <trkpt lat="36.966536" lon="-121.869154"><ele>84.0</ele></trkpt>
     <trkpt lat="36.966109" lon="-121.868775"><ele>93.0</ele></trkpt>
     <trkpt lat="36.965736" lon="-121.868558"><ele>94.2</ele></trkpt>
     <trkpt lat="36.965351" lon="-121.868466"><ele>96.2</ele></trkpt>
     <trkpt lat="36.964916" lon="-121.868516"><ele>99.5</ele></trkpt>
     <trkpt lat="36.964528" lon="-121.868743"><ele>98.8</ele></trkpt>
     <trkpt lat="36.964053" lon="-121.868953"><ele>92.5</ele></trkpt>
     <trkpt lat="36.963388" lon="-121.869041"><ele>80.0</ele></trkpt>
     <trkpt lat="36.962933" lon="-121.868935"><ele>77.8</ele></trkpt>
     <trkpt lat="36.961369" lon="-121.868149"><ele>71.8</ele></trkpt>
     <trkpt lat="36.960933" lon="-121.867821"><ele>71.2</ele></trkpt>
     <trkpt lat="36.959377" lon="-121.866444"><ele>63.5</ele></trkpt>
     <trkpt lat="36.957821" lon="-121.865066"><ele>55.8</ele></trkpt>
     <trkpt lat="36.957647" lon="-121.864890"><ele>53.8</ele></trkpt>
     <trkpt lat="36.957436" lon="-121.864503"><ele>51.5</ele></trkpt>
     <trkpt lat="36.957311" lon="-121.864073"><ele>50.2</ele></trkpt>
     <trkpt lat="36.956627" lon="-121.864295"><ele>54.8</ele></trkpt>
     <trkpt lat="36.956184" lon="-121.864327"><ele>55.2</ele></trkpt>
     <trkpt lat="36.954549" lon="-121.864272"><ele>51.5</ele></trkpt>
     <trkpt lat="36.952915" lon="-121.864216"><ele>47.8</ele></trkpt>
     <trkpt lat="36.951418" lon="-121.864115"><ele>47.2</ele></trkpt>
     <trkpt lat="36.950595" lon="-121.863930"><ele>48.0</ele></trkpt>
     <trkpt lat="36.949018" lon="-121.863412"><ele>40.2</ele></trkpt>
     <trkpt lat="36.946597" lon="-121.862897"><ele>50.0</ele></trkpt>
     <trkpt lat="36.946359" lon="-121.862736"><ele>52.5</ele></trkpt>
     <trkpt lat="36.946124" lon="-121.862493"><ele>54.5</ele></trkpt>
     <trkpt lat="36.945232" lon="-121.861120"><ele>38.2</ele></trkpt>
     <trkpt lat="36.944937" lon="-121.860837"><ele>33.8</ele></trkpt>
     <trkpt lat="36.944683" lon="-121.860759"><ele>33.8</ele></trkpt>
     <trkpt lat="36.944275" lon="-121.860798"><ele>31.8</ele></trkpt>
     <trkpt lat="36.943860" lon="-121.860740"><ele>31.8</ele></trkpt>
     <trkpt lat="36.943518" lon="-121.860585"><ele>32.5</ele></trkpt>
     <trkpt lat="36.943181" lon="-121.860322"><ele>33.0</ele></trkpt>
     <trkpt lat="36.942874" lon="-121.860222"><ele>34.8</ele></trkpt>
     <trkpt lat="36.941437" lon="-121.860266"><ele>39.8</ele></trkpt>
     <trkpt lat="36.941167" lon="-121.860173"><ele>41.0</ele></trkpt>
     <trkpt lat="36.940882" lon="-121.859936"><ele>43.0</ele></trkpt>
     <trkpt lat="36.940733" lon="-121.859718"><ele>43.2</ele></trkpt>
     <trkpt lat="36.940620" lon="-121.859384"><ele>43.2</ele></trkpt>
     <trkpt lat="36.940506" lon="-121.858647"><ele>41.8</ele></trkpt>
     <trkpt lat="36.940395" lon="-121.858431"><ele>40.5</ele></trkpt>
     <trkpt lat="36.940100" lon="-121.858165"><ele>38.8</ele></trkpt>
     <trkpt lat="36.939557" lon="-121.857842"><ele>39.0</ele></trkpt>
     <trkpt lat="36.939317" lon="-121.857815"><ele>39.0</ele></trkpt>
     <trkpt lat="36.939162" lon="-121.857856"><ele>39.2</ele></trkpt>
     <trkpt lat="36.937667" lon="-121.858691"><ele>33.2</ele></trkpt>
     <trkpt lat="36.937468" lon="-121.858870"><ele>31.8</ele></trkpt>
     <trkpt lat="36.937120" lon="-121.859333"><ele>29.5</ele></trkpt>
     <trkpt lat="36.936902" lon="-121.859513"><ele>29.0</ele></trkpt>
     <trkpt lat="36.936700" lon="-121.859608"><ele>29.0</ele></trkpt>
     <trkpt lat="36.936463" lon="-121.859649"><ele>29.5</ele></trkpt>
     <trkpt lat="36.934837" lon="-121.859695"><ele>35.5</ele></trkpt>
     <trkpt lat="36.932945" lon="-121.860097"><ele>27.5</ele></trkpt>
     <trkpt lat="36.932089" lon="-121.860605"><ele>20.8</ele></trkpt>
     <trkpt lat="36.931880" lon="-121.860617"><ele>20.5</ele></trkpt>
     <trkpt lat="36.931596" lon="-121.860490"><ele>22.2</ele></trkpt>
     <trkpt lat="36.931349" lon="-121.860156"><ele>26.5</ele></trkpt>
     <trkpt lat="36.930252" lon="-121.857447"><ele>28.2</ele></trkpt>
     <trkpt lat="36.929154" lon="-121.854739"><ele>30.0</ele></trkpt>
     <trkpt lat="36.928057" lon="-121.852030"><ele>31.8</ele></trkpt>
     <trkpt lat="36.927428" lon="-121.850422"><ele>34.1</ele></trkpt>
     <trkpt lat="36.926798" lon="-121.848814"><ele>36.5</ele></trkpt>
     <trkpt lat="36.926538" lon="-121.848274"><ele>38.0</ele></trkpt>
     <trkpt lat="36.925035" lon="-121.845696"><ele>42.8</ele></trkpt>
     <trkpt lat="36.923532" lon="-121.843117"><ele>47.5</ele></trkpt>
     <trkpt lat="36.923362" lon="-121.842691"><ele>46.8</ele></trkpt>
     <trkpt lat="36.922760" lon="-121.840710"><ele>55.0</ele></trkpt>
     <trkpt lat="36.922158" lon="-121.838729"><ele>63.2</ele></trkpt>
     <trkpt lat="36.922036" lon="-121.838395"><ele>62.5</ele></trkpt>
     <trkpt lat="36.921787" lon="-121.837893"><ele>57.0</ele></trkpt>
     <trkpt lat="36.921581" lon="-121.837576"><ele>53.2</ele></trkpt>
     <trkpt lat="36.921426" lon="-121.837390"><ele>53.8</ele></trkpt>
     <trkpt lat="36.920321" lon="-121.836446"><ele>56.5</ele></trkpt>
     <trkpt lat="36.919761" lon="-121.836232"><ele>56.0</ele></trkpt>
     <trkpt lat="36.919409" lon="-121.835999"><ele>55.8</ele></trkpt>
     <trkpt lat="36.917970" lon="-121.834028"><ele>70.8</ele></trkpt>
     <trkpt lat="36.917096" lon="-121.832712"><ele>78.0</ele></trkpt>
     <trkpt lat="36.916142" lon="-121.831699"><ele>75.2</ele></trkpt>
     <trkpt lat="36.913765" lon="-121.830693"><ele>71.9</ele></trkpt>
     <trkpt lat="36.911389" lon="-121.829688"><ele>68.5</ele></trkpt>
     <trkpt lat="36.909056" lon="-121.828644"><ele>63.5</ele></trkpt>
     <trkpt lat="36.907122" lon="-121.827868"><ele>59.2</ele></trkpt>
     <trkpt lat="36.906152" lon="-121.827371"><ele>55.8</ele></trkpt>
     <trkpt lat="36.905410" lon="-121.826922"><ele>53.5</ele></trkpt>
     <trkpt lat="36.904748" lon="-121.826465"><ele>50.2</ele></trkpt>
     <trkpt lat="36.903787" lon="-121.825716"><ele>46.0</ele></trkpt>
     <trkpt lat="36.902030" lon="-121.824099"><ele>49.8</ele></trkpt>
     <trkpt lat="36.900132" lon="-121.822271"><ele>43.5</ele></trkpt>
     <trkpt lat="36.898234" lon="-121.820442"><ele>37.2</ele></trkpt>
     <trkpt lat="36.897775" lon="-121.819816"><ele>33.2</ele></trkpt>
     <trkpt lat="36.896588" lon="-121.817361"><ele>31.6</ele></trkpt>
     <trkpt lat="36.895400" lon="-121.814906"><ele>30.0</ele></trkpt>
     <trkpt lat="36.894789" lon="-121.813731"><ele>28.0</ele></trkpt>
     <trkpt lat="36.893903" lon="-121.812632"><ele>25.8</ele></trkpt>
     <trkpt lat="36.892705" lon="-121.811293"><ele>22.4</ele></trkpt>
     <trkpt lat="36.891507" lon="-121.809954"><ele>19.0</ele></trkpt>
     <trkpt lat="36.889827" lon="-121.808318"><ele>17.2</ele></trkpt>
     <trkpt lat="36.888147" lon="-121.806681"><ele>15.5</ele></trkpt>
     <trkpt lat="36.887972" lon="-121.806237"><ele>12.8</ele></trkpt>
     <trkpt lat="36.887629" lon="-121.803946"><ele>-1.2</ele></trkpt>
     <trkpt lat="36.887409" lon="-121.803113"><ele>1.0</ele></trkpt>
     <trkpt lat="36.886970" lon="-121.802298"><ele>-0.5</ele></trkpt>
     <trkpt lat="36.886386" lon="-121.801560"><ele>-0.2</ele></trkpt>
     <trkpt lat="36.884976" lon="-121.800235"><ele>-0.5</ele></trkpt>
     <trkpt lat="36.883566" lon="-121.798910"><ele>-0.8</ele></trkpt>
     <trkpt lat="36.883318" lon="-121.798539"><ele>-1.0</ele></trkpt>
     <trkpt lat="36.883100" lon="-121.797667"><ele>-0.5</ele></trkpt>
     <trkpt lat="36.882992" lon="-121.797518"><ele>-0.8</ele></trkpt>
     <trkpt lat="36.884423" lon="-121.795586"><ele>-2.8</ele></trkpt>
     <trkpt lat="36.882302" lon="-121.794444"><ele>-1.7</ele></trkpt>
     <trkpt lat="36.880181" lon="-121.793302"><ele>-0.6</ele></trkpt>
     <trkpt lat="36.878060" lon="-121.792160"><ele>0.5</ele></trkpt>
     <trkpt lat="36.877418" lon="-121.791716"><ele>1.0</ele></trkpt>
     <trkpt lat="36.876672" lon="-121.791007"><ele>1.0</ele></trkpt>
     <trkpt lat="36.874827" lon="-121.789143"><ele>1.5</ele></trkpt>
     <trkpt lat="36.872982" lon="-121.787279"><ele>2.0</ele></trkpt>
     <trkpt lat="36.871137" lon="-121.785415"><ele>2.5</ele></trkpt>
     <trkpt lat="36.869781" lon="-121.787242"><ele>2.4</ele></trkpt>
     <trkpt lat="36.868425" lon="-121.789070"><ele>2.2</ele></trkpt>
     <trkpt lat="36.867927" lon="-121.790780"><ele>2.1</ele></trkpt>
     <trkpt lat="36.867429" lon="-121.792490"><ele>2.0</ele></trkpt>
     <trkpt lat="36.867388" lon="-121.792884"><ele>3.0</ele></trkpt>
     <trkpt lat="36.867437" lon="-121.793392"><ele>2.2</ele></trkpt>
     <trkpt lat="36.867420" lon="-121.794034"><ele>3.8</ele></trkpt>
     <trkpt lat="36.867271" lon="-121.794785"><ele>5.8</ele></trkpt>
     <trkpt lat="36.867061" lon="-121.795246"><ele>5.8</ele></trkpt>
     <trkpt lat="36.866547" lon="-121.796027"><ele>4.2</ele></trkpt>
     <trkpt lat="36.866357" lon="-121.796236"><ele>4.8</ele></trkpt>
     <trkpt lat="36.865190" lon="-121.797203"><ele>2.5</ele></trkpt>
     <trkpt lat="36.864024" lon="-121.798170"><ele>0.2</ele></trkpt>
     <trkpt lat="36.862945" lon="-121.798884"><ele>0.2</ele></trkpt>
     <trkpt lat="36.862694" lon="-121.798832"><ele>0.8</ele></trkpt>
     <trkpt lat="36.862587" lon="-121.798705"><ele>1.2</ele></trkpt>
     <trkpt lat="36.862325" lon="-121.797940"><ele>3.2</ele></trkpt>
     <trkpt lat="36.861672" lon="-121.796447"><ele>8.0</ele></trkpt>
     <trkpt lat="36.860979" lon="-121.795054"><ele>10.8</ele></trkpt>
     <trkpt lat="36.860794" lon="-121.794871"><ele>11.5</ele></trkpt>
     <trkpt lat="36.860381" lon="-121.794757"><ele>19.8</ele></trkpt>
     <trkpt lat="36.860025" lon="-121.794741"><ele>27.5</ele></trkpt>
     <trkpt lat="36.859412" lon="-121.794801"><ele>30.0</ele></trkpt>
     <trkpt lat="36.859136" lon="-121.794880"><ele>30.5</ele></trkpt>
     <trkpt lat="36.858541" lon="-121.795234"><ele>28.8</ele></trkpt>
     <trkpt lat="36.856316" lon="-121.796354"><ele>18.8</ele></trkpt>
     <trkpt lat="36.856130" lon="-121.795886"><ele>19.2</ele></trkpt>
     <trkpt lat="36.855124" lon="-121.792874"><ele>25.1</ele></trkpt>
     <trkpt lat="36.854118" lon="-121.789862"><ele>30.9</ele></trkpt>
     <trkpt lat="36.853112" lon="-121.786849"><ele>36.7</ele></trkpt>
     <trkpt lat="36.852106" lon="-121.783837"><ele>42.5</ele></trkpt>
     <trkpt lat="36.852910" lon="-121.781965"><ele>44.5</ele></trkpt>
     <trkpt lat="36.853714" lon="-121.780093"><ele>46.5</ele></trkpt>
     <trkpt lat="36.853761" lon="-121.779742"><ele>47.8</ele></trkpt>
     <trkpt lat="36.853779" lon="-121.776860"><ele>48.6</ele></trkpt>
     <trkpt lat="36.853798" lon="-121.773978"><ele>49.4</ele></trkpt>
     <trkpt lat="36.853816" lon="-121.771096"><ele>50.2</ele></trkpt>
     <trkpt lat="36.851178" lon="-121.771114"><ele>50.9</ele></trkpt>
     <trkpt lat="36.848541" lon="-121.771133"><ele>51.6</ele></trkpt>
     <trkpt lat="36.845903" lon="-121.771151"><ele>52.2</ele></trkpt>
     <trkpt lat="36.843630" lon="-121.771099"><ele>47.9</ele></trkpt>
     <trkpt lat="36.841356" lon="-121.771047"><ele>43.6</ele></trkpt>
     <trkpt lat="36.839083" lon="-121.770995"><ele>39.2</ele></trkpt>
     <trkpt lat="36.836640" lon="-121.770996"><ele>30.1</ele></trkpt>
     <trkpt lat="36.834198" lon="-121.770998"><ele>20.9</ele></trkpt>
     <trkpt lat="36.831755" lon="-121.770999"><ele>11.8</ele></trkpt>
     <trkpt lat="36.831085" lon="-121.771020"><ele>9.0</ele></trkpt>
     <trkpt lat="36.830404" lon="-121.771185"><ele>7.8</ele></trkpt>
     <trkpt lat="36.829801" lon="-121.771460"><ele>5.8</ele></trkpt>
     <trkpt lat="36.829432" lon="-121.771687"><ele>4.2</ele></trkpt>
     <trkpt lat="36.828762" lon="-121.772269"><ele>2.2</ele></trkpt>
     <trkpt lat="36.827215" lon="-121.774097"><ele>3.2</ele></trkpt>
     <trkpt lat="36.825669" lon="-121.775926"><ele>4.2</ele></trkpt>
     <trkpt lat="36.824979" lon="-121.776809"><ele>2.8</ele></trkpt>
     <trkpt lat="36.824332" lon="-121.777864"><ele>1.8</ele></trkpt>
     <trkpt lat="36.823798" lon="-121.778989"><ele>6.0</ele></trkpt>
     <trkpt lat="36.822839" lon="-121.781264"><ele>7.6</ele></trkpt>
     <trkpt lat="36.821879" lon="-121.783539"><ele>9.2</ele></trkpt>
     <trkpt lat="36.821692" lon="-121.783915"><ele>9.2</ele></trkpt>
     <trkpt lat="36.821369" lon="-121.784420"><ele>5.8</ele></trkpt>
     <trkpt lat="36.820919" lon="-121.784947"><ele>0.8</ele></trkpt>
     <trkpt lat="36.820504" lon="-121.785317"><ele>1.2</ele></trkpt>
     <trkpt lat="36.820198" lon="-121.785521"><ele>2.2</ele></trkpt>
     <trkpt lat="36.819723" lon="-121.785758"><ele>2.2</ele></trkpt>
     <trkpt lat="36.819241" lon="-121.785922"><ele>1.0</ele></trkpt>
     <trkpt lat="36.818480" lon="-121.786013"><ele>2.5</ele></trkpt>
     <trkpt lat="36.816479" lon="-121.785867"><ele>2.5</ele></trkpt>
     <trkpt lat="36.814477" lon="-121.785721"><ele>2.5</ele></trkpt>
     <trkpt lat="36.812476" lon="-121.785575"><ele>2.5</ele></trkpt>
     <trkpt lat="36.811494" lon="-121.785385"><ele>-0.8</ele></trkpt>
     <trkpt lat="36.810113" lon="-121.784811"><ele>-0.4</ele></trkpt>
     <trkpt lat="36.808733" lon="-121.784237"><ele>0.0</ele></trkpt>
     <trkpt lat="36.807419" lon="-121.783918"><ele>4.5</ele></trkpt>
     <trkpt lat="36.806463" lon="-121.783774"><ele>10.8</ele></trkpt>
     <trkpt lat="36.805620" lon="-121.783733"><ele>17.2</ele></trkpt>
     <trkpt lat="36.803775" lon="-121.783846"><ele>7.0</ele></trkpt>
     <trkpt lat="36.803158" lon="-121.783840"><ele>6.0</ele></trkpt>
     <trkpt lat="36.801771" lon="-121.783598"><ele>6.4</ele></trkpt>
     <trkpt lat="36.800383" lon="-121.783357"><ele>6.8</ele></trkpt>
     <trkpt lat="36.800106" lon="-121.783469"><ele>6.2</ele></trkpt>
     <trkpt lat="36.799971" lon="-121.783617"><ele>5.8</ele></trkpt>
     <trkpt lat="36.799881" lon="-121.783799"><ele>5.2</ele></trkpt>
     <trkpt lat="36.799847" lon="-121.784076"><ele>4.2</ele></trkpt>
     <trkpt lat="36.799894" lon="-121.784815"><ele>2.5</ele></trkpt>
     <trkpt lat="36.799828" lon="-121.785124"><ele>2.2</ele></trkpt>
     <trkpt lat="36.799564" lon="-121.785448"><ele>2.0</ele></trkpt>
     <trkpt lat="36.799088" lon="-121.785893"><ele>0.5</ele></trkpt>
     <trkpt lat="36.800120" lon="-121.788014"><ele>0.8</ele></trkpt>
     <trkpt lat="36.800271" lon="-121.788203"><ele>1.8</ele></trkpt>
     <trkpt lat="36.800440" lon="-121.788272"><ele>2.2</ele></trkpt>
     <trkpt lat="36.800730" lon="-121.788224"><ele>2.2</ele></trkpt>
     <trkpt lat="36.803181" lon="-121.787003"><ele>1.8</ele></trkpt>
     <trkpt lat="36.803580" lon="-121.786999"><ele>0.2</ele></trkpt>
     <trkpt lat="36.803181" lon="-121.787003"><ele>1.8</ele></trkpt>
     <trkpt lat="36.800730" lon="-121.788224"><ele>2.2</ele></trkpt>
     <trkpt lat="36.800440" lon="-121.788272"><ele>2.2</ele></trkpt>
     <trkpt lat="36.800271" lon="-121.788203"><ele>1.8</ele></trkpt>
     <trkpt lat="36.800120" lon="-121.788014"><ele>0.8</ele></trkpt>
     <trkpt lat="36.799088" lon="-121.785893"><ele>0.5</ele></trkpt>
     <trkpt lat="36.797111" lon="-121.786235"><ele>0.0</ele></trkpt>
     <trkpt lat="36.796883" lon="-121.786226"><ele>0.8</ele></trkpt>
     <trkpt lat="36.796660" lon="-121.786159"><ele>1.2</ele></trkpt>
     <trkpt lat="36.795568" lon="-121.785624"><ele>2.0</ele></trkpt>
     <trkpt lat="36.793348" lon="-121.784700"><ele>3.2</ele></trkpt>
     <trkpt lat="36.791128" lon="-121.783776"><ele>4.5</ele></trkpt>
     <trkpt lat="36.791073" lon="-121.783739"><ele>4.5</ele></trkpt>
     <trkpt lat="36.791015" lon="-121.783610"><ele>4.5</ele></trkpt>
     <trkpt lat="36.790464" lon="-121.783435"><ele>5.2</ele></trkpt>
     <trkpt lat="36.788132" lon="-121.782461"><ele>3.9</ele></trkpt>
     <trkpt lat="36.785799" lon="-121.781487"><ele>2.6</ele></trkpt>
     <trkpt lat="36.783467" lon="-121.780513"><ele>1.2</ele></trkpt>
     <trkpt lat="36.782782" lon="-121.780156"><ele>2.2</ele></trkpt>
     <trkpt lat="36.782101" lon="-121.779619"><ele>3.2</ele></trkpt>
     <trkpt lat="36.781499" lon="-121.779015"><ele>2.8</ele></trkpt>
     <trkpt lat="36.780399" lon="-121.777791"><ele>1.5</ele></trkpt>
     <trkpt lat="36.778678" lon="-121.775740"><ele>1.9</ele></trkpt>
     <trkpt lat="36.776956" lon="-121.773690"><ele>2.2</ele></trkpt>
     <trkpt lat="36.776206" lon="-121.772736"><ele>3.2</ele></trkpt>
     <trkpt lat="36.774724" lon="-121.770578"><ele>2.3</ele></trkpt>
     <trkpt lat="36.773241" lon="-121.768419"><ele>1.4</ele></trkpt>
     <trkpt lat="36.771759" lon="-121.766261"><ele>0.5</ele></trkpt>
     <trkpt lat="36.771210" lon="-121.765697"><ele>0.2</ele></trkpt>
     <trkpt lat="36.770792" lon="-121.765428"><ele>0.5</ele></trkpt>
     <trkpt lat="36.770823" lon="-121.765071"><ele>0.8</ele></trkpt>
     <trkpt lat="36.770741" lon="-121.764837"><ele>1.0</ele></trkpt>
     <trkpt lat="36.770627" lon="-121.764661"><ele>1.0</ele></trkpt>
     <trkpt lat="36.769022" lon="-121.762489"><ele>2.0</ele></trkpt>
     <trkpt lat="36.767416" lon="-121.760317"><ele>2.9</ele></trkpt>
     <trkpt lat="36.765811" lon="-121.758144"><ele>3.9</ele></trkpt>
     <trkpt lat="36.764205" lon="-121.755972"><ele>4.8</ele></trkpt>
     <trkpt lat="36.762600" lon="-121.753800"><ele>5.8</ele></trkpt>
     <trkpt lat="36.764082" lon="-121.752122"><ele>3.0</ele></trkpt>
     <trkpt lat="36.763441" lon="-121.751259"><ele>6.2</ele></trkpt>
     <trkpt lat="36.763500" lon="-121.751192"><ele>6.5</ele></trkpt>
     <trkpt lat="36.764082" lon="-121.751977"><ele>3.2</ele></trkpt>
     <trkpt lat="36.764188" lon="-121.751852"><ele>5.2</ele></trkpt>
     <trkpt lat="36.764082" lon="-121.751977"><ele>3.2</ele></trkpt>
     <trkpt lat="36.763500" lon="-121.751192"><ele>6.5</ele></trkpt>
     <trkpt lat="36.763441" lon="-121.751259"><ele>6.2</ele></trkpt>
     <trkpt lat="36.763394" lon="-121.751196"><ele>6.5</ele></trkpt>
     <trkpt lat="36.761904" lon="-121.752869"><ele>6.0</ele></trkpt>
     <trkpt lat="36.760950" lon="-121.751577"><ele>8.2</ele></trkpt>
     <trkpt lat="36.760627" lon="-121.752318"><ele>6.2</ele></trkpt>
     <trkpt lat="36.759475" lon="-121.754614"><ele>0.2</ele></trkpt>
     <trkpt lat="36.759400" lon="-121.755006"><ele>0.2</ele></trkpt>
     <trkpt lat="36.758805" lon="-121.756115"><ele>1.0</ele></trkpt>
     <trkpt lat="36.758273" lon="-121.757010"><ele>-0.2</ele></trkpt>
     <trkpt lat="36.757312" lon="-121.758407"><ele>0.5</ele></trkpt>
     <trkpt lat="36.756352" lon="-121.759804"><ele>1.2</ele></trkpt>
     <trkpt lat="36.755301" lon="-121.761253"><ele>0.8</ele></trkpt>
     <trkpt lat="36.754250" lon="-121.762701"><ele>0.2</ele></trkpt>
     <trkpt lat="36.753717" lon="-121.763291"><ele>-1.2</ele></trkpt>
     <trkpt lat="36.752154" lon="-121.764863"><ele>0.5</ele></trkpt>
     <trkpt lat="36.750591" lon="-121.766435"><ele>2.2</ele></trkpt>
     <trkpt lat="36.749028" lon="-121.768007"><ele>4.0</ele></trkpt>
     <trkpt lat="36.747747" lon="-121.769171"><ele>2.8</ele></trkpt>
     <trkpt lat="36.746466" lon="-121.770335"><ele>1.5</ele></trkpt>
     <trkpt lat="36.746082" lon="-121.770631"><ele>2.5</ele></trkpt>
     <trkpt lat="36.745928" lon="-121.770729"><ele>3.2</ele></trkpt>
     <trkpt lat="36.745843" lon="-121.770694"><ele>3.2</ele></trkpt>
     <trkpt lat="36.744523" lon="-121.769525"><ele>0.2</ele></trkpt>
     <trkpt lat="36.743448" lon="-121.768645"><ele>1.2</ele></trkpt>
     <trkpt lat="36.743215" lon="-121.768545"><ele>1.8</ele></trkpt>
     <trkpt lat="36.741200" lon="-121.766355"><ele>4.2</ele></trkpt>
     <trkpt lat="36.740051" lon="-121.768309"><ele>1.8</ele></trkpt>
     <trkpt lat="36.738878" lon="-121.770417"><ele>1.9</ele></trkpt>
     <trkpt lat="36.737706" lon="-121.772525"><ele>2.1</ele></trkpt>
     <trkpt lat="36.736534" lon="-121.774632"><ele>2.3</ele></trkpt>
     <trkpt lat="36.735361" lon="-121.776740"><ele>2.5</ele></trkpt>
     <trkpt lat="36.734169" lon="-121.778658"><ele>5.0</ele></trkpt>
     <trkpt lat="36.734042" lon="-121.778925"><ele>5.5</ele></trkpt>
     <trkpt lat="36.733823" lon="-121.779708"><ele>5.8</ele></trkpt>
     <trkpt lat="36.733622" lon="-121.780132"><ele>5.5</ele></trkpt>
     <trkpt lat="36.733281" lon="-121.780613"><ele>4.8</ele></trkpt>
     <trkpt lat="36.731693" lon="-121.782310"><ele>4.7</ele></trkpt>
     <trkpt lat="36.730106" lon="-121.784008"><ele>4.6</ele></trkpt>
     <trkpt lat="36.728518" lon="-121.785706"><ele>4.6</ele></trkpt>
     <trkpt lat="36.726930" lon="-121.787403"><ele>4.5</ele></trkpt>
     <trkpt lat="36.726372" lon="-121.787946"><ele>3.0</ele></trkpt>
     <trkpt lat="36.726017" lon="-121.788168"><ele>3.0</ele></trkpt>
     <trkpt lat="36.725404" lon="-121.788362"><ele>5.0</ele></trkpt>
     <trkpt lat="36.724315" lon="-121.788364"><ele>6.8</ele></trkpt>
     <trkpt lat="36.724045" lon="-121.788523"><ele>6.2</ele></trkpt>
     <trkpt lat="36.723790" lon="-121.788877"><ele>5.2</ele></trkpt>
     <trkpt lat="36.722509" lon="-121.788281"><ele>7.2</ele></trkpt>
     <trkpt lat="36.722229" lon="-121.788359"><ele>8.5</ele></trkpt>
     <trkpt lat="36.721977" lon="-121.788208"><ele>11.2</ele></trkpt>
     <trkpt lat="36.721242" lon="-121.787952"><ele>14.5</ele></trkpt>
     <trkpt lat="36.720766" lon="-121.787878"><ele>15.0</ele></trkpt>
     <trkpt lat="36.720119" lon="-121.787849"><ele>13.8</ele></trkpt>
     <trkpt lat="36.718201" lon="-121.788064"><ele>19.0</ele></trkpt>
     <trkpt lat="36.716719" lon="-121.788047"><ele>18.2</ele></trkpt>
     <trkpt lat="36.716352" lon="-121.788112"><ele>18.0</ele></trkpt>
     <trkpt lat="36.714134" lon="-121.788246"><ele>19.0</ele></trkpt>
     <trkpt lat="36.713264" lon="-121.788354"><ele>17.8</ele></trkpt>
     <trkpt lat="36.712022" lon="-121.788428"><ele>13.2</ele></trkpt>
     <trkpt lat="36.711028" lon="-121.788562"><ele>8.8</ele></trkpt>
     <trkpt lat="36.709718" lon="-121.788509"><ele>13.8</ele></trkpt>
     <trkpt lat="36.708488" lon="-121.788676"><ele>14.2</ele></trkpt>
     <trkpt lat="36.707059" lon="-121.788705"><ele>11.9</ele></trkpt>
     <trkpt lat="36.705630" lon="-121.788734"><ele>9.5</ele></trkpt>
     <trkpt lat="36.705489" lon="-121.788780"><ele>9.5</ele></trkpt>
     <trkpt lat="36.705284" lon="-121.788970"><ele>9.2</ele></trkpt>
     <trkpt lat="36.704405" lon="-121.788900"><ele>9.8</ele></trkpt>
     <trkpt lat="36.703676" lon="-121.789121"><ele>9.5</ele></trkpt>
     <trkpt lat="36.703168" lon="-121.789336"><ele>9.5</ele></trkpt>
     <trkpt lat="36.702424" lon="-121.789880"><ele>8.8</ele></trkpt>
     <trkpt lat="36.701283" lon="-121.790875"><ele>8.1</ele></trkpt>
     <trkpt lat="36.700141" lon="-121.791869"><ele>7.5</ele></trkpt>
     <trkpt lat="36.699676" lon="-121.792201"><ele>6.5</ele></trkpt>
     <trkpt lat="36.699606" lon="-121.792087"><ele>6.5</ele></trkpt>
     <trkpt lat="36.697877" lon="-121.793594"><ele>8.9</ele></trkpt>
     <trkpt lat="36.696148" lon="-121.795101"><ele>11.2</ele></trkpt>
     <trkpt lat="36.694853" lon="-121.796276"><ele>13.2</ele></trkpt>
     <trkpt lat="36.694754" lon="-121.796404"><ele>13.2</ele></trkpt>
     <trkpt lat="36.693818" lon="-121.797209"><ele>11.2</ele></trkpt>
     <trkpt lat="36.693744" lon="-121.797351"><ele>11.2</ele></trkpt>
     <trkpt lat="36.693736" lon="-121.797456"><ele>11.0</ele></trkpt>
     <trkpt lat="36.693669" lon="-121.797538"><ele>11.0</ele></trkpt>
     <trkpt lat="36.693416" lon="-121.797575"><ele>11.5</ele></trkpt>
     <trkpt lat="36.692861" lon="-121.797940"><ele>10.2</ele></trkpt>
     <trkpt lat="36.692310" lon="-121.798163"><ele>10.2</ele></trkpt>
     <trkpt lat="36.691680" lon="-121.798250"><ele>12.0</ele></trkpt>
     <trkpt lat="36.690323" lon="-121.798289"><ele>12.2</ele></trkpt>
     <trkpt lat="36.689960" lon="-121.798337"><ele>11.5</ele></trkpt>
     <trkpt lat="36.689150" lon="-121.798604"><ele>0.5</ele></trkpt>
     <trkpt lat="36.688560" lon="-121.798948"><ele>-0.5</ele></trkpt>
     <trkpt lat="36.688077" lon="-121.799353"><ele>0.0</ele></trkpt>
     <trkpt lat="36.686200" lon="-121.801127"><ele>3.2</ele></trkpt>
     <trkpt lat="36.684323" lon="-121.802901"><ele>6.5</ele></trkpt>
     <trkpt lat="36.683962" lon="-121.802189"><ele>6.8</ele></trkpt>
     <trkpt lat="36.684204" lon="-121.802016"><ele>7.0</ele></trkpt>
     <trkpt lat="36.683962" lon="-121.802189"><ele>6.8</ele></trkpt>
     <trkpt lat="36.684323" lon="-121.802901"><ele>6.5</ele></trkpt>
     <trkpt lat="36.683472" lon="-121.803704"><ele>9.8</ele></trkpt>
     <trkpt lat="36.683513" lon="-121.803812"><ele>9.8</ele></trkpt>
     <trkpt lat="36.683323" lon="-121.804039"><ele>10.0</ele></trkpt>
     <trkpt lat="36.682791" lon="-121.804457"><ele>9.5</ele></trkpt>
     <trkpt lat="36.681263" lon="-121.805858"><ele>4.8</ele></trkpt>
     <trkpt lat="36.680004" lon="-121.806750"><ele>7.9</ele></trkpt>
     <trkpt lat="36.678745" lon="-121.807643"><ele>11.0</ele></trkpt>
     <trkpt lat="36.677464" lon="-121.808459"><ele>13.2</ele></trkpt>
     <trkpt lat="36.676107" lon="-121.809195"><ele>15.5</ele></trkpt>
     <trkpt lat="36.674592" lon="-121.810278"><ele>12.2</ele></trkpt>
     <trkpt lat="36.673304" lon="-121.811121"><ele>12.5</ele></trkpt>
     <trkpt lat="36.672015" lon="-121.811963"><ele>12.8</ele></trkpt>
     <trkpt lat="36.670827" lon="-121.812818"><ele>12.9</ele></trkpt>
     <trkpt lat="36.669639" lon="-121.813673"><ele>13.0</ele></trkpt>
     <trkpt lat="36.668284" lon="-121.814348"><ele>13.6</ele></trkpt>
     <trkpt lat="36.666929" lon="-121.815024"><ele>14.2</ele></trkpt>
     <trkpt lat="36.665481" lon="-121.815573"><ele>14.9</ele></trkpt>
     <trkpt lat="36.664032" lon="-121.816123"><ele>15.5</ele></trkpt>
     <trkpt lat="36.662505" lon="-121.816541"><ele>19.8</ele></trkpt>
     <trkpt lat="36.659990" lon="-121.816855"><ele>19.0</ele></trkpt>
     <trkpt lat="36.658331" lon="-121.817025"><ele>23.6</ele></trkpt>
     <trkpt lat="36.656671" lon="-121.817196"><ele>28.2</ele></trkpt>
     <trkpt lat="36.655474" lon="-121.817087"><ele>30.5</ele></trkpt>
     <trkpt lat="36.655057" lon="-121.816962"><ele>31.5</ele></trkpt>
     <trkpt lat="36.654961" lon="-121.816859"><ele>31.8</ele></trkpt>
     <trkpt lat="36.654722" lon="-121.816877"><ele>31.8</ele></trkpt>
     <trkpt lat="36.654348" lon="-121.816756"><ele>32.5</ele></trkpt>
     <trkpt lat="36.652928" lon="-121.816099"><ele>34.1</ele></trkpt>
     <trkpt lat="36.651507" lon="-121.815441"><ele>35.8</ele></trkpt>
     <trkpt lat="36.650885" lon="-121.815237"><ele>36.0</ele></trkpt>
     <trkpt lat="36.650439" lon="-121.815148"><ele>37.0</ele></trkpt>
     <trkpt lat="36.649780" lon="-121.815079"><ele>38.2</ele></trkpt>
     <trkpt lat="36.649199" lon="-121.815117"><ele>38.8</ele></trkpt>
     <trkpt lat="36.648859" lon="-121.815208"><ele>40.0</ele></trkpt>
     <trkpt lat="36.648313" lon="-121.815557"><ele>42.8</ele></trkpt>
     <trkpt lat="36.647891" lon="-121.815949"><ele>44.2</ele></trkpt>
     <trkpt lat="36.647534" lon="-121.816474"><ele>43.5</ele></trkpt>
     <trkpt lat="36.647365" lon="-121.817075"><ele>41.5</ele></trkpt>
     <trkpt lat="36.647121" lon="-121.817754"><ele>41.0</ele></trkpt>
     <trkpt lat="36.646625" lon="-121.818747"><ele>39.8</ele></trkpt>
     <trkpt lat="36.646416" lon="-121.819063"><ele>37.0</ele></trkpt>
     <trkpt lat="36.645113" lon="-121.820634"><ele>34.5</ele></trkpt>
     <trkpt lat="36.643674" lon="-121.823051"><ele>31.4</ele></trkpt>
     <trkpt lat="36.642234" lon="-121.825469"><ele>28.2</ele></trkpt>
     <trkpt lat="36.641633" lon="-121.826323"><ele>28.2</ele></trkpt>
     <trkpt lat="36.639726" lon="-121.828407"><ele>27.5</ele></trkpt>
     <trkpt lat="36.637819" lon="-121.830491"><ele>26.8</ele></trkpt>
     <trkpt lat="36.636777" lon="-121.831489"><ele>27.0</ele></trkpt>
     <trkpt lat="36.635968" lon="-121.832047"><ele>31.2</ele></trkpt>
     <trkpt lat="36.634956" lon="-121.832578"><ele>30.0</ele></trkpt>
     <trkpt lat="36.633880" lon="-121.833324"><ele>29.2</ele></trkpt>
     <trkpt lat="36.632421" lon="-121.834719"><ele>25.7</ele></trkpt>
     <trkpt lat="36.630962" lon="-121.836115"><ele>22.1</ele></trkpt>
     <trkpt lat="36.629503" lon="-121.837510"><ele>18.5</ele></trkpt>
     <trkpt lat="36.627565" lon="-121.839251"><ele>14.5</ele></trkpt>
     <trkpt lat="36.627285" lon="-121.839455"><ele>14.0</ele></trkpt>
     <trkpt lat="36.626708" lon="-121.839681"><ele>16.0</ele></trkpt>
     <trkpt lat="36.626290" lon="-121.840029"><ele>18.8</ele></trkpt>
     <trkpt lat="36.625356" lon="-121.840931"><ele>23.8</ele></trkpt>
     <trkpt lat="36.624814" lon="-121.841269"><ele>23.0</ele></trkpt>
     <trkpt lat="36.624485" lon="-121.841403"><ele>22.0</ele></trkpt>
     <trkpt lat="36.624161" lon="-121.841455"><ele>21.5</ele></trkpt>
     <trkpt lat="36.623906" lon="-121.841414"><ele>21.0</ele></trkpt>
     <trkpt lat="36.623922" lon="-121.841601"><ele>20.5</ele></trkpt>
     <trkpt lat="36.624091" lon="-121.841726"><ele>22.0</ele></trkpt>
     <trkpt lat="36.624671" lon="-121.841671"><ele>22.0</ele></trkpt>
     <trkpt lat="36.624745" lon="-121.841749"><ele>23.0</ele></trkpt>
     <trkpt lat="36.624757" lon="-121.841836"><ele>24.5</ele></trkpt>
     <trkpt lat="36.624144" lon="-121.843013"><ele>30.5</ele></trkpt>
     <trkpt lat="36.624145" lon="-121.843159"><ele>30.5</ele></trkpt>
     <trkpt lat="36.624215" lon="-121.843293"><ele>30.8</ele></trkpt>
     <trkpt lat="36.624194" lon="-121.843693"><ele>30.2</ele></trkpt>
     <trkpt lat="36.623767" lon="-121.844480"><ele>27.8</ele></trkpt>
     <trkpt lat="36.623595" lon="-121.845061"><ele>24.8</ele></trkpt>
     <trkpt lat="36.623505" lon="-121.845222"><ele>22.0</ele></trkpt>
     <trkpt lat="36.623271" lon="-121.845469"><ele>18.8</ele></trkpt>
     <trkpt lat="36.621767" lon="-121.846637"><ele>17.5</ele></trkpt>
     <trkpt lat="36.620322" lon="-121.847411"><ele>11.0</ele></trkpt>
     <trkpt lat="36.620213" lon="-121.847298"><ele>11.5</ele></trkpt>
     <trkpt lat="36.619993" lon="-121.845895"><ele>9.2</ele></trkpt>
     <trkpt lat="36.619350" lon="-121.846259"><ele>7.8</ele></trkpt>
     <trkpt lat="36.618883" lon="-121.846265"><ele>6.5</ele></trkpt>
     <trkpt lat="36.618256" lon="-121.846609"><ele>8.2</ele></trkpt>
     <trkpt lat="36.617683" lon="-121.846836"><ele>8.5</ele></trkpt>
     <trkpt lat="36.617524" lon="-121.846805"><ele>8.0</ele></trkpt>
     <trkpt lat="36.616919" lon="-121.846414"><ele>7.8</ele></trkpt>
     <trkpt lat="36.616631" lon="-121.846533"><ele>8.8</ele></trkpt>
     <trkpt lat="36.616922" lon="-121.847261"><ele>15.2</ele></trkpt>
     <trkpt lat="36.618098" lon="-121.849358"><ele>12.0</ele></trkpt>
     <trkpt lat="36.616755" lon="-121.850230"><ele>10.0</ele></trkpt>
     <trkpt lat="36.615849" lon="-121.851029"><ele>4.5</ele></trkpt>
     <trkpt lat="36.615379" lon="-121.851548"><ele>7.8</ele></trkpt>
     <trkpt lat="36.613951" lon="-121.853330"><ele>0.6</ele></trkpt>
     <trkpt lat="36.612524" lon="-121.855113"><ele>-6.5</ele></trkpt>
     <trkpt lat="36.611849" lon="-121.856199"><ele>0.0</ele></trkpt>
     <trkpt lat="36.611180" lon="-121.857706"><ele>-0.5</ele></trkpt>
     <trkpt lat="36.611137" lon="-121.857993"><ele>0.5</ele></trkpt>
     <trkpt lat="36.611073" lon="-121.858028"><ele>1.0</ele></trkpt>
     <trkpt lat="36.611004" lon="-121.858166"><ele>1.8</ele></trkpt>
     <trkpt lat="36.610808" lon="-121.858075"><ele>2.2</ele></trkpt>
     <trkpt lat="36.610636" lon="-121.858371"><ele>3.0</ele></trkpt>
     <trkpt lat="36.610216" lon="-121.858833"><ele>5.2</ele></trkpt>
     <trkpt lat="36.609542" lon="-121.859772"><ele>1.2</ele></trkpt>
     <trkpt lat="36.609520" lon="-121.860077"><ele>-0.2</ele></trkpt>
     <trkpt lat="36.609693" lon="-121.860511"><ele>-2.0</ele></trkpt>
     <trkpt lat="36.609698" lon="-121.860733"><ele>-3.0</ele></trkpt>
     <trkpt lat="36.609169" lon="-121.861684"><ele>-2.2</ele></trkpt>
     <trkpt lat="36.608841" lon="-121.861892"><ele>-2.5</ele></trkpt>
     <trkpt lat="36.608516" lon="-121.861905"><ele>-3.8</ele></trkpt>
     <trkpt lat="36.608238" lon="-121.861754"><ele>-4.5</ele></trkpt>
     <trkpt lat="36.607870" lon="-121.861404"><ele>1.8</ele></trkpt>
     <trkpt lat="36.607653" lon="-121.861327"><ele>4.2</ele></trkpt>
     <trkpt lat="36.607482" lon="-121.861358"><ele>5.0</ele></trkpt>
     <trkpt lat="36.607360" lon="-121.861430"><ele>4.2</ele></trkpt>
     <trkpt lat="36.607221" lon="-121.861601"><ele>3.8</ele></trkpt>
     <trkpt lat="36.607014" lon="-121.861988"><ele>7.2</ele></trkpt>
     <trkpt lat="36.606835" lon="-121.862103"><ele>9.8</ele></trkpt>
     <trkpt lat="36.606588" lon="-121.862073"><ele>11.5</ele></trkpt>
     <trkpt lat="36.606197" lon="-121.861758"><ele>11.8</ele></trkpt>
     <trkpt lat="36.605561" lon="-121.861769"><ele>13.0</ele></trkpt>
     <trkpt lat="36.605329" lon="-121.861849"><ele>12.2</ele></trkpt>
     <trkpt lat="36.604900" lon="-121.862204"><ele>11.5</ele></trkpt>
     <trkpt lat="36.604716" lon="-121.862487"><ele>10.5</ele></trkpt>
     <trkpt lat="36.604077" lon="-121.864254"><ele>8.8</ele></trkpt>
     <trkpt lat="36.603789" lon="-121.864733"><ele>9.0</ele></trkpt>
     <trkpt lat="36.603656" lon="-121.864794"><ele>7.5</ele></trkpt>
     <trkpt lat="36.603520" lon="-121.864696"><ele>5.5</ele></trkpt>
     <trkpt lat="36.603510" lon="-121.864521"><ele>4.8</ele></trkpt>
     <trkpt lat="36.603872" lon="-121.864006"><ele>6.5</ele></trkpt>
     <trkpt lat="36.603990" lon="-121.863621"><ele>7.2</ele></trkpt>
     <trkpt lat="36.603909" lon="-121.863468"><ele>6.8</ele></trkpt>
     <trkpt lat="36.603708" lon="-121.863326"><ele>5.8</ele></trkpt>
     <trkpt lat="36.603611" lon="-121.863566"><ele>5.0</ele></trkpt>
     <trkpt lat="36.603596" lon="-121.863778"><ele>4.5</ele></trkpt>
     <trkpt lat="36.602854" lon="-121.865393"><ele>4.5</ele></trkpt>
     <trkpt lat="36.602755" lon="-121.865735"><ele>5.0</ele></trkpt>
     <trkpt lat="36.602377" lon="-121.866495"><ele>6.8</ele></trkpt>
     <trkpt lat="36.602369" lon="-121.866581"><ele>7.0</ele></trkpt>
     <trkpt lat="36.602225" lon="-121.866884"><ele>7.8</ele></trkpt>
     <trkpt lat="36.602136" lon="-121.866952"><ele>7.5</ele></trkpt>
     <trkpt lat="36.601264" lon="-121.868797"><ele>4.8</ele></trkpt>
     <trkpt lat="36.601102" lon="-121.869070"><ele>5.5</ele></trkpt>
     <trkpt lat="36.600860" lon="-121.870069"><ele>9.8</ele></trkpt>
     <trkpt lat="36.600810" lon="-121.870669"><ele>9.0</ele></trkpt>
     <trkpt lat="36.600857" lon="-121.871059"><ele>9.5</ele></trkpt>
     <trkpt lat="36.600657" lon="-121.872115"><ele>11.5</ele></trkpt>
     <trkpt lat="36.600560" lon="-121.873039"><ele>13.8</ele></trkpt>
     <trkpt lat="36.600469" lon="-121.873408"><ele>14.5</ele></trkpt>
     <trkpt lat="36.600291" lon="-121.875003"><ele>7.0</ele></trkpt>
     <trkpt lat="36.600231" lon="-121.875642"><ele>13.8</ele></trkpt>
     <trkpt lat="36.600335" lon="-121.878982"><ele>5.1</ele></trkpt>
     <trkpt lat="36.600440" lon="-121.882321"><ele>-3.5</ele></trkpt>
     <trkpt lat="36.600532" lon="-121.882992"><ele>-5.0</ele></trkpt>
     <trkpt lat="36.600499" lon="-121.883668"><ele>-4.0</ele></trkpt>
     <trkpt lat="36.600589" lon="-121.884661"><ele>0.0</ele></trkpt>
     <trkpt lat="36.600563" lon="-121.885645"><ele>0.0</ele></trkpt>
     <trkpt lat="36.600635" lon="-121.886550"><ele>-0.8</ele></trkpt>
     <trkpt lat="36.600640" lon="-121.887011"><ele>-1.8</ele></trkpt>
     <trkpt lat="36.600577" lon="-121.887286"><ele>-2.0</ele></trkpt>
     <trkpt lat="36.600580" lon="-121.887443"><ele>-2.5</ele></trkpt>
     <trkpt lat="36.600638" lon="-121.887606"><ele>-2.2</ele></trkpt>
     <trkpt lat="36.600785" lon="-121.888420"><ele>-0.8</ele></trkpt>
     <trkpt lat="36.600920" lon="-121.888802"><ele>-0.5</ele></trkpt>
     <trkpt lat="36.601005" lon="-121.889361"><ele>-0.5</ele></trkpt>
     <trkpt lat="36.600963" lon="-121.889622"><ele>-0.5</ele></trkpt>
     <trkpt lat="36.601009" lon="-121.889931"><ele>-0.8</ele></trkpt>
     <trkpt lat="36.599508" lon="-121.890205"><ele>0.1</ele></trkpt>
     <trkpt lat="36.598008" lon="-121.890479"><ele>1.0</ele></trkpt>
     <trkpt lat="36.597917" lon="-121.891932"><ele>1.8</ele></trkpt>
     <trkpt lat="36.597832" lon="-121.892706"><ele>3.5</ele></trkpt>
     <trkpt lat="36.595969" lon="-121.892094"><ele>9.2</ele></trkpt>
     <trkpt lat="36.594361" lon="-121.892271"><ele>12.2</ele></trkpt>
     <trkpt lat="36.594143" lon="-121.892310"><ele>13.5</ele></trkpt>
     <trkpt lat="36.593869" lon="-121.892439"><ele>14.2</ele></trkpt>
     <trkpt lat="36.593584" lon="-121.892667"><ele>15.5</ele></trkpt>
     <trkpt lat="36.592699" lon="-121.893641"><ele>21.0</ele></trkpt>
     <trkpt lat="36.592623" lon="-121.893523"><ele>22.0</ele></trkpt>
     <trkpt lat="36.592538" lon="-121.893481"><ele>22.8</ele></trkpt>
     <trkpt lat="36.592205" lon="-121.893641"><ele>23.8</ele></trkpt>
     <trkpt lat="36.591495" lon="-121.894330"><ele>28.0</ele></trkpt>
     <trkpt lat="36.591106" lon="-121.894748"><ele>28.5</ele></trkpt>
     <trkpt lat="36.590706" lon="-121.895274"><ele>31.0</ele></trkpt>
     <trkpt lat="36.590230" lon="-121.896088"><ele>43.0</ele></trkpt>
     <trkpt lat="36.589941" lon="-121.896385"><ele>47.8</ele></trkpt>
     <trkpt lat="36.589796" lon="-121.896367"><ele>47.5</ele></trkpt>
     <trkpt lat="36.589671" lon="-121.896412"><ele>47.8</ele></trkpt>
     <trkpt lat="36.589484" lon="-121.896575"><ele>49.2</ele></trkpt>
     <trkpt lat="36.588592" lon="-121.897675"><ele>53.5</ele></trkpt>
     <trkpt lat="36.588383" lon="-121.898066"><ele>54.2</ele></trkpt>
     <trkpt lat="36.587997" lon="-121.898412"><ele>55.2</ele></trkpt>
     <trkpt lat="36.587814" lon="-121.898710"><ele>55.5</ele></trkpt>
     <trkpt lat="36.587453" lon="-121.898913"><ele>56.5</ele></trkpt>
     <trkpt lat="36.587070" lon="-121.899291"><ele>56.2</ele></trkpt>
     <trkpt lat="36.586698" lon="-121.899348"><ele>56.2</ele></trkpt>
     <trkpt lat="36.586586" lon="-121.899327"><ele>56.5</ele></trkpt>
     <trkpt lat="36.586131" lon="-121.899609"><ele>58.8</ele></trkpt>
     <trkpt lat="36.585662" lon="-121.900164"><ele>61.0</ele></trkpt>
     <trkpt lat="36.585066" lon="-121.900544"><ele>62.8</ele></trkpt>
     <trkpt lat="36.584619" lon="-121.900718"><ele>64.2</ele></trkpt>
     <trkpt lat="36.584483" lon="-121.900811"><ele>64.8</ele></trkpt>
     <trkpt lat="36.584261" lon="-121.900859"><ele>65.0</ele></trkpt>
     <trkpt lat="36.583971" lon="-121.901106"><ele>67.5</ele></trkpt>
     <trkpt lat="36.583535" lon="-121.901370"><ele>72.8</ele></trkpt>
     <trkpt lat="36.583214" lon="-121.901633"><ele>76.5</ele></trkpt>
     <trkpt lat="36.582211" lon="-121.899898"><ele>77.2</ele></trkpt>
     <trkpt lat="36.581654" lon="-121.899335"><ele>80.0</ele></trkpt>
     <trkpt lat="36.581625" lon="-121.899259"><ele>80.0</ele></trkpt>
     <trkpt lat="36.581313" lon="-121.899077"><ele>87.8</ele></trkpt>
     <trkpt lat="36.581340" lon="-121.900122"><ele>97.5</ele></trkpt>
     <trkpt lat="36.581310" lon="-121.900295"><ele>99.8</ele></trkpt>
     <trkpt lat="36.581178" lon="-121.900644"><ele>106.0</ele></trkpt>
     <trkpt lat="36.580656" lon="-121.901738"><ele>115.2</ele></trkpt>
     <trkpt lat="36.580513" lon="-121.902166"><ele>117.5</ele></trkpt>
     <trkpt lat="36.580388" lon="-121.902788"><ele>117.5</ele></trkpt>
     <trkpt lat="36.580315" lon="-121.902973"><ele>118.0</ele></trkpt>
     <trkpt lat="36.579592" lon="-121.904074"><ele>120.5</ele></trkpt>
     <trkpt lat="36.578271" lon="-121.906626"><ele>134.0</ele></trkpt>
     <trkpt lat="36.578246" lon="-121.906806"><ele>135.5</ele></trkpt>
     <trkpt lat="36.578010" lon="-121.907261"><ele>142.2</ele></trkpt>
     <trkpt lat="36.576853" lon="-121.909087"><ele>158.9</ele></trkpt>
     <trkpt lat="36.575695" lon="-121.910914"><ele>175.5</ele></trkpt>
     <trkpt lat="36.575092" lon="-121.911630"><ele>177.0</ele></trkpt>
     <trkpt lat="36.574667" lon="-121.911998"><ele>173.2</ele></trkpt>
     <trkpt lat="36.574440" lon="-121.912089"><ele>172.8</ele></trkpt>
     <trkpt lat="36.574724" lon="-121.912370"><ele>168.8</ele></trkpt>
     <trkpt lat="36.575050" lon="-121.912593"><ele>166.5</ele></trkpt>
     <trkpt lat="36.575368" lon="-121.912641"><ele>171.8</ele></trkpt>
     <trkpt lat="36.575436" lon="-121.912737"><ele>172.5</ele></trkpt>
     <trkpt lat="36.575445" lon="-121.912835"><ele>172.2</ele></trkpt>
     <trkpt lat="36.575371" lon="-121.912974"><ele>170.8</ele></trkpt>
     <trkpt lat="36.575118" lon="-121.913116"><ele>166.8</ele></trkpt>
     <trkpt lat="36.574687" lon="-121.912992"><ele>164.0</ele></trkpt>
     <trkpt lat="36.574509" lon="-121.913069"><ele>162.5</ele></trkpt>
     <trkpt lat="36.574174" lon="-121.913006"><ele>161.5</ele></trkpt>
     <trkpt lat="36.573347" lon="-121.913151"><ele>162.0</ele></trkpt>
     <trkpt lat="36.572985" lon="-121.913174"><ele>161.5</ele></trkpt>
     <trkpt lat="36.570906" lon="-121.912878"><ele>171.5</ele></trkpt>
     <trkpt lat="36.568423" lon="-121.912686"><ele>185.0</ele></trkpt>
     <trkpt lat="36.567768" lon="-121.912760"><ele>183.0</ele></trkpt>
     <trkpt lat="36.567138" lon="-121.912958"><ele>181.2</ele></trkpt>
     <trkpt lat="36.566551" lon="-121.913295"><ele>179.0</ele></trkpt>
     <trkpt lat="36.566308" lon="-121.913534"><ele>178.0</ele></trkpt>
     <trkpt lat="36.566058" lon="-121.913960"><ele>176.0</ele></trkpt>
     <trkpt lat="36.565865" lon="-121.914397"><ele>171.5</ele></trkpt>
     <trkpt lat="36.565561" lon="-121.915357"><ele>161.8</ele></trkpt>
     <trkpt lat="36.565497" lon="-121.915622"><ele>158.5</ele></trkpt>
     <trkpt lat="36.565475" lon="-121.916055"><ele>153.8</ele></trkpt>
     <trkpt lat="36.565513" lon="-121.917295"><ele>145.2</ele></trkpt>
     <trkpt lat="36.565491" lon="-121.917665"><ele>143.0</ele></trkpt>
     <trkpt lat="36.565400" lon="-121.918069"><ele>139.8</ele></trkpt>
     <trkpt lat="36.564925" lon="-121.919527"><ele>128.8</ele></trkpt>
     <trkpt lat="36.563997" lon="-121.918756"><ele>125.0</ele></trkpt>
     <trkpt lat="36.563775" lon="-121.918665"><ele>124.8</ele></trkpt>
     <trkpt lat="36.563544" lon="-121.918658"><ele>124.8</ele></trkpt>
     <trkpt lat="36.563185" lon="-121.918834"><ele>124.5</ele></trkpt>
     <trkpt lat="36.562507" lon="-121.919560"><ele>118.0</ele></trkpt>
     <trkpt lat="36.561910" lon="-121.919978"><ele>110.2</ele></trkpt>
     <trkpt lat="36.561650" lon="-121.920064"><ele>108.0</ele></trkpt>
     <trkpt lat="36.560902" lon="-121.920112"><ele>103.5</ele></trkpt>
     <trkpt lat="36.560819" lon="-121.920166"><ele>102.8</ele></trkpt>
     <trkpt lat="36.560618" lon="-121.920325"><ele>102.8</ele></trkpt>
     <trkpt lat="36.560311" lon="-121.920776"><ele>100.2</ele></trkpt>
     <trkpt lat="36.559667" lon="-121.921101"><ele>95.2</ele></trkpt>
     <trkpt lat="36.559061" lon="-121.921860"><ele>82.5</ele></trkpt>
     <trkpt lat="36.557103" lon="-121.921847"><ele>77.0</ele></trkpt>
     <trkpt lat="36.555146" lon="-121.921834"><ele>71.5</ele></trkpt>
     <trkpt lat="36.555134" lon="-121.924366"><ele>58.8</ele></trkpt>
     <trkpt lat="36.555079" lon="-121.924440"><ele>57.5</ele></trkpt>
     <trkpt lat="36.555085" lon="-121.926141"><ele>43.5</ele></trkpt>
     <trkpt lat="36.555079" lon="-121.924440"><ele>57.5</ele></trkpt>
     <trkpt lat="36.555033" lon="-121.924366"><ele>58.0</ele></trkpt>
     <trkpt lat="36.555048" lon="-121.921835"><ele>71.0</ele></trkpt>
     <trkpt lat="36.552882" lon="-121.921827"><ele>64.0</ele></trkpt>
     <trkpt lat="36.550715" lon="-121.921819"><ele>57.0</ele></trkpt>
     <trkpt lat="36.548549" lon="-121.921812"><ele>50.0</ele></trkpt>
     <trkpt lat="36.546383" lon="-121.921804"><ele>43.0</ele></trkpt>
     <trkpt lat="36.546363" lon="-121.921017"><ele>43.8</ele></trkpt>
     <trkpt lat="36.545928" lon="-121.920654"><ele>41.5</ele></trkpt>
     <trkpt lat="36.545728" lon="-121.920277"><ele>38.8</ele></trkpt>
     <trkpt lat="36.545523" lon="-121.920015"><ele>37.2</ele></trkpt>
     <trkpt lat="36.545378" lon="-121.919890"><ele>36.2</ele></trkpt>
     <trkpt lat="36.544872" lon="-121.919653"><ele>30.8</ele></trkpt>
     <trkpt lat="36.544417" lon="-121.919586"><ele>23.5</ele></trkpt>
     <trkpt lat="36.543774" lon="-121.919570"><ele>16.5</ele></trkpt>
     <trkpt lat="36.543543" lon="-121.919482"><ele>14.0</ele></trkpt>
     <trkpt lat="36.543184" lon="-121.919138"><ele>10.8</ele></trkpt>
     <trkpt lat="36.542903" lon="-121.918702"><ele>9.5</ele></trkpt>
     <trkpt lat="36.542826" lon="-121.918487"><ele>9.2</ele></trkpt>
     <trkpt lat="36.541489" lon="-121.916097"><ele>7.0</ele></trkpt>
     <trkpt lat="36.540808" lon="-121.915048"><ele>8.5</ele></trkpt>
     <trkpt lat="36.540672" lon="-121.914654"><ele>9.5</ele></trkpt>
     <trkpt lat="36.540633" lon="-121.914413"><ele>10.2</ele></trkpt>
     <trkpt lat="36.540629" lon="-121.913995"><ele>11.2</ele></trkpt>
     <trkpt lat="36.540705" lon="-121.913167"><ele>12.2</ele></trkpt>
     <trkpt lat="36.540618" lon="-121.912526"><ele>12.8</ele></trkpt>
     <trkpt lat="36.540537" lon="-121.912301"><ele>10.8</ele></trkpt>
     <trkpt lat="36.540042" lon="-121.911356"><ele>5.2</ele></trkpt>
     <trkpt lat="36.539394" lon="-121.910195"><ele>0.5</ele></trkpt>
     <trkpt lat="36.538316" lon="-121.911065"><ele>2.8</ele></trkpt>
     <trkpt lat="36.537001" lon="-121.911792"><ele>5.8</ele></trkpt>
     <trkpt lat="36.536651" lon="-121.912071"><ele>5.5</ele></trkpt>
     <trkpt lat="36.534851" lon="-121.913957"><ele>4.2</ele></trkpt>
     <trkpt lat="36.534368" lon="-121.914415"><ele>4.5</ele></trkpt>
     <trkpt lat="36.532584" lon="-121.915909"><ele>8.1</ele></trkpt>
     <trkpt lat="36.530799" lon="-121.917404"><ele>11.8</ele></trkpt>
     <trkpt lat="36.529471" lon="-121.918625"><ele>18.0</ele></trkpt>
     <trkpt lat="36.528970" lon="-121.919199"><ele>26.0</ele></trkpt>
     <trkpt lat="36.529456" lon="-121.919821"><ele>26.0</ele></trkpt>
     <trkpt lat="36.531101" lon="-121.921237"><ele>24.5</ele></trkpt>
     <trkpt lat="36.531404" lon="-121.921560"><ele>23.2</ele></trkpt>
     <trkpt lat="36.532259" lon="-121.923047"><ele>28.0</ele></trkpt>
     <trkpt lat="36.532446" lon="-121.923272"><ele>28.5</ele></trkpt>
     <trkpt lat="36.533166" lon="-121.923931"><ele>22.2</ele></trkpt>
     <trkpt lat="36.533434" lon="-121.924293"><ele>21.2</ele></trkpt>
     <trkpt lat="36.533628" lon="-121.924707"><ele>19.2</ele></trkpt>
     <trkpt lat="36.533644" lon="-121.925110"><ele>20.0</ele></trkpt>
     <trkpt lat="36.534030" lon="-121.925208"><ele>15.5</ele></trkpt>
     <trkpt lat="36.534322" lon="-121.925565"><ele>12.5</ele></trkpt>
     <trkpt lat="36.534391" lon="-121.925487"><ele>11.2</ele></trkpt>
     <trkpt lat="36.534500" lon="-121.925450"><ele>9.8</ele></trkpt>
     <trkpt lat="36.534834" lon="-121.925608"><ele>6.0</ele></trkpt>
     <trkpt lat="36.535013" lon="-121.925771"><ele>5.2</ele></trkpt>
     <trkpt lat="36.535021" lon="-121.925913"><ele>6.0</ele></trkpt>
     <trkpt lat="36.534940" lon="-121.926314"><ele>6.8</ele></trkpt>
     <trkpt lat="36.534671" lon="-121.927162"><ele>4.2</ele></trkpt>
     <trkpt lat="36.534636" lon="-121.927157"><ele>4.2</ele></trkpt>
     <trkpt lat="36.534576" lon="-121.927348"><ele>2.8</ele></trkpt>
     <trkpt lat="36.534569" lon="-121.927694"><ele>0.2</ele></trkpt>
     <trkpt lat="36.534576" lon="-121.927348"><ele>2.8</ele></trkpt>
     <trkpt lat="36.534636" lon="-121.927157"><ele>4.2</ele></trkpt>
     <trkpt lat="36.534671" lon="-121.927162"><ele>4.2</ele></trkpt>
     <trkpt lat="36.534940" lon="-121.926314"><ele>6.8</ele></trkpt>
     <trkpt lat="36.535021" lon="-121.925913"><ele>6.0</ele></trkpt>
     <trkpt lat="36.535013" lon="-121.925771"><ele>5.2</ele></trkpt>
     <trkpt lat="36.534834" lon="-121.925608"><ele>6.0</ele></trkpt>
     <trkpt lat="36.534500" lon="-121.925450"><ele>9.8</ele></trkpt>
     <trkpt lat="36.534391" lon="-121.925487"><ele>11.2</ele></trkpt>
     <trkpt lat="36.534322" lon="-121.925565"><ele>12.5</ele></trkpt>
     <trkpt lat="36.534030" lon="-121.925208"><ele>15.5</ele></trkpt>
     <trkpt lat="36.533644" lon="-121.925110"><ele>20.0</ele></trkpt>
     <trkpt lat="36.533628" lon="-121.924707"><ele>19.2</ele></trkpt>
     <trkpt lat="36.533434" lon="-121.924293"><ele>21.2</ele></trkpt>
     <trkpt lat="36.533166" lon="-121.923931"><ele>22.2</ele></trkpt>
     <trkpt lat="36.532446" lon="-121.923272"><ele>28.5</ele></trkpt>
     <trkpt lat="36.532259" lon="-121.923047"><ele>28.0</ele></trkpt>
     <trkpt lat="36.531404" lon="-121.921560"><ele>23.2</ele></trkpt>
     <trkpt lat="36.531101" lon="-121.921237"><ele>24.5</ele></trkpt>
     <trkpt lat="36.529456" lon="-121.919821"><ele>26.0</ele></trkpt>
     <trkpt lat="36.528970" lon="-121.919199"><ele>26.0</ele></trkpt>
     <trkpt lat="36.527757" lon="-121.920570"><ele>39.0</ele></trkpt>
     <trkpt lat="36.525995" lon="-121.922752"><ele>26.4</ele></trkpt>
     <trkpt lat="36.524232" lon="-121.924935"><ele>13.8</ele></trkpt>
     <trkpt lat="36.522470" lon="-121.927117"><ele>1.2</ele></trkpt>
     <trkpt lat="36.521769" lon="-121.928146"><ele>4.2</ele></trkpt>
     <trkpt lat="36.521403" lon="-121.928797"><ele>9.5</ele></trkpt>
     <trkpt lat="36.520280" lon="-121.931054"><ele>15.2</ele></trkpt>
     <trkpt lat="36.519158" lon="-121.933310"><ele>21.0</ele></trkpt>
     <trkpt lat="36.518626" lon="-121.934154"><ele>23.5</ele></trkpt>
     <trkpt lat="36.518300" lon="-121.934600"><ele>24.0</ele></trkpt>
     <trkpt lat="36.517795" lon="-121.935199"><ele>27.2</ele></trkpt>
     <trkpt lat="36.517118" lon="-121.935847"><ele>30.8</ele></trkpt>
     <trkpt lat="36.516022" lon="-121.936687"><ele>32.0</ele></trkpt>
     <trkpt lat="36.515873" lon="-121.938295"><ele>31.5</ele></trkpt>
     <trkpt lat="36.515920" lon="-121.938554"><ele>29.5</ele></trkpt>
     <trkpt lat="36.516249" lon="-121.939592"><ele>24.5</ele></trkpt>
     <trkpt lat="36.516507" lon="-121.940216"><ele>25.8</ele></trkpt>
     <trkpt lat="36.516705" lon="-121.940842"><ele>28.5</ele></trkpt>
     <trkpt lat="36.517215" lon="-121.942098"><ele>26.8</ele></trkpt>
     <trkpt lat="36.517276" lon="-121.942423"><ele>27.5</ele></trkpt>
     <trkpt lat="36.517178" lon="-121.944236"><ele>31.8</ele></trkpt>
     <trkpt lat="36.517044" lon="-121.945167"><ele>32.8</ele></trkpt>
     <trkpt lat="36.516986" lon="-121.945873"><ele>29.8</ele></trkpt>
     <trkpt lat="36.517045" lon="-121.946021"><ele>30.5</ele></trkpt>
     <trkpt lat="36.518083" lon="-121.947454"><ele>31.5</ele></trkpt>
     <trkpt lat="36.518719" lon="-121.948429"><ele>26.5</ele></trkpt>
     <trkpt lat="36.518817" lon="-121.948755"><ele>25.0</ele></trkpt>
     <trkpt lat="36.518881" lon="-121.949340"><ele>21.2</ele></trkpt>
     <trkpt lat="36.518838" lon="-121.949666"><ele>19.8</ele></trkpt>
     <trkpt lat="36.518611" lon="-121.949770"><ele>19.2</ele></trkpt>
     <trkpt lat="36.518122" lon="-121.949807"><ele>18.5</ele></trkpt>
     <trkpt lat="36.517954" lon="-121.949766"><ele>17.8</ele></trkpt>
     <trkpt lat="36.517862" lon="-121.949694"><ele>17.5</ele></trkpt>
     <trkpt lat="36.517603" lon="-121.949078"><ele>17.0</ele></trkpt>
     <trkpt lat="36.517414" lon="-121.948850"><ele>17.2</ele></trkpt>
     <trkpt lat="36.517198" lon="-121.948720"><ele>15.8</ele></trkpt>
     <trkpt lat="36.516588" lon="-121.948509"><ele>11.2</ele></trkpt>
     <trkpt lat="36.514864" lon="-121.947334"><ele>4.5</ele></trkpt>
     <trkpt lat="36.514548" lon="-121.946840"><ele>5.5</ele></trkpt>
     <trkpt lat="36.514162" lon="-121.945734"><ele>4.2</ele></trkpt>
     <trkpt lat="36.513963" lon="-121.945429"><ele>4.0</ele></trkpt>
     <trkpt lat="36.513706" lon="-121.945185"><ele>3.5</ele></trkpt>
     <trkpt lat="36.513632" lon="-121.944962"><ele>3.8</ele></trkpt>
     <trkpt lat="36.513529" lon="-121.944198"><ele>3.5</ele></trkpt>
     <trkpt lat="36.513366" lon="-121.943659"><ele>2.8</ele></trkpt>
     <trkpt lat="36.513529" lon="-121.944198"><ele>3.5</ele></trkpt>
     <trkpt lat="36.513632" lon="-121.944962"><ele>3.8</ele></trkpt>
     <trkpt lat="36.513706" lon="-121.945185"><ele>3.5</ele></trkpt>
     <trkpt lat="36.513963" lon="-121.945429"><ele>4.0</ele></trkpt>
     <trkpt lat="36.514162" lon="-121.945734"><ele>4.2</ele></trkpt>
     <trkpt lat="36.514548" lon="-121.946840"><ele>5.5</ele></trkpt>
     <trkpt lat="36.514864" lon="-121.947334"><ele>4.5</ele></trkpt>
     <trkpt lat="36.516188" lon="-121.948235"><ele>10.0</ele></trkpt>
     <trkpt lat="36.516467" lon="-121.948191"><ele>13.0</ele></trkpt>
     <trkpt lat="36.516909" lon="-121.948035"><ele>18.5</ele></trkpt>
     <trkpt lat="36.517219" lon="-121.947866"><ele>23.2</ele></trkpt>
     <trkpt lat="36.517359" lon="-121.947683"><ele>26.5</ele></trkpt>
     <trkpt lat="36.517475" lon="-121.947407"><ele>30.2</ele></trkpt>
     <trkpt lat="36.517530" lon="-121.947132"><ele>32.0</ele></trkpt>
     <trkpt lat="36.517525" lon="-121.946827"><ele>34.0</ele></trkpt>
     <trkpt lat="36.517472" lon="-121.946576"><ele>34.8</ele></trkpt>
     <trkpt lat="36.517045" lon="-121.946021"><ele>30.5</ele></trkpt>
     <trkpt lat="36.516986" lon="-121.945873"><ele>29.8</ele></trkpt>
     <trkpt lat="36.517044" lon="-121.945167"><ele>32.8</ele></trkpt>
     <trkpt lat="36.517178" lon="-121.944236"><ele>31.8</ele></trkpt>
     <trkpt lat="36.517276" lon="-121.942423"><ele>27.5</ele></trkpt>
     <trkpt lat="36.517215" lon="-121.942098"><ele>26.8</ele></trkpt>
     <trkpt lat="36.516705" lon="-121.940842"><ele>28.5</ele></trkpt>
     <trkpt lat="36.516507" lon="-121.940216"><ele>25.8</ele></trkpt>
     <trkpt lat="36.516249" lon="-121.939592"><ele>24.5</ele></trkpt>
     <trkpt lat="36.515920" lon="-121.938554"><ele>29.5</ele></trkpt>
     <trkpt lat="36.515873" lon="-121.938295"><ele>31.5</ele></trkpt>
     <trkpt lat="36.515970" lon="-121.937035"><ele>31.0</ele></trkpt>
     <trkpt lat="36.515862" lon="-121.936780"><ele>32.5</ele></trkpt>
     <trkpt lat="36.515085" lon="-121.937228"><ele>34.0</ele></trkpt>
     <trkpt lat="36.513911" lon="-121.937707"><ele>38.0</ele></trkpt>
     <trkpt lat="36.513484" lon="-121.937832"><ele>37.8</ele></trkpt>
     <trkpt lat="36.512897" lon="-121.937949"><ele>37.0</ele></trkpt>
     <trkpt lat="36.511819" lon="-121.938049"><ele>38.2</ele></trkpt>
     <trkpt lat="36.510278" lon="-121.938085"><ele>39.2</ele></trkpt>
     <trkpt lat="36.509661" lon="-121.937877"><ele>41.5</ele></trkpt>
     <trkpt lat="36.509106" lon="-121.937504"><ele>45.0</ele></trkpt>
     <trkpt lat="36.508633" lon="-121.936998"><ele>42.8</ele></trkpt>
     <trkpt lat="36.508141" lon="-121.936279"><ele>42.5</ele></trkpt>
     <trkpt lat="36.507817" lon="-121.936040"><ele>42.8</ele></trkpt>
     <trkpt lat="36.507552" lon="-121.935954"><ele>41.8</ele></trkpt>
     <trkpt lat="36.507273" lon="-121.935935"><ele>44.0</ele></trkpt>
     <trkpt lat="36.505937" lon="-121.936095"><ele>47.2</ele></trkpt>
     <trkpt lat="36.505683" lon="-121.936205"><ele>45.8</ele></trkpt>
     <trkpt lat="36.505269" lon="-121.936536"><ele>42.2</ele></trkpt>
     <trkpt lat="36.504334" lon="-121.937550"><ele>30.5</ele></trkpt>
     <trkpt lat="36.504027" lon="-121.937765"><ele>27.5</ele></trkpt>
     <trkpt lat="36.503692" lon="-121.937861"><ele>27.0</ele></trkpt>
     <trkpt lat="36.503504" lon="-121.937847"><ele>28.5</ele></trkpt>
     <trkpt lat="36.503161" lon="-121.937691"><ele>33.5</ele></trkpt>
     <trkpt lat="36.502962" lon="-121.937639"><ele>35.0</ele></trkpt>
     <trkpt lat="36.502798" lon="-121.937651"><ele>34.8</ele></trkpt>
     <trkpt lat="36.501884" lon="-121.938119"><ele>26.8</ele></trkpt>
     <trkpt lat="36.501661" lon="-121.938138"><ele>27.8</ele></trkpt>
     <trkpt lat="36.501349" lon="-121.938041"><ele>30.2</ele></trkpt>
     <trkpt lat="36.499750" lon="-121.937032"><ele>31.2</ele></trkpt>
     <trkpt lat="36.498881" lon="-121.935895"><ele>34.8</ele></trkpt>
     <trkpt lat="36.498533" lon="-121.935679"><ele>34.5</ele></trkpt>
     <trkpt lat="36.498257" lon="-121.935655"><ele>32.5</ele></trkpt>
     <trkpt lat="36.497993" lon="-121.935751"><ele>32.5</ele></trkpt>
     <trkpt lat="36.497229" lon="-121.936378"><ele>38.8</ele></trkpt>
     <trkpt lat="36.496765" lon="-121.936633"><ele>47.0</ele></trkpt>
     <trkpt lat="36.494233" lon="-121.937674"><ele>56.0</ele></trkpt>
     <trkpt lat="36.493796" lon="-121.937733"><ele>61.2</ele></trkpt>
     <trkpt lat="36.493248" lon="-121.937654"><ele>70.2</ele></trkpt>
     <trkpt lat="36.492927" lon="-121.937656"><ele>71.8</ele></trkpt>
     <trkpt lat="36.492499" lon="-121.937824"><ele>71.2</ele></trkpt>
     <trkpt lat="36.491909" lon="-121.938169"><ele>70.2</ele></trkpt>
     <trkpt lat="36.491343" lon="-121.938284"><ele>68.8</ele></trkpt>
     <trkpt lat="36.489976" lon="-121.938209"><ele>61.8</ele></trkpt>
     <trkpt lat="36.488397" lon="-121.937791"><ele>52.2</ele></trkpt>
     <trkpt lat="36.487815" lon="-121.937722"><ele>52.5</ele></trkpt>
     <trkpt lat="36.485322" lon="-121.937839"><ele>47.8</ele></trkpt>
     <trkpt lat="36.484822" lon="-121.937798"><ele>44.8</ele></trkpt>
     <trkpt lat="36.484284" lon="-121.937629"><ele>40.0</ele></trkpt>
     <trkpt lat="36.483325" lon="-121.937209"><ele>33.8</ele></trkpt>
     <trkpt lat="36.482836" lon="-121.937120"><ele>30.8</ele></trkpt>
     <trkpt lat="36.481123" lon="-121.937174"><ele>26.8</ele></trkpt>
     <trkpt lat="36.480255" lon="-121.937120"><ele>31.0</ele></trkpt>
     <trkpt lat="36.479322" lon="-121.936769"><ele>26.8</ele></trkpt>
     <trkpt lat="36.478785" lon="-121.936483"><ele>27.0</ele></trkpt>
     <trkpt lat="36.478109" lon="-121.936268"><ele>28.5</ele></trkpt>
     <trkpt lat="36.476594" lon="-121.935999"><ele>29.4</ele></trkpt>
     <trkpt lat="36.475079" lon="-121.935730"><ele>30.2</ele></trkpt>
     <trkpt lat="36.472691" lon="-121.935255"><ele>27.5</ele></trkpt>
     <trkpt lat="36.471750" lon="-121.934813"><ele>32.0</ele></trkpt>
     <trkpt lat="36.471072" lon="-121.934328"><ele>28.2</ele></trkpt>
     <trkpt lat="36.469948" lon="-121.933195"><ele>30.5</ele></trkpt>
     <trkpt lat="36.469016" lon="-121.932156"><ele>28.8</ele></trkpt>
     <trkpt lat="36.468467" lon="-121.931322"><ele>25.8</ele></trkpt>
     <trkpt lat="36.467731" lon="-121.929998"><ele>26.8</ele></trkpt>
     <trkpt lat="36.467283" lon="-121.929494"><ele>21.2</ele></trkpt>
     <trkpt lat="36.466747" lon="-121.929020"><ele>20.5</ele></trkpt>
     <trkpt lat="36.465558" lon="-121.928164"><ele>26.0</ele></trkpt>
     <trkpt lat="36.464369" lon="-121.927309"><ele>31.5</ele></trkpt>
     <trkpt lat="36.463044" lon="-121.926395"><ele>36.2</ele></trkpt>
     <trkpt lat="36.461719" lon="-121.925482"><ele>41.0</ele></trkpt>
     <trkpt lat="36.460959" lon="-121.925050"><ele>39.8</ele></trkpt>
     <trkpt lat="36.460155" lon="-121.924690"><ele>36.0</ele></trkpt>
     <trkpt lat="36.459154" lon="-121.924349"><ele>38.0</ele></trkpt>
     <trkpt lat="36.458213" lon="-121.924139"><ele>31.8</ele></trkpt>
     <trkpt lat="36.456831" lon="-121.924015"><ele>26.9</ele></trkpt>
     <trkpt lat="36.455450" lon="-121.923892"><ele>22.0</ele></trkpt>
     <trkpt lat="36.454425" lon="-121.924026"><ele>26.0</ele></trkpt>
     <trkpt lat="36.453776" lon="-121.924243"><ele>28.8</ele></trkpt>
     <trkpt lat="36.453139" lon="-121.924592"><ele>34.5</ele></trkpt>
     <trkpt lat="36.452630" lon="-121.925000"><ele>40.2</ele></trkpt>
     <trkpt lat="36.451608" lon="-121.925970"><ele>57.0</ele></trkpt>
     <trkpt lat="36.451222" lon="-121.926229"><ele>55.8</ele></trkpt>
     <trkpt lat="36.450937" lon="-121.926359"><ele>52.0</ele></trkpt>
     <trkpt lat="36.450331" lon="-121.926548"><ele>43.2</ele></trkpt>
     <trkpt lat="36.449823" lon="-121.926600"><ele>38.2</ele></trkpt>
     <trkpt lat="36.449207" lon="-121.926505"><ele>40.2</ele></trkpt>
     <trkpt lat="36.448826" lon="-121.926375"><ele>40.2</ele></trkpt>
     <trkpt lat="36.448505" lon="-121.926225"><ele>41.0</ele></trkpt>
     <trkpt lat="36.446455" lon="-121.925055"><ele>39.9</ele></trkpt>
     <trkpt lat="36.444404" lon="-121.923885"><ele>38.8</ele></trkpt>
     <trkpt lat="36.442353" lon="-121.922716"><ele>37.6</ele></trkpt>
     <trkpt lat="36.440303" lon="-121.921546"><ele>36.5</ele></trkpt>
     <trkpt lat="36.438253" lon="-121.920376"><ele>35.4</ele></trkpt>
     <trkpt lat="36.436202" lon="-121.919206"><ele>34.2</ele></trkpt>
     <trkpt lat="36.435314" lon="-121.918830"><ele>35.5</ele></trkpt>
     <trkpt lat="36.433817" lon="-121.918356"><ele>35.8</ele></trkpt>
     <trkpt lat="36.433003" lon="-121.917937"><ele>36.0</ele></trkpt>
     <trkpt lat="36.432205" lon="-121.917428"><ele>37.8</ele></trkpt>
     <trkpt lat="36.431770" lon="-121.917088"><ele>43.8</ele></trkpt>
     <trkpt lat="36.430681" lon="-121.916059"><ele>51.0</ele></trkpt>
     <trkpt lat="36.429592" lon="-121.915029"><ele>58.2</ele></trkpt>
     <trkpt lat="36.428433" lon="-121.914108"><ele>59.2</ele></trkpt>
     <trkpt lat="36.427692" lon="-121.913630"><ele>58.2</ele></trkpt>
     <trkpt lat="36.426918" lon="-121.913221"><ele>56.0</ele></trkpt>
     <trkpt lat="36.425357" lon="-121.912649"><ele>44.5</ele></trkpt>
     <trkpt lat="36.424359" lon="-121.912435"><ele>45.2</ele></trkpt>
     <trkpt lat="36.423337" lon="-121.912327"><ele>38.2</ele></trkpt>
     <trkpt lat="36.422715" lon="-121.912315"><ele>31.2</ele></trkpt>
     <trkpt lat="36.421656" lon="-121.912396"><ele>26.0</ele></trkpt>
     <trkpt lat="36.420807" lon="-121.912567"><ele>32.5</ele></trkpt>
     <trkpt lat="36.420012" lon="-121.912794"><ele>32.2</ele></trkpt>
     <trkpt lat="36.418149" lon="-121.913479"><ele>26.0</ele></trkpt>
     <trkpt lat="36.417258" lon="-121.913882"><ele>27.5</ele></trkpt>
     <trkpt lat="36.415624" lon="-121.914360"><ele>38.2</ele></trkpt>
     <trkpt lat="36.414910" lon="-121.914369"><ele>38.5</ele></trkpt>
     <trkpt lat="36.412339" lon="-121.913935"><ele>33.5</ele></trkpt>
     <trkpt lat="36.411880" lon="-121.914030"><ele>35.2</ele></trkpt>
     <trkpt lat="36.411245" lon="-121.914432"><ele>39.5</ele></trkpt>
     <trkpt lat="36.410870" lon="-121.914603"><ele>45.8</ele></trkpt>
     <trkpt lat="36.410444" lon="-121.914667"><ele>40.8</ele></trkpt>
     <trkpt lat="36.410153" lon="-121.914603"><ele>39.5</ele></trkpt>
     <trkpt lat="36.409876" lon="-121.914468"><ele>39.2</ele></trkpt>
     <trkpt lat="36.409622" lon="-121.914257"><ele>40.0</ele></trkpt>
     <trkpt lat="36.408600" lon="-121.913144"><ele>42.0</ele></trkpt>
     <trkpt lat="36.407578" lon="-121.912031"><ele>44.0</ele></trkpt>
     <trkpt lat="36.406620" lon="-121.911195"><ele>44.2</ele></trkpt>
     <trkpt lat="36.405657" lon="-121.910645"><ele>47.8</ele></trkpt>
     <trkpt lat="36.403789" lon="-121.909842"><ele>62.0</ele></trkpt>
     <trkpt lat="36.403327" lon="-121.909531"><ele>71.0</ele></trkpt>
     <trkpt lat="36.402983" lon="-121.909196"><ele>64.0</ele></trkpt>
     <trkpt lat="36.401702" lon="-121.907184"><ele>55.5</ele></trkpt>
     <trkpt lat="36.400199" lon="-121.905511"><ele>46.0</ele></trkpt>
     <trkpt lat="36.399295" lon="-121.904573"><ele>42.5</ele></trkpt>
     <trkpt lat="36.398408" lon="-121.903875"><ele>38.0</ele></trkpt>
     <trkpt lat="36.397681" lon="-121.903496"><ele>38.2</ele></trkpt>
     <trkpt lat="36.397121" lon="-121.903290"><ele>40.2</ele></trkpt>
     <trkpt lat="36.394637" lon="-121.902685"><ele>51.3</ele></trkpt>
     <trkpt lat="36.392152" lon="-121.902080"><ele>62.4</ele></trkpt>
     <trkpt lat="36.389668" lon="-121.901475"><ele>73.5</ele></trkpt>
     <trkpt lat="36.387829" lon="-121.901061"><ele>65.1</ele></trkpt>
     <trkpt lat="36.385990" lon="-121.900647"><ele>56.8</ele></trkpt>
     <trkpt lat="36.384691" lon="-121.900294"><ele>61.0</ele></trkpt>
     <trkpt lat="36.383918" lon="-121.900160"><ele>61.5</ele></trkpt>
     <trkpt lat="36.383764" lon="-121.900567"><ele>54.8</ele></trkpt>
     <trkpt lat="36.383645" lon="-121.900767"><ele>51.2</ele></trkpt>
     <trkpt lat="36.383192" lon="-121.901233"><ele>38.5</ele></trkpt>
     <trkpt lat="36.383287" lon="-121.901433"><ele>33.8</ele></trkpt>
     <trkpt lat="36.383192" lon="-121.901233"><ele>38.5</ele></trkpt>
     <trkpt lat="36.383645" lon="-121.900767"><ele>51.2</ele></trkpt>
     <trkpt lat="36.383764" lon="-121.900567"><ele>54.8</ele></trkpt>
     <trkpt lat="36.383918" lon="-121.900160"><ele>61.5</ele></trkpt>
     <trkpt lat="36.383241" lon="-121.900169"><ele>63.8</ele></trkpt>
     <trkpt lat="36.382795" lon="-121.900234"><ele>60.0</ele></trkpt>
     <trkpt lat="36.382325" lon="-121.900351"><ele>54.8</ele></trkpt>
     <trkpt lat="36.381697" lon="-121.900602"><ele>43.0</ele></trkpt>
     <trkpt lat="36.380879" lon="-121.901063"><ele>38.2</ele></trkpt>
     <trkpt lat="36.380372" lon="-121.901424"><ele>35.2</ele></trkpt>
     <trkpt lat="36.379947" lon="-121.901916"><ele>29.5</ele></trkpt>
     <trkpt lat="36.378742" lon="-121.903138"><ele>28.2</ele></trkpt>
     <trkpt lat="36.378070" lon="-121.903775"><ele>44.5</ele></trkpt>
     <trkpt lat="36.377837" lon="-121.903917"><ele>44.8</ele></trkpt>
     <trkpt lat="36.377531" lon="-121.904025"><ele>50.0</ele></trkpt>
     <trkpt lat="36.376719" lon="-121.904070"><ele>64.8</ele></trkpt>
     <trkpt lat="36.376450" lon="-121.904211"><ele>67.0</ele></trkpt>
     <trkpt lat="36.375819" lon="-121.904682"><ele>52.0</ele></trkpt>
     <trkpt lat="36.375562" lon="-121.904794"><ele>53.2</ele></trkpt>
     <trkpt lat="36.375361" lon="-121.904833"><ele>58.8</ele></trkpt>
     <trkpt lat="36.374820" lon="-121.904761"><ele>78.8</ele></trkpt>
     <trkpt lat="36.374319" lon="-121.904916"><ele>72.5</ele></trkpt>
     <trkpt lat="36.373993" lon="-121.904967"><ele>71.0</ele></trkpt>
     <trkpt lat="36.373844" lon="-121.904973"><ele>71.2</ele></trkpt>
     <trkpt lat="36.373492" lon="-121.904836"><ele>76.0</ele></trkpt>
     <trkpt lat="36.373224" lon="-121.904562"><ele>77.5</ele></trkpt>
     <trkpt lat="36.372779" lon="-121.903357"><ele>77.0</ele></trkpt>
     <trkpt lat="36.372587" lon="-121.903149"><ele>70.0</ele></trkpt>
     <trkpt lat="36.372461" lon="-121.902865"><ele>73.0</ele></trkpt>
     <trkpt lat="36.372587" lon="-121.903149"><ele>70.0</ele></trkpt>
     <trkpt lat="36.372779" lon="-121.903357"><ele>77.0</ele></trkpt>
     <trkpt lat="36.372502" lon="-121.902594"><ele>80.8</ele></trkpt>
     <trkpt lat="36.372397" lon="-121.902422"><ele>80.5</ele></trkpt>
     <trkpt lat="36.372183" lon="-121.902221"><ele>80.2</ele></trkpt>
     <trkpt lat="36.371726" lon="-121.901981"><ele>79.8</ele></trkpt>
     <trkpt lat="36.370614" lon="-121.901590"><ele>78.8</ele></trkpt>
     <trkpt lat="36.370486" lon="-121.901602"><ele>78.8</ele></trkpt>
     <trkpt lat="36.369762" lon="-121.901862"><ele>78.0</ele></trkpt>
     <trkpt lat="36.369575" lon="-121.901888"><ele>78.0</ele></trkpt>
     <trkpt lat="36.369303" lon="-121.901856"><ele>82.0</ele></trkpt>
     <trkpt lat="36.368983" lon="-121.901652"><ele>87.0</ele></trkpt>
     <trkpt lat="36.368088" lon="-121.900657"><ele>96.8</ele></trkpt>
     <trkpt lat="36.367445" lon="-121.900211"><ele>100.2</ele></trkpt>
     <trkpt lat="36.367231" lon="-121.900102"><ele>103.2</ele></trkpt>
     <trkpt lat="36.364948" lon="-121.899392"><ele>119.0</ele></trkpt>
     <trkpt lat="36.364695" lon="-121.899368"><ele>120.5</ele></trkpt>
     <trkpt lat="36.364197" lon="-121.899457"><ele>121.5</ele></trkpt>
     <trkpt lat="36.363204" lon="-121.900037"><ele>125.0</ele></trkpt>
     <trkpt lat="36.362668" lon="-121.900260"><ele>129.0</ele></trkpt>
     <trkpt lat="36.361150" lon="-121.900552"><ele>138.8</ele></trkpt>
     <trkpt lat="36.360589" lon="-121.900611"><ele>142.5</ele></trkpt>
     <trkpt lat="36.360230" lon="-121.900572"><ele>143.8</ele></trkpt>
     <trkpt lat="36.359598" lon="-121.900275"><ele>151.0</ele></trkpt>
     <trkpt lat="36.359284" lon="-121.900183"><ele>155.0</ele></trkpt>
     <trkpt lat="36.358968" lon="-121.900190"><ele>158.5</ele></trkpt>
     <trkpt lat="36.358665" lon="-121.900279"><ele>160.8</ele></trkpt>
     <trkpt lat="36.358450" lon="-121.900389"><ele>161.2</ele></trkpt>
     <trkpt lat="36.358255" lon="-121.900556"><ele>163.2</ele></trkpt>
     <trkpt lat="36.358049" lon="-121.900846"><ele>171.2</ele></trkpt>
     <trkpt lat="36.357831" lon="-121.901354"><ele>173.5</ele></trkpt>
     <trkpt lat="36.357594" lon="-121.902369"><ele>161.8</ele></trkpt>
     <trkpt lat="36.357502" lon="-121.902530"><ele>161.8</ele></trkpt>
     <trkpt lat="36.357255" lon="-121.902714"><ele>156.2</ele></trkpt>
     <trkpt lat="36.356964" lon="-121.902701"><ele>158.0</ele></trkpt>
     <trkpt lat="36.356022" lon="-121.902165"><ele>170.0</ele></trkpt>
     <trkpt lat="36.355824" lon="-121.902091"><ele>171.8</ele></trkpt>
     <trkpt lat="36.355365" lon="-121.902016"><ele>154.2</ele></trkpt>
     <trkpt lat="36.354831" lon="-121.901709"><ele>143.8</ele></trkpt>
     <trkpt lat="36.354560" lon="-121.901599"><ele>140.0</ele></trkpt>
     <trkpt lat="36.353858" lon="-121.901493"><ele>114.2</ele></trkpt>
     <trkpt lat="36.353609" lon="-121.901389"><ele>108.2</ele></trkpt>
     <trkpt lat="36.353422" lon="-121.901241"><ele>106.8</ele></trkpt>
     <trkpt lat="36.352960" lon="-121.900419"><ele>132.0</ele></trkpt>
     <trkpt lat="36.352376" lon="-121.899850"><ele>121.5</ele></trkpt>
     <trkpt lat="36.352261" lon="-121.899538"><ele>133.5</ele></trkpt>
     <trkpt lat="36.352163" lon="-121.898295"><ele>156.5</ele></trkpt>
     <trkpt lat="36.352061" lon="-121.898030"><ele>154.8</ele></trkpt>
     <trkpt lat="36.351899" lon="-121.897822"><ele>151.0</ele></trkpt>
     <trkpt lat="36.351665" lon="-121.897725"><ele>144.2</ele></trkpt>
     <trkpt lat="36.351158" lon="-121.897802"><ele>119.0</ele></trkpt>
     <trkpt lat="36.350922" lon="-121.897783"><ele>108.0</ele></trkpt>
     <trkpt lat="36.350729" lon="-121.897674"><ele>102.8</ele></trkpt>
     <trkpt lat="36.350184" lon="-121.897229"><ele>95.0</ele></trkpt>
     <trkpt lat="36.349749" lon="-121.896977"><ele>89.2</ele></trkpt>
     <trkpt lat="36.348358" lon="-121.896512"><ele>82.5</ele></trkpt>
     <trkpt lat="36.347629" lon="-121.896081"><ele>91.0</ele></trkpt>
     <trkpt lat="36.347289" lon="-121.895742"><ele>99.8</ele></trkpt>
     <trkpt lat="36.346902" lon="-121.895067"><ele>137.2</ele></trkpt>
     <trkpt lat="36.346697" lon="-121.894935"><ele>137.8</ele></trkpt>
     <trkpt lat="36.346201" lon="-121.894798"><ele>111.2</ele></trkpt>
     <trkpt lat="36.345881" lon="-121.894541"><ele>104.8</ele></trkpt>
     <trkpt lat="36.345451" lon="-121.893615"><ele>108.5</ele></trkpt>
     <trkpt lat="36.344987" lon="-121.893293"><ele>96.5</ele></trkpt>
     <trkpt lat="36.344762" lon="-121.893029"><ele>101.0</ele></trkpt>
     <trkpt lat="36.344553" lon="-121.892677"><ele>107.2</ele></trkpt>
     <trkpt lat="36.344318" lon="-121.892156"><ele>111.2</ele></trkpt>
     <trkpt lat="36.344115" lon="-121.891938"><ele>110.2</ele></trkpt>
     <trkpt lat="36.343702" lon="-121.891816"><ele>109.5</ele></trkpt>
     <trkpt lat="36.343133" lon="-121.891929"><ele>96.8</ele></trkpt>
     <trkpt lat="36.342864" lon="-121.891895"><ele>90.8</ele></trkpt>
     <trkpt lat="36.342660" lon="-121.891781"><ele>90.0</ele></trkpt>
     <trkpt lat="36.342385" lon="-121.891509"><ele>92.5</ele></trkpt>
     <trkpt lat="36.342149" lon="-121.891355"><ele>91.0</ele></trkpt>
     <trkpt lat="36.341694" lon="-121.891255"><ele>83.2</ele></trkpt>
     <trkpt lat="36.341284" lon="-121.890973"><ele>85.0</ele></trkpt>
     <trkpt lat="36.341149" lon="-121.890804"><ele>88.8</ele></trkpt>
     <trkpt lat="36.340956" lon="-121.890714"><ele>89.5</ele></trkpt>
     <trkpt lat="36.340755" lon="-121.890699"><ele>88.0</ele></trkpt>
     <trkpt lat="36.340386" lon="-121.890738"><ele>86.0</ele></trkpt>
     <trkpt lat="36.339743" lon="-121.891019"><ele>76.0</ele></trkpt>
     <trkpt lat="36.338995" lon="-121.891217"><ele>69.5</ele></trkpt>
     <trkpt lat="36.338256" lon="-121.891225"><ele>70.2</ele></trkpt>
     <trkpt lat="36.337475" lon="-121.891553"><ele>59.5</ele></trkpt>
     <trkpt lat="36.337174" lon="-121.891596"><ele>56.2</ele></trkpt>
     <trkpt lat="36.336827" lon="-121.891555"><ele>54.5</ele></trkpt>
     <trkpt lat="36.336642" lon="-121.891468"><ele>54.2</ele></trkpt>
     <trkpt lat="36.336378" lon="-121.891242"><ele>50.0</ele></trkpt>
     <trkpt lat="36.335371" lon="-121.889740"><ele>47.5</ele></trkpt>
     <trkpt lat="36.335072" lon="-121.889056"><ele>44.0</ele></trkpt>
     <trkpt lat="36.334776" lon="-121.888024"><ele>42.0</ele></trkpt>
     <trkpt lat="36.333907" lon="-121.886052"><ele>27.0</ele></trkpt>
     <trkpt lat="36.333641" lon="-121.885650"><ele>26.0</ele></trkpt>
     <trkpt lat="36.333402" lon="-121.885458"><ele>20.8</ele></trkpt>
     <trkpt lat="36.333137" lon="-121.885344"><ele>19.0</ele></trkpt>
     <trkpt lat="36.332875" lon="-121.885312"><ele>17.5</ele></trkpt>
     <trkpt lat="36.332499" lon="-121.885395"><ele>15.2</ele></trkpt>
     <trkpt lat="36.332166" lon="-121.885609"><ele>13.0</ele></trkpt>
     <trkpt lat="36.332034" lon="-121.885734"><ele>12.2</ele></trkpt>
     <trkpt lat="36.331837" lon="-121.886034"><ele>12.2</ele></trkpt>
     <trkpt lat="36.331718" lon="-121.886375"><ele>15.2</ele></trkpt>
     <trkpt lat="36.331682" lon="-121.886768"><ele>18.5</ele></trkpt>
     <trkpt lat="36.331760" lon="-121.888440"><ele>27.0</ele></trkpt>
     <trkpt lat="36.332060" lon="-121.889913"><ele>30.5</ele></trkpt>
     <trkpt lat="36.332035" lon="-121.890378"><ele>30.8</ele></trkpt>
     <trkpt lat="36.331860" lon="-121.890799"><ele>33.5</ele></trkpt>
     <trkpt lat="36.331359" lon="-121.891261"><ele>36.2</ele></trkpt>
     <trkpt lat="36.329426" lon="-121.892652"><ele>38.1</ele></trkpt>
     <trkpt lat="36.327493" lon="-121.894043"><ele>40.0</ele></trkpt>
     <trkpt lat="36.327129" lon="-121.894249"><ele>43.2</ele></trkpt>
     <trkpt lat="36.326772" lon="-121.894298"><ele>47.0</ele></trkpt>
     <trkpt lat="36.326382" lon="-121.894226"><ele>45.5</ele></trkpt>
     <trkpt lat="36.325753" lon="-121.893786"><ele>54.0</ele></trkpt>
     <trkpt lat="36.325420" lon="-121.893662"><ele>61.8</ele></trkpt>
     <trkpt lat="36.325183" lon="-121.893675"><ele>63.2</ele></trkpt>
     <trkpt lat="36.324504" lon="-121.893869"><ele>60.8</ele></trkpt>
     <trkpt lat="36.324139" lon="-121.893837"><ele>65.0</ele></trkpt>
     <trkpt lat="36.323919" lon="-121.893708"><ele>67.0</ele></trkpt>
     <trkpt lat="36.323522" lon="-121.893197"><ele>76.0</ele></trkpt>
     <trkpt lat="36.323356" lon="-121.893049"><ele>77.5</ele></trkpt>
     <trkpt lat="36.323152" lon="-121.892992"><ele>81.2</ele></trkpt>
     <trkpt lat="36.322897" lon="-121.892985"><ele>85.2</ele></trkpt>
     <trkpt lat="36.322231" lon="-121.893154"><ele>82.5</ele></trkpt>
     <trkpt lat="36.321962" lon="-121.893132"><ele>80.0</ele></trkpt>
     <trkpt lat="36.321697" lon="-121.893049"><ele>79.0</ele></trkpt>
     <trkpt lat="36.321016" lon="-121.892668"><ele>77.0</ele></trkpt>
     <trkpt lat="36.320716" lon="-121.892558"><ele>75.8</ele></trkpt>
     <trkpt lat="36.320241" lon="-121.892484"><ele>72.2</ele></trkpt>
     <trkpt lat="36.319577" lon="-121.892524"><ele>64.8</ele></trkpt>
     <trkpt lat="36.318896" lon="-121.892419"><ele>61.8</ele></trkpt>
     <trkpt lat="36.317521" lon="-121.891947"><ele>57.9</ele></trkpt>
     <trkpt lat="36.316147" lon="-121.891474"><ele>54.0</ele></trkpt>
     <trkpt lat="36.315639" lon="-121.891209"><ele>51.5</ele></trkpt>
     <trkpt lat="36.314830" lon="-121.890620"><ele>48.5</ele></trkpt>
     <trkpt lat="36.313128" lon="-121.889114"><ele>47.4</ele></trkpt>
     <trkpt lat="36.311426" lon="-121.887607"><ele>46.3</ele></trkpt>
     <trkpt lat="36.309724" lon="-121.886101"><ele>45.2</ele></trkpt>
     <trkpt lat="36.309534" lon="-121.886364"><ele>41.5</ele></trkpt>
     <trkpt lat="36.309529" lon="-121.886586"><ele>40.0</ele></trkpt>
     <trkpt lat="36.310050" lon="-121.887235"><ele>40.2</ele></trkpt>
     <trkpt lat="36.310490" lon="-121.887711"><ele>41.8</ele></trkpt>
     <trkpt lat="36.310692" lon="-121.888199"><ele>40.2</ele></trkpt>
     <trkpt lat="36.310747" lon="-121.888499"><ele>38.8</ele></trkpt>
     <trkpt lat="36.310746" lon="-121.888892"><ele>36.0</ele></trkpt>
     <trkpt lat="36.310616" lon="-121.889414"><ele>32.0</ele></trkpt>
     <trkpt lat="36.309290" lon="-121.891967"><ele>23.2</ele></trkpt>
     <trkpt lat="36.307964" lon="-121.894519"><ele>14.3</ele></trkpt>
     <trkpt lat="36.306638" lon="-121.897072"><ele>5.5</ele></trkpt>
     <trkpt lat="36.306395" lon="-121.897362"><ele>6.2</ele></trkpt>
     <trkpt lat="36.306088" lon="-121.897591"><ele>9.0</ele></trkpt>
     <trkpt lat="36.305911" lon="-121.897626"><ele>10.5</ele></trkpt>
     <trkpt lat="36.304944" lon="-121.897574"><ele>22.2</ele></trkpt>
     <trkpt lat="36.304285" lon="-121.897915"><ele>31.5</ele></trkpt>
     <trkpt lat="36.304169" lon="-121.898030"><ele>33.5</ele></trkpt>
     <trkpt lat="36.303976" lon="-121.898348"><ele>37.8</ele></trkpt>
     <trkpt lat="36.303693" lon="-121.899146"><ele>36.5</ele></trkpt>
     <trkpt lat="36.303715" lon="-121.899311"><ele>34.2</ele></trkpt>
     <trkpt lat="36.303948" lon="-121.899391"><ele>39.8</ele></trkpt>
     <trkpt lat="36.304273" lon="-121.899291"><ele>53.8</ele></trkpt>
     <trkpt lat="36.304506" lon="-121.899164"><ele>65.8</ele></trkpt>
     <trkpt lat="36.304605" lon="-121.899181"><ele>68.5</ele></trkpt>
     <trkpt lat="36.304770" lon="-121.899291"><ele>70.2</ele></trkpt>
     <trkpt lat="36.305108" lon="-121.899857"><ele>60.2</ele></trkpt>
     <trkpt lat="36.305242" lon="-121.900407"><ele>50.0</ele></trkpt>
     <trkpt lat="36.305571" lon="-121.900536"><ele>55.2</ele></trkpt>
     <trkpt lat="36.305744" lon="-121.900670"><ele>57.2</ele></trkpt>
     <trkpt lat="36.305858" lon="-121.901129"><ele>49.2</ele></trkpt>
     <trkpt lat="36.305992" lon="-121.901303"><ele>40.5</ele></trkpt>
     <trkpt lat="36.306096" lon="-121.901550"><ele>29.2</ele></trkpt>
     <trkpt lat="36.306226" lon="-121.901678"><ele>20.0</ele></trkpt>
     <trkpt lat="36.306247" lon="-121.901655"><ele>19.5</ele></trkpt>
     <trkpt lat="36.306226" lon="-121.901678"><ele>20.0</ele></trkpt>
     <trkpt lat="36.306096" lon="-121.901550"><ele>29.2</ele></trkpt>
     <trkpt lat="36.305992" lon="-121.901303"><ele>40.5</ele></trkpt>
     <trkpt lat="36.305858" lon="-121.901129"><ele>49.2</ele></trkpt>
     <trkpt lat="36.305744" lon="-121.900670"><ele>57.2</ele></trkpt>
     <trkpt lat="36.305571" lon="-121.900536"><ele>55.2</ele></trkpt>
     <trkpt lat="36.305242" lon="-121.900407"><ele>50.0</ele></trkpt>
     <trkpt lat="36.305108" lon="-121.899857"><ele>60.2</ele></trkpt>
     <trkpt lat="36.304770" lon="-121.899291"><ele>70.2</ele></trkpt>
     <trkpt lat="36.304605" lon="-121.899181"><ele>68.5</ele></trkpt>
     <trkpt lat="36.304506" lon="-121.899164"><ele>65.8</ele></trkpt>
     <trkpt lat="36.304146" lon="-121.899339"><ele>48.0</ele></trkpt>
     <trkpt lat="36.303897" lon="-121.899384"><ele>38.2</ele></trkpt>
     <trkpt lat="36.303749" lon="-121.899336"><ele>34.8</ele></trkpt>
     <trkpt lat="36.303690" lon="-121.899264"><ele>34.5</ele></trkpt>
     <trkpt lat="36.303734" lon="-121.899004"><ele>36.5</ele></trkpt>
     <trkpt lat="36.303976" lon="-121.898348"><ele>34.2</ele></trkpt>
     <trkpt lat="36.304169" lon="-121.898030"><ele>30.2</ele></trkpt>
     <trkpt lat="36.304285" lon="-121.897915"><ele>28.2</ele></trkpt>
     <trkpt lat="36.304944" lon="-121.897574"><ele>19.2</ele></trkpt>
     <trkpt lat="36.305911" lon="-121.897626"><ele>10.5</ele></trkpt>
     <trkpt lat="36.306088" lon="-121.897591"><ele>9.0</ele></trkpt>
     <trkpt lat="36.306395" lon="-121.897362"><ele>6.2</ele></trkpt>
     <trkpt lat="36.306638" lon="-121.897072"><ele>5.5</ele></trkpt>
     <trkpt lat="36.307964" lon="-121.894519"><ele>14.3</ele></trkpt>
     <trkpt lat="36.309290" lon="-121.891967"><ele>23.2</ele></trkpt>
     <trkpt lat="36.310616" lon="-121.889414"><ele>32.0</ele></trkpt>
     <trkpt lat="36.310729" lon="-121.888998"><ele>35.2</ele></trkpt>
     <trkpt lat="36.310751" lon="-121.888740"><ele>37.2</ele></trkpt>
     <trkpt lat="36.310739" lon="-121.888411"><ele>39.2</ele></trkpt>
     <trkpt lat="36.310647" lon="-121.888051"><ele>41.0</ele></trkpt>
     <trkpt lat="36.310490" lon="-121.887711"><ele>41.8</ele></trkpt>
     <trkpt lat="36.310387" lon="-121.887574"><ele>41.5</ele></trkpt>
     <trkpt lat="36.310050" lon="-121.887235"><ele>40.2</ele></trkpt>
     <trkpt lat="36.309529" lon="-121.886586"><ele>40.0</ele></trkpt>
     <trkpt lat="36.309534" lon="-121.886364"><ele>41.5</ele></trkpt>
     <trkpt lat="36.309724" lon="-121.886101"><ele>45.2</ele></trkpt>
     <trkpt lat="36.308379" lon="-121.884932"><ele>45.8</ele></trkpt>
     <trkpt lat="36.307034" lon="-121.883764"><ele>46.2</ele></trkpt>
     <trkpt lat="36.306634" lon="-121.883366"><ele>46.2</ele></trkpt>
     <trkpt lat="36.304924" lon="-121.881853"><ele>47.0</ele></trkpt>
     <trkpt lat="36.303213" lon="-121.880339"><ele>47.8</ele></trkpt>
     <trkpt lat="36.302545" lon="-121.879671"><ele>44.2</ele></trkpt>
     <trkpt lat="36.301609" lon="-121.878566"><ele>39.0</ele></trkpt>
     <trkpt lat="36.300641" lon="-121.877171"><ele>41.0</ele></trkpt>
     <trkpt lat="36.299833" lon="-121.875729"><ele>45.8</ele></trkpt>
     <trkpt lat="36.298500" lon="-121.872982"><ele>44.2</ele></trkpt>
     <trkpt lat="36.297166" lon="-121.870235"><ele>42.8</ele></trkpt>
     <trkpt lat="36.295833" lon="-121.867487"><ele>41.2</ele></trkpt>
     <trkpt lat="36.294500" lon="-121.864740"><ele>39.8</ele></trkpt>
     <trkpt lat="36.293166" lon="-121.861993"><ele>38.2</ele></trkpt>
     <trkpt lat="36.291833" lon="-121.859246"><ele>36.8</ele></trkpt>
     <trkpt lat="36.290499" lon="-121.856498"><ele>35.2</ele></trkpt>
     <trkpt lat="36.289166" lon="-121.853751"><ele>33.8</ele></trkpt>
     <trkpt lat="36.288865" lon="-121.852672"><ele>33.5</ele></trkpt>
     <trkpt lat="36.288785" lon="-121.852013"><ele>33.0</ele></trkpt>
     <trkpt lat="36.288782" lon="-121.851212"><ele>33.0</ele></trkpt>
     <trkpt lat="36.288925" lon="-121.848147"><ele>31.0</ele></trkpt>
     <trkpt lat="36.288889" lon="-121.846599"><ele>33.2</ele></trkpt>
     <trkpt lat="36.288619" lon="-121.844904"><ele>28.2</ele></trkpt>
     <trkpt lat="36.288266" lon="-121.843774"><ele>28.5</ele></trkpt>
     <trkpt lat="36.287943" lon="-121.843124"><ele>32.8</ele></trkpt>
     <trkpt lat="36.287596" lon="-121.842554"><ele>36.2</ele></trkpt>
     <trkpt lat="36.287174" lon="-121.842026"><ele>39.0</ele></trkpt>
     <trkpt lat="36.286812" lon="-121.841654"><ele>38.5</ele></trkpt>
     <trkpt lat="36.286334" lon="-121.841271"><ele>38.5</ele></trkpt>
     <trkpt lat="36.285435" lon="-121.840762"><ele>37.8</ele></trkpt>
     <trkpt lat="36.285052" lon="-121.840496"><ele>41.5</ele></trkpt>
     <trkpt lat="36.284755" lon="-121.840210"><ele>44.5</ele></trkpt>
     <trkpt lat="36.284487" lon="-121.839863"><ele>44.8</ele></trkpt>
     <trkpt lat="36.284252" lon="-121.839469"><ele>43.0</ele></trkpt>
     <trkpt lat="36.284058" lon="-121.839020"><ele>41.0</ele></trkpt>
     <trkpt lat="36.283411" lon="-121.836970"><ele>39.2</ele></trkpt>
     <trkpt lat="36.282765" lon="-121.834920"><ele>37.5</ele></trkpt>
     <trkpt lat="36.282525" lon="-121.834233"><ele>35.2</ele></trkpt>
     <trkpt lat="36.282209" lon="-121.833515"><ele>35.0</ele></trkpt>
     <trkpt lat="36.281661" lon="-121.832677"><ele>33.0</ele></trkpt>
     <trkpt lat="36.280137" lon="-121.830620"><ele>35.5</ele></trkpt>
     <trkpt lat="36.279624" lon="-121.830875"><ele>27.8</ele></trkpt>
     <trkpt lat="36.280137" lon="-121.830620"><ele>35.5</ele></trkpt>
     <trkpt lat="36.278908" lon="-121.828977"><ele>37.1</ele></trkpt>
     <trkpt lat="36.277679" lon="-121.827334"><ele>38.7</ele></trkpt>
     <trkpt lat="36.276450" lon="-121.825691"><ele>40.2</ele></trkpt>
     <trkpt lat="36.276079" lon="-121.825107"><ele>38.8</ele></trkpt>
     <trkpt lat="36.275737" lon="-121.824248"><ele>37.2</ele></trkpt>
     <trkpt lat="36.275533" lon="-121.823375"><ele>43.5</ele></trkpt>
     <trkpt lat="36.275469" lon="-121.822533"><ele>50.5</ele></trkpt>
     <trkpt lat="36.275519" lon="-121.820948"><ele>49.8</ele></trkpt>
     <trkpt lat="36.275438" lon="-121.820365"><ele>51.8</ele></trkpt>
     <trkpt lat="36.275086" lon="-121.819369"><ele>49.0</ele></trkpt>
     <trkpt lat="36.274771" lon="-121.818949"><ele>53.0</ele></trkpt>
     <trkpt lat="36.273484" lon="-121.817763"><ele>52.0</ele></trkpt>
     <trkpt lat="36.273013" lon="-121.817098"><ele>48.2</ele></trkpt>
     <trkpt lat="36.272755" lon="-121.816485"><ele>46.2</ele></trkpt>
     <trkpt lat="36.272596" lon="-121.815858"><ele>48.0</ele></trkpt>
     <trkpt lat="36.272546" lon="-121.815276"><ele>48.2</ele></trkpt>
     <trkpt lat="36.272612" lon="-121.814489"><ele>50.0</ele></trkpt>
     <trkpt lat="36.272807" lon="-121.813614"><ele>57.0</ele></trkpt>
     <trkpt lat="36.272837" lon="-121.812878"><ele>58.8</ele></trkpt>
     <trkpt lat="36.272792" lon="-121.812139"><ele>58.2</ele></trkpt>
     <trkpt lat="36.272657" lon="-121.811574"><ele>55.0</ele></trkpt>
     <trkpt lat="36.271840" lon="-121.809557"><ele>55.8</ele></trkpt>
     <trkpt lat="36.271401" lon="-121.808827"><ele>53.0</ele></trkpt>
     <trkpt lat="36.270849" lon="-121.808262"><ele>51.2</ele></trkpt>
     <trkpt lat="36.270470" lon="-121.808002"><ele>57.0</ele></trkpt>
     <trkpt lat="36.270408" lon="-121.808156"><ele>52.2</ele></trkpt>
     <trkpt lat="36.270679" lon="-121.808296"><ele>49.5</ele></trkpt>
     <trkpt lat="36.270686" lon="-121.808347"><ele>48.5</ele></trkpt>
     <trkpt lat="36.270679" lon="-121.808296"><ele>49.5</ele></trkpt>
     <trkpt lat="36.270512" lon="-121.808184"><ele>52.0</ele></trkpt>
     <trkpt lat="36.270319" lon="-121.808155"><ele>52.0</ele></trkpt>
     <trkpt lat="36.270274" lon="-121.808082"><ele>53.8</ele></trkpt>
     <trkpt lat="36.270393" lon="-121.807954"><ele>58.0</ele></trkpt>
     <trkpt lat="36.269521" lon="-121.807512"><ele>62.8</ele></trkpt>
     <trkpt lat="36.269197" lon="-121.807205"><ele>66.5</ele></trkpt>
     <trkpt lat="36.268976" lon="-121.806949"><ele>69.5</ele></trkpt>
     <trkpt lat="36.268742" lon="-121.806550"><ele>70.5</ele></trkpt>
     <trkpt lat="36.268519" lon="-121.806114"><ele>68.0</ele></trkpt>
     <trkpt lat="36.268152" lon="-121.805190"><ele>72.8</ele></trkpt>
     <trkpt lat="36.267741" lon="-121.804548"><ele>76.0</ele></trkpt>
     <trkpt lat="36.267390" lon="-121.804247"><ele>74.0</ele></trkpt>
     <trkpt lat="36.265708" lon="-121.803117"><ele>73.2</ele></trkpt>
     <trkpt lat="36.264935" lon="-121.802307"><ele>76.5</ele></trkpt>
     <trkpt lat="36.264648" lon="-121.801857"><ele>75.2</ele></trkpt>
     <trkpt lat="36.264439" lon="-121.801425"><ele>75.8</ele></trkpt>
     <trkpt lat="36.264239" lon="-121.800780"><ele>75.0</ele></trkpt>
     <trkpt lat="36.264146" lon="-121.800303"><ele>78.5</ele></trkpt>
     <trkpt lat="36.264124" lon="-121.799772"><ele>82.5</ele></trkpt>
     <trkpt lat="36.264226" lon="-121.797970"><ele>80.8</ele></trkpt>
     <trkpt lat="36.264328" lon="-121.796168"><ele>79.0</ele></trkpt>
     <trkpt lat="36.264308" lon="-121.795928"><ele>77.8</ele></trkpt>
     <trkpt lat="36.264232" lon="-121.795650"><ele>77.0</ele></trkpt>
     <trkpt lat="36.264041" lon="-121.795184"><ele>81.0</ele></trkpt>
     <trkpt lat="36.263708" lon="-121.794784"><ele>86.5</ele></trkpt>
     <trkpt lat="36.263293" lon="-121.794487"><ele>88.5</ele></trkpt>
     <trkpt lat="36.261383" lon="-121.793483"><ele>83.5</ele></trkpt>
     <trkpt lat="36.261092" lon="-121.793216"><ele>82.5</ele></trkpt>
     <trkpt lat="36.260846" lon="-121.792918"><ele>82.8</ele></trkpt>
     <trkpt lat="36.260578" lon="-121.792360"><ele>83.5</ele></trkpt>
     <trkpt lat="36.260207" lon="-121.790682"><ele>84.5</ele></trkpt>
     <trkpt lat="36.260082" lon="-121.790207"><ele>84.8</ele></trkpt>
     <trkpt lat="36.259898" lon="-121.789752"><ele>86.2</ele></trkpt>
     <trkpt lat="36.259332" lon="-121.788922"><ele>89.8</ele></trkpt>
     <trkpt lat="36.259068" lon="-121.788710"><ele>88.8</ele></trkpt>
     <trkpt lat="36.258733" lon="-121.788511"><ele>87.0</ele></trkpt>
     <trkpt lat="36.258356" lon="-121.788381"><ele>81.0</ele></trkpt>
     <trkpt lat="36.257768" lon="-121.788330"><ele>75.5</ele></trkpt>
     <trkpt lat="36.255820" lon="-121.788342"><ele>82.8</ele></trkpt>
     <trkpt lat="36.255483" lon="-121.788297"><ele>81.0</ele></trkpt>
     <trkpt lat="36.255141" lon="-121.788185"><ele>80.5</ele></trkpt>
     <trkpt lat="36.254515" lon="-121.787770"><ele>81.2</ele></trkpt>
     <trkpt lat="36.254114" lon="-121.787562"><ele>77.5</ele></trkpt>
     <trkpt lat="36.253761" lon="-121.787439"><ele>83.2</ele></trkpt>
     <trkpt lat="36.253276" lon="-121.787343"><ele>90.0</ele></trkpt>
     <trkpt lat="36.252815" lon="-121.787340"><ele>87.8</ele></trkpt>
     <trkpt lat="36.252728" lon="-121.787023"><ele>94.2</ele></trkpt>
     <trkpt lat="36.252617" lon="-121.786897"><ele>96.5</ele></trkpt>
     <trkpt lat="36.251759" lon="-121.786587"><ele>97.5</ele></trkpt>
     <trkpt lat="36.251629" lon="-121.786008"><ele>105.2</ele></trkpt>
     <trkpt lat="36.251712" lon="-121.785824"><ele>108.8</ele></trkpt>
     <trkpt lat="36.251425" lon="-121.785418"><ele>105.5</ele></trkpt>
     <trkpt lat="36.251387" lon="-121.785173"><ele>106.0</ele></trkpt>
     <trkpt lat="36.251477" lon="-121.784763"><ele>106.0</ele></trkpt>
     <trkpt lat="36.251824" lon="-121.784425"><ele>108.5</ele></trkpt>
     <trkpt lat="36.252115" lon="-121.784270"><ele>112.5</ele></trkpt>
     <trkpt lat="36.252280" lon="-121.784096"><ele>116.0</ele></trkpt>
     <trkpt lat="36.252335" lon="-121.783862"><ele>118.2</ele></trkpt>
     <trkpt lat="36.252663" lon="-121.783320"><ele>130.2</ele></trkpt>
     <trkpt lat="36.252869" lon="-121.782801"><ele>144.2</ele></trkpt>
     <trkpt lat="36.252923" lon="-121.782951"><ele>143.5</ele></trkpt>
     <trkpt lat="36.253113" lon="-121.782901"><ele>150.0</ele></trkpt>
     <trkpt lat="36.253105" lon="-121.782783"><ele>152.0</ele></trkpt>
     <trkpt lat="36.253227" lon="-121.782836"><ele>154.8</ele></trkpt>
     <trkpt lat="36.253207" lon="-121.782742"><ele>156.0</ele></trkpt>
     <trkpt lat="36.253348" lon="-121.782959"><ele>155.8</ele></trkpt>
     <trkpt lat="36.253338" lon="-121.783029"><ele>154.2</ele></trkpt>
     <trkpt lat="36.253348" lon="-121.782959"><ele>155.8</ele></trkpt>
     <trkpt lat="36.253207" lon="-121.782742"><ele>156.0</ele></trkpt>
     <trkpt lat="36.253227" lon="-121.782836"><ele>154.8</ele></trkpt>
     <trkpt lat="36.253105" lon="-121.782783"><ele>152.0</ele></trkpt>
     <trkpt lat="36.253113" lon="-121.782901"><ele>150.0</ele></trkpt>
     <trkpt lat="36.252923" lon="-121.782951"><ele>143.5</ele></trkpt>
     <trkpt lat="36.252869" lon="-121.782801"><ele>144.2</ele></trkpt>
     <trkpt lat="36.252663" lon="-121.783320"><ele>130.2</ele></trkpt>
     <trkpt lat="36.252335" lon="-121.783862"><ele>118.2</ele></trkpt>
     <trkpt lat="36.252280" lon="-121.784096"><ele>116.0</ele></trkpt>
     <trkpt lat="36.252115" lon="-121.784270"><ele>112.5</ele></trkpt>
     <trkpt lat="36.251824" lon="-121.784425"><ele>108.5</ele></trkpt>
     <trkpt lat="36.251477" lon="-121.784763"><ele>106.0</ele></trkpt>
     <trkpt lat="36.251387" lon="-121.785173"><ele>106.0</ele></trkpt>
     <trkpt lat="36.251425" lon="-121.785418"><ele>105.5</ele></trkpt>
     <trkpt lat="36.251712" lon="-121.785824"><ele>108.8</ele></trkpt>
     <trkpt lat="36.251629" lon="-121.786008"><ele>105.2</ele></trkpt>
     <trkpt lat="36.251759" lon="-121.786587"><ele>97.5</ele></trkpt>
     <trkpt lat="36.252617" lon="-121.786897"><ele>96.5</ele></trkpt>
     <trkpt lat="36.252728" lon="-121.787023"><ele>94.2</ele></trkpt>
     <trkpt lat="36.252815" lon="-121.787340"><ele>87.8</ele></trkpt>
     <trkpt lat="36.252191" lon="-121.787328"><ele>85.5</ele></trkpt>
     <trkpt lat="36.251588" lon="-121.787204"><ele>86.0</ele></trkpt>
     <trkpt lat="36.250766" lon="-121.786810"><ele>88.5</ele></trkpt>
     <trkpt lat="36.249945" lon="-121.786059"><ele>91.8</ele></trkpt>
     <trkpt lat="36.249622" lon="-121.785673"><ele>93.8</ele></trkpt>
     <trkpt lat="36.249224" lon="-121.784850"><ele>91.8</ele></trkpt>
     <trkpt lat="36.248692" lon="-121.783522"><ele>108.8</ele></trkpt>
     <trkpt lat="36.248230" lon="-121.782644"><ele>105.8</ele></trkpt>
     <trkpt lat="36.247908" lon="-121.782203"><ele>107.0</ele></trkpt>
     <trkpt lat="36.247492" lon="-121.781839"><ele>106.5</ele></trkpt>
     <trkpt lat="36.247626" lon="-121.781601"><ele>100.8</ele></trkpt>
     <trkpt lat="36.247651" lon="-121.781340"><ele>99.2</ele></trkpt>
     <trkpt lat="36.247626" lon="-121.781601"><ele>100.8</ele></trkpt>
     <trkpt lat="36.247492" lon="-121.781839"><ele>106.5</ele></trkpt>
     <trkpt lat="36.247360" lon="-121.781704"><ele>105.5</ele></trkpt>
     <trkpt lat="36.247070" lon="-121.781566"><ele>109.0</ele></trkpt>
     <trkpt lat="36.244726" lon="-121.780767"><ele>131.5</ele></trkpt>
     <trkpt lat="36.244157" lon="-121.780402"><ele>135.2</ele></trkpt>
     <trkpt lat="36.243360" lon="-121.779568"><ele>147.0</ele></trkpt>
     <trkpt lat="36.243073" lon="-121.779341"><ele>149.0</ele></trkpt>
     <trkpt lat="36.241636" lon="-121.778619"><ele>157.2</ele></trkpt>
     <trkpt lat="36.240785" lon="-121.777876"><ele>154.8</ele></trkpt>
     <trkpt lat="36.240190" lon="-121.777058"><ele>171.8</ele></trkpt>
     <trkpt lat="36.239362" lon="-121.775307"><ele>193.8</ele></trkpt>
     <trkpt lat="36.238865" lon="-121.773970"><ele>197.0</ele></trkpt>
     <trkpt lat="36.238748" lon="-121.773509"><ele>199.0</ele></trkpt>
     <trkpt lat="36.238572" lon="-121.772482"><ele>201.2</ele></trkpt>
     <trkpt lat="36.238357" lon="-121.771919"><ele>205.2</ele></trkpt>
     <trkpt lat="36.238245" lon="-121.771728"><ele>207.8</ele></trkpt>
     <trkpt lat="36.237284" lon="-121.770526"><ele>217.8</ele></trkpt>
     <trkpt lat="36.236465" lon="-121.769250"><ele>230.5</ele></trkpt>
     <trkpt lat="36.236168" lon="-121.768897"><ele>232.8</ele></trkpt>
     <trkpt lat="36.235472" lon="-121.768314"><ele>243.0</ele></trkpt>
     <trkpt lat="36.234710" lon="-121.767775"><ele>255.8</ele></trkpt>
     <trkpt lat="36.233749" lon="-121.767231"><ele>267.2</ele></trkpt>
     <trkpt lat="36.232798" lon="-121.766891"><ele>277.2</ele></trkpt>
     <trkpt lat="36.232427" lon="-121.766695"><ele>280.5</ele></trkpt>
     <trkpt lat="36.231385" lon="-121.765604"><ele>287.2</ele></trkpt>
     <trkpt lat="36.230249" lon="-121.764845"><ele>290.2</ele></trkpt>
     <trkpt lat="36.229755" lon="-121.764709"><ele>292.2</ele></trkpt>
     <trkpt lat="36.228742" lon="-121.764761"><ele>301.5</ele></trkpt>
     <trkpt lat="36.228363" lon="-121.764741"><ele>304.8</ele></trkpt>
     <trkpt lat="36.228089" lon="-121.764630"><ele>303.2</ele></trkpt>
     <trkpt lat="36.227219" lon="-121.763901"><ele>292.8</ele></trkpt>
     <trkpt lat="36.226770" lon="-121.763013"><ele>289.5</ele></trkpt>
     <trkpt lat="36.226614" lon="-121.762806"><ele>290.0</ele></trkpt>
     <trkpt lat="36.226339" lon="-121.762593"><ele>288.8</ele></trkpt>
     <trkpt lat="36.225785" lon="-121.762356"><ele>281.5</ele></trkpt>
     <trkpt lat="36.225531" lon="-121.762042"><ele>278.2</ele></trkpt>
     <trkpt lat="36.225429" lon="-121.761779"><ele>275.8</ele></trkpt>
     <trkpt lat="36.225414" lon="-121.761270"><ele>272.2</ele></trkpt>
     <trkpt lat="36.225458" lon="-121.761062"><ele>272.2</ele></trkpt>
     <trkpt lat="36.225652" lon="-121.760564"><ele>278.0</ele></trkpt>
     <trkpt lat="36.225680" lon="-121.760361"><ele>279.0</ele></trkpt>
     <trkpt lat="36.225650" lon="-121.760150"><ele>277.5</ele></trkpt>
     <trkpt lat="36.225554" lon="-121.759966"><ele>273.8</ele></trkpt>
     <trkpt lat="36.225155" lon="-121.759577"><ele>263.8</ele></trkpt>
     <trkpt lat="36.225018" lon="-121.759391"><ele>261.0</ele></trkpt>
     <trkpt lat="36.224898" lon="-121.759060"><ele>262.8</ele></trkpt>
     <trkpt lat="36.224818" lon="-121.758559"><ele>264.8</ele></trkpt>
     <trkpt lat="36.224719" lon="-121.758346"><ele>264.8</ele></trkpt>
     <trkpt lat="36.224572" lon="-121.758185"><ele>266.5</ele></trkpt>
     <trkpt lat="36.224419" lon="-121.758105"><ele>266.8</ele></trkpt>
     <trkpt lat="36.224260" lon="-121.758081"><ele>265.8</ele></trkpt>
     <trkpt lat="36.223938" lon="-121.758201"><ele>259.2</ele></trkpt>
     <trkpt lat="36.223732" lon="-121.758388"><ele>254.0</ele></trkpt>
     <trkpt lat="36.223201" lon="-121.759023"><ele>238.0</ele></trkpt>
     <trkpt lat="36.222563" lon="-121.759426"><ele>234.8</ele></trkpt>
     <trkpt lat="36.222435" lon="-121.759431"><ele>234.0</ele></trkpt>
     <trkpt lat="36.221991" lon="-121.759180"><ele>225.0</ele></trkpt>
     <trkpt lat="36.222435" lon="-121.759431"><ele>234.0</ele></trkpt>
     <trkpt lat="36.222563" lon="-121.759426"><ele>234.8</ele></trkpt>
     <trkpt lat="36.223070" lon="-121.759111"><ele>236.0</ele></trkpt>
     <trkpt lat="36.222873" lon="-121.759155"><ele>234.8</ele></trkpt>
     <trkpt lat="36.222736" lon="-121.759125"><ele>234.5</ele></trkpt>
     <trkpt lat="36.222543" lon="-121.758988"><ele>233.2</ele></trkpt>
     <trkpt lat="36.222439" lon="-121.758825"><ele>230.5</ele></trkpt>
     <trkpt lat="36.222380" lon="-121.758630"><ele>227.2</ele></trkpt>
     <trkpt lat="36.222352" lon="-121.757796"><ele>222.0</ele></trkpt>
     <trkpt lat="36.222255" lon="-121.757442"><ele>218.5</ele></trkpt>
     <trkpt lat="36.222158" lon="-121.757244"><ele>218.5</ele></trkpt>
     <trkpt lat="36.221374" lon="-121.756081"><ele>215.5</ele></trkpt>
     <trkpt lat="36.221094" lon="-121.755420"><ele>218.8</ele></trkpt>
     <trkpt lat="36.220808" lon="-121.754484"><ele>220.8</ele></trkpt>
     <trkpt lat="36.220656" lon="-121.754214"><ele>224.0</ele></trkpt>
     <trkpt lat="36.220448" lon="-121.754073"><ele>227.0</ele></trkpt>
     <trkpt lat="36.220094" lon="-121.754088"><ele>225.0</ele></trkpt>
     <trkpt lat="36.219927" lon="-121.754157"><ele>221.2</ele></trkpt>
     <trkpt lat="36.219721" lon="-121.754385"><ele>215.8</ele></trkpt>
     <trkpt lat="36.219246" lon="-121.754764"><ele>205.8</ele></trkpt>
     <trkpt lat="36.218959" lon="-121.754802"><ele>199.5</ele></trkpt>
     <trkpt lat="36.218679" lon="-121.754707"><ele>194.2</ele></trkpt>
     <trkpt lat="36.218455" lon="-121.754506"><ele>191.2</ele></trkpt>
     <trkpt lat="36.218339" lon="-121.754314"><ele>190.2</ele></trkpt>
     <trkpt lat="36.217985" lon="-121.753219"><ele>190.8</ele></trkpt>
     <trkpt lat="36.217272" lon="-121.751934"><ele>184.5</ele></trkpt>
     <trkpt lat="36.217199" lon="-121.751470"><ele>186.0</ele></trkpt>
     <trkpt lat="36.217235" lon="-121.750601"><ele>192.5</ele></trkpt>
     <trkpt lat="36.217170" lon="-121.750434"><ele>194.5</ele></trkpt>
     <trkpt lat="36.217008" lon="-121.750255"><ele>197.2</ele></trkpt>
     <trkpt lat="36.216791" lon="-121.750141"><ele>200.2</ele></trkpt>
     <trkpt lat="36.216650" lon="-121.750140"><ele>200.0</ele></trkpt>
     <trkpt lat="36.216120" lon="-121.750347"><ele>192.0</ele></trkpt>
     <trkpt lat="36.215681" lon="-121.750584"><ele>180.8</ele></trkpt>
     <trkpt lat="36.215396" lon="-121.750645"><ele>174.5</ele></trkpt>
     <trkpt lat="36.215123" lon="-121.750555"><ele>171.8</ele></trkpt>
     <trkpt lat="36.214944" lon="-121.750359"><ele>169.8</ele></trkpt>
     <trkpt lat="36.214831" lon="-121.750009"><ele>168.2</ele></trkpt>
     <trkpt lat="36.214698" lon="-121.749351"><ele>171.2</ele></trkpt>
     <trkpt lat="36.214529" lon="-121.748898"><ele>165.8</ele></trkpt>
     <trkpt lat="36.214481" lon="-121.748618"><ele>166.2</ele></trkpt>
     <trkpt lat="36.214493" lon="-121.748015"><ele>172.2</ele></trkpt>
     <trkpt lat="36.214432" lon="-121.747732"><ele>172.0</ele></trkpt>
     <trkpt lat="36.214323" lon="-121.747520"><ele>170.2</ele></trkpt>
     <trkpt lat="36.214172" lon="-121.747349"><ele>173.8</ele></trkpt>
     <trkpt lat="36.213611" lon="-121.747006"><ele>167.0</ele></trkpt>
     <trkpt lat="36.213447" lon="-121.746819"><ele>168.8</ele></trkpt>
     <trkpt lat="36.212363" lon="-121.744492"><ele>186.2</ele></trkpt>
     <trkpt lat="36.212210" lon="-121.743915"><ele>186.0</ele></trkpt>
     <trkpt lat="36.212264" lon="-121.743642"><ele>188.2</ele></trkpt>
     <trkpt lat="36.212524" lon="-121.743114"><ele>202.2</ele></trkpt>
     <trkpt lat="36.212526" lon="-121.742908"><ele>204.2</ele></trkpt>
     <trkpt lat="36.212457" lon="-121.742652"><ele>203.8</ele></trkpt>
     <trkpt lat="36.212325" lon="-121.742476"><ele>202.0</ele></trkpt>
     <trkpt lat="36.212164" lon="-121.742395"><ele>200.2</ele></trkpt>
     <trkpt lat="36.211238" lon="-121.742192"><ele>185.0</ele></trkpt>
     <trkpt lat="36.210928" lon="-121.742056"><ele>183.2</ele></trkpt>
     <trkpt lat="36.210691" lon="-121.741854"><ele>181.5</ele></trkpt>
     <trkpt lat="36.210537" lon="-121.741585"><ele>181.5</ele></trkpt>
     <trkpt lat="36.210123" lon="-121.739811"><ele>182.0</ele></trkpt>
     <trkpt lat="36.210014" lon="-121.739551"><ele>181.2</ele></trkpt>
     <trkpt lat="36.209818" lon="-121.739269"><ele>179.2</ele></trkpt>
     <trkpt lat="36.208489" lon="-121.738031"><ele>173.5</ele></trkpt>
     <trkpt lat="36.208285" lon="-121.737750"><ele>173.8</ele></trkpt>
     <trkpt lat="36.208220" lon="-121.737598"><ele>175.0</ele></trkpt>
     <trkpt lat="36.208199" lon="-121.737293"><ele>173.8</ele></trkpt>
     <trkpt lat="36.208522" lon="-121.736616"><ele>187.8</ele></trkpt>
     <trkpt lat="36.208588" lon="-121.736402"><ele>191.2</ele></trkpt>
     <trkpt lat="36.208590" lon="-121.736178"><ele>190.2</ele></trkpt>
     <trkpt lat="36.208474" lon="-121.735480"><ele>177.5</ele></trkpt>
     <trkpt lat="36.208498" lon="-121.735210"><ele>178.0</ele></trkpt>
     <trkpt lat="36.208642" lon="-121.734857"><ele>188.0</ele></trkpt>
     <trkpt lat="36.208716" lon="-121.734532"><ele>194.8</ele></trkpt>
     <trkpt lat="36.208669" lon="-121.734227"><ele>194.8</ele></trkpt>
     <trkpt lat="36.208553" lon="-121.734021"><ele>197.2</ele></trkpt>
     <trkpt lat="36.208400" lon="-121.733914"><ele>198.5</ele></trkpt>
     <trkpt lat="36.208083" lon="-121.733918"><ele>203.0</ele></trkpt>
     <trkpt lat="36.207110" lon="-121.734360"><ele>207.2</ele></trkpt>
     <trkpt lat="36.206825" lon="-121.734596"><ele>207.2</ele></trkpt>
     <trkpt lat="36.206477" lon="-121.735023"><ele>198.0</ele></trkpt>
     <trkpt lat="36.205887" lon="-121.735387"><ele>201.0</ele></trkpt>
     <trkpt lat="36.205528" lon="-121.735371"><ele>191.2</ele></trkpt>
     <trkpt lat="36.205330" lon="-121.735224"><ele>187.8</ele></trkpt>
     <trkpt lat="36.204837" lon="-121.734270"><ele>189.5</ele></trkpt>
     <trkpt lat="36.204748" lon="-121.733979"><ele>186.5</ele></trkpt>
     <trkpt lat="36.204612" lon="-121.732949"><ele>182.8</ele></trkpt>
     <trkpt lat="36.204627" lon="-121.732734"><ele>184.0</ele></trkpt>
     <trkpt lat="36.204681" lon="-121.732574"><ele>189.0</ele></trkpt>
     <trkpt lat="36.204989" lon="-121.732136"><ele>208.8</ele></trkpt>
     <trkpt lat="36.205100" lon="-121.731847"><ele>209.2</ele></trkpt>
     <trkpt lat="36.205117" lon="-121.731517"><ele>208.5</ele></trkpt>
     <trkpt lat="36.205011" lon="-121.731206"><ele>205.8</ele></trkpt>
     <trkpt lat="36.204919" lon="-121.731071"><ele>202.0</ele></trkpt>
     <trkpt lat="36.204411" lon="-121.730631"><ele>185.8</ele></trkpt>
     <trkpt lat="36.204248" lon="-121.730400"><ele>186.0</ele></trkpt>
     <trkpt lat="36.204136" lon="-121.730114"><ele>191.2</ele></trkpt>
     <trkpt lat="36.203986" lon="-121.729867"><ele>198.2</ele></trkpt>
     <trkpt lat="36.203620" lon="-121.729504"><ele>201.8</ele></trkpt>
     <trkpt lat="36.203394" lon="-121.729364"><ele>196.0</ele></trkpt>
     <trkpt lat="36.202121" lon="-121.729011"><ele>155.8</ele></trkpt>
     <trkpt lat="36.201893" lon="-121.728844"><ele>153.5</ele></trkpt>
     <trkpt lat="36.201715" lon="-121.728583"><ele>157.2</ele></trkpt>
     <trkpt lat="36.201646" lon="-121.728342"><ele>165.0</ele></trkpt>
     <trkpt lat="36.201621" lon="-121.728078"><ele>160.0</ele></trkpt>
     <trkpt lat="36.201684" lon="-121.727726"><ele>159.2</ele></trkpt>
     <trkpt lat="36.202023" lon="-121.727019"><ele>173.8</ele></trkpt>
     <trkpt lat="36.202053" lon="-121.726703"><ele>171.8</ele></trkpt>
     <trkpt lat="36.201985" lon="-121.726165"><ele>168.5</ele></trkpt>
     <trkpt lat="36.201863" lon="-121.725811"><ele>164.2</ele></trkpt>
     <trkpt lat="36.201767" lon="-121.725668"><ele>163.8</ele></trkpt>
     <trkpt lat="36.201582" lon="-121.725510"><ele>162.2</ele></trkpt>
     <trkpt lat="36.201218" lon="-121.725371"><ele>156.8</ele></trkpt>
     <trkpt lat="36.200995" lon="-121.725228"><ele>156.8</ele></trkpt>
     <trkpt lat="36.200821" lon="-121.724998"><ele>162.0</ele></trkpt>
     <trkpt lat="36.200686" lon="-121.724696"><ele>157.5</ele></trkpt>
     <trkpt lat="36.200644" lon="-121.724412"><ele>158.8</ele></trkpt>
     <trkpt lat="36.200597" lon="-121.723216"><ele>169.5</ele></trkpt>
     <trkpt lat="36.200487" lon="-121.722529"><ele>170.0</ele></trkpt>
     <trkpt lat="36.200316" lon="-121.721937"><ele>170.5</ele></trkpt>
     <trkpt lat="36.199807" lon="-121.720565"><ele>175.0</ele></trkpt>
     <trkpt lat="36.199641" lon="-121.720251"><ele>175.0</ele></trkpt>
     <trkpt lat="36.199063" lon="-121.719617"><ele>175.5</ele></trkpt>
     <trkpt lat="36.198862" lon="-121.719297"><ele>175.2</ele></trkpt>
     <trkpt lat="36.198508" lon="-121.718136"><ele>178.0</ele></trkpt>
     <trkpt lat="36.198383" lon="-121.717858"><ele>180.2</ele></trkpt>
     <trkpt lat="36.198225" lon="-121.717694"><ele>180.0</ele></trkpt>
     <trkpt lat="36.197937" lon="-121.717564"><ele>176.0</ele></trkpt>
     <trkpt lat="36.197282" lon="-121.717390"><ele>160.0</ele></trkpt>
     <trkpt lat="36.197075" lon="-121.717184"><ele>157.5</ele></trkpt>
     <trkpt lat="36.196900" lon="-121.716750"><ele>165.2</ele></trkpt>
     <trkpt lat="36.196672" lon="-121.715665"><ele>184.5</ele></trkpt>
     <trkpt lat="36.196535" lon="-121.715377"><ele>186.8</ele></trkpt>
     <trkpt lat="36.196013" lon="-121.714666"><ele>186.0</ele></trkpt>
     <trkpt lat="36.195409" lon="-121.714165"><ele>177.5</ele></trkpt>
     <trkpt lat="36.195268" lon="-121.713989"><ele>172.0</ele></trkpt>
     <trkpt lat="36.195173" lon="-121.713702"><ele>170.0</ele></trkpt>
     <trkpt lat="36.195164" lon="-121.713351"><ele>173.0</ele></trkpt>
     <trkpt lat="36.195345" lon="-121.712915"><ele>169.0</ele></trkpt>
     <trkpt lat="36.195525" lon="-121.712740"><ele>170.0</ele></trkpt>
     <trkpt lat="36.196338" lon="-121.712245"><ele>185.8</ele></trkpt>
     <trkpt lat="36.196623" lon="-121.711959"><ele>187.0</ele></trkpt>
     <trkpt lat="36.196736" lon="-121.711714"><ele>184.2</ele></trkpt>
     <trkpt lat="36.196762" lon="-121.711516"><ele>183.5</ele></trkpt>
     <trkpt lat="36.196733" lon="-121.711343"><ele>181.5</ele></trkpt>
     <trkpt lat="36.196626" lon="-121.711121"><ele>179.8</ele></trkpt>
     <trkpt lat="36.196350" lon="-121.710913"><ele>180.2</ele></trkpt>
     <trkpt lat="36.195766" lon="-121.710689"><ele>181.0</ele></trkpt>
     <trkpt lat="36.195533" lon="-121.710640"><ele>183.2</ele></trkpt>
     <trkpt lat="36.194770" lon="-121.710681"><ele>183.0</ele></trkpt>
     <trkpt lat="36.194165" lon="-121.710823"><ele>170.5</ele></trkpt>
     <trkpt lat="36.193879" lon="-121.710845"><ele>174.5</ele></trkpt>
     <trkpt lat="36.192950" lon="-121.710872"><ele>180.5</ele></trkpt>
     <trkpt lat="36.192665" lon="-121.710777"><ele>180.8</ele></trkpt>
     <trkpt lat="36.192487" lon="-121.710624"><ele>181.8</ele></trkpt>
     <trkpt lat="36.192353" lon="-121.710431"><ele>178.0</ele></trkpt>
     <trkpt lat="36.192100" lon="-121.709643"><ele>188.0</ele></trkpt>
     <trkpt lat="36.191986" lon="-121.709457"><ele>189.2</ele></trkpt>
     <trkpt lat="36.191384" lon="-121.708912"><ele>184.0</ele></trkpt>
     <trkpt lat="36.191146" lon="-121.708550"><ele>185.0</ele></trkpt>
     <trkpt lat="36.190863" lon="-121.707905"><ele>189.0</ele></trkpt>
     <trkpt lat="36.190691" lon="-121.707674"><ele>188.2</ele></trkpt>
     <trkpt lat="36.189675" lon="-121.706798"><ele>184.5</ele></trkpt>
     <trkpt lat="36.189065" lon="-121.706472"><ele>185.2</ele></trkpt>
     <trkpt lat="36.188429" lon="-121.705988"><ele>193.0</ele></trkpt>
     <trkpt lat="36.188177" lon="-121.705889"><ele>189.5</ele></trkpt>
     <trkpt lat="36.187541" lon="-121.705855"><ele>170.2</ele></trkpt>
     <trkpt lat="36.187276" lon="-121.705707"><ele>171.2</ele></trkpt>
     <trkpt lat="36.186824" lon="-121.705174"><ele>180.0</ele></trkpt>
     <trkpt lat="36.186524" lon="-121.704737"><ele>177.2</ele></trkpt>
     <trkpt lat="36.186099" lon="-121.703768"><ele>181.0</ele></trkpt>
     <trkpt lat="36.185804" lon="-121.703279"><ele>183.2</ele></trkpt>
     <trkpt lat="36.184788" lon="-121.701833"><ele>173.0</ele></trkpt>
     <trkpt lat="36.184255" lon="-121.701395"><ele>170.0</ele></trkpt>
     <trkpt lat="36.183393" lon="-121.700819"><ele>158.5</ele></trkpt>
     <trkpt lat="36.183121" lon="-121.700591"><ele>158.5</ele></trkpt>
     <trkpt lat="36.182805" lon="-121.700231"><ele>168.0</ele></trkpt>
     <trkpt lat="36.182554" lon="-121.700055"><ele>172.5</ele></trkpt>
     <trkpt lat="36.182076" lon="-121.699912"><ele>178.5</ele></trkpt>
     <trkpt lat="36.181295" lon="-121.699809"><ele>173.2</ele></trkpt>
     <trkpt lat="36.180557" lon="-121.699883"><ele>148.5</ele></trkpt>
     <trkpt lat="36.180246" lon="-121.699843"><ele>140.8</ele></trkpt>
     <trkpt lat="36.179046" lon="-121.699099"><ele>138.8</ele></trkpt>
     <trkpt lat="36.178234" lon="-121.698683"><ele>136.8</ele></trkpt>
     <trkpt lat="36.178092" lon="-121.698631"><ele>135.2</ele></trkpt>
     <trkpt lat="36.177278" lon="-121.698644"><ele>108.0</ele></trkpt>
     <trkpt lat="36.177004" lon="-121.698533"><ele>109.8</ele></trkpt>
     <trkpt lat="36.176876" lon="-121.698410"><ele>114.2</ele></trkpt>
     <trkpt lat="36.176794" lon="-121.698228"><ele>114.5</ele></trkpt>
     <trkpt lat="36.176775" lon="-121.697908"><ele>107.2</ele></trkpt>
     <trkpt lat="36.177089" lon="-121.697182"><ele>114.0</ele></trkpt>
     <trkpt lat="36.177170" lon="-121.696319"><ele>111.2</ele></trkpt>
     <trkpt lat="36.177149" lon="-121.696108"><ele>109.8</ele></trkpt>
     <trkpt lat="36.176973" lon="-121.695654"><ele>96.0</ele></trkpt>
     <trkpt lat="36.176919" lon="-121.695400"><ele>92.5</ele></trkpt>
     <trkpt lat="36.176941" lon="-121.695135"><ele>95.2</ele></trkpt>
     <trkpt lat="36.177150" lon="-121.694233"><ele>95.2</ele></trkpt>
     <trkpt lat="36.177143" lon="-121.693943"><ele>91.2</ele></trkpt>
     <trkpt lat="36.177093" lon="-121.693757"><ele>87.8</ele></trkpt>
     <trkpt lat="36.176935" lon="-121.693519"><ele>83.0</ele></trkpt>
     <trkpt lat="36.176768" lon="-121.693384"><ele>81.2</ele></trkpt>
     <trkpt lat="36.176618" lon="-121.693326"><ele>84.0</ele></trkpt>
     <trkpt lat="36.176374" lon="-121.693322"><ele>97.8</ele></trkpt>
     <trkpt lat="36.176099" lon="-121.693470"><ele>105.2</ele></trkpt>
     <trkpt lat="36.175579" lon="-121.694070"><ele>79.5</ele></trkpt>
     <trkpt lat="36.175355" lon="-121.694177"><ele>75.8</ele></trkpt>
     <trkpt lat="36.175002" lon="-121.694193"><ele>79.8</ele></trkpt>
     <trkpt lat="36.174872" lon="-121.694119"><ele>76.8</ele></trkpt>
     <trkpt lat="36.174735" lon="-121.693948"><ele>78.8</ele></trkpt>
     <trkpt lat="36.174470" lon="-121.693203"><ele>102.8</ele></trkpt>
     <trkpt lat="36.174307" lon="-121.692942"><ele>105.8</ele></trkpt>
     <trkpt lat="36.174124" lon="-121.692788"><ele>103.8</ele></trkpt>
     <trkpt lat="36.173611" lon="-121.692514"><ele>97.5</ele></trkpt>
     <trkpt lat="36.173471" lon="-121.692332"><ele>97.8</ele></trkpt>
     <trkpt lat="36.173403" lon="-121.692214"><ele>97.8</ele></trkpt>
     <trkpt lat="36.173303" lon="-121.691868"><ele>100.2</ele></trkpt>
     <trkpt lat="36.173004" lon="-121.690386"><ele>119.8</ele></trkpt>
     <trkpt lat="36.172764" lon="-121.689980"><ele>117.2</ele></trkpt>
     <trkpt lat="36.172305" lon="-121.689553"><ele>111.2</ele></trkpt>
     <trkpt lat="36.172156" lon="-121.689379"><ele>110.5</ele></trkpt>
     <trkpt lat="36.172044" lon="-121.689157"><ele>112.8</ele></trkpt>
     <trkpt lat="36.171983" lon="-121.688889"><ele>114.8</ele></trkpt>
     <trkpt lat="36.171968" lon="-121.688025"><ele>129.5</ele></trkpt>
     <trkpt lat="36.171853" lon="-121.687522"><ele>132.2</ele></trkpt>
     <trkpt lat="36.171730" lon="-121.687234"><ele>135.8</ele></trkpt>
     <trkpt lat="36.171511" lon="-121.686890"><ele>136.5</ele></trkpt>
     <trkpt lat="36.170981" lon="-121.686263"><ele>133.5</ele></trkpt>
     <trkpt lat="36.170603" lon="-121.685603"><ele>138.8</ele></trkpt>
     <trkpt lat="36.170353" lon="-121.685296"><ele>142.5</ele></trkpt>
     <trkpt lat="36.169964" lon="-121.684984"><ele>141.5</ele></trkpt>
     <trkpt lat="36.169838" lon="-121.684784"><ele>138.2</ele></trkpt>
     <trkpt lat="36.169738" lon="-121.684411"><ele>138.0</ele></trkpt>
     <trkpt lat="36.169766" lon="-121.683665"><ele>143.0</ele></trkpt>
     <trkpt lat="36.169704" lon="-121.683316"><ele>140.2</ele></trkpt>
     <trkpt lat="36.169578" lon="-121.683051"><ele>139.5</ele></trkpt>
     <trkpt lat="36.169095" lon="-121.682497"><ele>135.0</ele></trkpt>
     <trkpt lat="36.168986" lon="-121.682309"><ele>133.2</ele></trkpt>
     <trkpt lat="36.168352" lon="-121.680272"><ele>135.2</ele></trkpt>
     <trkpt lat="36.168152" lon="-121.679220"><ele>131.2</ele></trkpt>
     <trkpt lat="36.167900" lon="-121.678645"><ele>132.2</ele></trkpt>
     <trkpt lat="36.167736" lon="-121.678397"><ele>130.2</ele></trkpt>
     <trkpt lat="36.167517" lon="-121.678174"><ele>126.0</ele></trkpt>
     <trkpt lat="36.165624" lon="-121.676440"><ele>116.5</ele></trkpt>
     <trkpt lat="36.165111" lon="-121.675919"><ele>120.2</ele></trkpt>
     <trkpt lat="36.164005" lon="-121.674373"><ele>109.2</ele></trkpt>
     <trkpt lat="36.163752" lon="-121.674107"><ele>109.0</ele></trkpt>
     <trkpt lat="36.163489" lon="-121.673903"><ele>112.5</ele></trkpt>
     <trkpt lat="36.163169" lon="-121.673767"><ele>110.0</ele></trkpt>
     <trkpt lat="36.162308" lon="-121.673498"><ele>97.5</ele></trkpt>
     <trkpt lat="36.162116" lon="-121.673387"><ele>97.8</ele></trkpt>
     <trkpt lat="36.161654" lon="-121.672942"><ele>103.5</ele></trkpt>
     <trkpt lat="36.161435" lon="-121.672819"><ele>103.8</ele></trkpt>
     <trkpt lat="36.161089" lon="-121.672729"><ele>100.5</ele></trkpt>
     <trkpt lat="36.160418" lon="-121.672676"><ele>88.8</ele></trkpt>
     <trkpt lat="36.160177" lon="-121.672606"><ele>85.8</ele></trkpt>
     <trkpt lat="36.159982" lon="-121.672483"><ele>84.2</ele></trkpt>
     <trkpt lat="36.159683" lon="-121.672115"><ele>76.8</ele></trkpt>
     <trkpt lat="36.159373" lon="-121.671351"><ele>81.5</ele></trkpt>
     <trkpt lat="36.159204" lon="-121.671029"><ele>82.0</ele></trkpt>
     <trkpt lat="36.158926" lon="-121.670669"><ele>79.8</ele></trkpt>
     <trkpt lat="36.158949" lon="-121.670382"><ele>79.2</ele></trkpt>
     <trkpt lat="36.159018" lon="-121.670256"><ele>79.2</ele></trkpt>
     <trkpt lat="36.159382" lon="-121.669963"><ele>86.8</ele></trkpt>
     <trkpt lat="36.159667" lon="-121.669452"><ele>92.0</ele></trkpt>
     <trkpt lat="36.159737" lon="-121.669220"><ele>90.2</ele></trkpt>
     <trkpt lat="36.159751" lon="-121.668875"><ele>94.2</ele></trkpt>
     <trkpt lat="36.159828" lon="-121.668786"><ele>95.2</ele></trkpt>
     <trkpt lat="36.159987" lon="-121.668793"><ele>94.8</ele></trkpt>
     <trkpt lat="36.160121" lon="-121.668731"><ele>98.5</ele></trkpt>
     <trkpt lat="36.160571" lon="-121.668183"><ele>109.5</ele></trkpt>
     <trkpt lat="36.160715" lon="-121.667896"><ele>112.8</ele></trkpt>
     <trkpt lat="36.160908" lon="-121.667135"><ele>127.5</ele></trkpt>
     <trkpt lat="36.160915" lon="-121.666948"><ele>134.5</ele></trkpt>
     <trkpt lat="36.161208" lon="-121.666831"><ele>134.0</ele></trkpt>
     <trkpt lat="36.161387" lon="-121.666653"><ele>134.8</ele></trkpt>
     <trkpt lat="36.161465" lon="-121.666420"><ele>141.0</ele></trkpt>
     <trkpt lat="36.161816" lon="-121.666298"><ele>142.8</ele></trkpt>
     <trkpt lat="36.161743" lon="-121.666073"><ele>148.5</ele></trkpt>
     <trkpt lat="36.161550" lon="-121.666105"><ele>149.8</ele></trkpt>
     <trkpt lat="36.161542" lon="-121.666040"><ele>152.2</ele></trkpt>
     <trkpt lat="36.161715" lon="-121.665820"><ele>156.5</ele></trkpt>
     <trkpt lat="36.161726" lon="-121.665722"><ele>161.8</ele></trkpt>
     <trkpt lat="36.161862" lon="-121.665609"><ele>167.0</ele></trkpt>
     <trkpt lat="36.162026" lon="-121.665592"><ele>167.0</ele></trkpt>
     <trkpt lat="36.162070" lon="-121.665526"><ele>169.5</ele></trkpt>
     <trkpt lat="36.162141" lon="-121.665505"><ele>170.0</ele></trkpt>
     <trkpt lat="36.162197" lon="-121.665391"><ele>174.2</ele></trkpt>
     <trkpt lat="36.162170" lon="-121.665341"><ele>176.8</ele></trkpt>
     <trkpt lat="36.162234" lon="-121.665289"><ele>178.2</ele></trkpt>
     <trkpt lat="36.162302" lon="-121.665120"><ele>184.0</ele></trkpt>
     <trkpt lat="36.162307" lon="-121.664950"><ele>191.2</ele></trkpt>
     <trkpt lat="36.162465" lon="-121.664958"><ele>187.8</ele></trkpt>
     <trkpt lat="36.162583" lon="-121.664687"><ele>201.2</ele></trkpt>
     <trkpt lat="36.162792" lon="-121.664505"><ele>210.5</ele></trkpt>
     <trkpt lat="36.162852" lon="-121.664344"><ele>217.8</ele></trkpt>
     <trkpt lat="36.162764" lon="-121.664220"><ele>223.8</ele></trkpt>
     <trkpt lat="36.162744" lon="-121.664121"><ele>227.8</ele></trkpt>
     <trkpt lat="36.162780" lon="-121.664027"><ele>230.2</ele></trkpt>
     <trkpt lat="36.162702" lon="-121.663878"><ele>235.5</ele></trkpt>
     <trkpt lat="36.162722" lon="-121.663729"><ele>239.8</ele></trkpt>
     <trkpt lat="36.162782" lon="-121.663707"><ele>239.5</ele></trkpt>
     <trkpt lat="36.162792" lon="-121.663648"><ele>241.2</ele></trkpt>
     <trkpt lat="36.162725" lon="-121.663541"><ele>245.2</ele></trkpt>
     <trkpt lat="36.162759" lon="-121.663437"><ele>247.8</ele></trkpt>
     <trkpt lat="36.162709" lon="-121.663281"><ele>253.0</ele></trkpt>
     <trkpt lat="36.162818" lon="-121.663106"><ele>254.2</ele></trkpt>
     <trkpt lat="36.163032" lon="-121.663135"><ele>249.2</ele></trkpt>
     <trkpt lat="36.163393" lon="-121.663710"><ele>234.2</ele></trkpt>
     <trkpt lat="36.163461" lon="-121.663871"><ele>233.2</ele></trkpt>
     <trkpt lat="36.163529" lon="-121.664667"><ele>211.2</ele></trkpt>
     <trkpt lat="36.163606" lon="-121.664775"><ele>209.8</ele></trkpt>
     <trkpt lat="36.164202" lon="-121.664756"><ele>230.0</ele></trkpt>
     <trkpt lat="36.164475" lon="-121.664885"><ele>235.8</ele></trkpt>
     <trkpt lat="36.165570" lon="-121.665943"><ele>252.2</ele></trkpt>
     <trkpt lat="36.165715" lon="-121.666439"><ele>252.2</ele></trkpt>
     <trkpt lat="36.166533" lon="-121.665909"><ele>278.5</ele></trkpt>
     <trkpt lat="36.167105" lon="-121.665718"><ele>293.8</ele></trkpt>
     <trkpt lat="36.167880" lon="-121.665660"><ele>303.5</ele></trkpt>
     <trkpt lat="36.168104" lon="-121.665732"><ele>303.0</ele></trkpt>
     <trkpt lat="36.168702" lon="-121.665523"><ele>314.5</ele></trkpt>
     <trkpt lat="36.168883" lon="-121.665310"><ele>320.8</ele></trkpt>
     <trkpt lat="36.169037" lon="-121.664992"><ele>327.5</ele></trkpt>
     <trkpt lat="36.169210" lon="-121.665016"><ele>328.2</ele></trkpt>
     <trkpt lat="36.169660" lon="-121.664666"><ele>341.0</ele></trkpt>
     <trkpt lat="36.169885" lon="-121.664602"><ele>343.2</ele></trkpt>
     <trkpt lat="36.169988" lon="-121.664833"><ele>340.2</ele></trkpt>
     <trkpt lat="36.170104" lon="-121.664912"><ele>341.5</ele></trkpt>
     <trkpt lat="36.169988" lon="-121.664833"><ele>340.2</ele></trkpt>
     <trkpt lat="36.169885" lon="-121.664602"><ele>343.2</ele></trkpt>
     <trkpt lat="36.169660" lon="-121.664666"><ele>341.0</ele></trkpt>
     <trkpt lat="36.169210" lon="-121.665016"><ele>328.2</ele></trkpt>
     <trkpt lat="36.169037" lon="-121.664992"><ele>327.5</ele></trkpt>
     <trkpt lat="36.168883" lon="-121.665310"><ele>320.8</ele></trkpt>
     <trkpt lat="36.168702" lon="-121.665523"><ele>314.5</ele></trkpt>
     <trkpt lat="36.168104" lon="-121.665732"><ele>303.0</ele></trkpt>
     <trkpt lat="36.167880" lon="-121.665660"><ele>303.5</ele></trkpt>
     <trkpt lat="36.167105" lon="-121.665718"><ele>293.8</ele></trkpt>
     <trkpt lat="36.166533" lon="-121.665909"><ele>278.5</ele></trkpt>
     <trkpt lat="36.165715" lon="-121.666439"><ele>252.2</ele></trkpt>
     <trkpt lat="36.165570" lon="-121.665943"><ele>252.2</ele></trkpt>
     <trkpt lat="36.164475" lon="-121.664885"><ele>235.8</ele></trkpt>
     <trkpt lat="36.164202" lon="-121.664756"><ele>230.0</ele></trkpt>
     <trkpt lat="36.163606" lon="-121.664775"><ele>209.8</ele></trkpt>
     <trkpt lat="36.163529" lon="-121.664667"><ele>211.2</ele></trkpt>
     <trkpt lat="36.163461" lon="-121.663871"><ele>233.2</ele></trkpt>
     <trkpt lat="36.163393" lon="-121.663710"><ele>234.2</ele></trkpt>
     <trkpt lat="36.163032" lon="-121.663135"><ele>249.2</ele></trkpt>
     <trkpt lat="36.162818" lon="-121.663106"><ele>254.2</ele></trkpt>
     <trkpt lat="36.162709" lon="-121.663281"><ele>253.0</ele></trkpt>
     <trkpt lat="36.162759" lon="-121.663437"><ele>247.8</ele></trkpt>
     <trkpt lat="36.162725" lon="-121.663541"><ele>245.2</ele></trkpt>
     <trkpt lat="36.162792" lon="-121.663648"><ele>241.2</ele></trkpt>
     <trkpt lat="36.162782" lon="-121.663707"><ele>239.5</ele></trkpt>
     <trkpt lat="36.162722" lon="-121.663729"><ele>239.8</ele></trkpt>
     <trkpt lat="36.162702" lon="-121.663878"><ele>235.5</ele></trkpt>
     <trkpt lat="36.162780" lon="-121.664027"><ele>230.2</ele></trkpt>
     <trkpt lat="36.162744" lon="-121.664121"><ele>227.8</ele></trkpt>
     <trkpt lat="36.162764" lon="-121.664220"><ele>223.8</ele></trkpt>
     <trkpt lat="36.162852" lon="-121.664344"><ele>217.8</ele></trkpt>
     <trkpt lat="36.162792" lon="-121.664505"><ele>210.5</ele></trkpt>
     <trkpt lat="36.162583" lon="-121.664687"><ele>201.2</ele></trkpt>
     <trkpt lat="36.162465" lon="-121.664958"><ele>187.8</ele></trkpt>
     <trkpt lat="36.162307" lon="-121.664950"><ele>191.2</ele></trkpt>
     <trkpt lat="36.162302" lon="-121.665120"><ele>184.0</ele></trkpt>
     <trkpt lat="36.162234" lon="-121.665289"><ele>178.2</ele></trkpt>
     <trkpt lat="36.162170" lon="-121.665341"><ele>176.8</ele></trkpt>
     <trkpt lat="36.162197" lon="-121.665391"><ele>174.2</ele></trkpt>
     <trkpt lat="36.162141" lon="-121.665505"><ele>170.0</ele></trkpt>
     <trkpt lat="36.162070" lon="-121.665526"><ele>169.5</ele></trkpt>
     <trkpt lat="36.162026" lon="-121.665592"><ele>167.0</ele></trkpt>
     <trkpt lat="36.161862" lon="-121.665609"><ele>167.0</ele></trkpt>
     <trkpt lat="36.161726" lon="-121.665722"><ele>161.8</ele></trkpt>
     <trkpt lat="36.161715" lon="-121.665820"><ele>156.5</ele></trkpt>
     <trkpt lat="36.161542" lon="-121.666040"><ele>152.2</ele></trkpt>
     <trkpt lat="36.161550" lon="-121.666105"><ele>149.8</ele></trkpt>
     <trkpt lat="36.161743" lon="-121.666073"><ele>148.5</ele></trkpt>
     <trkpt lat="36.161816" lon="-121.666298"><ele>142.8</ele></trkpt>
     <trkpt lat="36.161465" lon="-121.666420"><ele>141.0</ele></trkpt>
     <trkpt lat="36.161387" lon="-121.666653"><ele>134.8</ele></trkpt>
     <trkpt lat="36.161208" lon="-121.666831"><ele>134.0</ele></trkpt>
     <trkpt lat="36.160915" lon="-121.666948"><ele>134.5</ele></trkpt>
     <trkpt lat="36.160908" lon="-121.667135"><ele>127.5</ele></trkpt>
     <trkpt lat="36.160715" lon="-121.667896"><ele>112.8</ele></trkpt>
     <trkpt lat="36.160571" lon="-121.668183"><ele>109.5</ele></trkpt>
     <trkpt lat="36.160165" lon="-121.668687"><ele>99.8</ele></trkpt>
     <trkpt lat="36.159987" lon="-121.668793"><ele>94.8</ele></trkpt>
     <trkpt lat="36.159828" lon="-121.668786"><ele>95.2</ele></trkpt>
     <trkpt lat="36.159751" lon="-121.668875"><ele>94.2</ele></trkpt>
     <trkpt lat="36.159737" lon="-121.669220"><ele>90.2</ele></trkpt>
     <trkpt lat="36.159667" lon="-121.669452"><ele>92.0</ele></trkpt>
     <trkpt lat="36.159429" lon="-121.669927"><ele>88.5</ele></trkpt>
     <trkpt lat="36.159018" lon="-121.670256"><ele>79.2</ele></trkpt>
     <trkpt lat="36.158791" lon="-121.670559"><ele>77.2</ele></trkpt>
     <trkpt lat="36.158564" lon="-121.670458"><ele>74.5</ele></trkpt>
     <trkpt lat="36.157982" lon="-121.670313"><ele>79.0</ele></trkpt>
     <trkpt lat="36.157175" lon="-121.670482"><ele>78.2</ele></trkpt>
     <trkpt lat="36.156984" lon="-121.670485"><ele>74.2</ele></trkpt>
     <trkpt lat="36.156564" lon="-121.670343"><ele>65.0</ele></trkpt>
     <trkpt lat="36.156143" lon="-121.669957"><ele>53.8</ele></trkpt>
     <trkpt lat="36.155139" lon="-121.668407"><ele>54.5</ele></trkpt>
     <trkpt lat="36.154069" lon="-121.666535"><ele>58.5</ele></trkpt>
     <trkpt lat="36.153703" lon="-121.666015"><ele>60.2</ele></trkpt>
     <trkpt lat="36.153072" lon="-121.665332"><ele>61.5</ele></trkpt>
     <trkpt lat="36.151741" lon="-121.664269"><ele>64.9</ele></trkpt>
     <trkpt lat="36.150410" lon="-121.663206"><ele>68.2</ele></trkpt>
     <trkpt lat="36.150012" lon="-121.662813"><ele>72.0</ele></trkpt>
     <trkpt lat="36.149642" lon="-121.662354"><ele>75.5</ele></trkpt>
     <trkpt lat="36.148659" lon="-121.661034"><ele>84.2</ele></trkpt>
     <trkpt lat="36.148456" lon="-121.660691"><ele>90.2</ele></trkpt>
     <trkpt lat="36.148308" lon="-121.660342"><ele>95.2</ele></trkpt>
     <trkpt lat="36.147929" lon="-121.659265"><ele>95.0</ele></trkpt>
     <trkpt lat="36.147632" lon="-121.658768"><ele>95.0</ele></trkpt>
     <trkpt lat="36.147040" lon="-121.657979"><ele>97.5</ele></trkpt>
     <trkpt lat="36.146741" lon="-121.657749"><ele>96.2</ele></trkpt>
     <trkpt lat="36.146016" lon="-121.657484"><ele>92.5</ele></trkpt>
     <trkpt lat="36.145759" lon="-121.657334"><ele>91.5</ele></trkpt>
     <trkpt lat="36.145430" lon="-121.657105"><ele>89.2</ele></trkpt>
     <trkpt lat="36.145038" lon="-121.656747"><ele>92.5</ele></trkpt>
     <trkpt lat="36.143356" lon="-121.655015"><ele>97.5</ele></trkpt>
     <trkpt lat="36.142551" lon="-121.654101"><ele>98.8</ele></trkpt>
     <trkpt lat="36.140473" lon="-121.651982"><ele>100.6</ele></trkpt>
     <trkpt lat="36.138396" lon="-121.649864"><ele>102.4</ele></trkpt>
     <trkpt lat="36.136318" lon="-121.647745"><ele>104.2</ele></trkpt>
     <trkpt lat="36.135815" lon="-121.647308"><ele>95.2</ele></trkpt>
     <trkpt lat="36.134836" lon="-121.646692"><ele>101.8</ele></trkpt>
     <trkpt lat="36.133488" lon="-121.645927"><ele>98.2</ele></trkpt>
     <trkpt lat="36.132140" lon="-121.645163"><ele>94.8</ele></trkpt>
     <trkpt lat="36.130885" lon="-121.644365"><ele>87.9</ele></trkpt>
     <trkpt lat="36.129629" lon="-121.643568"><ele>81.0</ele></trkpt>
     <trkpt lat="36.129054" lon="-121.643076"><ele>77.5</ele></trkpt>
     <trkpt lat="36.128038" lon="-121.642056"><ele>69.8</ele></trkpt>
     <trkpt lat="36.127633" lon="-121.641579"><ele>69.0</ele></trkpt>
     <trkpt lat="36.127065" lon="-121.640728"><ele>75.8</ele></trkpt>
     <trkpt lat="36.125704" lon="-121.638210"><ele>71.2</ele></trkpt>
     <trkpt lat="36.125368" lon="-121.637688"><ele>69.8</ele></trkpt>
     <trkpt lat="36.123837" lon="-121.635571"><ele>87.8</ele></trkpt>
     <trkpt lat="36.123714" lon="-121.635748"><ele>76.5</ele></trkpt>
     <trkpt lat="36.123821" lon="-121.636141"><ele>68.8</ele></trkpt>
     <trkpt lat="36.124139" lon="-121.636707"><ele>59.8</ele></trkpt>
     <trkpt lat="36.124267" lon="-121.637111"><ele>56.0</ele></trkpt>
     <trkpt lat="36.124326" lon="-121.637501"><ele>49.0</ele></trkpt>
     <trkpt lat="36.124479" lon="-121.637569"><ele>50.0</ele></trkpt>
     <trkpt lat="36.124706" lon="-121.637856"><ele>47.8</ele></trkpt>
     <trkpt lat="36.124479" lon="-121.637569"><ele>50.0</ele></trkpt>
     <trkpt lat="36.124326" lon="-121.637501"><ele>49.0</ele></trkpt>
     <trkpt lat="36.124267" lon="-121.637111"><ele>56.0</ele></trkpt>
     <trkpt lat="36.124139" lon="-121.636707"><ele>59.8</ele></trkpt>
     <trkpt lat="36.123821" lon="-121.636141"><ele>68.8</ele></trkpt>
     <trkpt lat="36.123714" lon="-121.635748"><ele>76.5</ele></trkpt>
     <trkpt lat="36.123837" lon="-121.635571"><ele>87.8</ele></trkpt>
     <trkpt lat="36.122816" lon="-121.634171"><ele>84.8</ele></trkpt>
     <trkpt lat="36.121995" lon="-121.632776"><ele>101.8</ele></trkpt>
     <trkpt lat="36.121175" lon="-121.631381"><ele>118.8</ele></trkpt>
     <trkpt lat="36.120949" lon="-121.631049"><ele>123.2</ele></trkpt>
     <trkpt lat="36.120700" lon="-121.630774"><ele>130.0</ele></trkpt>
     <trkpt lat="36.120433" lon="-121.630597"><ele>134.0</ele></trkpt>
     <trkpt lat="36.119648" lon="-121.630328"><ele>134.2</ele></trkpt>
     <trkpt lat="36.117522" lon="-121.630038"><ele>130.2</ele></trkpt>
     <trkpt lat="36.116058" lon="-121.629531"><ele>126.5</ele></trkpt>
     <trkpt lat="36.114073" lon="-121.629124"><ele>121.0</ele></trkpt>
     <trkpt lat="36.113044" lon="-121.628774"><ele>113.2</ele></trkpt>
     <trkpt lat="36.112462" lon="-121.628509"><ele>107.0</ele></trkpt>
     <trkpt lat="36.110400" lon="-121.627180"><ele>90.5</ele></trkpt>
     <trkpt lat="36.110020" lon="-121.626716"><ele>91.8</ele></trkpt>
     <trkpt lat="36.109557" lon="-121.625788"><ele>97.0</ele></trkpt>
     <trkpt lat="36.109247" lon="-121.625365"><ele>96.5</ele></trkpt>
     <trkpt lat="36.108851" lon="-121.625114"><ele>97.0</ele></trkpt>
     <trkpt lat="36.108317" lon="-121.624956"><ele>94.2</ele></trkpt>
     <trkpt lat="36.107827" lon="-121.624660"><ele>93.0</ele></trkpt>
     <trkpt lat="36.107439" lon="-121.624247"><ele>91.0</ele></trkpt>
     <trkpt lat="36.107145" lon="-121.623771"><ele>90.2</ele></trkpt>
     <trkpt lat="36.106788" lon="-121.623364"><ele>94.0</ele></trkpt>
     <trkpt lat="36.106566" lon="-121.623195"><ele>96.2</ele></trkpt>
     <trkpt lat="36.106043" lon="-121.622939"><ele>100.8</ele></trkpt>
     <trkpt lat="36.105065" lon="-121.622652"><ele>107.2</ele></trkpt>
     <trkpt lat="36.104587" lon="-121.622453"><ele>103.2</ele></trkpt>
     <trkpt lat="36.102973" lon="-121.621180"><ele>103.2</ele></trkpt>
     <trkpt lat="36.101078" lon="-121.620462"><ele>89.5</ele></trkpt>
     <trkpt lat="36.100306" lon="-121.620331"><ele>84.8</ele></trkpt>
     <trkpt lat="36.099524" lon="-121.620378"><ele>79.0</ele></trkpt>
     <trkpt lat="36.098988" lon="-121.620333"><ele>76.5</ele></trkpt>
     <trkpt lat="36.097332" lon="-121.619682"><ele>83.0</ele></trkpt>
     <trkpt lat="36.095524" lon="-121.619505"><ele>79.2</ele></trkpt>
     <trkpt lat="36.094864" lon="-121.619390"><ele>78.8</ele></trkpt>
     <trkpt lat="36.094428" lon="-121.619245"><ele>76.5</ele></trkpt>
     <trkpt lat="36.093313" lon="-121.618757"><ele>68.0</ele></trkpt>
     <trkpt lat="36.091650" lon="-121.618461"><ele>62.5</ele></trkpt>
     <trkpt lat="36.091326" lon="-121.618295"><ele>62.5</ele></trkpt>
     <trkpt lat="36.090586" lon="-121.617702"><ele>84.8</ele></trkpt>
     <trkpt lat="36.090149" lon="-121.617511"><ele>89.0</ele></trkpt>
     <trkpt lat="36.089744" lon="-121.617529"><ele>86.5</ele></trkpt>
     <trkpt lat="36.089068" lon="-121.617736"><ele>74.0</ele></trkpt>
     <trkpt lat="36.088833" lon="-121.617757"><ele>72.8</ele></trkpt>
     <trkpt lat="36.088422" lon="-121.617733"><ele>75.2</ele></trkpt>
     <trkpt lat="36.087735" lon="-121.617590"><ele>88.8</ele></trkpt>
     <trkpt lat="36.087217" lon="-121.617596"><ele>83.0</ele></trkpt>
     <trkpt lat="36.086947" lon="-121.617521"><ele>82.8</ele></trkpt>
     <trkpt lat="36.086681" lon="-121.617384"><ele>82.2</ele></trkpt>
     <trkpt lat="36.086403" lon="-121.617142"><ele>76.8</ele></trkpt>
     <trkpt lat="36.086204" lon="-121.616839"><ele>75.8</ele></trkpt>
     <trkpt lat="36.086071" lon="-121.616497"><ele>77.5</ele></trkpt>
     <trkpt lat="36.085907" lon="-121.615759"><ele>86.0</ele></trkpt>
     <trkpt lat="36.085812" lon="-121.615512"><ele>88.0</ele></trkpt>
     <trkpt lat="36.085646" lon="-121.615240"><ele>87.8</ele></trkpt>
     <trkpt lat="36.085313" lon="-121.614899"><ele>82.8</ele></trkpt>
     <trkpt lat="36.084576" lon="-121.614292"><ele>76.5</ele></trkpt>
     <trkpt lat="36.084101" lon="-121.613842"><ele>82.5</ele></trkpt>
     <trkpt lat="36.083774" lon="-121.613599"><ele>87.0</ele></trkpt>
     <trkpt lat="36.083481" lon="-121.613458"><ele>85.2</ele></trkpt>
     <trkpt lat="36.083151" lon="-121.613435"><ele>75.5</ele></trkpt>
     <trkpt lat="36.082814" lon="-121.613341"><ele>71.2</ele></trkpt>
     <trkpt lat="36.081336" lon="-121.612505"><ele>70.2</ele></trkpt>
     <trkpt lat="36.080622" lon="-121.611991"><ele>65.2</ele></trkpt>
     <trkpt lat="36.080161" lon="-121.611534"><ele>69.8</ele></trkpt>
     <trkpt lat="36.079681" lon="-121.611165"><ele>70.8</ele></trkpt>
     <trkpt lat="36.079110" lon="-121.610925"><ele>63.5</ele></trkpt>
     <trkpt lat="36.078669" lon="-121.610575"><ele>62.5</ele></trkpt>
     <trkpt lat="36.078374" lon="-121.610190"><ele>65.2</ele></trkpt>
     <trkpt lat="36.077840" lon="-121.609331"><ele>62.5</ele></trkpt>
     <trkpt lat="36.076621" lon="-121.607055"><ele>74.8</ele></trkpt>
     <trkpt lat="36.076332" lon="-121.606617"><ele>79.2</ele></trkpt>
     <trkpt lat="36.076096" lon="-121.606405"><ele>82.8</ele></trkpt>
     <trkpt lat="36.075766" lon="-121.606287"><ele>83.5</ele></trkpt>
     <trkpt lat="36.075296" lon="-121.606252"><ele>89.0</ele></trkpt>
     <trkpt lat="36.074346" lon="-121.606609"><ele>70.0</ele></trkpt>
     <trkpt lat="36.074144" lon="-121.606649"><ele>66.5</ele></trkpt>
     <trkpt lat="36.073939" lon="-121.606629"><ele>64.0</ele></trkpt>
     <trkpt lat="36.073515" lon="-121.606467"><ele>64.2</ele></trkpt>
     <trkpt lat="36.072608" lon="-121.605881"><ele>58.5</ele></trkpt>
     <trkpt lat="36.072365" lon="-121.605661"><ele>54.5</ele></trkpt>
     <trkpt lat="36.072126" lon="-121.605308"><ele>50.0</ele></trkpt>
     <trkpt lat="36.071400" lon="-121.603503"><ele>52.8</ele></trkpt>
     <trkpt lat="36.070505" lon="-121.601726"><ele>41.5</ele></trkpt>
     <trkpt lat="36.070324" lon="-121.601219"><ele>31.0</ele></trkpt>
     <trkpt lat="36.069762" lon="-121.599044"><ele>20.0</ele></trkpt>
     <trkpt lat="36.069651" lon="-121.598754"><ele>26.5</ele></trkpt>
     <trkpt lat="36.069262" lon="-121.598086"><ele>35.0</ele></trkpt>
     <trkpt lat="36.068213" lon="-121.596616"><ele>32.5</ele></trkpt>
     <trkpt lat="36.067240" lon="-121.595122"><ele>43.8</ele></trkpt>
     <trkpt lat="36.066988" lon="-121.594615"><ele>49.0</ele></trkpt>
     <trkpt lat="36.066106" lon="-121.592502"><ele>65.5</ele></trkpt>
     <trkpt lat="36.065958" lon="-121.592248"><ele>68.8</ele></trkpt>
     <trkpt lat="36.065745" lon="-121.592072"><ele>67.5</ele></trkpt>
     <trkpt lat="36.065278" lon="-121.591958"><ele>58.8</ele></trkpt>
     <trkpt lat="36.064814" lon="-121.591778"><ele>56.2</ele></trkpt>
     <trkpt lat="36.063668" lon="-121.591206"><ele>61.5</ele></trkpt>
     <trkpt lat="36.063330" lon="-121.591131"><ele>61.8</ele></trkpt>
     <trkpt lat="36.063048" lon="-121.591123"><ele>61.5</ele></trkpt>
     <trkpt lat="36.061693" lon="-121.591250"><ele>58.2</ele></trkpt>
     <trkpt lat="36.061287" lon="-121.591222"><ele>60.2</ele></trkpt>
     <trkpt lat="36.059669" lon="-121.590835"><ele>67.9</ele></trkpt>
     <trkpt lat="36.058052" lon="-121.590449"><ele>75.5</ele></trkpt>
     <trkpt lat="36.056559" lon="-121.590029"><ele>82.5</ele></trkpt>
     <trkpt lat="36.056183" lon="-121.589840"><ele>82.0</ele></trkpt>
     <trkpt lat="36.055856" lon="-121.589572"><ele>81.5</ele></trkpt>
     <trkpt lat="36.055699" lon="-121.589384"><ele>79.0</ele></trkpt>
     <trkpt lat="36.054878" lon="-121.587930"><ele>86.0</ele></trkpt>
     <trkpt lat="36.054645" lon="-121.587716"><ele>89.5</ele></trkpt>
     <trkpt lat="36.054259" lon="-121.587616"><ele>84.5</ele></trkpt>
     <trkpt lat="36.051921" lon="-121.587390"><ele>87.5</ele></trkpt>
     <trkpt lat="36.051493" lon="-121.587463"><ele>87.2</ele></trkpt>
     <trkpt lat="36.051302" lon="-121.587586"><ele>87.0</ele></trkpt>
     <trkpt lat="36.051072" lon="-121.587831"><ele>84.5</ele></trkpt>
     <trkpt lat="36.050293" lon="-121.589301"><ele>68.8</ele></trkpt>
     <trkpt lat="36.050086" lon="-121.589584"><ele>66.5</ele></trkpt>
     <trkpt lat="36.049883" lon="-121.589725"><ele>65.5</ele></trkpt>
     <trkpt lat="36.049671" lon="-121.589792"><ele>65.0</ele></trkpt>
     <trkpt lat="36.049531" lon="-121.589813"><ele>65.5</ele></trkpt>
     <trkpt lat="36.049231" lon="-121.589718"><ele>72.0</ele></trkpt>
     <trkpt lat="36.049003" lon="-121.589487"><ele>73.0</ele></trkpt>
     <trkpt lat="36.048144" lon="-121.588200"><ele>74.0</ele></trkpt>
     <trkpt lat="36.046476" lon="-121.586388"><ele>67.0</ele></trkpt>
     <trkpt lat="36.045694" lon="-121.585667"><ele>64.8</ele></trkpt>
     <trkpt lat="36.044539" lon="-121.584694"><ele>58.8</ele></trkpt>
     <trkpt lat="36.043383" lon="-121.583722"><ele>52.8</ele></trkpt>
     <trkpt lat="36.042291" lon="-121.582607"><ele>57.1</ele></trkpt>
     <trkpt lat="36.041199" lon="-121.581493"><ele>61.5</ele></trkpt>
     <trkpt lat="36.040617" lon="-121.580990"><ele>67.8</ele></trkpt>
     <trkpt lat="36.039998" lon="-121.580658"><ele>69.5</ele></trkpt>
     <trkpt lat="36.039117" lon="-121.580413"><ele>70.8</ele></trkpt>
     <trkpt lat="36.038258" lon="-121.580115"><ele>75.0</ele></trkpt>
     <trkpt lat="36.037252" lon="-121.579598"><ele>74.5</ele></trkpt>
     <trkpt lat="36.035437" lon="-121.578310"><ele>85.5</ele></trkpt>
     <trkpt lat="36.033376" lon="-121.576748"><ele>91.0</ele></trkpt>
     <trkpt lat="36.031904" lon="-121.575820"><ele>90.8</ele></trkpt>
     <trkpt lat="36.030432" lon="-121.574604"><ele>99.8</ele></trkpt>
     <trkpt lat="36.028591" lon="-121.573798"><ele>93.8</ele></trkpt>
     <trkpt lat="36.026750" lon="-121.572992"><ele>87.8</ele></trkpt>
     <trkpt lat="36.026164" lon="-121.572689"><ele>85.0</ele></trkpt>
     <trkpt lat="36.025395" lon="-121.572131"><ele>79.2</ele></trkpt>
     <trkpt lat="36.024491" lon="-121.571306"><ele>77.5</ele></trkpt>
     <trkpt lat="36.023840" lon="-121.570554"><ele>76.8</ele></trkpt>
     <trkpt lat="36.023143" lon="-121.569430"><ele>74.2</ele></trkpt>
     <trkpt lat="36.022277" lon="-121.567498"><ele>74.0</ele></trkpt>
     <trkpt lat="36.021411" lon="-121.565567"><ele>73.8</ele></trkpt>
     <trkpt lat="36.021236" lon="-121.565111"><ele>74.0</ele></trkpt>
     <trkpt lat="36.021165" lon="-121.564651"><ele>72.8</ele></trkpt>
     <trkpt lat="36.021212" lon="-121.563961"><ele>73.8</ele></trkpt>
     <trkpt lat="36.021714" lon="-121.562124"><ele>89.0</ele></trkpt>
     <trkpt lat="36.021898" lon="-121.561017"><ele>98.8</ele></trkpt>
     <trkpt lat="36.021893" lon="-121.560511"><ele>99.8</ele></trkpt>
     <trkpt lat="36.021773" lon="-121.559168"><ele>109.0</ele></trkpt>
     <trkpt lat="36.021884" lon="-121.556883"><ele>107.9</ele></trkpt>
     <trkpt lat="36.021995" lon="-121.554597"><ele>106.8</ele></trkpt>
     <trkpt lat="36.021939" lon="-121.554142"><ele>106.8</ele></trkpt>
     <trkpt lat="36.021745" lon="-121.553174"><ele>107.0</ele></trkpt>
     <trkpt lat="36.021604" lon="-121.552862"><ele>108.5</ele></trkpt>
     <trkpt lat="36.021433" lon="-121.552597"><ele>108.8</ele></trkpt>
     <trkpt lat="36.021042" lon="-121.552258"><ele>105.2</ele></trkpt>
     <trkpt lat="36.020766" lon="-121.551945"><ele>104.8</ele></trkpt>
     <trkpt lat="36.020617" lon="-121.551708"><ele>106.8</ele></trkpt>
     <trkpt lat="36.020553" lon="-121.551473"><ele>107.2</ele></trkpt>
     <trkpt lat="36.020530" lon="-121.550916"><ele>110.2</ele></trkpt>
     <trkpt lat="36.020905" lon="-121.548906"><ele>123.5</ele></trkpt>
     <trkpt lat="36.020949" lon="-121.548373"><ele>124.5</ele></trkpt>
     <trkpt lat="36.020842" lon="-121.547488"><ele>124.2</ele></trkpt>
     <trkpt lat="36.020474" lon="-121.546033"><ele>123.0</ele></trkpt>
     <trkpt lat="36.020382" lon="-121.545293"><ele>127.5</ele></trkpt>
     <trkpt lat="36.020359" lon="-121.544669"><ele>131.8</ele></trkpt>
     <trkpt lat="36.020518" lon="-121.543317"><ele>135.0</ele></trkpt>
     <trkpt lat="36.020516" lon="-121.542767"><ele>147.0</ele></trkpt>
     <trkpt lat="36.020465" lon="-121.542385"><ele>154.2</ele></trkpt>
     <trkpt lat="36.019839" lon="-121.540472"><ele>154.8</ele></trkpt>
     <trkpt lat="36.019212" lon="-121.538559"><ele>155.2</ele></trkpt>
     <trkpt lat="36.018474" lon="-121.536537"><ele>136.5</ele></trkpt>
     <trkpt lat="36.018307" lon="-121.536220"><ele>134.5</ele></trkpt>
     <trkpt lat="36.018094" lon="-121.535924"><ele>132.2</ele></trkpt>
     <trkpt lat="36.017049" lon="-121.534907"><ele>123.8</ele></trkpt>
     <trkpt lat="36.016840" lon="-121.534617"><ele>122.8</ele></trkpt>
     <trkpt lat="36.016560" lon="-121.534094"><ele>119.2</ele></trkpt>
     <trkpt lat="36.016210" lon="-121.533300"><ele>114.0</ele></trkpt>
     <trkpt lat="36.016108" lon="-121.533011"><ele>113.5</ele></trkpt>
     <trkpt lat="36.015644" lon="-121.531100"><ele>106.1</ele></trkpt>
     <trkpt lat="36.015180" lon="-121.529188"><ele>98.8</ele></trkpt>
     <trkpt lat="36.014889" lon="-121.528518"><ele>96.0</ele></trkpt>
     <trkpt lat="36.014586" lon="-121.528053"><ele>91.0</ele></trkpt>
     <trkpt lat="36.014314" lon="-121.527765"><ele>83.2</ele></trkpt>
     <trkpt lat="36.013353" lon="-121.526915"><ele>71.5</ele></trkpt>
     <trkpt lat="36.011248" lon="-121.524907"><ele>39.8</ele></trkpt>
     <trkpt lat="36.010167" lon="-121.524018"><ele>35.0</ele></trkpt>
     <trkpt lat="36.010039" lon="-121.523849"><ele>35.5</ele></trkpt>
     <trkpt lat="36.009898" lon="-121.523539"><ele>39.8</ele></trkpt>
     <trkpt lat="36.009714" lon="-121.522670"><ele>45.8</ele></trkpt>
     <trkpt lat="36.009686" lon="-121.522338"><ele>45.5</ele></trkpt>
     <trkpt lat="36.009703" lon="-121.521300"><ele>44.5</ele></trkpt>
     <trkpt lat="36.009672" lon="-121.520868"><ele>43.8</ele></trkpt>
     <trkpt lat="36.009582" lon="-121.520394"><ele>39.2</ele></trkpt>
     <trkpt lat="36.009009" lon="-121.518858"><ele>27.8</ele></trkpt>
     <trkpt lat="36.008887" lon="-121.518634"><ele>26.0</ele></trkpt>
     <trkpt lat="36.008545" lon="-121.518204"><ele>22.8</ele></trkpt>
     <trkpt lat="36.008648" lon="-121.518165"><ele>23.8</ele></trkpt>
     <trkpt lat="36.008766" lon="-121.518268"><ele>22.2</ele></trkpt>
     <trkpt lat="36.008900" lon="-121.518220"><ele>23.5</ele></trkpt>
     <trkpt lat="36.009025" lon="-121.518070"><ele>28.2</ele></trkpt>
     <trkpt lat="36.009187" lon="-121.517957"><ele>33.2</ele></trkpt>
     <trkpt lat="36.009408" lon="-121.517914"><ele>38.0</ele></trkpt>
     <trkpt lat="36.009933" lon="-121.518139"><ele>36.8</ele></trkpt>
     <trkpt lat="36.010114" lon="-121.518343"><ele>30.8</ele></trkpt>
     <trkpt lat="36.009992" lon="-121.518381"><ele>30.2</ele></trkpt>
    </trkseg>
  </trk>
  <trk>
    <name>Day 2 - Limekiln State Park to Refugio State Beach</name>
    <trkseg>
     <trkpt lat="36.009981" lon="-121.518383"><ele>30.0</ele></trkpt>
     <trkpt lat="36.010114" lon="-121.518343"><ele>30.8</ele></trkpt>
     <trkpt lat="36.009933" lon="-121.518139"><ele>36.8</ele></trkpt>
     <trkpt lat="36.009408" lon="-121.517914"><ele>38.0</ele></trkpt>
     <trkpt lat="36.009187" lon="-121.517957"><ele>33.2</ele></trkpt>
     <trkpt lat="36.009025" lon="-121.518070"><ele>28.2</ele></trkpt>
     <trkpt lat="36.008900" lon="-121.518220"><ele>23.5</ele></trkpt>
     <trkpt lat="36.008766" lon="-121.518268"><ele>22.2</ele></trkpt>
     <trkpt lat="36.008648" lon="-121.518165"><ele>23.8</ele></trkpt>
     <trkpt lat="36.008545" lon="-121.518204"><ele>22.8</ele></trkpt>
     <trkpt lat="36.008415" lon="-121.517815"><ele>26.0</ele></trkpt>
     <trkpt lat="36.008208" lon="-121.516445"><ele>38.5</ele></trkpt>
     <trkpt lat="36.007878" lon="-121.515218"><ele>42.2</ele></trkpt>
     <trkpt lat="36.007865" lon="-121.513923"><ele>44.5</ele></trkpt>
     <trkpt lat="36.007774" lon="-121.513334"><ele>41.0</ele></trkpt>
     <trkpt lat="36.007610" lon="-121.512770"><ele>45.2</ele></trkpt>
     <trkpt lat="36.007121" lon="-121.511475"><ele>53.2</ele></trkpt>
     <trkpt lat="36.006999" lon="-121.511255"><ele>52.8</ele></trkpt>
     <trkpt lat="36.006343" lon="-121.510299"><ele>47.5</ele></trkpt>
     <trkpt lat="36.005669" lon="-121.509182"><ele>50.8</ele></trkpt>
     <trkpt lat="36.005250" lon="-121.508755"><ele>49.0</ele></trkpt>
     <trkpt lat="36.004681" lon="-121.507858"><ele>53.5</ele></trkpt>
     <trkpt lat="36.003855" lon="-121.506914"><ele>58.8</ele></trkpt>
     <trkpt lat="36.003373" lon="-121.506166"><ele>58.5</ele></trkpt>
     <trkpt lat="36.002763" lon="-121.505068"><ele>71.0</ele></trkpt>
     <trkpt lat="36.002253" lon="-121.504556"><ele>67.2</ele></trkpt>
     <trkpt lat="36.001787" lon="-121.503857"><ele>68.5</ele></trkpt>
     <trkpt lat="36.001116" lon="-121.502989"><ele>69.0</ele></trkpt>
     <trkpt lat="36.000884" lon="-121.502616"><ele>69.0</ele></trkpt>
     <trkpt lat="36.000618" lon="-121.501992"><ele>75.5</ele></trkpt>
     <trkpt lat="36.000413" lon="-121.501654"><ele>75.8</ele></trkpt>
     <trkpt lat="36.000180" lon="-121.501378"><ele>80.8</ele></trkpt>
     <trkpt lat="35.999642" lon="-121.500958"><ele>80.0</ele></trkpt>
     <trkpt lat="35.998892" lon="-121.500236"><ele>75.8</ele></trkpt>
     <trkpt lat="35.996956" lon="-121.498690"><ele>86.8</ele></trkpt>
     <trkpt lat="35.996511" lon="-121.498254"><ele>88.8</ele></trkpt>
     <trkpt lat="35.996050" lon="-121.498007"><ele>93.2</ele></trkpt>
     <trkpt lat="35.994137" lon="-121.497165"><ele>82.9</ele></trkpt>
     <trkpt lat="35.992224" lon="-121.496324"><ele>72.5</ele></trkpt>
     <trkpt lat="35.990089" lon="-121.494918"><ele>60.2</ele></trkpt>
     <trkpt lat="35.990003" lon="-121.495099"><ele>55.8</ele></trkpt>
     <trkpt lat="35.989868" lon="-121.495233"><ele>53.8</ele></trkpt>
     <trkpt lat="35.989635" lon="-121.495099"><ele>54.0</ele></trkpt>
     <trkpt lat="35.989556" lon="-121.495109"><ele>53.5</ele></trkpt>
     <trkpt lat="35.989406" lon="-121.495219"><ele>51.5</ele></trkpt>
     <trkpt lat="35.989119" lon="-121.495639"><ele>43.8</ele></trkpt>
     <trkpt lat="35.989153" lon="-121.495814"><ele>42.8</ele></trkpt>
     <trkpt lat="35.989300" lon="-121.495963"><ele>40.5</ele></trkpt>
     <trkpt lat="35.989514" lon="-121.495937"><ele>42.5</ele></trkpt>
     <trkpt lat="35.989738" lon="-121.495763"><ele>47.0</ele></trkpt>
     <trkpt lat="35.989843" lon="-121.495530"><ele>50.2</ele></trkpt>
     <trkpt lat="35.989868" lon="-121.495233"><ele>53.8</ele></trkpt>
     <trkpt lat="35.990003" lon="-121.495099"><ele>55.8</ele></trkpt>
     <trkpt lat="35.990089" lon="-121.494918"><ele>60.2</ele></trkpt>
     <trkpt lat="35.989714" lon="-121.494681"><ele>59.0</ele></trkpt>
     <trkpt lat="35.988660" lon="-121.494144"><ele>58.5</ele></trkpt>
     <trkpt lat="35.986162" lon="-121.492998"><ele>45.0</ele></trkpt>
     <trkpt lat="35.985277" lon="-121.492698"><ele>36.0</ele></trkpt>
     <trkpt lat="35.984900" lon="-121.492392"><ele>36.5</ele></trkpt>
     <trkpt lat="35.984586" lon="-121.491954"><ele>37.0</ele></trkpt>
     <trkpt lat="35.984314" lon="-121.491685"><ele>34.8</ele></trkpt>
     <trkpt lat="35.983857" lon="-121.491344"><ele>27.2</ele></trkpt>
     <trkpt lat="35.983349" lon="-121.491070"><ele>18.0</ele></trkpt>
     <trkpt lat="35.981668" lon="-121.490224"><ele>29.5</ele></trkpt>
     <trkpt lat="35.981198" lon="-121.490050"><ele>38.0</ele></trkpt>
     <trkpt lat="35.980745" lon="-121.490063"><ele>39.0</ele></trkpt>
     <trkpt lat="35.980401" lon="-121.490139"><ele>33.5</ele></trkpt>
     <trkpt lat="35.980060" lon="-121.490100"><ele>33.5</ele></trkpt>
     <trkpt lat="35.979819" lon="-121.489982"><ele>34.8</ele></trkpt>
     <trkpt lat="35.979160" lon="-121.489485"><ele>46.2</ele></trkpt>
     <trkpt lat="35.978747" lon="-121.489243"><ele>49.5</ele></trkpt>
     <trkpt lat="35.976221" lon="-121.488365"><ele>50.8</ele></trkpt>
     <trkpt lat="35.975030" lon="-121.487894"><ele>66.8</ele></trkpt>
     <trkpt lat="35.974333" lon="-121.487750"><ele>61.8</ele></trkpt>
     <trkpt lat="35.973725" lon="-121.487511"><ele>57.5</ele></trkpt>
     <trkpt lat="35.973446" lon="-121.487358"><ele>53.8</ele></trkpt>
     <trkpt lat="35.972224" lon="-121.486201"><ele>52.2</ele></trkpt>
     <trkpt lat="35.971282" lon="-121.485187"><ele>57.0</ele></trkpt>
     <trkpt lat="35.970766" lon="-121.484780"><ele>60.8</ele></trkpt>
     <trkpt lat="35.970347" lon="-121.484508"><ele>66.5</ele></trkpt>
     <trkpt lat="35.968703" lon="-121.483631"><ele>64.0</ele></trkpt>
     <trkpt lat="35.968512" lon="-121.483554"><ele>64.0</ele></trkpt>
     <trkpt lat="35.967921" lon="-121.483442"><ele>64.0</ele></trkpt>
     <trkpt lat="35.967437" lon="-121.483470"><ele>64.2</ele></trkpt>
     <trkpt lat="35.965816" lon="-121.484047"><ele>50.8</ele></trkpt>
     <trkpt lat="35.965472" lon="-121.484122"><ele>48.0</ele></trkpt>
     <trkpt lat="35.965056" lon="-121.484131"><ele>48.0</ele></trkpt>
     <trkpt lat="35.963410" lon="-121.483970"><ele>48.9</ele></trkpt>
     <trkpt lat="35.961765" lon="-121.483810"><ele>49.8</ele></trkpt>
     <trkpt lat="35.961421" lon="-121.483680"><ele>52.0</ele></trkpt>
     <trkpt lat="35.961076" lon="-121.483485"><ele>55.5</ele></trkpt>
     <trkpt lat="35.959984" lon="-121.482699"><ele>68.5</ele></trkpt>
     <trkpt lat="35.959585" lon="-121.482459"><ele>72.5</ele></trkpt>
     <trkpt lat="35.958561" lon="-121.481962"><ele>77.8</ele></trkpt>
     <trkpt lat="35.957752" lon="-121.481694"><ele>79.8</ele></trkpt>
     <trkpt lat="35.956951" lon="-121.481520"><ele>79.0</ele></trkpt>
     <trkpt lat="35.956296" lon="-121.481455"><ele>79.2</ele></trkpt>
     <trkpt lat="35.954539" lon="-121.481426"><ele>67.0</ele></trkpt>
     <trkpt lat="35.953923" lon="-121.481339"><ele>65.2</ele></trkpt>
     <trkpt lat="35.952843" lon="-121.481018"><ele>60.2</ele></trkpt>
     <trkpt lat="35.951775" lon="-121.480547"><ele>53.2</ele></trkpt>
     <trkpt lat="35.949609" lon="-121.479046"><ele>51.3</ele></trkpt>
     <trkpt lat="35.947443" lon="-121.477545"><ele>49.4</ele></trkpt>
     <trkpt lat="35.945278" lon="-121.476044"><ele>47.5</ele></trkpt>
     <trkpt lat="35.943112" lon="-121.474542"><ele>45.6</ele></trkpt>
     <trkpt lat="35.940946" lon="-121.473041"><ele>43.7</ele></trkpt>
     <trkpt lat="35.938780" lon="-121.471540"><ele>41.8</ele></trkpt>
     <trkpt lat="35.937200" lon="-121.470409"><ele>36.0</ele></trkpt>
     <trkpt lat="35.936333" lon="-121.469881"><ele>39.8</ele></trkpt>
     <trkpt lat="35.935281" lon="-121.469416"><ele>41.0</ele></trkpt>
     <trkpt lat="35.933136" lon="-121.468964"><ele>47.4</ele></trkpt>
     <trkpt lat="35.930990" lon="-121.468513"><ele>53.8</ele></trkpt>
     <trkpt lat="35.929120" lon="-121.467787"><ele>55.3</ele></trkpt>
     <trkpt lat="35.927250" lon="-121.467060"><ele>56.9</ele></trkpt>
     <trkpt lat="35.925380" lon="-121.466334"><ele>58.5</ele></trkpt>
     <trkpt lat="35.924683" lon="-121.466158"><ele>62.0</ele></trkpt>
     <trkpt lat="35.923521" lon="-121.466036"><ele>62.2</ele></trkpt>
     <trkpt lat="35.922757" lon="-121.466050"><ele>57.5</ele></trkpt>
     <trkpt lat="35.921977" lon="-121.466161"><ele>54.0</ele></trkpt>
     <trkpt lat="35.921420" lon="-121.466285"><ele>55.0</ele></trkpt>
     <trkpt lat="35.920348" lon="-121.466679"><ele>62.2</ele></trkpt>
     <trkpt lat="35.919693" lon="-121.467046"><ele>61.8</ele></trkpt>
     <trkpt lat="35.918954" lon="-121.467577"><ele>61.2</ele></trkpt>
     <trkpt lat="35.918806" lon="-121.467011"><ele>67.0</ele></trkpt>
     <trkpt lat="35.918862" lon="-121.466709"><ele>68.8</ele></trkpt>
     <trkpt lat="35.918767" lon="-121.466377"><ele>70.2</ele></trkpt>
     <trkpt lat="35.918665" lon="-121.466132"><ele>71.2</ele></trkpt>
     <trkpt lat="35.918551" lon="-121.465986"><ele>72.0</ele></trkpt>
     <trkpt lat="35.918325" lon="-121.465875"><ele>73.0</ele></trkpt>
     <trkpt lat="35.918051" lon="-121.466107"><ele>77.5</ele></trkpt>
     <trkpt lat="35.918047" lon="-121.466786"><ele>73.8</ele></trkpt>
     <trkpt lat="35.918084" lon="-121.467060"><ele>72.5</ele></trkpt>
     <trkpt lat="35.918274" lon="-121.467344"><ele>70.5</ele></trkpt>
     <trkpt lat="35.918806" lon="-121.467011"><ele>67.0</ele></trkpt>
     <trkpt lat="35.918954" lon="-121.467577"><ele>61.2</ele></trkpt>
     <trkpt lat="35.918054" lon="-121.468274"><ele>62.0</ele></trkpt>
     <trkpt lat="35.917316" lon="-121.468775"><ele>62.2</ele></trkpt>
     <trkpt lat="35.916763" lon="-121.469064"><ele>63.0</ele></trkpt>
     <trkpt lat="35.916157" lon="-121.469221"><ele>64.5</ele></trkpt>
     <trkpt lat="35.915446" lon="-121.469200"><ele>65.8</ele></trkpt>
     <trkpt lat="35.914805" lon="-121.469039"><ele>67.0</ele></trkpt>
     <trkpt lat="35.913727" lon="-121.468314"><ele>64.5</ele></trkpt>
     <trkpt lat="35.911526" lon="-121.466492"><ele>77.2</ele></trkpt>
     <trkpt lat="35.909325" lon="-121.464670"><ele>90.0</ele></trkpt>
     <trkpt lat="35.907124" lon="-121.462848"><ele>102.8</ele></trkpt>
     <trkpt lat="35.906889" lon="-121.462670"><ele>101.0</ele></trkpt>
     <trkpt lat="35.905560" lon="-121.462165"><ele>88.5</ele></trkpt>
     <trkpt lat="35.905409" lon="-121.462058"><ele>88.2</ele></trkpt>
     <trkpt lat="35.905139" lon="-121.461646"><ele>98.0</ele></trkpt>
     <trkpt lat="35.904916" lon="-121.461400"><ele>100.8</ele></trkpt>
     <trkpt lat="35.904732" lon="-121.461231"><ele>102.2</ele></trkpt>
     <trkpt lat="35.904533" lon="-121.461133"><ele>101.5</ele></trkpt>
     <trkpt lat="35.904378" lon="-121.461086"><ele>100.0</ele></trkpt>
     <trkpt lat="35.904048" lon="-121.461102"><ele>95.5</ele></trkpt>
     <trkpt lat="35.903184" lon="-121.461418"><ele>88.2</ele></trkpt>
     <trkpt lat="35.901178" lon="-121.462674"><ele>79.2</ele></trkpt>
     <trkpt lat="35.900876" lon="-121.462771"><ele>82.5</ele></trkpt>
     <trkpt lat="35.900583" lon="-121.462783"><ele>80.5</ele></trkpt>
     <trkpt lat="35.900236" lon="-121.462691"><ele>78.5</ele></trkpt>
     <trkpt lat="35.899801" lon="-121.462366"><ele>71.2</ele></trkpt>
     <trkpt lat="35.899593" lon="-121.462053"><ele>69.0</ele></trkpt>
     <trkpt lat="35.899236" lon="-121.461242"><ele>79.2</ele></trkpt>
     <trkpt lat="35.899045" lon="-121.460895"><ele>82.8</ele></trkpt>
     <trkpt lat="35.898610" lon="-121.460401"><ele>78.0</ele></trkpt>
     <trkpt lat="35.898107" lon="-121.460054"><ele>70.2</ele></trkpt>
     <trkpt lat="35.897829" lon="-121.459926"><ele>67.5</ele></trkpt>
     <trkpt lat="35.896978" lon="-121.459719"><ele>66.2</ele></trkpt>
     <trkpt lat="35.896692" lon="-121.459670"><ele>67.5</ele></trkpt>
     <trkpt lat="35.896052" lon="-121.459748"><ele>55.8</ele></trkpt>
     <trkpt lat="35.895705" lon="-121.459868"><ele>49.5</ele></trkpt>
     <trkpt lat="35.895429" lon="-121.460115"><ele>44.2</ele></trkpt>
     <trkpt lat="35.895221" lon="-121.460211"><ele>43.2</ele></trkpt>
     <trkpt lat="35.894579" lon="-121.460390"><ele>42.5</ele></trkpt>
     <trkpt lat="35.892741" lon="-121.460683"><ele>40.8</ele></trkpt>
     <trkpt lat="35.891218" lon="-121.460684"><ele>50.5</ele></trkpt>
     <trkpt lat="35.890580" lon="-121.460860"><ele>53.5</ele></trkpt>
     <trkpt lat="35.889995" lon="-121.461181"><ele>61.2</ele></trkpt>
     <trkpt lat="35.889749" lon="-121.461208"><ele>61.5</ele></trkpt>
     <trkpt lat="35.889256" lon="-121.461145"><ele>64.2</ele></trkpt>
     <trkpt lat="35.888318" lon="-121.460575"><ele>71.0</ele></trkpt>
     <trkpt lat="35.887525" lon="-121.460547"><ele>66.0</ele></trkpt>
     <trkpt lat="35.887202" lon="-121.460444"><ele>68.5</ele></trkpt>
     <trkpt lat="35.886972" lon="-121.460284"><ele>72.2</ele></trkpt>
     <trkpt lat="35.886606" lon="-121.459921"><ele>76.2</ele></trkpt>
     <trkpt lat="35.885580" lon="-121.458721"><ele>81.0</ele></trkpt>
     <trkpt lat="35.885766" lon="-121.458595"><ele>84.0</ele></trkpt>
     <trkpt lat="35.885592" lon="-121.458041"><ele>89.5</ele></trkpt>
     <trkpt lat="35.885392" lon="-121.457188"><ele>100.0</ele></trkpt>
     <trkpt lat="35.885474" lon="-121.457108"><ele>101.8</ele></trkpt>
     <trkpt lat="35.885568" lon="-121.457122"><ele>102.0</ele></trkpt>
     <trkpt lat="35.885697" lon="-121.457210"><ele>100.8</ele></trkpt>
     <trkpt lat="35.886298" lon="-121.457422"><ele>106.5</ele></trkpt>
     <trkpt lat="35.886383" lon="-121.457322"><ele>109.0</ele></trkpt>
     <trkpt lat="35.886407" lon="-121.457175"><ele>110.8</ele></trkpt>
     <trkpt lat="35.886382" lon="-121.457054"><ele>111.5</ele></trkpt>
     <trkpt lat="35.886062" lon="-121.456493"><ele>114.2</ele></trkpt>
     <trkpt lat="35.885872" lon="-121.455765"><ele>121.5</ele></trkpt>
     <trkpt lat="35.885872" lon="-121.455197"><ele>125.2</ele></trkpt>
     <trkpt lat="35.885683" lon="-121.454678"><ele>129.2</ele></trkpt>
     <trkpt lat="35.885603" lon="-121.454562"><ele>130.0</ele></trkpt>
     <trkpt lat="35.885029" lon="-121.453885"><ele>124.0</ele></trkpt>
     <trkpt lat="35.884733" lon="-121.453708"><ele>120.8</ele></trkpt>
     <trkpt lat="35.884595" lon="-121.453681"><ele>119.8</ele></trkpt>
     <trkpt lat="35.884275" lon="-121.453833"><ele>116.8</ele></trkpt>
     <trkpt lat="35.884061" lon="-121.454134"><ele>113.8</ele></trkpt>
     <trkpt lat="35.884040" lon="-121.454397"><ele>115.2</ele></trkpt>
     <trkpt lat="35.884066" lon="-121.454532"><ele>116.2</ele></trkpt>
     <trkpt lat="35.884165" lon="-121.454727"><ele>118.5</ele></trkpt>
     <trkpt lat="35.884248" lon="-121.454749"><ele>119.8</ele></trkpt>
     <trkpt lat="35.884538" lon="-121.454633"><ele>122.0</ele></trkpt>
     <trkpt lat="35.884667" lon="-121.454735"><ele>124.0</ele></trkpt>
     <trkpt lat="35.884691" lon="-121.454858"><ele>125.0</ele></trkpt>
     <trkpt lat="35.884668" lon="-121.454989"><ele>125.5</ele></trkpt>
     <trkpt lat="35.884601" lon="-121.455110"><ele>124.5</ele></trkpt>
     <trkpt lat="35.884455" lon="-121.455210"><ele>122.5</ele></trkpt>
     <trkpt lat="35.884297" lon="-121.455170"><ele>121.0</ele></trkpt>
     <trkpt lat="35.884455" lon="-121.455210"><ele>122.5</ele></trkpt>
     <trkpt lat="35.884601" lon="-121.455110"><ele>124.5</ele></trkpt>
     <trkpt lat="35.884668" lon="-121.454989"><ele>125.5</ele></trkpt>
     <trkpt lat="35.884691" lon="-121.454858"><ele>125.0</ele></trkpt>
     <trkpt lat="35.884667" lon="-121.454735"><ele>124.0</ele></trkpt>
     <trkpt lat="35.884538" lon="-121.454633"><ele>122.0</ele></trkpt>
     <trkpt lat="35.884248" lon="-121.454749"><ele>119.8</ele></trkpt>
     <trkpt lat="35.884165" lon="-121.454727"><ele>118.5</ele></trkpt>
     <trkpt lat="35.884066" lon="-121.454532"><ele>116.2</ele></trkpt>
     <trkpt lat="35.884040" lon="-121.454397"><ele>115.2</ele></trkpt>
     <trkpt lat="35.884061" lon="-121.454134"><ele>113.8</ele></trkpt>
     <trkpt lat="35.884275" lon="-121.453833"><ele>116.8</ele></trkpt>
     <trkpt lat="35.884595" lon="-121.453681"><ele>119.8</ele></trkpt>
     <trkpt lat="35.884878" lon="-121.453772"><ele>122.0</ele></trkpt>
     <trkpt lat="35.885029" lon="-121.453885"><ele>124.0</ele></trkpt>
     <trkpt lat="35.885603" lon="-121.454562"><ele>130.0</ele></trkpt>
     <trkpt lat="35.885786" lon="-121.454928"><ele>126.8</ele></trkpt>
     <trkpt lat="35.885872" lon="-121.455197"><ele>125.2</ele></trkpt>
     <trkpt lat="35.885872" lon="-121.455765"><ele>121.5</ele></trkpt>
     <trkpt lat="35.886062" lon="-121.456493"><ele>114.2</ele></trkpt>
     <trkpt lat="35.886382" lon="-121.457054"><ele>111.5</ele></trkpt>
     <trkpt lat="35.886407" lon="-121.457175"><ele>110.8</ele></trkpt>
     <trkpt lat="35.886383" lon="-121.457322"><ele>109.0</ele></trkpt>
     <trkpt lat="35.886298" lon="-121.457422"><ele>106.5</ele></trkpt>
     <trkpt lat="35.885697" lon="-121.457210"><ele>100.8</ele></trkpt>
     <trkpt lat="35.885568" lon="-121.457122"><ele>102.0</ele></trkpt>
     <trkpt lat="35.885474" lon="-121.457108"><ele>101.8</ele></trkpt>
     <trkpt lat="35.885392" lon="-121.457188"><ele>100.0</ele></trkpt>
     <trkpt lat="35.885592" lon="-121.458041"><ele>89.5</ele></trkpt>
     <trkpt lat="35.885766" lon="-121.458595"><ele>84.0</ele></trkpt>
     <trkpt lat="35.885580" lon="-121.458721"><ele>81.0</ele></trkpt>
     <trkpt lat="35.884500" lon="-121.457473"><ele>85.2</ele></trkpt>
     <trkpt lat="35.883420" lon="-121.456226"><ele>89.5</ele></trkpt>
     <trkpt lat="35.882840" lon="-121.455464"><ele>86.5</ele></trkpt>
     <trkpt lat="35.882609" lon="-121.454952"><ele>91.8</ele></trkpt>
     <trkpt lat="35.882504" lon="-121.454609"><ele>90.8</ele></trkpt>
     <trkpt lat="35.882210" lon="-121.453281"><ele>83.5</ele></trkpt>
     <trkpt lat="35.881898" lon="-121.452506"><ele>97.2</ele></trkpt>
     <trkpt lat="35.881714" lon="-121.452184"><ele>99.2</ele></trkpt>
     <trkpt lat="35.880549" lon="-121.450843"><ele>103.5</ele></trkpt>
     <trkpt lat="35.878851" lon="-121.449015"><ele>106.8</ele></trkpt>
     <trkpt lat="35.877693" lon="-121.447669"><ele>112.0</ele></trkpt>
     <trkpt lat="35.876545" lon="-121.446440"><ele>104.8</ele></trkpt>
     <trkpt lat="35.875492" lon="-121.445611"><ele>114.8</ele></trkpt>
     <trkpt lat="35.874792" lon="-121.445220"><ele>116.5</ele></trkpt>
     <trkpt lat="35.872655" lon="-121.444267"><ele>105.2</ele></trkpt>
     <trkpt lat="35.872336" lon="-121.444052"><ele>103.0</ele></trkpt>
     <trkpt lat="35.872063" lon="-121.443759"><ele>99.8</ele></trkpt>
     <trkpt lat="35.871843" lon="-121.443404"><ele>101.0</ele></trkpt>
     <trkpt lat="35.871692" lon="-121.442987"><ele>99.0</ele></trkpt>
     <trkpt lat="35.871031" lon="-121.439886"><ele>97.5</ele></trkpt>
     <trkpt lat="35.870892" lon="-121.439460"><ele>90.0</ele></trkpt>
     <trkpt lat="35.870660" lon="-121.439062"><ele>88.8</ele></trkpt>
     <trkpt lat="35.869522" lon="-121.437880"><ele>94.8</ele></trkpt>
     <trkpt lat="35.867791" lon="-121.436207"><ele>102.8</ele></trkpt>
     <trkpt lat="35.867488" lon="-121.435979"><ele>105.2</ele></trkpt>
     <trkpt lat="35.866874" lon="-121.435705"><ele>84.2</ele></trkpt>
     <trkpt lat="35.866628" lon="-121.435509"><ele>78.8</ele></trkpt>
     <trkpt lat="35.866468" lon="-121.435222"><ele>78.2</ele></trkpt>
     <trkpt lat="35.866331" lon="-121.434722"><ele>84.0</ele></trkpt>
     <trkpt lat="35.866050" lon="-121.434036"><ele>81.0</ele></trkpt>
     <trkpt lat="35.865287" lon="-121.432883"><ele>56.2</ele></trkpt>
     <trkpt lat="35.864275" lon="-121.431940"><ele>45.5</ele></trkpt>
     <trkpt lat="35.864021" lon="-121.431619"><ele>44.2</ele></trkpt>
     <trkpt lat="35.863935" lon="-121.431477"><ele>43.8</ele></trkpt>
     <trkpt lat="35.863326" lon="-121.429649"><ele>39.5</ele></trkpt>
     <trkpt lat="35.863200" lon="-121.429400"><ele>43.5</ele></trkpt>
     <trkpt lat="35.862957" lon="-121.429062"><ele>46.0</ele></trkpt>
     <trkpt lat="35.862083" lon="-121.428266"><ele>40.0</ele></trkpt>
     <trkpt lat="35.861078" lon="-121.426331"><ele>45.0</ele></trkpt>
     <trkpt lat="35.860323" lon="-121.425196"><ele>33.8</ele></trkpt>
     <trkpt lat="35.860073" lon="-121.424633"><ele>33.0</ele></trkpt>
     <trkpt lat="35.859956" lon="-121.424310"><ele>33.8</ele></trkpt>
     <trkpt lat="35.859832" lon="-121.423768"><ele>35.0</ele></trkpt>
     <trkpt lat="35.859543" lon="-121.422187"><ele>36.5</ele></trkpt>
     <trkpt lat="35.859184" lon="-121.420643"><ele>32.0</ele></trkpt>
     <trkpt lat="35.858875" lon="-121.418555"><ele>30.5</ele></trkpt>
     <trkpt lat="35.858482" lon="-121.416709"><ele>23.2</ele></trkpt>
     <trkpt lat="35.858151" lon="-121.415857"><ele>28.2</ele></trkpt>
     <trkpt lat="35.857742" lon="-121.415005"><ele>33.5</ele></trkpt>
     <trkpt lat="35.857386" lon="-121.414436"><ele>33.5</ele></trkpt>
     <trkpt lat="35.856211" lon="-121.412798"><ele>49.2</ele></trkpt>
     <trkpt lat="35.855941" lon="-121.412473"><ele>44.8</ele></trkpt>
     <trkpt lat="35.855424" lon="-121.411978"><ele>45.8</ele></trkpt>
     <trkpt lat="35.854997" lon="-121.411699"><ele>32.0</ele></trkpt>
     <trkpt lat="35.854705" lon="-121.411585"><ele>37.2</ele></trkpt>
     <trkpt lat="35.854007" lon="-121.411526"><ele>31.2</ele></trkpt>
     <trkpt lat="35.853861" lon="-121.411434"><ele>32.8</ele></trkpt>
     <trkpt lat="35.853707" lon="-121.411273"><ele>36.2</ele></trkpt>
     <trkpt lat="35.853236" lon="-121.410416"><ele>58.2</ele></trkpt>
     <trkpt lat="35.852963" lon="-121.410144"><ele>60.0</ele></trkpt>
     <trkpt lat="35.852688" lon="-121.409975"><ele>52.8</ele></trkpt>
     <trkpt lat="35.852387" lon="-121.409853"><ele>48.2</ele></trkpt>
     <trkpt lat="35.851060" lon="-121.409524"><ele>48.2</ele></trkpt>
     <trkpt lat="35.850821" lon="-121.409412"><ele>48.2</ele></trkpt>
     <trkpt lat="35.850665" lon="-121.409291"><ele>48.2</ele></trkpt>
     <trkpt lat="35.850106" lon="-121.408301"><ele>47.2</ele></trkpt>
     <trkpt lat="35.849613" lon="-121.407828"><ele>47.5</ele></trkpt>
     <trkpt lat="35.849319" lon="-121.407614"><ele>47.8</ele></trkpt>
     <trkpt lat="35.848796" lon="-121.407315"><ele>48.0</ele></trkpt>
     <trkpt lat="35.848411" lon="-121.407197"><ele>54.2</ele></trkpt>
     <trkpt lat="35.846918" lon="-121.407082"><ele>66.5</ele></trkpt>
     <trkpt lat="35.846658" lon="-121.407018"><ele>63.0</ele></trkpt>
     <trkpt lat="35.846474" lon="-121.406860"><ele>66.0</ele></trkpt>
     <trkpt lat="35.846330" lon="-121.406633"><ele>71.5</ele></trkpt>
     <trkpt lat="35.846239" lon="-121.406289"><ele>77.8</ele></trkpt>
     <trkpt lat="35.846239" lon="-121.406010"><ele>85.0</ele></trkpt>
     <trkpt lat="35.846188" lon="-121.405744"><ele>90.0</ele></trkpt>
     <trkpt lat="35.846049" lon="-121.405567"><ele>90.8</ele></trkpt>
     <trkpt lat="35.845704" lon="-121.405493"><ele>86.8</ele></trkpt>
     <trkpt lat="35.844849" lon="-121.405584"><ele>73.0</ele></trkpt>
     <trkpt lat="35.844657" lon="-121.405512"><ele>69.0</ele></trkpt>
     <trkpt lat="35.844329" lon="-121.405211"><ele>70.0</ele></trkpt>
     <trkpt lat="35.844186" lon="-121.404999"><ele>74.5</ele></trkpt>
     <trkpt lat="35.843920" lon="-121.404324"><ele>86.0</ele></trkpt>
     <trkpt lat="35.843781" lon="-121.404083"><ele>88.2</ele></trkpt>
     <trkpt lat="35.843271" lon="-121.403439"><ele>92.8</ele></trkpt>
     <trkpt lat="35.842362" lon="-121.401643"><ele>110.8</ele></trkpt>
     <trkpt lat="35.842072" lon="-121.401234"><ele>115.5</ele></trkpt>
     <trkpt lat="35.841834" lon="-121.401039"><ele>117.2</ele></trkpt>
     <trkpt lat="35.841419" lon="-121.400878"><ele>120.5</ele></trkpt>
     <trkpt lat="35.841130" lon="-121.400861"><ele>122.8</ele></trkpt>
     <trkpt lat="35.840425" lon="-121.401042"><ele>108.8</ele></trkpt>
     <trkpt lat="35.840176" lon="-121.401025"><ele>104.8</ele></trkpt>
     <trkpt lat="35.839984" lon="-121.400893"><ele>108.2</ele></trkpt>
     <trkpt lat="35.839828" lon="-121.400542"><ele>115.0</ele></trkpt>
     <trkpt lat="35.839767" lon="-121.400165"><ele>127.8</ele></trkpt>
     <trkpt lat="35.839683" lon="-121.399910"><ele>135.8</ele></trkpt>
     <trkpt lat="35.839429" lon="-121.399599"><ele>141.5</ele></trkpt>
     <trkpt lat="35.837714" lon="-121.398164"><ele>144.5</ele></trkpt>
     <trkpt lat="35.837455" lon="-121.397877"><ele>146.2</ele></trkpt>
     <trkpt lat="35.837244" lon="-121.397602"><ele>148.2</ele></trkpt>
     <trkpt lat="35.837078" lon="-121.397282"><ele>150.5</ele></trkpt>
     <trkpt lat="35.836856" lon="-121.396642"><ele>157.5</ele></trkpt>
     <trkpt lat="35.836647" lon="-121.396208"><ele>157.8</ele></trkpt>
     <trkpt lat="35.835902" lon="-121.395262"><ele>156.2</ele></trkpt>
     <trkpt lat="35.835790" lon="-121.395020"><ele>157.5</ele></trkpt>
     <trkpt lat="35.835719" lon="-121.394744"><ele>156.5</ele></trkpt>
     <trkpt lat="35.835713" lon="-121.394440"><ele>159.2</ele></trkpt>
     <trkpt lat="35.835769" lon="-121.394126"><ele>164.0</ele></trkpt>
     <trkpt lat="35.836206" lon="-121.393258"><ele>174.5</ele></trkpt>
     <trkpt lat="35.836328" lon="-121.392854"><ele>179.5</ele></trkpt>
     <trkpt lat="35.836348" lon="-121.392629"><ele>178.8</ele></trkpt>
     <trkpt lat="35.836310" lon="-121.392325"><ele>178.8</ele></trkpt>
     <trkpt lat="35.836188" lon="-121.392083"><ele>180.0</ele></trkpt>
     <trkpt lat="35.836092" lon="-121.391983"><ele>181.0</ele></trkpt>
     <trkpt lat="35.835933" lon="-121.391954"><ele>180.0</ele></trkpt>
     <trkpt lat="35.835760" lon="-121.391992"><ele>181.0</ele></trkpt>
     <trkpt lat="35.835308" lon="-121.392390"><ele>184.5</ele></trkpt>
     <trkpt lat="35.834865" lon="-121.392967"><ele>169.2</ele></trkpt>
     <trkpt lat="35.834611" lon="-121.393117"><ele>165.5</ele></trkpt>
     <trkpt lat="35.834498" lon="-121.393124"><ele>167.0</ele></trkpt>
     <trkpt lat="35.834363" lon="-121.393116"><ele>169.5</ele></trkpt>
     <trkpt lat="35.834076" lon="-121.392893"><ele>181.0</ele></trkpt>
     <trkpt lat="35.833991" lon="-121.392774"><ele>184.2</ele></trkpt>
     <trkpt lat="35.833741" lon="-121.392171"><ele>201.2</ele></trkpt>
     <trkpt lat="35.833667" lon="-121.392059"><ele>203.2</ele></trkpt>
     <trkpt lat="35.833484" lon="-121.391912"><ele>203.5</ele></trkpt>
     <trkpt lat="35.833255" lon="-121.391889"><ele>200.5</ele></trkpt>
     <trkpt lat="35.832754" lon="-121.391994"><ele>200.5</ele></trkpt>
     <trkpt lat="35.832426" lon="-121.391921"><ele>203.0</ele></trkpt>
     <trkpt lat="35.832126" lon="-121.391633"><ele>204.0</ele></trkpt>
     <trkpt lat="35.831397" lon="-121.390690"><ele>207.0</ele></trkpt>
     <trkpt lat="35.831024" lon="-121.389804"><ele>227.8</ele></trkpt>
     <trkpt lat="35.830882" lon="-121.389650"><ele>229.5</ele></trkpt>
     <trkpt lat="35.830591" lon="-121.389476"><ele>229.0</ele></trkpt>
     <trkpt lat="35.829889" lon="-121.389166"><ele>228.2</ele></trkpt>
     <trkpt lat="35.829535" lon="-121.388928"><ele>225.8</ele></trkpt>
     <trkpt lat="35.829317" lon="-121.388737"><ele>225.5</ele></trkpt>
     <trkpt lat="35.829122" lon="-121.388492"><ele>227.8</ele></trkpt>
     <trkpt lat="35.828407" lon="-121.387278"><ele>232.5</ele></trkpt>
     <trkpt lat="35.828077" lon="-121.386918"><ele>232.0</ele></trkpt>
     <trkpt lat="35.827769" lon="-121.386645"><ele>229.5</ele></trkpt>
     <trkpt lat="35.827435" lon="-121.386419"><ele>225.0</ele></trkpt>
     <trkpt lat="35.826384" lon="-121.385845"><ele>214.2</ele></trkpt>
     <trkpt lat="35.826035" lon="-121.385353"><ele>213.0</ele></trkpt>
     <trkpt lat="35.825931" lon="-121.385100"><ele>213.5</ele></trkpt>
     <trkpt lat="35.825726" lon="-121.384197"><ele>218.2</ele></trkpt>
     <trkpt lat="35.825660" lon="-121.383622"><ele>223.5</ele></trkpt>
     <trkpt lat="35.825673" lon="-121.382986"><ele>233.2</ele></trkpt>
     <trkpt lat="35.825648" lon="-121.382730"><ele>235.5</ele></trkpt>
     <trkpt lat="35.825570" lon="-121.382519"><ele>235.5</ele></trkpt>
     <trkpt lat="35.824373" lon="-121.380986"><ele>235.5</ele></trkpt>
     <trkpt lat="35.823609" lon="-121.380535"><ele>237.5</ele></trkpt>
     <trkpt lat="35.823229" lon="-121.380150"><ele>237.5</ele></trkpt>
     <trkpt lat="35.823077" lon="-121.379850"><ele>238.8</ele></trkpt>
     <trkpt lat="35.822933" lon="-121.379360"><ele>241.2</ele></trkpt>
     <trkpt lat="35.822942" lon="-121.378363"><ele>241.2</ele></trkpt>
     <trkpt lat="35.822868" lon="-121.378073"><ele>244.2</ele></trkpt>
     <trkpt lat="35.822725" lon="-121.377839"><ele>245.8</ele></trkpt>
     <trkpt lat="35.822584" lon="-121.377698"><ele>246.0</ele></trkpt>
     <trkpt lat="35.822393" lon="-121.377648"><ele>244.0</ele></trkpt>
     <trkpt lat="35.821462" lon="-121.377526"><ele>230.0</ele></trkpt>
     <trkpt lat="35.821236" lon="-121.377397"><ele>224.0</ele></trkpt>
     <trkpt lat="35.821078" lon="-121.377177"><ele>220.5</ele></trkpt>
     <trkpt lat="35.821031" lon="-121.376965"><ele>221.0</ele></trkpt>
     <trkpt lat="35.821032" lon="-121.376742"><ele>222.8</ele></trkpt>
     <trkpt lat="35.821127" lon="-121.376454"><ele>220.2</ele></trkpt>
     <trkpt lat="35.821262" lon="-121.376292"><ele>219.8</ele></trkpt>
     <trkpt lat="35.821530" lon="-121.376118"><ele>222.5</ele></trkpt>
     <trkpt lat="35.821695" lon="-121.375944"><ele>223.0</ele></trkpt>
     <trkpt lat="35.821809" lon="-121.375710"><ele>224.2</ele></trkpt>
     <trkpt lat="35.821854" lon="-121.375347"><ele>226.2</ele></trkpt>
     <trkpt lat="35.821845" lon="-121.375010"><ele>226.5</ele></trkpt>
     <trkpt lat="35.821780" lon="-121.374612"><ele>228.5</ele></trkpt>
     <trkpt lat="35.821675" lon="-121.374368"><ele>229.2</ele></trkpt>
     <trkpt lat="35.821548" lon="-121.374220"><ele>228.5</ele></trkpt>
     <trkpt lat="35.821353" lon="-121.374102"><ele>228.0</ele></trkpt>
     <trkpt lat="35.821153" lon="-121.374054"><ele>226.2</ele></trkpt>
     <trkpt lat="35.820896" lon="-121.374096"><ele>219.5</ele></trkpt>
     <trkpt lat="35.820182" lon="-121.374476"><ele>202.5</ele></trkpt>
     <trkpt lat="35.819913" lon="-121.374523"><ele>197.8</ele></trkpt>
     <trkpt lat="35.819698" lon="-121.374430"><ele>195.8</ele></trkpt>
     <trkpt lat="35.819177" lon="-121.373853"><ele>203.8</ele></trkpt>
     <trkpt lat="35.818849" lon="-121.373777"><ele>201.5</ele></trkpt>
     <trkpt lat="35.818520" lon="-121.373872"><ele>193.2</ele></trkpt>
     <trkpt lat="35.818144" lon="-121.373896"><ele>182.2</ele></trkpt>
     <trkpt lat="35.817963" lon="-121.373844"><ele>177.0</ele></trkpt>
     <trkpt lat="35.817839" lon="-121.373753"><ele>175.2</ele></trkpt>
     <trkpt lat="35.817702" lon="-121.373597"><ele>174.5</ele></trkpt>
     <trkpt lat="35.817586" lon="-121.373248"><ele>177.8</ele></trkpt>
     <trkpt lat="35.817510" lon="-121.371620"><ele>182.8</ele></trkpt>
     <trkpt lat="35.817424" lon="-121.371216"><ele>181.2</ele></trkpt>
     <trkpt lat="35.817293" lon="-121.370878"><ele>177.8</ele></trkpt>
     <trkpt lat="35.817104" lon="-121.370573"><ele>175.0</ele></trkpt>
     <trkpt lat="35.816715" lon="-121.370202"><ele>166.5</ele></trkpt>
     <trkpt lat="35.816394" lon="-121.370052"><ele>163.2</ele></trkpt>
     <trkpt lat="35.814723" lon="-121.369870"><ele>137.0</ele></trkpt>
     <trkpt lat="35.814442" lon="-121.369777"><ele>132.2</ele></trkpt>
     <trkpt lat="35.814323" lon="-121.369677"><ele>131.8</ele></trkpt>
     <trkpt lat="35.814141" lon="-121.369271"><ele>136.8</ele></trkpt>
     <trkpt lat="35.813928" lon="-121.367417"><ele>143.0</ele></trkpt>
     <trkpt lat="35.813815" lon="-121.367070"><ele>144.0</ele></trkpt>
     <trkpt lat="35.813636" lon="-121.366742"><ele>141.2</ele></trkpt>
     <trkpt lat="35.813399" lon="-121.366499"><ele>135.8</ele></trkpt>
     <trkpt lat="35.813104" lon="-121.366357"><ele>134.2</ele></trkpt>
     <trkpt lat="35.812015" lon="-121.366262"><ele>115.5</ele></trkpt>
     <trkpt lat="35.811868" lon="-121.366160"><ele>115.5</ele></trkpt>
     <trkpt lat="35.811695" lon="-121.365946"><ele>119.8</ele></trkpt>
     <trkpt lat="35.811537" lon="-121.365673"><ele>122.2</ele></trkpt>
     <trkpt lat="35.811455" lon="-121.365175"><ele>122.8</ele></trkpt>
     <trkpt lat="35.811670" lon="-121.364113"><ele>124.8</ele></trkpt>
     <trkpt lat="35.811527" lon="-121.362659"><ele>104.0</ele></trkpt>
     <trkpt lat="35.811539" lon="-121.362403"><ele>100.0</ele></trkpt>
     <trkpt lat="35.811601" lon="-121.362155"><ele>96.5</ele></trkpt>
     <trkpt lat="35.811715" lon="-121.361984"><ele>96.0</ele></trkpt>
     <trkpt lat="35.811902" lon="-121.361834"><ele>95.8</ele></trkpt>
     <trkpt lat="35.812944" lon="-121.361501"><ele>105.8</ele></trkpt>
     <trkpt lat="35.813262" lon="-121.361294"><ele>104.2</ele></trkpt>
     <trkpt lat="35.813555" lon="-121.361190"><ele>106.5</ele></trkpt>
     <trkpt lat="35.813768" lon="-121.361063"><ele>107.2</ele></trkpt>
     <trkpt lat="35.814069" lon="-121.360716"><ele>105.2</ele></trkpt>
     <trkpt lat="35.814407" lon="-121.360189"><ele>102.8</ele></trkpt>
     <trkpt lat="35.814818" lon="-121.359807"><ele>104.2</ele></trkpt>
     <trkpt lat="35.815503" lon="-121.359323"><ele>109.2</ele></trkpt>
     <trkpt lat="35.815629" lon="-121.359193"><ele>109.5</ele></trkpt>
     <trkpt lat="35.815693" lon="-121.359078"><ele>110.0</ele></trkpt>
     <trkpt lat="35.815712" lon="-121.358905"><ele>109.5</ele></trkpt>
     <trkpt lat="35.815609" lon="-121.358672"><ele>107.8</ele></trkpt>
     <trkpt lat="35.815503" lon="-121.358580"><ele>107.5</ele></trkpt>
     <trkpt lat="35.815325" lon="-121.358567"><ele>107.2</ele></trkpt>
     <trkpt lat="35.814844" lon="-121.358841"><ele>101.5</ele></trkpt>
     <trkpt lat="35.814293" lon="-121.358910"><ele>102.5</ele></trkpt>
     <trkpt lat="35.813262" lon="-121.358844"><ele>107.0</ele></trkpt>
     <trkpt lat="35.811952" lon="-121.358605"><ele>125.8</ele></trkpt>
     <trkpt lat="35.811763" lon="-121.358605"><ele>128.0</ele></trkpt>
     <trkpt lat="35.811607" lon="-121.358666"><ele>127.2</ele></trkpt>
     <trkpt lat="35.811307" lon="-121.358902"><ele>121.8</ele></trkpt>
     <trkpt lat="35.810967" lon="-121.358939"><ele>128.0</ele></trkpt>
     <trkpt lat="35.810683" lon="-121.359047"><ele>131.8</ele></trkpt>
     <trkpt lat="35.810012" lon="-121.359589"><ele>133.8</ele></trkpt>
     <trkpt lat="35.809589" lon="-121.360028"><ele>142.5</ele></trkpt>
     <trkpt lat="35.809475" lon="-121.360244"><ele>141.5</ele></trkpt>
     <trkpt lat="35.809345" lon="-121.360636"><ele>132.5</ele></trkpt>
     <trkpt lat="35.809224" lon="-121.360788"><ele>130.8</ele></trkpt>
     <trkpt lat="35.808980" lon="-121.360784"><ele>130.5</ele></trkpt>
     <trkpt lat="35.808622" lon="-121.360579"><ele>134.2</ele></trkpt>
     <trkpt lat="35.808448" lon="-121.360310"><ele>142.5</ele></trkpt>
     <trkpt lat="35.808355" lon="-121.359949"><ele>155.0</ele></trkpt>
     <trkpt lat="35.808246" lon="-121.359698"><ele>157.5</ele></trkpt>
     <trkpt lat="35.807825" lon="-121.359139"><ele>154.8</ele></trkpt>
     <trkpt lat="35.807606" lon="-121.358396"><ele>167.2</ele></trkpt>
     <trkpt lat="35.807300" lon="-121.357904"><ele>167.2</ele></trkpt>
     <trkpt lat="35.806961" lon="-121.357223"><ele>174.8</ele></trkpt>
     <trkpt lat="35.806824" lon="-121.356848"><ele>183.8</ele></trkpt>
     <trkpt lat="35.806688" lon="-121.356687"><ele>186.5</ele></trkpt>
     <trkpt lat="35.806258" lon="-121.356399"><ele>180.0</ele></trkpt>
     <trkpt lat="35.806140" lon="-121.356212"><ele>179.8</ele></trkpt>
     <trkpt lat="35.805928" lon="-121.355190"><ele>189.0</ele></trkpt>
     <trkpt lat="35.805993" lon="-121.353664"><ele>210.0</ele></trkpt>
     <trkpt lat="35.805947" lon="-121.353362"><ele>212.5</ele></trkpt>
     <trkpt lat="35.805853" lon="-121.353122"><ele>214.2</ele></trkpt>
     <trkpt lat="35.805728" lon="-121.352931"><ele>216.5</ele></trkpt>
     <trkpt lat="35.805216" lon="-121.352412"><ele>222.2</ele></trkpt>
     <trkpt lat="35.805060" lon="-121.352342"><ele>221.8</ele></trkpt>
     <trkpt lat="35.804690" lon="-121.352311"><ele>214.0</ele></trkpt>
     <trkpt lat="35.804488" lon="-121.352239"><ele>212.8</ele></trkpt>
     <trkpt lat="35.803671" lon="-121.351620"><ele>223.0</ele></trkpt>
     <trkpt lat="35.803536" lon="-121.351427"><ele>221.0</ele></trkpt>
     <trkpt lat="35.803515" lon="-121.351213"><ele>220.5</ele></trkpt>
     <trkpt lat="35.803557" lon="-121.351071"><ele>222.0</ele></trkpt>
     <trkpt lat="35.804159" lon="-121.349991"><ele>239.8</ele></trkpt>
     <trkpt lat="35.804169" lon="-121.349764"><ele>245.0</ele></trkpt>
     <trkpt lat="35.804099" lon="-121.349597"><ele>246.0</ele></trkpt>
     <trkpt lat="35.803915" lon="-121.349478"><ele>242.2</ele></trkpt>
     <trkpt lat="35.803591" lon="-121.349510"><ele>229.8</ele></trkpt>
     <trkpt lat="35.803390" lon="-121.349419"><ele>226.0</ele></trkpt>
     <trkpt lat="35.803242" lon="-121.349276"><ele>227.2</ele></trkpt>
     <trkpt lat="35.803079" lon="-121.349027"><ele>232.8</ele></trkpt>
     <trkpt lat="35.802964" lon="-121.348964"><ele>232.8</ele></trkpt>
     <trkpt lat="35.802837" lon="-121.348984"><ele>229.0</ele></trkpt>
     <trkpt lat="35.802504" lon="-121.349146"><ele>214.0</ele></trkpt>
     <trkpt lat="35.802286" lon="-121.349101"><ele>212.2</ele></trkpt>
     <trkpt lat="35.801938" lon="-121.348884"><ele>214.2</ele></trkpt>
     <trkpt lat="35.801304" lon="-121.348596"><ele>205.2</ele></trkpt>
     <trkpt lat="35.800766" lon="-121.347993"><ele>211.2</ele></trkpt>
     <trkpt lat="35.800567" lon="-121.347844"><ele>215.2</ele></trkpt>
     <trkpt lat="35.800314" lon="-121.347741"><ele>217.2</ele></trkpt>
     <trkpt lat="35.799626" lon="-121.347704"><ele>205.8</ele></trkpt>
     <trkpt lat="35.798813" lon="-121.347810"><ele>180.8</ele></trkpt>
     <trkpt lat="35.798657" lon="-121.347751"><ele>178.5</ele></trkpt>
     <trkpt lat="35.798580" lon="-121.347632"><ele>179.2</ele></trkpt>
     <trkpt lat="35.798571" lon="-121.347429"><ele>181.2</ele></trkpt>
     <trkpt lat="35.798763" lon="-121.346908"><ele>182.8</ele></trkpt>
     <trkpt lat="35.798921" lon="-121.346715"><ele>186.5</ele></trkpt>
     <trkpt lat="35.799160" lon="-121.346605"><ele>196.2</ele></trkpt>
     <trkpt lat="35.799298" lon="-121.346445"><ele>204.5</ele></trkpt>
     <trkpt lat="35.799285" lon="-121.346276"><ele>207.8</ele></trkpt>
     <trkpt lat="35.799186" lon="-121.346160"><ele>208.0</ele></trkpt>
     <trkpt lat="35.798754" lon="-121.346055"><ele>195.8</ele></trkpt>
     <trkpt lat="35.798402" lon="-121.346095"><ele>182.2</ele></trkpt>
     <trkpt lat="35.798132" lon="-121.346227"><ele>179.5</ele></trkpt>
     <trkpt lat="35.797529" lon="-121.346680"><ele>169.2</ele></trkpt>
     <trkpt lat="35.797336" lon="-121.346757"><ele>163.8</ele></trkpt>
     <trkpt lat="35.797125" lon="-121.346765"><ele>159.8</ele></trkpt>
     <trkpt lat="35.796714" lon="-121.346503"><ele>161.0</ele></trkpt>
     <trkpt lat="35.796397" lon="-121.346055"><ele>164.2</ele></trkpt>
     <trkpt lat="35.796175" lon="-121.345836"><ele>163.5</ele></trkpt>
     <trkpt lat="35.795542" lon="-121.345397"><ele>157.8</ele></trkpt>
     <trkpt lat="35.795026" lon="-121.345153"><ele>151.2</ele></trkpt>
     <trkpt lat="35.794844" lon="-121.344870"><ele>145.5</ele></trkpt>
     <trkpt lat="35.794809" lon="-121.344719"><ele>145.2</ele></trkpt>
     <trkpt lat="35.794859" lon="-121.344182"><ele>154.8</ele></trkpt>
     <trkpt lat="35.794788" lon="-121.343789"><ele>157.2</ele></trkpt>
     <trkpt lat="35.794420" lon="-121.342955"><ele>158.8</ele></trkpt>
     <trkpt lat="35.794235" lon="-121.342431"><ele>163.2</ele></trkpt>
     <trkpt lat="35.794236" lon="-121.342243"><ele>166.5</ele></trkpt>
     <trkpt lat="35.794363" lon="-121.341920"><ele>175.2</ele></trkpt>
     <trkpt lat="35.794331" lon="-121.341730"><ele>177.8</ele></trkpt>
     <trkpt lat="35.794206" lon="-121.341664"><ele>176.8</ele></trkpt>
     <trkpt lat="35.793803" lon="-121.341800"><ele>163.0</ele></trkpt>
     <trkpt lat="35.793332" lon="-121.341725"><ele>152.5</ele></trkpt>
     <trkpt lat="35.793161" lon="-121.341650"><ele>147.0</ele></trkpt>
     <trkpt lat="35.793015" lon="-121.341530"><ele>146.2</ele></trkpt>
     <trkpt lat="35.792715" lon="-121.340857"><ele>165.0</ele></trkpt>
     <trkpt lat="35.792236" lon="-121.340356"><ele>162.2</ele></trkpt>
     <trkpt lat="35.790979" lon="-121.339526"><ele>150.8</ele></trkpt>
     <trkpt lat="35.790744" lon="-121.339454"><ele>147.0</ele></trkpt>
     <trkpt lat="35.790398" lon="-121.339420"><ele>137.8</ele></trkpt>
     <trkpt lat="35.789576" lon="-121.338959"><ele>134.0</ele></trkpt>
     <trkpt lat="35.788958" lon="-121.338444"><ele>124.8</ele></trkpt>
     <trkpt lat="35.788481" lon="-121.337892"><ele>111.5</ele></trkpt>
     <trkpt lat="35.788304" lon="-121.337616"><ele>112.0</ele></trkpt>
     <trkpt lat="35.788298" lon="-121.337281"><ele>115.2</ele></trkpt>
     <trkpt lat="35.788483" lon="-121.336859"><ele>121.5</ele></trkpt>
     <trkpt lat="35.788516" lon="-121.336658"><ele>122.2</ele></trkpt>
     <trkpt lat="35.788524" lon="-121.335811"><ele>124.8</ele></trkpt>
     <trkpt lat="35.788485" lon="-121.335596"><ele>124.2</ele></trkpt>
     <trkpt lat="35.788424" lon="-121.335488"><ele>122.0</ele></trkpt>
     <trkpt lat="35.788176" lon="-121.335273"><ele>117.8</ele></trkpt>
     <trkpt lat="35.787564" lon="-121.334861"><ele>117.8</ele></trkpt>
     <trkpt lat="35.787312" lon="-121.334439"><ele>122.8</ele></trkpt>
     <trkpt lat="35.787044" lon="-121.334200"><ele>124.8</ele></trkpt>
     <trkpt lat="35.786752" lon="-121.334105"><ele>124.2</ele></trkpt>
     <trkpt lat="35.785867" lon="-121.334033"><ele>111.0</ele></trkpt>
     <trkpt lat="35.785784" lon="-121.333994"><ele>109.2</ele></trkpt>
     <trkpt lat="35.785689" lon="-121.333901"><ele>108.0</ele></trkpt>
     <trkpt lat="35.785513" lon="-121.333485"><ele>117.8</ele></trkpt>
     <trkpt lat="35.785278" lon="-121.333263"><ele>121.2</ele></trkpt>
     <trkpt lat="35.785088" lon="-121.333152"><ele>122.2</ele></trkpt>
     <trkpt lat="35.784632" lon="-121.333063"><ele>102.0</ele></trkpt>
     <trkpt lat="35.784416" lon="-121.332924"><ele>97.0</ele></trkpt>
     <trkpt lat="35.784205" lon="-121.332643"><ele>101.2</ele></trkpt>
     <trkpt lat="35.784010" lon="-121.332113"><ele>113.0</ele></trkpt>
     <trkpt lat="35.783763" lon="-121.331828"><ele>109.5</ele></trkpt>
     <trkpt lat="35.783283" lon="-121.330987"><ele>109.2</ele></trkpt>
     <trkpt lat="35.782291" lon="-121.329556"><ele>109.5</ele></trkpt>
     <trkpt lat="35.782113" lon="-121.329439"><ele>109.5</ele></trkpt>
     <trkpt lat="35.781948" lon="-121.329406"><ele>109.2</ele></trkpt>
     <trkpt lat="35.780721" lon="-121.329587"><ele>100.8</ele></trkpt>
     <trkpt lat="35.780278" lon="-121.329556"><ele>96.8</ele></trkpt>
     <trkpt lat="35.780364" lon="-121.329979"><ele>90.8</ele></trkpt>
     <trkpt lat="35.780367" lon="-121.330156"><ele>88.5</ele></trkpt>
     <trkpt lat="35.780521" lon="-121.330400"><ele>88.2</ele></trkpt>
     <trkpt lat="35.780549" lon="-121.330532"><ele>87.2</ele></trkpt>
     <trkpt lat="35.780500" lon="-121.330978"><ele>79.8</ele></trkpt>
     <trkpt lat="35.780600" lon="-121.331027"><ele>81.0</ele></trkpt>
     <trkpt lat="35.780733" lon="-121.330856"><ele>88.8</ele></trkpt>
     <trkpt lat="35.780600" lon="-121.331027"><ele>81.0</ele></trkpt>
     <trkpt lat="35.780500" lon="-121.330978"><ele>79.8</ele></trkpt>
     <trkpt lat="35.780549" lon="-121.330532"><ele>87.2</ele></trkpt>
     <trkpt lat="35.780521" lon="-121.330400"><ele>88.2</ele></trkpt>
     <trkpt lat="35.780367" lon="-121.330156"><ele>88.5</ele></trkpt>
     <trkpt lat="35.780364" lon="-121.329979"><ele>90.8</ele></trkpt>
     <trkpt lat="35.780278" lon="-121.329556"><ele>96.8</ele></trkpt>
     <trkpt lat="35.779196" lon="-121.329149"><ele>104.0</ele></trkpt>
     <trkpt lat="35.777612" lon="-121.328205"><ele>103.5</ele></trkpt>
     <trkpt lat="35.775999" lon="-121.327477"><ele>99.0</ele></trkpt>
     <trkpt lat="35.775792" lon="-121.327348"><ele>95.8</ele></trkpt>
     <trkpt lat="35.775014" lon="-121.326560"><ele>96.0</ele></trkpt>
     <trkpt lat="35.774532" lon="-121.326185"><ele>93.2</ele></trkpt>
     <trkpt lat="35.774359" lon="-121.326083"><ele>93.8</ele></trkpt>
     <trkpt lat="35.773784" lon="-121.325939"><ele>87.5</ele></trkpt>
     <trkpt lat="35.773551" lon="-121.325818"><ele>88.8</ele></trkpt>
     <trkpt lat="35.773334" lon="-121.325367"><ele>92.2</ele></trkpt>
     <trkpt lat="35.773170" lon="-121.325158"><ele>92.2</ele></trkpt>
     <trkpt lat="35.773096" lon="-121.325117"><ele>91.8</ele></trkpt>
     <trkpt lat="35.772698" lon="-121.325086"><ele>84.8</ele></trkpt>
     <trkpt lat="35.772475" lon="-121.325000"><ele>84.0</ele></trkpt>
     <trkpt lat="35.772002" lon="-121.324502"><ele>81.5</ele></trkpt>
     <trkpt lat="35.771734" lon="-121.324293"><ele>81.5</ele></trkpt>
     <trkpt lat="35.771061" lon="-121.324155"><ele>76.8</ele></trkpt>
     <trkpt lat="35.770486" lon="-121.323728"><ele>70.8</ele></trkpt>
     <trkpt lat="35.769937" lon="-121.323508"><ele>61.0</ele></trkpt>
     <trkpt lat="35.769688" lon="-121.323356"><ele>55.0</ele></trkpt>
     <trkpt lat="35.769351" lon="-121.323020"><ele>47.2</ele></trkpt>
     <trkpt lat="35.769225" lon="-121.322791"><ele>45.0</ele></trkpt>
     <trkpt lat="35.769226" lon="-121.322696"><ele>46.0</ele></trkpt>
     <trkpt lat="35.769428" lon="-121.322327"><ele>57.0</ele></trkpt>
     <trkpt lat="35.769532" lon="-121.322042"><ele>63.0</ele></trkpt>
     <trkpt lat="35.769706" lon="-121.321802"><ele>69.5</ele></trkpt>
     <trkpt lat="35.769705" lon="-121.321610"><ele>71.0</ele></trkpt>
     <trkpt lat="35.769600" lon="-121.321453"><ele>71.2</ele></trkpt>
     <trkpt lat="35.769478" lon="-121.321428"><ele>70.5</ele></trkpt>
     <trkpt lat="35.769406" lon="-121.321470"><ele>68.8</ele></trkpt>
     <trkpt lat="35.768916" lon="-121.321901"><ele>56.8</ele></trkpt>
     <trkpt lat="35.768664" lon="-121.322038"><ele>53.8</ele></trkpt>
     <trkpt lat="35.768087" lon="-121.322184"><ele>48.0</ele></trkpt>
     <trkpt lat="35.767701" lon="-121.322576"><ele>38.0</ele></trkpt>
     <trkpt lat="35.767241" lon="-121.322705"><ele>34.2</ele></trkpt>
     <trkpt lat="35.767076" lon="-121.322715"><ele>31.5</ele></trkpt>
     <trkpt lat="35.766862" lon="-121.322663"><ele>28.8</ele></trkpt>
     <trkpt lat="35.766634" lon="-121.322405"><ele>28.5</ele></trkpt>
     <trkpt lat="35.766315" lon="-121.321675"><ele>28.8</ele></trkpt>
     <trkpt lat="35.765030" lon="-121.319939"><ele>16.0</ele></trkpt>
     <trkpt lat="35.764425" lon="-121.319404"><ele>9.5</ele></trkpt>
     <trkpt lat="35.763905" lon="-121.319121"><ele>9.8</ele></trkpt>
     <trkpt lat="35.763481" lon="-121.318955"><ele>9.8</ele></trkpt>
     <trkpt lat="35.763205" lon="-121.318876"><ele>10.2</ele></trkpt>
     <trkpt lat="35.762739" lon="-121.318875"><ele>11.2</ele></trkpt>
     <trkpt lat="35.762538" lon="-121.318962"><ele>11.8</ele></trkpt>
     <trkpt lat="35.762178" lon="-121.319253"><ele>17.5</ele></trkpt>
     <trkpt lat="35.761995" lon="-121.319543"><ele>20.5</ele></trkpt>
     <trkpt lat="35.761735" lon="-121.320554"><ele>23.5</ele></trkpt>
     <trkpt lat="35.761649" lon="-121.320744"><ele>24.5</ele></trkpt>
     <trkpt lat="35.761453" lon="-121.321050"><ele>28.8</ele></trkpt>
     <trkpt lat="35.761147" lon="-121.321356"><ele>34.2</ele></trkpt>
     <trkpt lat="35.760981" lon="-121.321449"><ele>36.5</ele></trkpt>
     <trkpt lat="35.760615" lon="-121.321543"><ele>38.2</ele></trkpt>
     <trkpt lat="35.760309" lon="-121.321536"><ele>38.5</ele></trkpt>
     <trkpt lat="35.759949" lon="-121.321427"><ele>39.0</ele></trkpt>
     <trkpt lat="35.759643" lon="-121.321215"><ele>40.0</ele></trkpt>
     <trkpt lat="35.759288" lon="-121.320752"><ele>41.2</ele></trkpt>
     <trkpt lat="35.757708" lon="-121.318189"><ele>39.0</ele></trkpt>
     <trkpt lat="35.756762" lon="-121.316463"><ele>41.0</ele></trkpt>
     <trkpt lat="35.756510" lon="-121.316078"><ele>42.2</ele></trkpt>
     <trkpt lat="35.755099" lon="-121.314341"><ele>40.0</ele></trkpt>
     <trkpt lat="35.753687" lon="-121.312604"><ele>37.8</ele></trkpt>
     <trkpt lat="35.753471" lon="-121.312379"><ele>38.8</ele></trkpt>
     <trkpt lat="35.753020" lon="-121.312045"><ele>39.5</ele></trkpt>
     <trkpt lat="35.752413" lon="-121.311795"><ele>39.8</ele></trkpt>
     <trkpt lat="35.751669" lon="-121.311716"><ele>41.8</ele></trkpt>
     <trkpt lat="35.750768" lon="-121.311761"><ele>43.8</ele></trkpt>
     <trkpt lat="35.749140" lon="-121.311757"><ele>37.2</ele></trkpt>
     <trkpt lat="35.748280" lon="-121.311838"><ele>44.0</ele></trkpt>
     <trkpt lat="35.746221" lon="-121.312155"><ele>38.5</ele></trkpt>
     <trkpt lat="35.744162" lon="-121.312472"><ele>33.0</ele></trkpt>
     <trkpt lat="35.741501" lon="-121.312845"><ele>32.8</ele></trkpt>
     <trkpt lat="35.738839" lon="-121.313218"><ele>32.5</ele></trkpt>
     <trkpt lat="35.736178" lon="-121.313591"><ele>32.2</ele></trkpt>
     <trkpt lat="35.733517" lon="-121.313964"><ele>32.0</ele></trkpt>
     <trkpt lat="35.730855" lon="-121.314337"><ele>31.8</ele></trkpt>
     <trkpt lat="35.728194" lon="-121.314710"><ele>31.5</ele></trkpt>
     <trkpt lat="35.727451" lon="-121.314750"><ele>31.5</ele></trkpt>
     <trkpt lat="35.727012" lon="-121.314616"><ele>29.8</ele></trkpt>
     <trkpt lat="35.725778" lon="-121.313667"><ele>28.0</ele></trkpt>
     <trkpt lat="35.725287" lon="-121.313454"><ele>27.8</ele></trkpt>
     <trkpt lat="35.725002" lon="-121.313269"><ele>28.0</ele></trkpt>
     <trkpt lat="35.724729" lon="-121.312953"><ele>26.2</ele></trkpt>
     <trkpt lat="35.723626" lon="-121.311412"><ele>22.8</ele></trkpt>
     <trkpt lat="35.723165" lon="-121.310853"><ele>23.8</ele></trkpt>
     <trkpt lat="35.722267" lon="-121.310067"><ele>26.2</ele></trkpt>
     <trkpt lat="35.720323" lon="-121.308896"><ele>22.8</ele></trkpt>
     <trkpt lat="35.718378" lon="-121.307724"><ele>19.4</ele></trkpt>
     <trkpt lat="35.716434" lon="-121.306553"><ele>16.0</ele></trkpt>
     <trkpt lat="35.714367" lon="-121.305341"><ele>11.5</ele></trkpt>
     <trkpt lat="35.712301" lon="-121.304129"><ele>7.0</ele></trkpt>
     <trkpt lat="35.711907" lon="-121.303935"><ele>7.0</ele></trkpt>
     <trkpt lat="35.711338" lon="-121.303726"><ele>6.5</ele></trkpt>
     <trkpt lat="35.710720" lon="-121.303636"><ele>5.5</ele></trkpt>
     <trkpt lat="35.710020" lon="-121.303622"><ele>6.2</ele></trkpt>
     <trkpt lat="35.708069" lon="-121.304073"><ele>12.2</ele></trkpt>
     <trkpt lat="35.706319" lon="-121.304396"><ele>26.8</ele></trkpt>
     <trkpt lat="35.705533" lon="-121.304437"><ele>26.0</ele></trkpt>
     <trkpt lat="35.704673" lon="-121.304270"><ele>21.5</ele></trkpt>
     <trkpt lat="35.703780" lon="-121.303952"><ele>18.8</ele></trkpt>
     <trkpt lat="35.703042" lon="-121.303534"><ele>15.5</ele></trkpt>
     <trkpt lat="35.702404" lon="-121.302948"><ele>15.2</ele></trkpt>
     <trkpt lat="35.701873" lon="-121.302353"><ele>16.0</ele></trkpt>
     <trkpt lat="35.701235" lon="-121.301331"><ele>18.0</ele></trkpt>
     <trkpt lat="35.700575" lon="-121.299737"><ele>19.0</ele></trkpt>
     <trkpt lat="35.699706" lon="-121.297454"><ele>22.0</ele></trkpt>
     <trkpt lat="35.698837" lon="-121.295172"><ele>25.0</ele></trkpt>
     <trkpt lat="35.698402" lon="-121.294318"><ele>22.8</ele></trkpt>
     <trkpt lat="35.697793" lon="-121.293487"><ele>21.0</ele></trkpt>
     <trkpt lat="35.696897" lon="-121.292628"><ele>15.5</ele></trkpt>
     <trkpt lat="35.695423" lon="-121.291302"><ele>17.0</ele></trkpt>
     <trkpt lat="35.693948" lon="-121.289975"><ele>18.5</ele></trkpt>
     <trkpt lat="35.692474" lon="-121.288649"><ele>20.0</ele></trkpt>
     <trkpt lat="35.690817" lon="-121.287241"><ele>15.2</ele></trkpt>
     <trkpt lat="35.690075" lon="-121.286926"><ele>14.8</ele></trkpt>
     <trkpt lat="35.689515" lon="-121.286773"><ele>14.2</ele></trkpt>
     <trkpt lat="35.688877" lon="-121.286732"><ele>13.8</ele></trkpt>
     <trkpt lat="35.687648" lon="-121.286937"><ele>15.5</ele></trkpt>
     <trkpt lat="35.687137" lon="-121.286902"><ele>15.8</ele></trkpt>
     <trkpt lat="35.686604" lon="-121.286773"><ele>15.5</ele></trkpt>
     <trkpt lat="35.685948" lon="-121.286437"><ele>14.0</ele></trkpt>
     <trkpt lat="35.684774" lon="-121.285479"><ele>12.8</ele></trkpt>
     <trkpt lat="35.684265" lon="-121.285184"><ele>12.5</ele></trkpt>
     <trkpt lat="35.683419" lon="-121.284935"><ele>14.0</ele></trkpt>
     <trkpt lat="35.683041" lon="-121.284896"><ele>13.5</ele></trkpt>
     <trkpt lat="35.680822" lon="-121.284949"><ele>16.5</ele></trkpt>
     <trkpt lat="35.678602" lon="-121.285002"><ele>19.5</ele></trkpt>
     <trkpt lat="35.677100" lon="-121.284657"><ele>18.8</ele></trkpt>
     <trkpt lat="35.676283" lon="-121.284322"><ele>17.8</ele></trkpt>
     <trkpt lat="35.675402" lon="-121.283769"><ele>16.5</ele></trkpt>
     <trkpt lat="35.674574" lon="-121.283070"><ele>16.0</ele></trkpt>
     <trkpt lat="35.673500" lon="-121.281934"><ele>21.0</ele></trkpt>
     <trkpt lat="35.672426" lon="-121.280797"><ele>26.0</ele></trkpt>
     <trkpt lat="35.671318" lon="-121.279558"><ele>26.1</ele></trkpt>
     <trkpt lat="35.670210" lon="-121.278319"><ele>26.2</ele></trkpt>
     <trkpt lat="35.670023" lon="-121.277966"><ele>26.8</ele></trkpt>
     <trkpt lat="35.669714" lon="-121.277207"><ele>27.5</ele></trkpt>
     <trkpt lat="35.668797" lon="-121.274798"><ele>28.8</ele></trkpt>
     <trkpt lat="35.668141" lon="-121.272959"><ele>23.4</ele></trkpt>
     <trkpt lat="35.667486" lon="-121.271121"><ele>18.0</ele></trkpt>
     <trkpt lat="35.667210" lon="-121.270045"><ele>17.0</ele></trkpt>
     <trkpt lat="35.666851" lon="-121.268381"><ele>18.0</ele></trkpt>
     <trkpt lat="35.666492" lon="-121.266716"><ele>19.0</ele></trkpt>
     <trkpt lat="35.665715" lon="-121.264702"><ele>18.5</ele></trkpt>
     <trkpt lat="35.664939" lon="-121.262689"><ele>18.0</ele></trkpt>
     <trkpt lat="35.664839" lon="-121.262303"><ele>15.5</ele></trkpt>
     <trkpt lat="35.664707" lon="-121.260977"><ele>12.2</ele></trkpt>
     <trkpt lat="35.664631" lon="-121.260548"><ele>11.2</ele></trkpt>
     <trkpt lat="35.664481" lon="-121.260041"><ele>10.2</ele></trkpt>
     <trkpt lat="35.663802" lon="-121.258350"><ele>10.0</ele></trkpt>
     <trkpt lat="35.663123" lon="-121.256659"><ele>9.8</ele></trkpt>
     <trkpt lat="35.662822" lon="-121.256181"><ele>8.5</ele></trkpt>
     <trkpt lat="35.661652" lon="-121.254597"><ele>10.0</ele></trkpt>
     <trkpt lat="35.660482" lon="-121.253013"><ele>11.5</ele></trkpt>
     <trkpt lat="35.660317" lon="-121.252844"><ele>11.5</ele></trkpt>
     <trkpt lat="35.659207" lon="-121.251991"><ele>12.2</ele></trkpt>
     <trkpt lat="35.658723" lon="-121.251482"><ele>12.8</ele></trkpt>
     <trkpt lat="35.658398" lon="-121.250983"><ele>14.2</ele></trkpt>
     <trkpt lat="35.657137" lon="-121.248477"><ele>12.6</ele></trkpt>
     <trkpt lat="35.655875" lon="-121.245970"><ele>11.0</ele></trkpt>
     <trkpt lat="35.655495" lon="-121.245379"><ele>11.0</ele></trkpt>
     <trkpt lat="35.654805" lon="-121.244547"><ele>9.0</ele></trkpt>
     <trkpt lat="35.654435" lon="-121.243970"><ele>7.5</ele></trkpt>
     <trkpt lat="35.654158" lon="-121.243432"><ele>8.5</ele></trkpt>
     <trkpt lat="35.653957" lon="-121.242909"><ele>9.0</ele></trkpt>
     <trkpt lat="35.653698" lon="-121.241804"><ele>9.2</ele></trkpt>
     <trkpt lat="35.653640" lon="-121.241005"><ele>9.2</ele></trkpt>
     <trkpt lat="35.653672" lon="-121.240171"><ele>8.8</ele></trkpt>
     <trkpt lat="35.653948" lon="-121.237864"><ele>8.5</ele></trkpt>
     <trkpt lat="35.653927" lon="-121.236663"><ele>10.0</ele></trkpt>
     <trkpt lat="35.653757" lon="-121.235777"><ele>11.5</ele></trkpt>
     <trkpt lat="35.653600" lon="-121.235213"><ele>11.5</ele></trkpt>
     <trkpt lat="35.652833" lon="-121.232974"><ele>10.5</ele></trkpt>
     <trkpt lat="35.652614" lon="-121.232124"><ele>9.5</ele></trkpt>
     <trkpt lat="35.652449" lon="-121.231058"><ele>7.5</ele></trkpt>
     <trkpt lat="35.652421" lon="-121.230557"><ele>8.0</ele></trkpt>
     <trkpt lat="35.652438" lon="-121.229542"><ele>9.8</ele></trkpt>
     <trkpt lat="35.652682" lon="-121.227319"><ele>9.8</ele></trkpt>
     <trkpt lat="35.652925" lon="-121.225096"><ele>9.8</ele></trkpt>
     <trkpt lat="35.653169" lon="-121.222873"><ele>9.8</ele></trkpt>
     <trkpt lat="35.653271" lon="-121.221655"><ele>9.5</ele></trkpt>
     <trkpt lat="35.653200" lon="-121.219465"><ele>13.1</ele></trkpt>
     <trkpt lat="35.653130" lon="-121.217274"><ele>16.8</ele></trkpt>
     <trkpt lat="35.652935" lon="-121.215093"><ele>24.2</ele></trkpt>
     <trkpt lat="35.652740" lon="-121.213903"><ele>26.2</ele></trkpt>
     <trkpt lat="35.652408" lon="-121.212862"><ele>27.5</ele></trkpt>
     <trkpt lat="35.651460" lon="-121.210753"><ele>26.8</ele></trkpt>
     <trkpt lat="35.651306" lon="-121.210230"><ele>26.2</ele></trkpt>
     <trkpt lat="35.651241" lon="-121.209809"><ele>25.8</ele></trkpt>
     <trkpt lat="35.651232" lon="-121.209470"><ele>25.8</ele></trkpt>
     <trkpt lat="35.651283" lon="-121.208899"><ele>24.8</ele></trkpt>
     <trkpt lat="35.651735" lon="-121.207307"><ele>21.8</ele></trkpt>
     <trkpt lat="35.651879" lon="-121.206614"><ele>22.2</ele></trkpt>
     <trkpt lat="35.651940" lon="-121.205828"><ele>23.2</ele></trkpt>
     <trkpt lat="35.651813" lon="-121.204799"><ele>27.2</ele></trkpt>
     <trkpt lat="35.651604" lon="-121.204129"><ele>28.0</ele></trkpt>
     <trkpt lat="35.650593" lon="-121.201752"><ele>26.6</ele></trkpt>
     <trkpt lat="35.649582" lon="-121.199375"><ele>25.3</ele></trkpt>
     <trkpt lat="35.648570" lon="-121.196997"><ele>23.9</ele></trkpt>
     <trkpt lat="35.647559" lon="-121.194620"><ele>22.6</ele></trkpt>
     <trkpt lat="35.646548" lon="-121.192243"><ele>21.2</ele></trkpt>
     <trkpt lat="35.645660" lon="-121.189980"><ele>19.8</ele></trkpt>
     <trkpt lat="35.644773" lon="-121.187716"><ele>18.4</ele></trkpt>
     <trkpt lat="35.643885" lon="-121.185453"><ele>17.0</ele></trkpt>
     <trkpt lat="35.644489" lon="-121.185118"><ele>18.5</ele></trkpt>
     <trkpt lat="35.644701" lon="-121.184940"><ele>19.2</ele></trkpt>
     <trkpt lat="35.645398" lon="-121.184139"><ele>24.0</ele></trkpt>
     <trkpt lat="35.644701" lon="-121.184940"><ele>19.2</ele></trkpt>
     <trkpt lat="35.644489" lon="-121.185118"><ele>18.5</ele></trkpt>
     <trkpt lat="35.643885" lon="-121.185453"><ele>17.0</ele></trkpt>
     <trkpt lat="35.643046" lon="-121.183347"><ele>14.4</ele></trkpt>
     <trkpt lat="35.642208" lon="-121.181242"><ele>11.8</ele></trkpt>
     <trkpt lat="35.641853" lon="-121.180199"><ele>11.8</ele></trkpt>
     <trkpt lat="35.641601" lon="-121.179320"><ele>13.5</ele></trkpt>
     <trkpt lat="35.641134" lon="-121.177413"><ele>12.6</ele></trkpt>
     <trkpt lat="35.640668" lon="-121.175506"><ele>11.8</ele></trkpt>
     <trkpt lat="35.640291" lon="-121.174314"><ele>15.5</ele></trkpt>
     <trkpt lat="35.639161" lon="-121.171812"><ele>17.8</ele></trkpt>
     <trkpt lat="35.638031" lon="-121.169310"><ele>20.0</ele></trkpt>
     <trkpt lat="35.636691" lon="-121.166514"><ele>22.8</ele></trkpt>
     <trkpt lat="35.636180" lon="-121.165708"><ele>21.8</ele></trkpt>
     <trkpt lat="35.635583" lon="-121.165021"><ele>24.0</ele></trkpt>
     <trkpt lat="35.635182" lon="-121.164655"><ele>20.8</ele></trkpt>
     <trkpt lat="35.633739" lon="-121.163530"><ele>17.6</ele></trkpt>
     <trkpt lat="35.632296" lon="-121.162405"><ele>14.5</ele></trkpt>
     <trkpt lat="35.631080" lon="-121.161553"><ele>13.4</ele></trkpt>
     <trkpt lat="35.629865" lon="-121.160701"><ele>12.2</ele></trkpt>
     <trkpt lat="35.627588" lon="-121.158954"><ele>8.5</ele></trkpt>
     <trkpt lat="35.626099" lon="-121.157621"><ele>11.2</ele></trkpt>
     <trkpt lat="35.625263" lon="-121.156755"><ele>11.5</ele></trkpt>
     <trkpt lat="35.624522" lon="-121.156091"><ele>14.2</ele></trkpt>
     <trkpt lat="35.622449" lon="-121.154671"><ele>18.0</ele></trkpt>
     <trkpt lat="35.621555" lon="-121.153995"><ele>18.0</ele></trkpt>
     <trkpt lat="35.620588" lon="-121.153128"><ele>18.2</ele></trkpt>
     <trkpt lat="35.619639" lon="-121.152116"><ele>22.0</ele></trkpt>
     <trkpt lat="35.617885" lon="-121.149831"><ele>22.0</ele></trkpt>
     <trkpt lat="35.616676" lon="-121.148401"><ele>19.9</ele></trkpt>
     <trkpt lat="35.615467" lon="-121.146970"><ele>17.8</ele></trkpt>
     <trkpt lat="35.614341" lon="-121.145683"><ele>18.8</ele></trkpt>
     <trkpt lat="35.613253" lon="-121.144567"><ele>18.0</ele></trkpt>
     <trkpt lat="35.611642" lon="-121.142689"><ele>16.8</ele></trkpt>
     <trkpt lat="35.610078" lon="-121.140825"><ele>19.1</ele></trkpt>
     <trkpt lat="35.608513" lon="-121.138961"><ele>21.5</ele></trkpt>
     <trkpt lat="35.606949" lon="-121.137098"><ele>23.9</ele></trkpt>
     <trkpt lat="35.605384" lon="-121.135234"><ele>26.2</ele></trkpt>
     <trkpt lat="35.603827" lon="-121.133412"><ele>24.6</ele></trkpt>
     <trkpt lat="35.602270" lon="-121.131591"><ele>23.0</ele></trkpt>
     <trkpt lat="35.600713" lon="-121.129769"><ele>21.4</ele></trkpt>
     <trkpt lat="35.599156" lon="-121.127947"><ele>19.8</ele></trkpt>
     <trkpt lat="35.598209" lon="-121.127052"><ele>21.0</ele></trkpt>
     <trkpt lat="35.597549" lon="-121.126587"><ele>16.5</ele></trkpt>
     <trkpt lat="35.596829" lon="-121.126195"><ele>11.8</ele></trkpt>
     <trkpt lat="35.595542" lon="-121.125646"><ele>10.2</ele></trkpt>
     <trkpt lat="35.594255" lon="-121.125097"><ele>8.8</ele></trkpt>
     <trkpt lat="35.591889" lon="-121.124297"><ele>10.0</ele></trkpt>
     <trkpt lat="35.589434" lon="-121.123301"><ele>18.5</ele></trkpt>
     <trkpt lat="35.587463" lon="-121.122463"><ele>19.2</ele></trkpt>
     <trkpt lat="35.586491" lon="-121.121904"><ele>21.5</ele></trkpt>
     <trkpt lat="35.585954" lon="-121.121519"><ele>21.2</ele></trkpt>
     <trkpt lat="35.585509" lon="-121.121133"><ele>21.8</ele></trkpt>
     <trkpt lat="35.583803" lon="-121.119485"><ele>19.5</ele></trkpt>
     <trkpt lat="35.582722" lon="-121.118482"><ele>15.8</ele></trkpt>
     <trkpt lat="35.581640" lon="-121.117478"><ele>12.0</ele></trkpt>
     <trkpt lat="35.579966" lon="-121.115865"><ele>14.1</ele></trkpt>
     <trkpt lat="35.578293" lon="-121.114253"><ele>16.2</ele></trkpt>
     <trkpt lat="35.576619" lon="-121.112640"><ele>18.2</ele></trkpt>
     <trkpt lat="35.576031" lon="-121.112231"><ele>18.2</ele></trkpt>
     <trkpt lat="35.575355" lon="-121.111878"><ele>18.2</ele></trkpt>
     <trkpt lat="35.573531" lon="-121.111305"><ele>23.5</ele></trkpt>
     <trkpt lat="35.572849" lon="-121.111006"><ele>24.2</ele></trkpt>
     <trkpt lat="35.572087" lon="-121.110515"><ele>24.2</ele></trkpt>
     <trkpt lat="35.571294" lon="-121.109762"><ele>24.2</ele></trkpt>
     <trkpt lat="35.570731" lon="-121.109044"><ele>23.5</ele></trkpt>
     <trkpt lat="35.570462" lon="-121.108594"><ele>24.0</ele></trkpt>
     <trkpt lat="35.570080" lon="-121.107745"><ele>23.2</ele></trkpt>
     <trkpt lat="35.569862" lon="-121.107110"><ele>22.5</ele></trkpt>
     <trkpt lat="35.569122" lon="-121.104508"><ele>16.0</ele></trkpt>
     <trkpt lat="35.568927" lon="-121.103931"><ele>15.0</ele></trkpt>
     <trkpt lat="35.569162" lon="-121.103736"><ele>20.0</ele></trkpt>
     <trkpt lat="35.568602" lon="-121.102716"><ele>12.5</ele></trkpt>
     <trkpt lat="35.568469" lon="-121.102409"><ele>10.5</ele></trkpt>
     <trkpt lat="35.568305" lon="-121.101870"><ele>10.5</ele></trkpt>
     <trkpt lat="35.567965" lon="-121.101107"><ele>14.5</ele></trkpt>
     <trkpt lat="35.566387" lon="-121.098798"><ele>16.8</ele></trkpt>
     <trkpt lat="35.564808" lon="-121.096489"><ele>19.0</ele></trkpt>
     <trkpt lat="35.564185" lon="-121.095524"><ele>19.2</ele></trkpt>
     <trkpt lat="35.563713" lon="-121.094668"><ele>23.8</ele></trkpt>
     <trkpt lat="35.563482" lon="-121.094155"><ele>26.8</ele></trkpt>
     <trkpt lat="35.563102" lon="-121.093053"><ele>31.5</ele></trkpt>
     <trkpt lat="35.562873" lon="-121.092022"><ele>29.0</ele></trkpt>
     <trkpt lat="35.562742" lon="-121.091001"><ele>29.2</ele></trkpt>
     <trkpt lat="35.562712" lon="-121.089875"><ele>31.5</ele></trkpt>
     <trkpt lat="35.562778" lon="-121.088889"><ele>29.0</ele></trkpt>
     <trkpt lat="35.562908" lon="-121.088013"><ele>26.8</ele></trkpt>
     <trkpt lat="35.563360" lon="-121.085638"><ele>27.1</ele></trkpt>
     <trkpt lat="35.563812" lon="-121.083263"><ele>27.5</ele></trkpt>
     <trkpt lat="35.564303" lon="-121.081560"><ele>24.5</ele></trkpt>
     <trkpt lat="35.563615" lon="-121.081318"><ele>22.0</ele></trkpt>
     <trkpt lat="35.563296" lon="-121.082427"><ele>23.8</ele></trkpt>
     <trkpt lat="35.561620" lon="-121.081857"><ele>36.8</ele></trkpt>
     <trkpt lat="35.561607" lon="-121.081391"><ele>36.0</ele></trkpt>
     <trkpt lat="35.561543" lon="-121.080974"><ele>37.8</ele></trkpt>
     <trkpt lat="35.561319" lon="-121.080446"><ele>47.0</ele></trkpt>
     <trkpt lat="35.561168" lon="-121.079903"><ele>51.5</ele></trkpt>
     <trkpt lat="35.561069" lon="-121.079755"><ele>55.8</ele></trkpt>
     <trkpt lat="35.560626" lon="-121.079498"><ele>64.2</ele></trkpt>
     <trkpt lat="35.560004" lon="-121.079331"><ele>68.2</ele></trkpt>
     <trkpt lat="35.559785" lon="-121.078821"><ele>72.2</ele></trkpt>
     <trkpt lat="35.559608" lon="-121.078597"><ele>75.0</ele></trkpt>
     <trkpt lat="35.559403" lon="-121.078489"><ele>77.0</ele></trkpt>
     <trkpt lat="35.558659" lon="-121.078373"><ele>84.0</ele></trkpt>
     <trkpt lat="35.558502" lon="-121.078266"><ele>85.8</ele></trkpt>
     <trkpt lat="35.558175" lon="-121.077749"><ele>88.2</ele></trkpt>
     <trkpt lat="35.558102" lon="-121.077310"><ele>89.2</ele></trkpt>
     <trkpt lat="35.558230" lon="-121.076519"><ele>90.0</ele></trkpt>
     <trkpt lat="35.558236" lon="-121.076171"><ele>88.5</ele></trkpt>
     <trkpt lat="35.558114" lon="-121.076085"><ele>88.8</ele></trkpt>
     <trkpt lat="35.556683" lon="-121.075479"><ele>85.2</ele></trkpt>
     <trkpt lat="35.554582" lon="-121.074508"><ele>78.0</ele></trkpt>
     <trkpt lat="35.554277" lon="-121.074263"><ele>77.2</ele></trkpt>
     <trkpt lat="35.554144" lon="-121.074097"><ele>77.0</ele></trkpt>
     <trkpt lat="35.553941" lon="-121.073724"><ele>78.0</ele></trkpt>
     <trkpt lat="35.553848" lon="-121.073400"><ele>77.5</ele></trkpt>
     <trkpt lat="35.553837" lon="-121.073152"><ele>79.0</ele></trkpt>
     <trkpt lat="35.553209" lon="-121.072829"><ele>81.5</ele></trkpt>
     <trkpt lat="35.552383" lon="-121.072331"><ele>81.8</ele></trkpt>
     <trkpt lat="35.552072" lon="-121.072064"><ele>84.2</ele></trkpt>
     <trkpt lat="35.551621" lon="-121.071478"><ele>86.8</ele></trkpt>
     <trkpt lat="35.551446" lon="-121.071472"><ele>87.0</ele></trkpt>
     <trkpt lat="35.551309" lon="-121.071570"><ele>87.0</ele></trkpt>
     <trkpt lat="35.549378" lon="-121.069466"><ele>75.0</ele></trkpt>
     <trkpt lat="35.547448" lon="-121.067361"><ele>63.0</ele></trkpt>
     <trkpt lat="35.545517" lon="-121.065257"><ele>51.0</ele></trkpt>
     <trkpt lat="35.544516" lon="-121.064103"><ele>44.5</ele></trkpt>
     <trkpt lat="35.543901" lon="-121.063235"><ele>41.5</ele></trkpt>
     <trkpt lat="35.543534" lon="-121.062612"><ele>40.2</ele></trkpt>
     <trkpt lat="35.542728" lon="-121.061112"><ele>37.9</ele></trkpt>
     <trkpt lat="35.541922" lon="-121.059611"><ele>35.5</ele></trkpt>
     <trkpt lat="35.541494" lon="-121.058892"><ele>35.2</ele></trkpt>
     <trkpt lat="35.540343" lon="-121.057391"><ele>34.5</ele></trkpt>
     <trkpt lat="35.538671" lon="-121.055327"><ele>39.2</ele></trkpt>
     <trkpt lat="35.536999" lon="-121.053263"><ele>44.0</ele></trkpt>
     <trkpt lat="35.535998" lon="-121.052339"><ele>48.8</ele></trkpt>
     <trkpt lat="35.534261" lon="-121.051157"><ele>51.2</ele></trkpt>
     <trkpt lat="35.532525" lon="-121.049975"><ele>53.8</ele></trkpt>
     <trkpt lat="35.531843" lon="-121.049414"><ele>51.8</ele></trkpt>
     <trkpt lat="35.530691" lon="-121.048297"><ele>48.9</ele></trkpt>
     <trkpt lat="35.529538" lon="-121.047180"><ele>46.0</ele></trkpt>
     <trkpt lat="35.528365" lon="-121.045992"><ele>41.4</ele></trkpt>
     <trkpt lat="35.527192" lon="-121.044805"><ele>36.8</ele></trkpt>
     <trkpt lat="35.526471" lon="-121.044271"><ele>37.0</ele></trkpt>
     <trkpt lat="35.524059" lon="-121.043021"><ele>37.5</ele></trkpt>
     <trkpt lat="35.523603" lon="-121.042700"><ele>38.5</ele></trkpt>
     <trkpt lat="35.522869" lon="-121.042003"><ele>39.2</ele></trkpt>
     <trkpt lat="35.522130" lon="-121.040988"><ele>40.8</ele></trkpt>
     <trkpt lat="35.521039" lon="-121.039189"><ele>40.9</ele></trkpt>
     <trkpt lat="35.519947" lon="-121.037390"><ele>41.0</ele></trkpt>
     <trkpt lat="35.519290" lon="-121.036350"><ele>42.0</ele></trkpt>
     <trkpt lat="35.518750" lon="-121.035592"><ele>43.5</ele></trkpt>
     <trkpt lat="35.517096" lon="-121.034038"><ele>45.9</ele></trkpt>
     <trkpt lat="35.515443" lon="-121.032484"><ele>48.4</ele></trkpt>
     <trkpt lat="35.513790" lon="-121.030931"><ele>50.8</ele></trkpt>
     <trkpt lat="35.512136" lon="-121.029377"><ele>53.2</ele></trkpt>
     <trkpt lat="35.511370" lon="-121.028531"><ele>54.2</ele></trkpt>
     <trkpt lat="35.510706" lon="-121.027667"><ele>56.0</ele></trkpt>
     <trkpt lat="35.509479" lon="-121.025745"><ele>58.9</ele></trkpt>
     <trkpt lat="35.508251" lon="-121.023823"><ele>61.8</ele></trkpt>
     <trkpt lat="35.507224" lon="-121.022087"><ele>72.8</ele></trkpt>
     <trkpt lat="35.507686" lon="-121.021448"><ele>70.5</ele></trkpt>
     <trkpt lat="35.508477" lon="-121.022785"><ele>61.5</ele></trkpt>
     <trkpt lat="35.507686" lon="-121.021448"><ele>70.5</ele></trkpt>
     <trkpt lat="35.507224" lon="-121.022087"><ele>72.8</ele></trkpt>
     <trkpt lat="35.505971" lon="-121.020038"><ele>85.0</ele></trkpt>
     <trkpt lat="35.504718" lon="-121.017989"><ele>97.2</ele></trkpt>
     <trkpt lat="35.503845" lon="-121.016629"><ele>91.4</ele></trkpt>
     <trkpt lat="35.502973" lon="-121.015270"><ele>85.5</ele></trkpt>
     <trkpt lat="35.502064" lon="-121.014131"><ele>84.0</ele></trkpt>
     <trkpt lat="35.500276" lon="-121.012133"><ele>78.0</ele></trkpt>
     <trkpt lat="35.498488" lon="-121.010134"><ele>72.0</ele></trkpt>
     <trkpt lat="35.497808" lon="-121.009300"><ele>74.0</ele></trkpt>
     <trkpt lat="35.496322" lon="-121.007321"><ele>68.4</ele></trkpt>
     <trkpt lat="35.494836" lon="-121.005342"><ele>62.8</ele></trkpt>
     <trkpt lat="35.494297" lon="-121.004688"><ele>59.5</ele></trkpt>
     <trkpt lat="35.493922" lon="-121.004355"><ele>59.0</ele></trkpt>
     <trkpt lat="35.493471" lon="-121.004038"><ele>56.5</ele></trkpt>
     <trkpt lat="35.491496" lon="-121.003069"><ele>54.8</ele></trkpt>
     <trkpt lat="35.490945" lon="-121.002700"><ele>52.8</ele></trkpt>
     <trkpt lat="35.490256" lon="-121.002123"><ele>51.8</ele></trkpt>
     <trkpt lat="35.489128" lon="-121.001078"><ele>53.2</ele></trkpt>
     <trkpt lat="35.487999" lon="-121.000032"><ele>54.8</ele></trkpt>
     <trkpt lat="35.486759" lon="-120.998973"><ele>51.8</ele></trkpt>
     <trkpt lat="35.484600" lon="-120.997722"><ele>49.6</ele></trkpt>
     <trkpt lat="35.482440" lon="-120.996471"><ele>47.5</ele></trkpt>
     <trkpt lat="35.481855" lon="-120.996075"><ele>44.0</ele></trkpt>
     <trkpt lat="35.480870" lon="-120.995220"><ele>37.0</ele></trkpt>
     <trkpt lat="35.480305" lon="-120.994587"><ele>36.2</ele></trkpt>
     <trkpt lat="35.478707" lon="-120.992359"><ele>30.2</ele></trkpt>
     <trkpt lat="35.478155" lon="-120.991687"><ele>27.2</ele></trkpt>
     <trkpt lat="35.477899" lon="-120.991434"><ele>26.8</ele></trkpt>
     <trkpt lat="35.477272" lon="-120.990934"><ele>25.2</ele></trkpt>
     <trkpt lat="35.475794" lon="-120.990014"><ele>24.8</ele></trkpt>
     <trkpt lat="35.475490" lon="-120.989787"><ele>27.0</ele></trkpt>
     <trkpt lat="35.474755" lon="-120.989082"><ele>29.0</ele></trkpt>
     <trkpt lat="35.474344" lon="-120.988549"><ele>27.8</ele></trkpt>
     <trkpt lat="35.473984" lon="-120.987931"><ele>26.5</ele></trkpt>
     <trkpt lat="35.473591" lon="-120.987014"><ele>25.5</ele></trkpt>
     <trkpt lat="35.473378" lon="-120.986225"><ele>21.8</ele></trkpt>
     <trkpt lat="35.472982" lon="-120.984107"><ele>21.0</ele></trkpt>
     <trkpt lat="35.472879" lon="-120.983757"><ele>20.0</ele></trkpt>
     <trkpt lat="35.472538" lon="-120.982880"><ele>15.5</ele></trkpt>
     <trkpt lat="35.472094" lon="-120.982030"><ele>16.0</ele></trkpt>
     <trkpt lat="35.470675" lon="-120.979837"><ele>12.8</ele></trkpt>
     <trkpt lat="35.469256" lon="-120.977644"><ele>9.5</ele></trkpt>
     <trkpt lat="35.467688" lon="-120.975561"><ele>9.5</ele></trkpt>
     <trkpt lat="35.466120" lon="-120.973477"><ele>9.5</ele></trkpt>
     <trkpt lat="35.465377" lon="-120.972376"><ele>13.0</ele></trkpt>
     <trkpt lat="35.464013" lon="-120.970068"><ele>13.7</ele></trkpt>
     <trkpt lat="35.462650" lon="-120.967760"><ele>14.4</ele></trkpt>
     <trkpt lat="35.461286" lon="-120.965452"><ele>15.1</ele></trkpt>
     <trkpt lat="35.459923" lon="-120.963145"><ele>15.9</ele></trkpt>
     <trkpt lat="35.458559" lon="-120.960837"><ele>16.6</ele></trkpt>
     <trkpt lat="35.457196" lon="-120.958529"><ele>17.3</ele></trkpt>
     <trkpt lat="35.455832" lon="-120.956221"><ele>18.0</ele></trkpt>
     <trkpt lat="35.455196" lon="-120.954809"><ele>19.0</ele></trkpt>
     <trkpt lat="35.454268" lon="-120.952214"><ele>20.4</ele></trkpt>
     <trkpt lat="35.453339" lon="-120.949618"><ele>21.8</ele></trkpt>
     <trkpt lat="35.452411" lon="-120.947023"><ele>23.1</ele></trkpt>
     <trkpt lat="35.451483" lon="-120.944428"><ele>24.5</ele></trkpt>
     <trkpt lat="35.451134" lon="-120.943201"><ele>26.5</ele></trkpt>
     <trkpt lat="35.450838" lon="-120.941529"><ele>30.5</ele></trkpt>
     <trkpt lat="35.450584" lon="-120.938926"><ele>24.9</ele></trkpt>
     <trkpt lat="35.450331" lon="-120.936324"><ele>19.3</ele></trkpt>
     <trkpt lat="35.450077" lon="-120.933721"><ele>13.8</ele></trkpt>
     <trkpt lat="35.449848" lon="-120.931211"><ele>18.3</ele></trkpt>
     <trkpt lat="35.449618" lon="-120.928700"><ele>22.9</ele></trkpt>
     <trkpt lat="35.449389" lon="-120.926190"><ele>27.5</ele></trkpt>
     <trkpt lat="35.449345" lon="-120.925244"><ele>26.5</ele></trkpt>
     <trkpt lat="35.449416" lon="-120.923553"><ele>25.1</ele></trkpt>
     <trkpt lat="35.449488" lon="-120.921862"><ele>23.8</ele></trkpt>
     <trkpt lat="35.449703" lon="-120.919878"><ele>23.2</ele></trkpt>
     <trkpt lat="35.449919" lon="-120.917894"><ele>22.8</ele></trkpt>
     <trkpt lat="35.449586" lon="-120.917703"><ele>20.0</ele></trkpt>
     <trkpt lat="35.449485" lon="-120.917512"><ele>19.0</ele></trkpt>
     <trkpt lat="35.449475" lon="-120.917276"><ele>18.8</ele></trkpt>
     <trkpt lat="35.449854" lon="-120.916182"><ele>21.8</ele></trkpt>
     <trkpt lat="35.449943" lon="-120.914991"><ele>17.0</ele></trkpt>
     <trkpt lat="35.449845" lon="-120.914040"><ele>17.2</ele></trkpt>
     <trkpt lat="35.449312" lon="-120.912201"><ele>18.0</ele></trkpt>
     <trkpt lat="35.449249" lon="-120.911826"><ele>18.8</ele></trkpt>
     <trkpt lat="35.449229" lon="-120.911257"><ele>20.5</ele></trkpt>
     <trkpt lat="35.449281" lon="-120.910732"><ele>22.8</ele></trkpt>
     <trkpt lat="35.449350" lon="-120.910410"><ele>21.8</ele></trkpt>
     <trkpt lat="35.449923" lon="-120.908718"><ele>14.5</ele></trkpt>
     <trkpt lat="35.450021" lon="-120.908235"><ele>12.2</ele></trkpt>
     <trkpt lat="35.450035" lon="-120.907591"><ele>8.2</ele></trkpt>
     <trkpt lat="35.449937" lon="-120.906801"><ele>6.0</ele></trkpt>
     <trkpt lat="35.449822" lon="-120.906426"><ele>6.2</ele></trkpt>
     <trkpt lat="35.449554" lon="-120.905805"><ele>8.0</ele></trkpt>
     <trkpt lat="35.448406" lon="-120.903483"><ele>11.4</ele></trkpt>
     <trkpt lat="35.447258" lon="-120.901162"><ele>14.9</ele></trkpt>
     <trkpt lat="35.446110" lon="-120.898840"><ele>18.4</ele></trkpt>
     <trkpt lat="35.444962" lon="-120.896519"><ele>21.8</ele></trkpt>
     <trkpt lat="35.443814" lon="-120.894197"><ele>25.2</ele></trkpt>
     <trkpt lat="35.442702" lon="-120.892022"><ele>26.5</ele></trkpt>
     <trkpt lat="35.442151" lon="-120.891144"><ele>26.0</ele></trkpt>
     <trkpt lat="35.441360" lon="-120.890264"><ele>24.8</ele></trkpt>
     <trkpt lat="35.439542" lon="-120.888515"><ele>18.8</ele></trkpt>
     <trkpt lat="35.438982" lon="-120.888118"><ele>17.8</ele></trkpt>
     <trkpt lat="35.438388" lon="-120.887769"><ele>14.8</ele></trkpt>
     <trkpt lat="35.437901" lon="-120.887538"><ele>13.8</ele></trkpt>
     <trkpt lat="35.435975" lon="-120.886737"><ele>9.0</ele></trkpt>
     <trkpt lat="35.433623" lon="-120.885825"><ele>12.2</ele></trkpt>
     <trkpt lat="35.433818" lon="-120.885355"><ele>16.5</ele></trkpt>
     <trkpt lat="35.434839" lon="-120.885692"><ele>16.0</ele></trkpt>
     <trkpt lat="35.436062" lon="-120.885790"><ele>14.2</ele></trkpt>
     <trkpt lat="35.436276" lon="-120.885877"><ele>13.2</ele></trkpt>
     <trkpt lat="35.436438" lon="-120.886018"><ele>12.8</ele></trkpt>
     <trkpt lat="35.437508" lon="-120.885729"><ele>19.5</ele></trkpt>
     <trkpt lat="35.436438" lon="-120.886018"><ele>12.8</ele></trkpt>
     <trkpt lat="35.436276" lon="-120.885877"><ele>13.2</ele></trkpt>
     <trkpt lat="35.436062" lon="-120.885790"><ele>14.2</ele></trkpt>
     <trkpt lat="35.434839" lon="-120.885692"><ele>16.0</ele></trkpt>
     <trkpt lat="35.433818" lon="-120.885355"><ele>16.5</ele></trkpt>
     <trkpt lat="35.433623" lon="-120.885825"><ele>12.2</ele></trkpt>
     <trkpt lat="35.433202" lon="-120.885650"><ele>13.2</ele></trkpt>
     <trkpt lat="35.432690" lon="-120.885367"><ele>14.2</ele></trkpt>
     <trkpt lat="35.431884" lon="-120.884759"><ele>13.5</ele></trkpt>
     <trkpt lat="35.430374" lon="-120.883412"><ele>14.4</ele></trkpt>
     <trkpt lat="35.428864" lon="-120.882066"><ele>15.2</ele></trkpt>
     <trkpt lat="35.427965" lon="-120.881338"><ele>14.8</ele></trkpt>
     <trkpt lat="35.427217" lon="-120.880849"><ele>15.8</ele></trkpt>
     <trkpt lat="35.425090" lon="-120.879633"><ele>17.1</ele></trkpt>
     <trkpt lat="35.422964" lon="-120.878417"><ele>18.5</ele></trkpt>
     <trkpt lat="35.421359" lon="-120.877681"><ele>14.8</ele></trkpt>
     <trkpt lat="35.419754" lon="-120.876945"><ele>11.0</ele></trkpt>
     <trkpt lat="35.417866" lon="-120.875873"><ele>9.8</ele></trkpt>
     <trkpt lat="35.415977" lon="-120.874802"><ele>8.7</ele></trkpt>
     <trkpt lat="35.414089" lon="-120.873730"><ele>7.5</ele></trkpt>
     <trkpt lat="35.413406" lon="-120.873398"><ele>4.8</ele></trkpt>
     <trkpt lat="35.412386" lon="-120.872989"><ele>7.2</ele></trkpt>
     <trkpt lat="35.411054" lon="-120.872619"><ele>11.8</ele></trkpt>
     <trkpt lat="35.409723" lon="-120.872248"><ele>16.2</ele></trkpt>
     <trkpt lat="35.409139" lon="-120.872027"><ele>18.2</ele></trkpt>
     <trkpt lat="35.408563" lon="-120.871706"><ele>20.2</ele></trkpt>
     <trkpt lat="35.407950" lon="-120.871234"><ele>21.0</ele></trkpt>
     <trkpt lat="35.405992" lon="-120.869453"><ele>18.5</ele></trkpt>
     <trkpt lat="35.404034" lon="-120.867673"><ele>16.0</ele></trkpt>
     <trkpt lat="35.402895" lon="-120.866369"><ele>15.1</ele></trkpt>
     <trkpt lat="35.401755" lon="-120.865065"><ele>14.2</ele></trkpt>
     <trkpt lat="35.401066" lon="-120.864381"><ele>14.2</ele></trkpt>
     <trkpt lat="35.400094" lon="-120.863558"><ele>14.8</ele></trkpt>
     <trkpt lat="35.399558" lon="-120.863180"><ele>14.5</ele></trkpt>
     <trkpt lat="35.398181" lon="-120.862345"><ele>14.0</ele></trkpt>
     <trkpt lat="35.397075" lon="-120.861852"><ele>14.2</ele></trkpt>
     <trkpt lat="35.394744" lon="-120.860969"><ele>12.9</ele></trkpt>
     <trkpt lat="35.392414" lon="-120.860086"><ele>11.6</ele></trkpt>
     <trkpt lat="35.390083" lon="-120.859203"><ele>10.2</ele></trkpt>
     <trkpt lat="35.387676" lon="-120.858330"><ele>9.2</ele></trkpt>
     <trkpt lat="35.386106" lon="-120.857707"><ele>9.4</ele></trkpt>
     <trkpt lat="35.384537" lon="-120.857083"><ele>9.5</ele></trkpt>
     <trkpt lat="35.382841" lon="-120.856462"><ele>10.5</ele></trkpt>
     <trkpt lat="35.381410" lon="-120.856186"><ele>10.0</ele></trkpt>
     <trkpt lat="35.379978" lon="-120.855910"><ele>9.5</ele></trkpt>
     <trkpt lat="35.379962" lon="-120.856072"><ele>9.0</ele></trkpt>
     <trkpt lat="35.379742" lon="-120.855963"><ele>9.5</ele></trkpt>
     <trkpt lat="35.378858" lon="-120.855673"><ele>10.0</ele></trkpt>
     <trkpt lat="35.378233" lon="-120.855544"><ele>10.8</ele></trkpt>
     <trkpt lat="35.377902" lon="-120.855388"><ele>10.2</ele></trkpt>
     <trkpt lat="35.377268" lon="-120.854979"><ele>9.5</ele></trkpt>
     <trkpt lat="35.376607" lon="-120.854856"><ele>8.5</ele></trkpt>
     <trkpt lat="35.376327" lon="-120.854464"><ele>8.2</ele></trkpt>
     <trkpt lat="35.375552" lon="-120.853945"><ele>9.2</ele></trkpt>
     <trkpt lat="35.375202" lon="-120.853779"><ele>9.8</ele></trkpt>
     <trkpt lat="35.374729" lon="-120.853414"><ele>9.5</ele></trkpt>
     <trkpt lat="35.373991" lon="-120.852978"><ele>9.8</ele></trkpt>
     <trkpt lat="35.373393" lon="-120.852379"><ele>12.8</ele></trkpt>
     <trkpt lat="35.373258" lon="-120.852085"><ele>14.0</ele></trkpt>
     <trkpt lat="35.372971" lon="-120.851679"><ele>17.2</ele></trkpt>
     <trkpt lat="35.372937" lon="-120.851400"><ele>17.2</ele></trkpt>
     <trkpt lat="35.372787" lon="-120.851369"><ele>18.2</ele></trkpt>
     <trkpt lat="35.372396" lon="-120.851143"><ele>20.0</ele></trkpt>
     <trkpt lat="35.371881" lon="-120.850589"><ele>21.0</ele></trkpt>
     <trkpt lat="35.371359" lon="-120.850203"><ele>20.2</ele></trkpt>
     <trkpt lat="35.370622" lon="-120.850029"><ele>23.8</ele></trkpt>
     <trkpt lat="35.370123" lon="-120.849997"><ele>25.5</ele></trkpt>
     <trkpt lat="35.368022" lon="-120.849998"><ele>23.2</ele></trkpt>
     <trkpt lat="35.365921" lon="-120.849998"><ele>21.0</ele></trkpt>
     <trkpt lat="35.365924" lon="-120.849905"><ele>21.2</ele></trkpt>
     <trkpt lat="35.365809" lon="-120.849907"><ele>20.5</ele></trkpt>
     <trkpt lat="35.365924" lon="-120.849905"><ele>21.2</ele></trkpt>
     <trkpt lat="35.365921" lon="-120.849998"><ele>21.0</ele></trkpt>
     <trkpt lat="35.364019" lon="-120.849988"><ele>21.7</ele></trkpt>
     <trkpt lat="35.362116" lon="-120.849978"><ele>22.3</ele></trkpt>
     <trkpt lat="35.360214" lon="-120.849968"><ele>23.0</ele></trkpt>
     <trkpt lat="35.360017" lon="-120.849948"><ele>23.2</ele></trkpt>
     <trkpt lat="35.359001" lon="-120.849530"><ele>29.0</ele></trkpt>
     <trkpt lat="35.358559" lon="-120.849242"><ele>26.2</ele></trkpt>
     <trkpt lat="35.357562" lon="-120.848435"><ele>18.2</ele></trkpt>
     <trkpt lat="35.356157" lon="-120.846592"><ele>16.8</ele></trkpt>
     <trkpt lat="35.356084" lon="-120.846435"><ele>17.2</ele></trkpt>
     <trkpt lat="35.356023" lon="-120.846130"><ele>18.8</ele></trkpt>
     <trkpt lat="35.356018" lon="-120.845353"><ele>23.0</ele></trkpt>
     <trkpt lat="35.355964" lon="-120.844892"><ele>25.2</ele></trkpt>
     <trkpt lat="35.355888" lon="-120.844685"><ele>26.0</ele></trkpt>
     <trkpt lat="35.355704" lon="-120.844459"><ele>26.5</ele></trkpt>
     <trkpt lat="35.354685" lon="-120.843894"><ele>27.8</ele></trkpt>
     <trkpt lat="35.354464" lon="-120.843813"><ele>29.5</ele></trkpt>
     <trkpt lat="35.353919" lon="-120.843726"><ele>31.2</ele></trkpt>
     <trkpt lat="35.353763" lon="-120.842687"><ele>41.2</ele></trkpt>
     <trkpt lat="35.353448" lon="-120.841926"><ele>43.8</ele></trkpt>
     <trkpt lat="35.353373" lon="-120.841576"><ele>44.5</ele></trkpt>
     <trkpt lat="35.353386" lon="-120.841365"><ele>45.5</ele></trkpt>
     <trkpt lat="35.353565" lon="-120.840531"><ele>50.8</ele></trkpt>
     <trkpt lat="35.353560" lon="-120.840201"><ele>51.5</ele></trkpt>
     <trkpt lat="35.353503" lon="-120.839939"><ele>51.8</ele></trkpt>
     <trkpt lat="35.353238" lon="-120.839376"><ele>53.5</ele></trkpt>
     <trkpt lat="35.352585" lon="-120.838431"><ele>52.2</ele></trkpt>
     <trkpt lat="35.352222" lon="-120.837788"><ele>53.2</ele></trkpt>
     <trkpt lat="35.351868" lon="-120.836764"><ele>51.2</ele></trkpt>
     <trkpt lat="35.351738" lon="-120.835987"><ele>56.5</ele></trkpt>
     <trkpt lat="35.351413" lon="-120.834581"><ele>38.5</ele></trkpt>
     <trkpt lat="35.351337" lon="-120.833857"><ele>30.8</ele></trkpt>
     <trkpt lat="35.351415" lon="-120.833499"><ele>29.5</ele></trkpt>
     <trkpt lat="35.351480" lon="-120.833365"><ele>29.2</ele></trkpt>
     <trkpt lat="35.351765" lon="-120.833015"><ele>30.8</ele></trkpt>
     <trkpt lat="35.352049" lon="-120.832393"><ele>30.0</ele></trkpt>
     <trkpt lat="35.352384" lon="-120.831988"><ele>28.8</ele></trkpt>
     <trkpt lat="35.352566" lon="-120.831533"><ele>25.0</ele></trkpt>
     <trkpt lat="35.352850" lon="-120.831041"><ele>19.5</ele></trkpt>
     <trkpt lat="35.353576" lon="-120.830047"><ele>15.5</ele></trkpt>
     <trkpt lat="35.353879" lon="-120.829549"><ele>12.5</ele></trkpt>
     <trkpt lat="35.354791" lon="-120.828569"><ele>11.8</ele></trkpt>
     <trkpt lat="35.354932" lon="-120.828344"><ele>9.8</ele></trkpt>
     <trkpt lat="35.355019" lon="-120.828050"><ele>8.2</ele></trkpt>
     <trkpt lat="35.353849" lon="-120.827506"><ele>6.0</ele></trkpt>
     <trkpt lat="35.353534" lon="-120.827422"><ele>6.2</ele></trkpt>
     <trkpt lat="35.353288" lon="-120.827408"><ele>7.2</ele></trkpt>
     <trkpt lat="35.353018" lon="-120.827455"><ele>10.0</ele></trkpt>
     <trkpt lat="35.352693" lon="-120.827590"><ele>11.8</ele></trkpt>
     <trkpt lat="35.352159" lon="-120.828019"><ele>9.8</ele></trkpt>
     <trkpt lat="35.351860" lon="-120.828167"><ele>8.8</ele></trkpt>
     <trkpt lat="35.351429" lon="-120.828243"><ele>8.2</ele></trkpt>
     <trkpt lat="35.350802" lon="-120.828272"><ele>8.0</ele></trkpt>
     <trkpt lat="35.350185" lon="-120.828058"><ele>8.5</ele></trkpt>
     <trkpt lat="35.349918" lon="-120.827898"><ele>9.0</ele></trkpt>
     <trkpt lat="35.349715" lon="-120.827699"><ele>9.5</ele></trkpt>
     <trkpt lat="35.349338" lon="-120.827138"><ele>10.8</ele></trkpt>
     <trkpt lat="35.348924" lon="-120.826790"><ele>10.0</ele></trkpt>
     <trkpt lat="35.348724" lon="-120.826687"><ele>9.5</ele></trkpt>
     <trkpt lat="35.347855" lon="-120.826399"><ele>7.0</ele></trkpt>
     <trkpt lat="35.346823" lon="-120.825813"><ele>6.5</ele></trkpt>
     <trkpt lat="35.346319" lon="-120.825696"><ele>6.8</ele></trkpt>
     <trkpt lat="35.344806" lon="-120.825611"><ele>8.5</ele></trkpt>
     <trkpt lat="35.343819" lon="-120.825356"><ele>11.2</ele></trkpt>
     <trkpt lat="35.343075" lon="-120.825037"><ele>9.2</ele></trkpt>
     <trkpt lat="35.342684" lon="-120.824824"><ele>8.5</ele></trkpt>
     <trkpt lat="35.340966" lon="-120.823766"><ele>9.0</ele></trkpt>
     <trkpt lat="35.340337" lon="-120.823506"><ele>9.0</ele></trkpt>
     <trkpt lat="35.339877" lon="-120.823368"><ele>8.2</ele></trkpt>
     <trkpt lat="35.339382" lon="-120.823290"><ele>6.5</ele></trkpt>
     <trkpt lat="35.337089" lon="-120.823300"><ele>7.5</ele></trkpt>
     <trkpt lat="35.334796" lon="-120.823310"><ele>8.5</ele></trkpt>
     <trkpt lat="35.333322" lon="-120.823362"><ele>26.0</ele></trkpt>
     <trkpt lat="35.331795" lon="-120.823362"><ele>27.4</ele></trkpt>
     <trkpt lat="35.330268" lon="-120.823362"><ele>28.8</ele></trkpt>
     <trkpt lat="35.329564" lon="-120.823324"><ele>27.8</ele></trkpt>
     <trkpt lat="35.328759" lon="-120.823112"><ele>31.0</ele></trkpt>
     <trkpt lat="35.328234" lon="-120.822866"><ele>35.0</ele></trkpt>
     <trkpt lat="35.326613" lon="-120.821735"><ele>38.5</ele></trkpt>
     <trkpt lat="35.326006" lon="-120.821409"><ele>34.5</ele></trkpt>
     <trkpt lat="35.325608" lon="-120.821273"><ele>31.5</ele></trkpt>
     <trkpt lat="35.324918" lon="-120.821149"><ele>26.8</ele></trkpt>
     <trkpt lat="35.324567" lon="-120.821124"><ele>25.2</ele></trkpt>
     <trkpt lat="35.324026" lon="-120.821161"><ele>23.5</ele></trkpt>
     <trkpt lat="35.323506" lon="-120.821279"><ele>23.8</ele></trkpt>
     <trkpt lat="35.322844" lon="-120.821551"><ele>24.0</ele></trkpt>
     <trkpt lat="35.322379" lon="-120.821841"><ele>26.0</ele></trkpt>
     <trkpt lat="35.321069" lon="-120.822964"><ele>31.8</ele></trkpt>
     <trkpt lat="35.320691" lon="-120.823192"><ele>31.0</ele></trkpt>
     <trkpt lat="35.320172" lon="-120.823363"><ele>30.2</ele></trkpt>
     <trkpt lat="35.319694" lon="-120.823412"><ele>29.8</ele></trkpt>
     <trkpt lat="35.317399" lon="-120.823455"><ele>35.8</ele></trkpt>
     <trkpt lat="35.315838" lon="-120.823444"><ele>34.8</ele></trkpt>
     <trkpt lat="35.314278" lon="-120.823434"><ele>33.8</ele></trkpt>
     <trkpt lat="35.313690" lon="-120.823484"><ele>37.0</ele></trkpt>
     <trkpt lat="35.313001" lon="-120.823616"><ele>39.5</ele></trkpt>
     <trkpt lat="35.312507" lon="-120.823766"><ele>39.8</ele></trkpt>
     <trkpt lat="35.312644" lon="-120.824482"><ele>39.8</ele></trkpt>
     <trkpt lat="35.312893" lon="-120.826552"><ele>39.5</ele></trkpt>
     <trkpt lat="35.313142" lon="-120.828622"><ele>39.2</ele></trkpt>
     <trkpt lat="35.313163" lon="-120.830967"><ele>39.1</ele></trkpt>
     <trkpt lat="35.313183" lon="-120.833312"><ele>39.0</ele></trkpt>
     <trkpt lat="35.311968" lon="-120.833253"><ele>39.2</ele></trkpt>
     <trkpt lat="35.311124" lon="-120.833148"><ele>40.0</ele></trkpt>
     <trkpt lat="35.310763" lon="-120.833224"><ele>40.8</ele></trkpt>
     <trkpt lat="35.310765" lon="-120.832979"><ele>41.2</ele></trkpt>
     <trkpt lat="35.310713" lon="-120.832635"><ele>42.5</ele></trkpt>
     <trkpt lat="35.311089" lon="-120.832485"><ele>41.5</ele></trkpt>
     <trkpt lat="35.310915" lon="-120.831186"><ele>42.0</ele></trkpt>
     <trkpt lat="35.310729" lon="-120.829181"><ele>46.1</ele></trkpt>
     <trkpt lat="35.310543" lon="-120.827176"><ele>50.2</ele></trkpt>
     <trkpt lat="35.310398" lon="-120.826333"><ele>50.5</ele></trkpt>
     <trkpt lat="35.310148" lon="-120.825582"><ele>51.2</ele></trkpt>
     <trkpt lat="35.310138" lon="-120.825419"><ele>51.2</ele></trkpt>
     <trkpt lat="35.309129" lon="-120.823584"><ele>54.8</ele></trkpt>
     <trkpt lat="35.308861" lon="-120.822995"><ele>54.8</ele></trkpt>
     <trkpt lat="35.308773" lon="-120.822682"><ele>54.0</ele></trkpt>
     <trkpt lat="35.308013" lon="-120.819643"><ele>48.0</ele></trkpt>
     <trkpt lat="35.307253" lon="-120.816604"><ele>42.0</ele></trkpt>
     <trkpt lat="35.306492" lon="-120.813565"><ele>36.0</ele></trkpt>
     <trkpt lat="35.305732" lon="-120.810526"><ele>30.0</ele></trkpt>
     <trkpt lat="35.304992" lon="-120.807488"><ele>32.0</ele></trkpt>
     <trkpt lat="35.304252" lon="-120.804451"><ele>34.0</ele></trkpt>
     <trkpt lat="35.303512" lon="-120.801413"><ele>36.0</ele></trkpt>
     <trkpt lat="35.303234" lon="-120.800191"><ele>35.0</ele></trkpt>
     <trkpt lat="35.302811" lon="-120.797896"><ele>32.1</ele></trkpt>
     <trkpt lat="35.302387" lon="-120.795601"><ele>29.2</ele></trkpt>
     <trkpt lat="35.302028" lon="-120.794200"><ele>26.2</ele></trkpt>
     <trkpt lat="35.301744" lon="-120.793344"><ele>20.8</ele></trkpt>
     <trkpt lat="35.300952" lon="-120.791275"><ele>18.8</ele></trkpt>
     <trkpt lat="35.300161" lon="-120.789207"><ele>16.8</ele></trkpt>
     <trkpt lat="35.299369" lon="-120.787138"><ele>14.8</ele></trkpt>
     <trkpt lat="35.299200" lon="-120.786609"><ele>13.8</ele></trkpt>
     <trkpt lat="35.298943" lon="-120.785504"><ele>14.5</ele></trkpt>
     <trkpt lat="35.298835" lon="-120.784783"><ele>14.0</ele></trkpt>
     <trkpt lat="35.298751" lon="-120.783533"><ele>13.8</ele></trkpt>
     <trkpt lat="35.298813" lon="-120.782090"><ele>15.0</ele></trkpt>
     <trkpt lat="35.298958" lon="-120.781006"><ele>14.8</ele></trkpt>
     <trkpt lat="35.299110" lon="-120.780338"><ele>15.2</ele></trkpt>
     <trkpt lat="35.299786" lon="-120.777973"><ele>16.2</ele></trkpt>
     <trkpt lat="35.299927" lon="-120.777095"><ele>16.5</ele></trkpt>
     <trkpt lat="35.299966" lon="-120.776610"><ele>17.0</ele></trkpt>
     <trkpt lat="35.299965" lon="-120.775762"><ele>19.2</ele></trkpt>
     <trkpt lat="35.299907" lon="-120.775198"><ele>22.8</ele></trkpt>
     <trkpt lat="35.299662" lon="-120.774054"><ele>21.8</ele></trkpt>
     <trkpt lat="35.298638" lon="-120.771278"><ele>23.9</ele></trkpt>
     <trkpt lat="35.297613" lon="-120.768502"><ele>26.1</ele></trkpt>
     <trkpt lat="35.296589" lon="-120.765726"><ele>28.3</ele></trkpt>
     <trkpt lat="35.295565" lon="-120.762951"><ele>30.5</ele></trkpt>
     <trkpt lat="35.294541" lon="-120.760175"><ele>32.7</ele></trkpt>
     <trkpt lat="35.293517" lon="-120.757399"><ele>34.9</ele></trkpt>
     <trkpt lat="35.292492" lon="-120.754623"><ele>37.1</ele></trkpt>
     <trkpt lat="35.291468" lon="-120.751847"><ele>39.2</ele></trkpt>
     <trkpt lat="35.290436" lon="-120.749030"><ele>39.8</ele></trkpt>
     <trkpt lat="35.289404" lon="-120.746213"><ele>40.2</ele></trkpt>
     <trkpt lat="35.288372" lon="-120.743396"><ele>40.8</ele></trkpt>
     <trkpt lat="35.287340" lon="-120.740579"><ele>41.2</ele></trkpt>
     <trkpt lat="35.286308" lon="-120.737762"><ele>41.8</ele></trkpt>
     <trkpt lat="35.285275" lon="-120.734945"><ele>42.2</ele></trkpt>
     <trkpt lat="35.284243" lon="-120.732128"><ele>42.8</ele></trkpt>
     <trkpt lat="35.283211" lon="-120.729311"><ele>43.2</ele></trkpt>
     <trkpt lat="35.282179" lon="-120.726494"><ele>43.8</ele></trkpt>
     <trkpt lat="35.281147" lon="-120.723677"><ele>44.2</ele></trkpt>
     <trkpt lat="35.280115" lon="-120.720860"><ele>44.8</ele></trkpt>
     <trkpt lat="35.279083" lon="-120.718043"><ele>45.2</ele></trkpt>
     <trkpt lat="35.277848" lon="-120.718751"><ele>52.0</ele></trkpt>
     <trkpt lat="35.277737" lon="-120.718689"><ele>52.0</ele></trkpt>
     <trkpt lat="35.277607" lon="-120.718690"><ele>52.2</ele></trkpt>
     <trkpt lat="35.277503" lon="-120.718744"><ele>52.2</ele></trkpt>
     <trkpt lat="35.277448" lon="-120.718862"><ele>52.8</ele></trkpt>
     <trkpt lat="35.277440" lon="-120.719003"><ele>53.0</ele></trkpt>
     <trkpt lat="35.277448" lon="-120.718862"><ele>52.8</ele></trkpt>
     <trkpt lat="35.277503" lon="-120.718744"><ele>52.2</ele></trkpt>
     <trkpt lat="35.277607" lon="-120.718690"><ele>52.2</ele></trkpt>
     <trkpt lat="35.277737" lon="-120.718689"><ele>52.0</ele></trkpt>
     <trkpt lat="35.277848" lon="-120.718751"><ele>52.0</ele></trkpt>
     <trkpt lat="35.279083" lon="-120.718043"><ele>45.2</ele></trkpt>
     <trkpt lat="35.278472" lon="-120.716370"><ele>44.2</ele></trkpt>
     <trkpt lat="35.277862" lon="-120.714698"><ele>43.2</ele></trkpt>
     <trkpt lat="35.277299" lon="-120.713019"><ele>45.5</ele></trkpt>
     <trkpt lat="35.276889" lon="-120.712120"><ele>44.8</ele></trkpt>
     <trkpt lat="35.276607" lon="-120.711622"><ele>44.2</ele></trkpt>
     <trkpt lat="35.277066" lon="-120.711284"><ele>43.5</ele></trkpt>
     <trkpt lat="35.279144" lon="-120.710046"><ele>43.2</ele></trkpt>
     <trkpt lat="35.281222" lon="-120.708807"><ele>43.0</ele></trkpt>
     <trkpt lat="35.281539" lon="-120.708542"><ele>43.0</ele></trkpt>
     <trkpt lat="35.281887" lon="-120.708146"><ele>43.2</ele></trkpt>
     <trkpt lat="35.282313" lon="-120.707350"><ele>44.8</ele></trkpt>
     <trkpt lat="35.283253" lon="-120.705238"><ele>48.6</ele></trkpt>
     <trkpt lat="35.284192" lon="-120.703126"><ele>52.5</ele></trkpt>
     <trkpt lat="35.284516" lon="-120.702623"><ele>51.2</ele></trkpt>
     <trkpt lat="35.286128" lon="-120.700603"><ele>52.2</ele></trkpt>
     <trkpt lat="35.286392" lon="-120.700163"><ele>52.0</ele></trkpt>
     <trkpt lat="35.287247" lon="-120.698066"><ele>56.9</ele></trkpt>
     <trkpt lat="35.288102" lon="-120.695969"><ele>61.8</ele></trkpt>
     <trkpt lat="35.288987" lon="-120.694105"><ele>64.5</ele></trkpt>
     <trkpt lat="35.289872" lon="-120.692240"><ele>67.2</ele></trkpt>
     <trkpt lat="35.291281" lon="-120.690138"><ele>76.2</ele></trkpt>
     <trkpt lat="35.292017" lon="-120.688643"><ele>86.8</ele></trkpt>
     <trkpt lat="35.292373" lon="-120.688191"><ele>86.5</ele></trkpt>
     <trkpt lat="35.293723" lon="-120.686710"><ele>94.2</ele></trkpt>
     <trkpt lat="35.293977" lon="-120.686284"><ele>94.2</ele></trkpt>
     <trkpt lat="35.294085" lon="-120.685962"><ele>93.2</ele></trkpt>
     <trkpt lat="35.294141" lon="-120.685548"><ele>92.8</ele></trkpt>
     <trkpt lat="35.294141" lon="-120.682783"><ele>89.0</ele></trkpt>
     <trkpt lat="35.294142" lon="-120.680018"><ele>85.2</ele></trkpt>
     <trkpt lat="35.294142" lon="-120.677253"><ele>81.5</ele></trkpt>
     <trkpt lat="35.294109" lon="-120.674180"><ele>81.2</ele></trkpt>
     <trkpt lat="35.294075" lon="-120.671108"><ele>81.0</ele></trkpt>
     <trkpt lat="35.294042" lon="-120.668035"><ele>80.8</ele></trkpt>
     <trkpt lat="35.292396" lon="-120.667438"><ele>78.0</ele></trkpt>
     <trkpt lat="35.291857" lon="-120.667308"><ele>78.2</ele></trkpt>
     <trkpt lat="35.290511" lon="-120.666873"><ele>74.8</ele></trkpt>
     <trkpt lat="35.290182" lon="-120.666679"><ele>73.8</ele></trkpt>
     <trkpt lat="35.289663" lon="-120.666223"><ele>71.8</ele></trkpt>
     <trkpt lat="35.289597" lon="-120.666098"><ele>71.5</ele></trkpt>
     <trkpt lat="35.287847" lon="-120.664568"><ele>72.1</ele></trkpt>
     <trkpt lat="35.286097" lon="-120.663038"><ele>72.8</ele></trkpt>
     <trkpt lat="35.284348" lon="-120.661507"><ele>73.4</ele></trkpt>
     <trkpt lat="35.282598" lon="-120.659977"><ele>74.0</ele></trkpt>
     <trkpt lat="35.282809" lon="-120.659609"><ele>72.8</ele></trkpt>
     <trkpt lat="35.281810" lon="-120.661266"><ele>73.5</ele></trkpt>
     <trkpt lat="35.280574" lon="-120.663494"><ele>70.5</ele></trkpt>
     <trkpt lat="35.279870" lon="-120.662866"><ele>68.5</ele></trkpt>
     <trkpt lat="35.278797" lon="-120.664641"><ele>65.2</ele></trkpt>
     <trkpt lat="35.277723" lon="-120.666417"><ele>62.0</ele></trkpt>
     <trkpt lat="35.276650" lon="-120.668192"><ele>58.8</ele></trkpt>
     <trkpt lat="35.275364" lon="-120.669180"><ele>55.5</ele></trkpt>
     <trkpt lat="35.275203" lon="-120.669263"><ele>55.8</ele></trkpt>
     <trkpt lat="35.273136" lon="-120.669631"><ele>54.0</ele></trkpt>
     <trkpt lat="35.271070" lon="-120.669999"><ele>52.2</ele></trkpt>
     <trkpt lat="35.269003" lon="-120.670367"><ele>50.5</ele></trkpt>
     <trkpt lat="35.266720" lon="-120.670418"><ele>53.0</ele></trkpt>
     <trkpt lat="35.264437" lon="-120.670470"><ele>55.5</ele></trkpt>
     <trkpt lat="35.263941" lon="-120.670456"><ele>55.8</ele></trkpt>
     <trkpt lat="35.263454" lon="-120.670304"><ele>55.5</ele></trkpt>
     <trkpt lat="35.261601" lon="-120.669319"><ele>52.0</ele></trkpt>
     <trkpt lat="35.261296" lon="-120.669195"><ele>51.0</ele></trkpt>
     <trkpt lat="35.259956" lon="-120.668875"><ele>50.5</ele></trkpt>
     <trkpt lat="35.258616" lon="-120.668555"><ele>50.0</ele></trkpt>
     <trkpt lat="35.257898" lon="-120.668542"><ele>49.2</ele></trkpt>
     <trkpt lat="35.255302" lon="-120.668791"><ele>44.5</ele></trkpt>
     <trkpt lat="35.254947" lon="-120.668865"><ele>45.0</ele></trkpt>
     <trkpt lat="35.254466" lon="-120.669062"><ele>46.2</ele></trkpt>
     <trkpt lat="35.252206" lon="-120.670415"><ele>44.9</ele></trkpt>
     <trkpt lat="35.249946" lon="-120.671767"><ele>43.5</ele></trkpt>
     <trkpt lat="35.247685" lon="-120.673120"><ele>42.2</ele></trkpt>
     <trkpt lat="35.245425" lon="-120.674472"><ele>40.9</ele></trkpt>
     <trkpt lat="35.243165" lon="-120.675825"><ele>39.5</ele></trkpt>
     <trkpt lat="35.240992" lon="-120.677292"><ele>36.6</ele></trkpt>
     <trkpt lat="35.238818" lon="-120.678758"><ele>33.7</ele></trkpt>
     <trkpt lat="35.236645" lon="-120.680225"><ele>30.8</ele></trkpt>
     <trkpt lat="35.236305" lon="-120.680513"><ele>31.8</ele></trkpt>
     <trkpt lat="35.235878" lon="-120.680917"><ele>31.5</ele></trkpt>
     <trkpt lat="35.235438" lon="-120.681459"><ele>29.5</ele></trkpt>
     <trkpt lat="35.234823" lon="-120.682475"><ele>29.8</ele></trkpt>
     <trkpt lat="35.233737" lon="-120.685069"><ele>28.8</ele></trkpt>
     <trkpt lat="35.232651" lon="-120.687664"><ele>27.8</ele></trkpt>
     <trkpt lat="35.232368" lon="-120.688209"><ele>26.2</ele></trkpt>
     <trkpt lat="35.231111" lon="-120.690074"><ele>29.5</ele></trkpt>
     <trkpt lat="35.230879" lon="-120.690340"><ele>32.2</ele></trkpt>
     <trkpt lat="35.230697" lon="-120.690468"><ele>32.8</ele></trkpt>
     <trkpt lat="35.230242" lon="-120.690603"><ele>31.0</ele></trkpt>
     <trkpt lat="35.228654" lon="-120.690806"><ele>27.2</ele></trkpt>
     <trkpt lat="35.227621" lon="-120.690783"><ele>25.2</ele></trkpt>
     <trkpt lat="35.225619" lon="-120.690608"><ele>22.2</ele></trkpt>
     <trkpt lat="35.225121" lon="-120.690644"><ele>26.5</ele></trkpt>
     <trkpt lat="35.224859" lon="-120.690731"><ele>28.2</ele></trkpt>
     <trkpt lat="35.224593" lon="-120.690889"><ele>29.5</ele></trkpt>
     <trkpt lat="35.224230" lon="-120.691253"><ele>30.5</ele></trkpt>
     <trkpt lat="35.223507" lon="-120.692530"><ele>27.0</ele></trkpt>
     <trkpt lat="35.223223" lon="-120.692930"><ele>27.2</ele></trkpt>
     <trkpt lat="35.223327" lon="-120.693224"><ele>28.5</ele></trkpt>
     <trkpt lat="35.223202" lon="-120.693439"><ele>28.8</ele></trkpt>
     <trkpt lat="35.223072" lon="-120.693542"><ele>28.8</ele></trkpt>
     <trkpt lat="35.222787" lon="-120.693620"><ele>29.2</ele></trkpt>
     <trkpt lat="35.222562" lon="-120.693625"><ele>29.2</ele></trkpt>
     <trkpt lat="35.221289" lon="-120.693294"><ele>30.0</ele></trkpt>
     <trkpt lat="35.221043" lon="-120.693267"><ele>30.2</ele></trkpt>
     <trkpt lat="35.220829" lon="-120.693280"><ele>30.5</ele></trkpt>
     <trkpt lat="35.220363" lon="-120.693425"><ele>29.5</ele></trkpt>
     <trkpt lat="35.220100" lon="-120.693580"><ele>29.0</ele></trkpt>
     <trkpt lat="35.218295" lon="-120.694895"><ele>27.2</ele></trkpt>
     <trkpt lat="35.217083" lon="-120.695885"><ele>31.2</ele></trkpt>
     <trkpt lat="35.215870" lon="-120.696875"><ele>35.2</ele></trkpt>
     <trkpt lat="35.215631" lon="-120.697024"><ele>38.5</ele></trkpt>
     <trkpt lat="35.215186" lon="-120.697201"><ele>41.5</ele></trkpt>
     <trkpt lat="35.214645" lon="-120.697277"><ele>42.2</ele></trkpt>
     <trkpt lat="35.213118" lon="-120.697233"><ele>39.2</ele></trkpt>
     <trkpt lat="35.211083" lon="-120.697241"><ele>32.8</ele></trkpt>
     <trkpt lat="35.208830" lon="-120.697483"><ele>29.8</ele></trkpt>
     <trkpt lat="35.207438" lon="-120.697314"><ele>25.1</ele></trkpt>
     <trkpt lat="35.206047" lon="-120.697145"><ele>20.5</ele></trkpt>
     <trkpt lat="35.205460" lon="-120.697146"><ele>20.5</ele></trkpt>
     <trkpt lat="35.204821" lon="-120.697207"><ele>22.0</ele></trkpt>
     <trkpt lat="35.202458" lon="-120.697576"><ele>20.8</ele></trkpt>
     <trkpt lat="35.201650" lon="-120.697748"><ele>21.2</ele></trkpt>
     <trkpt lat="35.200045" lon="-120.698369"><ele>20.2</ele></trkpt>
     <trkpt lat="35.197778" lon="-120.699499"><ele>24.8</ele></trkpt>
     <trkpt lat="35.197013" lon="-120.699921"><ele>27.2</ele></trkpt>
     <trkpt lat="35.196117" lon="-120.700568"><ele>27.8</ele></trkpt>
     <trkpt lat="35.196151" lon="-120.701842"><ele>40.0</ele></trkpt>
     <trkpt lat="35.196130" lon="-120.702721"><ele>46.2</ele></trkpt>
     <trkpt lat="35.195973" lon="-120.704248"><ele>47.5</ele></trkpt>
     <trkpt lat="35.195718" lon="-120.705557"><ele>42.5</ele></trkpt>
     <trkpt lat="35.195418" lon="-120.707601"><ele>48.0</ele></trkpt>
     <trkpt lat="35.194876" lon="-120.710730"><ele>34.2</ele></trkpt>
     <trkpt lat="35.194334" lon="-120.713859"><ele>20.5</ele></trkpt>
     <trkpt lat="35.194055" lon="-120.715611"><ele>22.0</ele></trkpt>
     <trkpt lat="35.193777" lon="-120.717364"><ele>23.5</ele></trkpt>
     <trkpt lat="35.193589" lon="-120.717832"><ele>25.2</ele></trkpt>
     <trkpt lat="35.193241" lon="-120.718183"><ele>25.5</ele></trkpt>
     <trkpt lat="35.192953" lon="-120.718314"><ele>25.5</ele></trkpt>
     <trkpt lat="35.192777" lon="-120.718342"><ele>25.2</ele></trkpt>
     <trkpt lat="35.192255" lon="-120.718297"><ele>24.2</ele></trkpt>
     <trkpt lat="35.190744" lon="-120.717984"><ele>18.5</ele></trkpt>
     <trkpt lat="35.190342" lon="-120.717997"><ele>15.2</ele></trkpt>
     <trkpt lat="35.190184" lon="-120.718036"><ele>14.0</ele></trkpt>
     <trkpt lat="35.189847" lon="-120.718231"><ele>12.0</ele></trkpt>
     <trkpt lat="35.189224" lon="-120.718683"><ele>10.2</ele></trkpt>
     <trkpt lat="35.187857" lon="-120.718987"><ele>25.2</ele></trkpt>
     <trkpt lat="35.188319" lon="-120.721322"><ele>24.0</ele></trkpt>
     <trkpt lat="35.188448" lon="-120.722229"><ele>21.2</ele></trkpt>
     <trkpt lat="35.188464" lon="-120.722622"><ele>19.5</ele></trkpt>
     <trkpt lat="35.188415" lon="-120.723082"><ele>17.0</ele></trkpt>
     <trkpt lat="35.188201" lon="-120.724095"><ele>16.2</ele></trkpt>
     <trkpt lat="35.188004" lon="-120.724456"><ele>18.0</ele></trkpt>
     <trkpt lat="35.187763" lon="-120.724696"><ele>18.2</ele></trkpt>
     <trkpt lat="35.187592" lon="-120.724797"><ele>18.2</ele></trkpt>
     <trkpt lat="35.187276" lon="-120.724883"><ele>16.2</ele></trkpt>
     <trkpt lat="35.186950" lon="-120.724840"><ele>16.8</ele></trkpt>
     <trkpt lat="35.185992" lon="-120.724393"><ele>22.8</ele></trkpt>
     <trkpt lat="35.185468" lon="-120.724203"><ele>19.5</ele></trkpt>
     <trkpt lat="35.184879" lon="-120.724035"><ele>20.5</ele></trkpt>
     <trkpt lat="35.183783" lon="-120.723858"><ele>22.5</ele></trkpt>
     <trkpt lat="35.183244" lon="-120.723692"><ele>23.0</ele></trkpt>
     <trkpt lat="35.182150" lon="-120.723139"><ele>22.0</ele></trkpt>
     <trkpt lat="35.181849" lon="-120.723046"><ele>19.8</ele></trkpt>
     <trkpt lat="35.181646" lon="-120.723032"><ele>17.2</ele></trkpt>
     <trkpt lat="35.181331" lon="-120.723088"><ele>15.0</ele></trkpt>
     <trkpt lat="35.180475" lon="-120.723515"><ele>9.8</ele></trkpt>
     <trkpt lat="35.180114" lon="-120.723805"><ele>8.8</ele></trkpt>
     <trkpt lat="35.179961" lon="-120.724003"><ele>8.8</ele></trkpt>
     <trkpt lat="35.179852" lon="-120.724249"><ele>12.2</ele></trkpt>
     <trkpt lat="35.179791" lon="-120.724487"><ele>15.8</ele></trkpt>
     <trkpt lat="35.179776" lon="-120.724915"><ele>19.2</ele></trkpt>
     <trkpt lat="35.179813" lon="-120.725127"><ele>20.2</ele></trkpt>
     <trkpt lat="35.180684" lon="-120.727433"><ele>21.8</ele></trkpt>
     <trkpt lat="35.180474" lon="-120.727617"><ele>29.5</ele></trkpt>
     <trkpt lat="35.180415" lon="-120.727817"><ele>31.2</ele></trkpt>
     <trkpt lat="35.180471" lon="-120.728735"><ele>28.0</ele></trkpt>
     <trkpt lat="35.180443" lon="-120.729316"><ele>27.0</ele></trkpt>
     <trkpt lat="35.180109" lon="-120.731706"><ele>24.2</ele></trkpt>
     <trkpt lat="35.180043" lon="-120.731887"><ele>21.5</ele></trkpt>
     <trkpt lat="35.180109" lon="-120.731706"><ele>24.2</ele></trkpt>
     <trkpt lat="35.180443" lon="-120.729316"><ele>27.0</ele></trkpt>
     <trkpt lat="35.180471" lon="-120.728735"><ele>28.0</ele></trkpt>
     <trkpt lat="35.180415" lon="-120.727817"><ele>31.2</ele></trkpt>
     <trkpt lat="35.180474" lon="-120.727617"><ele>29.5</ele></trkpt>
     <trkpt lat="35.180684" lon="-120.727433"><ele>21.8</ele></trkpt>
     <trkpt lat="35.179813" lon="-120.725127"><ele>20.2</ele></trkpt>
     <trkpt lat="35.179776" lon="-120.724915"><ele>19.2</ele></trkpt>
     <trkpt lat="35.179791" lon="-120.724487"><ele>15.8</ele></trkpt>
     <trkpt lat="35.179852" lon="-120.724249"><ele>12.2</ele></trkpt>
     <trkpt lat="35.179961" lon="-120.724003"><ele>8.8</ele></trkpt>
     <trkpt lat="35.180114" lon="-120.723805"><ele>8.8</ele></trkpt>
     <trkpt lat="35.180475" lon="-120.723515"><ele>9.8</ele></trkpt>
     <trkpt lat="35.181331" lon="-120.723088"><ele>15.0</ele></trkpt>
     <trkpt lat="35.181646" lon="-120.723032"><ele>17.2</ele></trkpt>
     <trkpt lat="35.181849" lon="-120.723046"><ele>19.8</ele></trkpt>
     <trkpt lat="35.182150" lon="-120.723139"><ele>22.0</ele></trkpt>
     <trkpt lat="35.182925" lon="-120.723548"><ele>23.5</ele></trkpt>
     <trkpt lat="35.183581" lon="-120.723805"><ele>22.5</ele></trkpt>
     <trkpt lat="35.185158" lon="-120.724107"><ele>19.0</ele></trkpt>
     <trkpt lat="35.185992" lon="-120.724393"><ele>22.8</ele></trkpt>
     <trkpt lat="35.186950" lon="-120.724840"><ele>16.8</ele></trkpt>
     <trkpt lat="35.187352" lon="-120.724873"><ele>16.8</ele></trkpt>
     <trkpt lat="35.187763" lon="-120.724696"><ele>18.2</ele></trkpt>
     <trkpt lat="35.188004" lon="-120.724456"><ele>18.0</ele></trkpt>
     <trkpt lat="35.188164" lon="-120.724185"><ele>16.5</ele></trkpt>
     <trkpt lat="35.188260" lon="-120.723904"><ele>15.5</ele></trkpt>
     <trkpt lat="35.188415" lon="-120.723082"><ele>17.0</ele></trkpt>
     <trkpt lat="35.188464" lon="-120.722491"><ele>20.5</ele></trkpt>
     <trkpt lat="35.188319" lon="-120.721322"><ele>24.0</ele></trkpt>
     <trkpt lat="35.187995" lon="-120.719708"><ele>24.1</ele></trkpt>
     <trkpt lat="35.187672" lon="-120.718094"><ele>24.2</ele></trkpt>
     <trkpt lat="35.187214" lon="-120.716679"><ele>24.0</ele></trkpt>
     <trkpt lat="35.187087" lon="-120.716172"><ele>25.5</ele></trkpt>
     <trkpt lat="35.187039" lon="-120.715735"><ele>24.2</ele></trkpt>
     <trkpt lat="35.187038" lon="-120.715277"><ele>21.2</ele></trkpt>
     <trkpt lat="35.187127" lon="-120.714304"><ele>15.0</ele></trkpt>
     <trkpt lat="35.187102" lon="-120.713966"><ele>14.5</ele></trkpt>
     <trkpt lat="35.186971" lon="-120.713494"><ele>14.5</ele></trkpt>
     <trkpt lat="35.186773" lon="-120.713123"><ele>14.0</ele></trkpt>
     <trkpt lat="35.185528" lon="-120.711248"><ele>16.0</ele></trkpt>
     <trkpt lat="35.184590" lon="-120.709278"><ele>16.8</ele></trkpt>
     <trkpt lat="35.184188" lon="-120.708808"><ele>16.8</ele></trkpt>
     <trkpt lat="35.182921" lon="-120.707806"><ele>15.5</ele></trkpt>
     <trkpt lat="35.182647" lon="-120.707523"><ele>14.0</ele></trkpt>
     <trkpt lat="35.182415" lon="-120.707093"><ele>15.0</ele></trkpt>
     <trkpt lat="35.181823" lon="-120.705388"><ele>14.5</ele></trkpt>
     <trkpt lat="35.181544" lon="-120.704838"><ele>16.8</ele></trkpt>
     <trkpt lat="35.181268" lon="-120.704453"><ele>22.0</ele></trkpt>
     <trkpt lat="35.180229" lon="-120.703351"><ele>28.2</ele></trkpt>
     <trkpt lat="35.180003" lon="-120.703003"><ele>27.8</ele></trkpt>
     <trkpt lat="35.179869" lon="-120.702666"><ele>30.5</ele></trkpt>
     <trkpt lat="35.179765" lon="-120.702144"><ele>32.8</ele></trkpt>
     <trkpt lat="35.179716" lon="-120.700603"><ele>36.0</ele></trkpt>
     <trkpt lat="35.179653" lon="-120.700427"><ele>37.0</ele></trkpt>
     <trkpt lat="35.179242" lon="-120.700066"><ele>40.0</ele></trkpt>
     <trkpt lat="35.179124" lon="-120.699758"><ele>41.0</ele></trkpt>
     <trkpt lat="35.178830" lon="-120.699391"><ele>46.0</ele></trkpt>
     <trkpt lat="35.178029" lon="-120.698786"><ele>53.5</ele></trkpt>
     <trkpt lat="35.177458" lon="-120.698471"><ele>55.8</ele></trkpt>
     <trkpt lat="35.176787" lon="-120.698269"><ele>53.2</ele></trkpt>
     <trkpt lat="35.175848" lon="-120.698295"><ele>45.5</ele></trkpt>
     <trkpt lat="35.174854" lon="-120.698118"><ele>40.8</ele></trkpt>
     <trkpt lat="35.174076" lon="-120.697773"><ele>36.8</ele></trkpt>
     <trkpt lat="35.173568" lon="-120.697421"><ele>35.0</ele></trkpt>
     <trkpt lat="35.173132" lon="-120.697017"><ele>35.5</ele></trkpt>
     <trkpt lat="35.172085" lon="-120.695833"><ele>35.5</ele></trkpt>
     <trkpt lat="35.170823" lon="-120.694557"><ele>34.0</ele></trkpt>
     <trkpt lat="35.169520" lon="-120.693137"><ele>35.2</ele></trkpt>
     <trkpt lat="35.168798" lon="-120.692461"><ele>35.2</ele></trkpt>
     <trkpt lat="35.166833" lon="-120.690791"><ele>34.2</ele></trkpt>
     <trkpt lat="35.165031" lon="-120.689166"><ele>31.2</ele></trkpt>
     <trkpt lat="35.164348" lon="-120.688601"><ele>28.8</ele></trkpt>
     <trkpt lat="35.163848" lon="-120.687990"><ele>29.5</ele></trkpt>
     <trkpt lat="35.163627" lon="-120.687650"><ele>30.5</ele></trkpt>
     <trkpt lat="35.163404" lon="-120.687185"><ele>31.8</ele></trkpt>
     <trkpt lat="35.162779" lon="-120.685330"><ele>35.8</ele></trkpt>
     <trkpt lat="35.162018" lon="-120.683310"><ele>37.1</ele></trkpt>
     <trkpt lat="35.161257" lon="-120.681289"><ele>38.5</ele></trkpt>
     <trkpt lat="35.160242" lon="-120.678719"><ele>35.4</ele></trkpt>
     <trkpt lat="35.159228" lon="-120.676150"><ele>32.2</ele></trkpt>
     <trkpt lat="35.158213" lon="-120.673580"><ele>29.1</ele></trkpt>
     <trkpt lat="35.157198" lon="-120.671011"><ele>26.0</ele></trkpt>
     <trkpt lat="35.155241" lon="-120.672373"><ele>16.5</ele></trkpt>
     <trkpt lat="35.157198" lon="-120.671011"><ele>26.0</ele></trkpt>
     <trkpt lat="35.156101" lon="-120.668216"><ele>27.5</ele></trkpt>
     <trkpt lat="35.155003" lon="-120.665420"><ele>29.0</ele></trkpt>
     <trkpt lat="35.154491" lon="-120.664584"><ele>26.0</ele></trkpt>
     <trkpt lat="35.154259" lon="-120.664106"><ele>23.5</ele></trkpt>
     <trkpt lat="35.154072" lon="-120.663477"><ele>19.8</ele></trkpt>
     <trkpt lat="35.153879" lon="-120.662511"><ele>24.5</ele></trkpt>
     <trkpt lat="35.153618" lon="-120.661830"><ele>25.8</ele></trkpt>
     <trkpt lat="35.152881" lon="-120.660424"><ele>28.9</ele></trkpt>
     <trkpt lat="35.152143" lon="-120.659018"><ele>32.0</ele></trkpt>
     <trkpt lat="35.151808" lon="-120.658198"><ele>36.0</ele></trkpt>
     <trkpt lat="35.150968" lon="-120.655860"><ele>30.8</ele></trkpt>
     <trkpt lat="35.149604" lon="-120.653161"><ele>31.5</ele></trkpt>
     <trkpt lat="35.149478" lon="-120.652680"><ele>31.8</ele></trkpt>
     <trkpt lat="35.149506" lon="-120.651748"><ele>34.8</ele></trkpt>
     <trkpt lat="35.149451" lon="-120.651357"><ele>36.5</ele></trkpt>
     <trkpt lat="35.148618" lon="-120.649211"><ele>37.1</ele></trkpt>
     <trkpt lat="35.147786" lon="-120.647064"><ele>37.8</ele></trkpt>
     <trkpt lat="35.147486" lon="-120.646465"><ele>35.8</ele></trkpt>
     <trkpt lat="35.147314" lon="-120.646215"><ele>35.8</ele></trkpt>
     <trkpt lat="35.146654" lon="-120.645477"><ele>34.0</ele></trkpt>
     <trkpt lat="35.146177" lon="-120.644637"><ele>34.8</ele></trkpt>
     <trkpt lat="35.145601" lon="-120.644189"><ele>31.5</ele></trkpt>
     <trkpt lat="35.144477" lon="-120.643170"><ele>24.2</ele></trkpt>
     <trkpt lat="35.142744" lon="-120.641250"><ele>20.0</ele></trkpt>
     <trkpt lat="35.142711" lon="-120.641295"><ele>19.8</ele></trkpt>
     <trkpt lat="35.142740" lon="-120.641328"><ele>19.8</ele></trkpt>
     <trkpt lat="35.141986" lon="-120.642333"><ele>15.8</ele></trkpt>
     <trkpt lat="35.141754" lon="-120.642203"><ele>15.5</ele></trkpt>
     <trkpt lat="35.141386" lon="-120.642118"><ele>14.8</ele></trkpt>
     <trkpt lat="35.141221" lon="-120.641991"><ele>14.5</ele></trkpt>
     <trkpt lat="35.139710" lon="-120.640301"><ele>10.6</ele></trkpt>
     <trkpt lat="35.138198" lon="-120.638612"><ele>6.8</ele></trkpt>
     <trkpt lat="35.137940" lon="-120.638365"><ele>6.5</ele></trkpt>
     <trkpt lat="35.137530" lon="-120.638141"><ele>5.8</ele></trkpt>
     <trkpt lat="35.136289" lon="-120.637943"><ele>5.5</ele></trkpt>
     <trkpt lat="35.135860" lon="-120.637709"><ele>5.8</ele></trkpt>
     <trkpt lat="35.134134" lon="-120.635818"><ele>6.0</ele></trkpt>
     <trkpt lat="35.132407" lon="-120.633926"><ele>6.2</ele></trkpt>
     <trkpt lat="35.131501" lon="-120.632877"><ele>5.8</ele></trkpt>
     <trkpt lat="35.131045" lon="-120.632468"><ele>6.0</ele></trkpt>
     <trkpt lat="35.130627" lon="-120.632166"><ele>8.8</ele></trkpt>
     <trkpt lat="35.130020" lon="-120.631998"><ele>15.8</ele></trkpt>
     <trkpt lat="35.128568" lon="-120.631896"><ele>12.1</ele></trkpt>
     <trkpt lat="35.127116" lon="-120.631794"><ele>8.5</ele></trkpt>
     <trkpt lat="35.126598" lon="-120.631729"><ele>9.5</ele></trkpt>
     <trkpt lat="35.125903" lon="-120.631572"><ele>9.0</ele></trkpt>
     <trkpt lat="35.124734" lon="-120.631128"><ele>8.2</ele></trkpt>
     <trkpt lat="35.123456" lon="-120.630527"><ele>7.4</ele></trkpt>
     <trkpt lat="35.122178" lon="-120.629926"><ele>6.5</ele></trkpt>
     <trkpt lat="35.121045" lon="-120.629699"><ele>5.2</ele></trkpt>
     <trkpt lat="35.120574" lon="-120.629523"><ele>5.5</ele></trkpt>
     <trkpt lat="35.118466" lon="-120.628536"><ele>6.8</ele></trkpt>
     <trkpt lat="35.116357" lon="-120.627548"><ele>8.0</ele></trkpt>
     <trkpt lat="35.114249" lon="-120.626561"><ele>9.2</ele></trkpt>
     <trkpt lat="35.112353" lon="-120.625689"><ele>9.9</ele></trkpt>
     <trkpt lat="35.110456" lon="-120.624818"><ele>10.5</ele></trkpt>
     <trkpt lat="35.108559" lon="-120.623946"><ele>11.1</ele></trkpt>
     <trkpt lat="35.106663" lon="-120.623074"><ele>11.8</ele></trkpt>
     <trkpt lat="35.106274" lon="-120.622843"><ele>11.5</ele></trkpt>
     <trkpt lat="35.106045" lon="-120.622653"><ele>11.0</ele></trkpt>
     <trkpt lat="35.104931" lon="-120.621528"><ele>11.6</ele></trkpt>
     <trkpt lat="35.103816" lon="-120.620404"><ele>12.2</ele></trkpt>
     <trkpt lat="35.103561" lon="-120.619982"><ele>12.0</ele></trkpt>
     <trkpt lat="35.103433" lon="-120.619632"><ele>12.5</ele></trkpt>
     <trkpt lat="35.103234" lon="-120.618814"><ele>13.5</ele></trkpt>
     <trkpt lat="35.103148" lon="-120.618573"><ele>14.2</ele></trkpt>
     <trkpt lat="35.102915" lon="-120.618146"><ele>14.8</ele></trkpt>
     <trkpt lat="35.104476" lon="-120.616443"><ele>16.2</ele></trkpt>
     <trkpt lat="35.104659" lon="-120.616210"><ele>17.5</ele></trkpt>
     <trkpt lat="35.104818" lon="-120.615921"><ele>18.8</ele></trkpt>
     <trkpt lat="35.105623" lon="-120.616162"><ele>18.8</ele></trkpt>
     <trkpt lat="35.105553" lon="-120.616650"><ele>18.0</ele></trkpt>
     <trkpt lat="35.105299" lon="-120.616871"><ele>16.5</ele></trkpt>
     <trkpt lat="35.105553" lon="-120.616650"><ele>18.0</ele></trkpt>
     <trkpt lat="35.105623" lon="-120.616162"><ele>18.8</ele></trkpt>
     <trkpt lat="35.105128" lon="-120.615994"><ele>19.2</ele></trkpt>
     <trkpt lat="35.104533" lon="-120.615885"><ele>17.5</ele></trkpt>
     <trkpt lat="35.104091" lon="-120.615866"><ele>16.0</ele></trkpt>
     <trkpt lat="35.102682" lon="-120.615873"><ele>13.2</ele></trkpt>
     <trkpt lat="35.101272" lon="-120.615880"><ele>10.5</ele></trkpt>
     <trkpt lat="35.099841" lon="-120.613906"><ele>9.2</ele></trkpt>
     <trkpt lat="35.098411" lon="-120.611933"><ele>8.0</ele></trkpt>
     <trkpt lat="35.098189" lon="-120.611415"><ele>8.0</ele></trkpt>
     <trkpt lat="35.098149" lon="-120.610781"><ele>8.8</ele></trkpt>
     <trkpt lat="35.098142" lon="-120.608504"><ele>10.4</ele></trkpt>
     <trkpt lat="35.098135" lon="-120.606227"><ele>12.1</ele></trkpt>
     <trkpt lat="35.098128" lon="-120.603950"><ele>13.8</ele></trkpt>
     <trkpt lat="35.098135" lon="-120.600742"><ele>13.9</ele></trkpt>
     <trkpt lat="35.098143" lon="-120.597535"><ele>14.1</ele></trkpt>
     <trkpt lat="35.098151" lon="-120.594328"><ele>14.3</ele></trkpt>
     <trkpt lat="35.098158" lon="-120.591120"><ele>14.5</ele></trkpt>
     <trkpt lat="35.097899" lon="-120.591183"><ele>14.8</ele></trkpt>
     <trkpt lat="35.097287" lon="-120.591546"><ele>14.5</ele></trkpt>
     <trkpt lat="35.096980" lon="-120.591614"><ele>14.2</ele></trkpt>
     <trkpt lat="35.094404" lon="-120.591618"><ele>13.4</ele></trkpt>
     <trkpt lat="35.091828" lon="-120.591622"><ele>12.5</ele></trkpt>
     <trkpt lat="35.089252" lon="-120.591625"><ele>11.6</ele></trkpt>
     <trkpt lat="35.086676" lon="-120.591629"><ele>10.8</ele></trkpt>
     <trkpt lat="35.086303" lon="-120.591581"><ele>10.5</ele></trkpt>
     <trkpt lat="35.085731" lon="-120.591364"><ele>10.2</ele></trkpt>
     <trkpt lat="35.085377" lon="-120.591107"><ele>10.8</ele></trkpt>
     <trkpt lat="35.084286" lon="-120.590111"><ele>20.9</ele></trkpt>
     <trkpt lat="35.083195" lon="-120.589115"><ele>31.0</ele></trkpt>
     <trkpt lat="35.082344" lon="-120.588232"><ele>49.0</ele></trkpt>
     <trkpt lat="35.080765" lon="-120.586704"><ele>56.0</ele></trkpt>
     <trkpt lat="35.079652" lon="-120.587742"><ele>56.5</ele></trkpt>
     <trkpt lat="35.078928" lon="-120.588513"><ele>58.8</ele></trkpt>
     <trkpt lat="35.078384" lon="-120.588912"><ele>61.2</ele></trkpt>
     <trkpt lat="35.078062" lon="-120.589068"><ele>63.0</ele></trkpt>
     <trkpt lat="35.077741" lon="-120.589162"><ele>64.2</ele></trkpt>
     <trkpt lat="35.075546" lon="-120.589606"><ele>65.2</ele></trkpt>
     <trkpt lat="35.073577" lon="-120.590343"><ele>74.2</ele></trkpt>
     <trkpt lat="35.072567" lon="-120.590799"><ele>75.0</ele></trkpt>
     <trkpt lat="35.070429" lon="-120.592336"><ele>65.4</ele></trkpt>
     <trkpt lat="35.068292" lon="-120.593873"><ele>55.9</ele></trkpt>
     <trkpt lat="35.066154" lon="-120.595410"><ele>46.3</ele></trkpt>
     <trkpt lat="35.064016" lon="-120.596947"><ele>36.8</ele></trkpt>
     <trkpt lat="35.063371" lon="-120.597212"><ele>37.8</ele></trkpt>
     <trkpt lat="35.062974" lon="-120.597295"><ele>38.0</ele></trkpt>
     <trkpt lat="35.062325" lon="-120.597303"><ele>37.5</ele></trkpt>
     <trkpt lat="35.059818" lon="-120.596947"><ele>32.8</ele></trkpt>
     <trkpt lat="35.058450" lon="-120.596799"><ele>21.8</ele></trkpt>
     <trkpt lat="35.057377" lon="-120.596557"><ele>20.2</ele></trkpt>
     <trkpt lat="35.055897" lon="-120.595983"><ele>24.8</ele></trkpt>
     <trkpt lat="35.053744" lon="-120.595639"><ele>36.5</ele></trkpt>
     <trkpt lat="35.053315" lon="-120.595545"><ele>37.5</ele></trkpt>
     <trkpt lat="35.052825" lon="-120.595327"><ele>34.8</ele></trkpt>
     <trkpt lat="35.052357" lon="-120.595004"><ele>34.5</ele></trkpt>
     <trkpt lat="35.051959" lon="-120.594596"><ele>37.5</ele></trkpt>
     <trkpt lat="35.051052" lon="-120.593542"><ele>38.0</ele></trkpt>
     <trkpt lat="35.050589" lon="-120.593174"><ele>37.0</ele></trkpt>
     <trkpt lat="35.050120" lon="-120.592930"><ele>36.5</ele></trkpt>
     <trkpt lat="35.049587" lon="-120.592785"><ele>37.2</ele></trkpt>
     <trkpt lat="35.048962" lon="-120.592713"><ele>38.0</ele></trkpt>
     <trkpt lat="35.048373" lon="-120.592565"><ele>39.2</ele></trkpt>
     <trkpt lat="35.048025" lon="-120.592358"><ele>38.8</ele></trkpt>
     <trkpt lat="35.047767" lon="-120.592128"><ele>38.2</ele></trkpt>
     <trkpt lat="35.047571" lon="-120.591851"><ele>38.5</ele></trkpt>
     <trkpt lat="35.047402" lon="-120.591534"><ele>39.0</ele></trkpt>
     <trkpt lat="35.047315" lon="-120.591267"><ele>39.0</ele></trkpt>
     <trkpt lat="35.047249" lon="-120.590926"><ele>39.2</ele></trkpt>
     <trkpt lat="35.047232" lon="-120.590500"><ele>38.5</ele></trkpt>
     <trkpt lat="35.047246" lon="-120.588106"><ele>41.2</ele></trkpt>
     <trkpt lat="35.047260" lon="-120.585712"><ele>44.0</ele></trkpt>
     <trkpt lat="35.047254" lon="-120.583509"><ele>46.3</ele></trkpt>
     <trkpt lat="35.047249" lon="-120.581306"><ele>48.7</ele></trkpt>
     <trkpt lat="35.047243" lon="-120.579103"><ele>51.0</ele></trkpt>
     <trkpt lat="35.047294" lon="-120.576913"><ele>48.0</ele></trkpt>
     <trkpt lat="35.047291" lon="-120.574580"><ele>50.9</ele></trkpt>
     <trkpt lat="35.047287" lon="-120.572247"><ele>53.8</ele></trkpt>
     <trkpt lat="35.047235" lon="-120.571572"><ele>56.5</ele></trkpt>
     <trkpt lat="35.047136" lon="-120.570980"><ele>56.8</ele></trkpt>
     <trkpt lat="35.046931" lon="-120.570347"><ele>53.5</ele></trkpt>
     <trkpt lat="35.046682" lon="-120.569812"><ele>50.2</ele></trkpt>
     <trkpt lat="35.046178" lon="-120.569115"><ele>52.2</ele></trkpt>
     <trkpt lat="35.045835" lon="-120.568771"><ele>54.2</ele></trkpt>
     <trkpt lat="35.045466" lon="-120.568514"><ele>55.8</ele></trkpt>
     <trkpt lat="35.045009" lon="-120.568278"><ele>57.0</ele></trkpt>
     <trkpt lat="35.044439" lon="-120.568124"><ele>57.2</ele></trkpt>
     <trkpt lat="35.043688" lon="-120.568076"><ele>56.2</ele></trkpt>
     <trkpt lat="35.042332" lon="-120.568072"><ele>57.0</ele></trkpt>
     <trkpt lat="35.040976" lon="-120.568067"><ele>57.8</ele></trkpt>
     <trkpt lat="35.040496" lon="-120.567989"><ele>57.2</ele></trkpt>
     <trkpt lat="35.040032" lon="-120.567792"><ele>60.0</ele></trkpt>
     <trkpt lat="35.039439" lon="-120.567316"><ele>62.8</ele></trkpt>
     <trkpt lat="35.037952" lon="-120.565535"><ele>67.5</ele></trkpt>
     <trkpt lat="35.036464" lon="-120.563753"><ele>72.2</ele></trkpt>
     <trkpt lat="35.034977" lon="-120.561972"><ele>77.0</ele></trkpt>
     <trkpt lat="35.034765" lon="-120.561782"><ele>77.0</ele></trkpt>
     <trkpt lat="35.034246" lon="-120.561447"><ele>76.2</ele></trkpt>
     <trkpt lat="35.033885" lon="-120.561285"><ele>77.8</ele></trkpt>
     <trkpt lat="35.033140" lon="-120.561123"><ele>81.0</ele></trkpt>
     <trkpt lat="35.031189" lon="-120.561133"><ele>78.3</ele></trkpt>
     <trkpt lat="35.029238" lon="-120.561144"><ele>75.7</ele></trkpt>
     <trkpt lat="35.027287" lon="-120.561154"><ele>73.0</ele></trkpt>
     <trkpt lat="35.026812" lon="-120.561166"><ele>71.8</ele></trkpt>
     <trkpt lat="35.026590" lon="-120.561231"><ele>71.0</ele></trkpt>
     <trkpt lat="35.024277" lon="-120.562113"><ele>59.4</ele></trkpt>
     <trkpt lat="35.021963" lon="-120.562994"><ele>47.8</ele></trkpt>
     <trkpt lat="35.019650" lon="-120.563876"><ele>36.2</ele></trkpt>
     <trkpt lat="35.017165" lon="-120.564935"><ele>30.0</ele></trkpt>
     <trkpt lat="35.014680" lon="-120.565995"><ele>23.8</ele></trkpt>
     <trkpt lat="35.012532" lon="-120.566868"><ele>23.0</ele></trkpt>
     <trkpt lat="35.010384" lon="-120.567742"><ele>22.2</ele></trkpt>
     <trkpt lat="35.008523" lon="-120.568524"><ele>23.0</ele></trkpt>
     <trkpt lat="35.006662" lon="-120.569306"><ele>23.8</ele></trkpt>
     <trkpt lat="35.004801" lon="-120.570088"><ele>24.5</ele></trkpt>
     <trkpt lat="35.003790" lon="-120.570462"><ele>25.2</ele></trkpt>
     <trkpt lat="35.002944" lon="-120.570519"><ele>25.8</ele></trkpt>
     <trkpt lat="35.000999" lon="-120.570493"><ele>26.5</ele></trkpt>
     <trkpt lat="34.999055" lon="-120.570466"><ele>27.2</ele></trkpt>
     <trkpt lat="34.997645" lon="-120.570522"><ele>26.2</ele></trkpt>
     <trkpt lat="34.996235" lon="-120.570579"><ele>25.2</ele></trkpt>
     <trkpt lat="34.994027" lon="-120.570534"><ele>24.8</ele></trkpt>
     <trkpt lat="34.991465" lon="-120.570544"><ele>25.1</ele></trkpt>
     <trkpt lat="34.988904" lon="-120.570554"><ele>25.4</ele></trkpt>
     <trkpt lat="34.986342" lon="-120.570565"><ele>25.8</ele></trkpt>
     <trkpt lat="34.983781" lon="-120.570575"><ele>26.1</ele></trkpt>
     <trkpt lat="34.981219" lon="-120.570585"><ele>26.5</ele></trkpt>
     <trkpt lat="34.978791" lon="-120.570757"><ele>26.7</ele></trkpt>
     <trkpt lat="34.976364" lon="-120.570930"><ele>26.8</ele></trkpt>
     <trkpt lat="34.973936" lon="-120.571102"><ele>27.0</ele></trkpt>
     <trkpt lat="34.973445" lon="-120.571236"><ele>26.8</ele></trkpt>
     <trkpt lat="34.973187" lon="-120.571366"><ele>27.2</ele></trkpt>
     <trkpt lat="34.971598" lon="-120.572329"><ele>27.8</ele></trkpt>
     <trkpt lat="34.971440" lon="-120.571969"><ele>27.8</ele></trkpt>
     <trkpt lat="34.971598" lon="-120.572329"><ele>27.8</ele></trkpt>
     <trkpt lat="34.969281" lon="-120.573795"><ele>24.0</ele></trkpt>
     <trkpt lat="34.969038" lon="-120.573859"><ele>23.8</ele></trkpt>
     <trkpt lat="34.968389" lon="-120.573876"><ele>23.2</ele></trkpt>
     <trkpt lat="34.965795" lon="-120.573914"><ele>23.8</ele></trkpt>
     <trkpt lat="34.963202" lon="-120.573953"><ele>24.2</ele></trkpt>
     <trkpt lat="34.960608" lon="-120.573991"><ele>24.8</ele></trkpt>
     <trkpt lat="34.958015" lon="-120.574029"><ele>25.2</ele></trkpt>
     <trkpt lat="34.955421" lon="-120.574068"><ele>25.8</ele></trkpt>
     <trkpt lat="34.952828" lon="-120.574106"><ele>26.2</ele></trkpt>
     <trkpt lat="34.950691" lon="-120.574123"><ele>26.1</ele></trkpt>
     <trkpt lat="34.948555" lon="-120.574140"><ele>26.0</ele></trkpt>
     <trkpt lat="34.946418" lon="-120.574158"><ele>25.9</ele></trkpt>
     <trkpt lat="34.944281" lon="-120.574175"><ele>25.8</ele></trkpt>
     <trkpt lat="34.942937" lon="-120.574224"><ele>27.8</ele></trkpt>
     <trkpt lat="34.942101" lon="-120.574145"><ele>26.5</ele></trkpt>
     <trkpt lat="34.941248" lon="-120.573881"><ele>25.0</ele></trkpt>
     <trkpt lat="34.940639" lon="-120.573612"><ele>25.2</ele></trkpt>
     <trkpt lat="34.938866" lon="-120.572400"><ele>27.5</ele></trkpt>
     <trkpt lat="34.936753" lon="-120.571055"><ele>31.6</ele></trkpt>
     <trkpt lat="34.934640" lon="-120.569711"><ele>35.7</ele></trkpt>
     <trkpt lat="34.932527" lon="-120.568366"><ele>39.8</ele></trkpt>
     <trkpt lat="34.930355" lon="-120.567167"><ele>42.5</ele></trkpt>
     <trkpt lat="34.928183" lon="-120.565967"><ele>45.2</ele></trkpt>
     <trkpt lat="34.926011" lon="-120.564768"><ele>48.0</ele></trkpt>
     <trkpt lat="34.923839" lon="-120.563569"><ele>50.8</ele></trkpt>
     <trkpt lat="34.922990" lon="-120.562901"><ele>53.2</ele></trkpt>
     <trkpt lat="34.922330" lon="-120.562166"><ele>53.2</ele></trkpt>
     <trkpt lat="34.920715" lon="-120.559873"><ele>52.0</ele></trkpt>
     <trkpt lat="34.919100" lon="-120.557581"><ele>50.6</ele></trkpt>
     <trkpt lat="34.917484" lon="-120.555288"><ele>49.4</ele></trkpt>
     <trkpt lat="34.915869" lon="-120.552995"><ele>48.0</ele></trkpt>
     <trkpt lat="34.914254" lon="-120.550702"><ele>46.8</ele></trkpt>
     <trkpt lat="34.912639" lon="-120.548410"><ele>45.5</ele></trkpt>
     <trkpt lat="34.911024" lon="-120.546117"><ele>44.1</ele></trkpt>
     <trkpt lat="34.909408" lon="-120.543824"><ele>42.9</ele></trkpt>
     <trkpt lat="34.907793" lon="-120.541532"><ele>41.5</ele></trkpt>
     <trkpt lat="34.906178" lon="-120.539239"><ele>40.2</ele></trkpt>
     <trkpt lat="34.904739" lon="-120.537131"><ele>44.8</ele></trkpt>
     <trkpt lat="34.904140" lon="-120.536047"><ele>46.8</ele></trkpt>
     <trkpt lat="34.903647" lon="-120.534955"><ele>47.8</ele></trkpt>
     <trkpt lat="34.902625" lon="-120.532257"><ele>44.4</ele></trkpt>
     <trkpt lat="34.901603" lon="-120.529558"><ele>41.1</ele></trkpt>
     <trkpt lat="34.900581" lon="-120.526860"><ele>37.8</ele></trkpt>
     <trkpt lat="34.900126" lon="-120.525972"><ele>39.2</ele></trkpt>
     <trkpt lat="34.899541" lon="-120.525167"><ele>40.2</ele></trkpt>
     <trkpt lat="34.898245" lon="-120.523838"><ele>40.8</ele></trkpt>
     <trkpt lat="34.897783" lon="-120.523263"><ele>38.8</ele></trkpt>
     <trkpt lat="34.896461" lon="-120.520660"><ele>39.5</ele></trkpt>
     <trkpt lat="34.895397" lon="-120.518893"><ele>41.5</ele></trkpt>
     <trkpt lat="34.894125" lon="-120.516917"><ele>43.8</ele></trkpt>
     <trkpt lat="34.892853" lon="-120.514942"><ele>46.2</ele></trkpt>
     <trkpt lat="34.891581" lon="-120.512966"><ele>48.5</ele></trkpt>
     <trkpt lat="34.890545" lon="-120.511457"><ele>45.8</ele></trkpt>
     <trkpt lat="34.889051" lon="-120.509179"><ele>47.5</ele></trkpt>
     <trkpt lat="34.887557" lon="-120.506901"><ele>49.2</ele></trkpt>
     <trkpt lat="34.886065" lon="-120.504547"><ele>54.5</ele></trkpt>
     <trkpt lat="34.884999" lon="-120.502961"><ele>54.4</ele></trkpt>
     <trkpt lat="34.883932" lon="-120.501375"><ele>54.2</ele></trkpt>
     <trkpt lat="34.883140" lon="-120.500049"><ele>53.5</ele></trkpt>
     <trkpt lat="34.882273" lon="-120.498754"><ele>55.1</ele></trkpt>
     <trkpt lat="34.881407" lon="-120.497459"><ele>56.8</ele></trkpt>
     <trkpt lat="34.881218" lon="-120.497070"><ele>56.5</ele></trkpt>
     <trkpt lat="34.880236" lon="-120.494644"><ele>59.1</ele></trkpt>
     <trkpt lat="34.879255" lon="-120.492218"><ele>61.8</ele></trkpt>
     <trkpt lat="34.878273" lon="-120.489792"><ele>64.4</ele></trkpt>
     <trkpt lat="34.877291" lon="-120.487366"><ele>67.0</ele></trkpt>
     <trkpt lat="34.876617" lon="-120.485120"><ele>70.1</ele></trkpt>
     <trkpt lat="34.875943" lon="-120.482874"><ele>73.2</ele></trkpt>
     <trkpt lat="34.875128" lon="-120.480225"><ele>73.5</ele></trkpt>
     <trkpt lat="34.874312" lon="-120.477577"><ele>73.8</ele></trkpt>
     <trkpt lat="34.873497" lon="-120.474928"><ele>74.2</ele></trkpt>
     <trkpt lat="34.872681" lon="-120.472280"><ele>74.5</ele></trkpt>
     <trkpt lat="34.871866" lon="-120.469631"><ele>74.8</ele></trkpt>
     <trkpt lat="34.871587" lon="-120.468869"><ele>74.8</ele></trkpt>
     <trkpt lat="34.871317" lon="-120.468242"><ele>75.2</ele></trkpt>
     <trkpt lat="34.870793" lon="-120.467358"><ele>75.0</ele></trkpt>
     <trkpt lat="34.869431" lon="-120.465281"><ele>77.8</ele></trkpt>
     <trkpt lat="34.868069" lon="-120.463203"><ele>80.7</ele></trkpt>
     <trkpt lat="34.866706" lon="-120.461126"><ele>83.5</ele></trkpt>
     <trkpt lat="34.865344" lon="-120.459048"><ele>86.4</ele></trkpt>
     <trkpt lat="34.863982" lon="-120.456971"><ele>89.2</ele></trkpt>
     <trkpt lat="34.864795" lon="-120.456137"><ele>84.8</ele></trkpt>
     <trkpt lat="34.865033" lon="-120.455629"><ele>83.5</ele></trkpt>
     <trkpt lat="34.865151" lon="-120.455141"><ele>82.8</ele></trkpt>
     <trkpt lat="34.865205" lon="-120.452572"><ele>83.0</ele></trkpt>
     <trkpt lat="34.865132" lon="-120.451340"><ele>88.2</ele></trkpt>
     <trkpt lat="34.865128" lon="-120.448655"><ele>98.5</ele></trkpt>
     <trkpt lat="34.865150" lon="-120.447256"><ele>101.0</ele></trkpt>
     <trkpt lat="34.865179" lon="-120.447256"><ele>100.8</ele></trkpt>
     <trkpt lat="34.865150" lon="-120.447256"><ele>101.0</ele></trkpt>
     <trkpt lat="34.865128" lon="-120.448655"><ele>98.5</ele></trkpt>
     <trkpt lat="34.865132" lon="-120.451340"><ele>88.2</ele></trkpt>
     <trkpt lat="34.865205" lon="-120.452572"><ele>83.0</ele></trkpt>
     <trkpt lat="34.865151" lon="-120.455141"><ele>82.8</ele></trkpt>
     <trkpt lat="34.865033" lon="-120.455629"><ele>83.5</ele></trkpt>
     <trkpt lat="34.864795" lon="-120.456137"><ele>84.8</ele></trkpt>
     <trkpt lat="34.863982" lon="-120.456971"><ele>89.2</ele></trkpt>
     <trkpt lat="34.863278" lon="-120.455978"><ele>90.0</ele></trkpt>
     <trkpt lat="34.862921" lon="-120.455554"><ele>89.8</ele></trkpt>
     <trkpt lat="34.862494" lon="-120.455141"><ele>92.0</ele></trkpt>
     <trkpt lat="34.861770" lon="-120.454574"><ele>94.8</ele></trkpt>
     <trkpt lat="34.860951" lon="-120.454171"><ele>100.0</ele></trkpt>
     <trkpt lat="34.860130" lon="-120.453930"><ele>103.8</ele></trkpt>
     <trkpt lat="34.859627" lon="-120.453846"><ele>104.8</ele></trkpt>
     <trkpt lat="34.859056" lon="-120.453804"><ele>105.5</ele></trkpt>
     <trkpt lat="34.857646" lon="-120.453791"><ele>107.9</ele></trkpt>
     <trkpt lat="34.856236" lon="-120.453778"><ele>110.2</ele></trkpt>
     <trkpt lat="34.855046" lon="-120.453637"><ele>112.8</ele></trkpt>
     <trkpt lat="34.853692" lon="-120.453538"><ele>111.5</ele></trkpt>
     <trkpt lat="34.851965" lon="-120.453347"><ele>114.8</ele></trkpt>
     <trkpt lat="34.849580" lon="-120.452939"><ele>122.0</ele></trkpt>
     <trkpt lat="34.847078" lon="-120.452673"><ele>126.5</ele></trkpt>
     <trkpt lat="34.844576" lon="-120.452406"><ele>131.1</ele></trkpt>
     <trkpt lat="34.842073" lon="-120.452140"><ele>135.6</ele></trkpt>
     <trkpt lat="34.839571" lon="-120.451874"><ele>140.2</ele></trkpt>
     <trkpt lat="34.837069" lon="-120.451607"><ele>144.7</ele></trkpt>
     <trkpt lat="34.834567" lon="-120.451341"><ele>149.2</ele></trkpt>
     <trkpt lat="34.833449" lon="-120.451143"><ele>156.2</ele></trkpt>
     <trkpt lat="34.831198" lon="-120.450666"><ele>162.9</ele></trkpt>
     <trkpt lat="34.828948" lon="-120.450189"><ele>169.5</ele></trkpt>
     <trkpt lat="34.827394" lon="-120.449903"><ele>166.2</ele></trkpt>
     <trkpt lat="34.826881" lon="-120.449849"><ele>165.2</ele></trkpt>
     <trkpt lat="34.826100" lon="-120.449864"><ele>165.2</ele></trkpt>
     <trkpt lat="34.824505" lon="-120.449978"><ele>172.2</ele></trkpt>
     <trkpt lat="34.822403" lon="-120.450149"><ele>173.0</ele></trkpt>
     <trkpt lat="34.821189" lon="-120.450303"><ele>163.8</ele></trkpt>
     <trkpt lat="34.820419" lon="-120.450319"><ele>167.2</ele></trkpt>
     <trkpt lat="34.819764" lon="-120.450254"><ele>172.5</ele></trkpt>
     <trkpt lat="34.817329" lon="-120.449775"><ele>158.0</ele></trkpt>
     <trkpt lat="34.814880" lon="-120.449205"><ele>150.0</ele></trkpt>
     <trkpt lat="34.812430" lon="-120.448635"><ele>142.0</ele></trkpt>
     <trkpt lat="34.811480" lon="-120.448317"><ele>140.8</ele></trkpt>
     <trkpt lat="34.809925" lon="-120.447580"><ele>139.6</ele></trkpt>
     <trkpt lat="34.808369" lon="-120.446842"><ele>138.5</ele></trkpt>
     <trkpt lat="34.806855" lon="-120.446057"><ele>137.5</ele></trkpt>
     <trkpt lat="34.805340" lon="-120.445272"><ele>136.5</ele></trkpt>
     <trkpt lat="34.803502" lon="-120.444463"><ele>142.8</ele></trkpt>
     <trkpt lat="34.801664" lon="-120.443653"><ele>149.0</ele></trkpt>
     <trkpt lat="34.801354" lon="-120.443590"><ele>149.2</ele></trkpt>
     <trkpt lat="34.800728" lon="-120.443635"><ele>152.5</ele></trkpt>
     <trkpt lat="34.800397" lon="-120.443726"><ele>153.8</ele></trkpt>
     <trkpt lat="34.799974" lon="-120.443951"><ele>156.0</ele></trkpt>
     <trkpt lat="34.799461" lon="-120.444379"><ele>159.8</ele></trkpt>
     <trkpt lat="34.798866" lon="-120.445013"><ele>165.8</ele></trkpt>
     <trkpt lat="34.798430" lon="-120.445560"><ele>169.5</ele></trkpt>
     <trkpt lat="34.796929" lon="-120.447603"><ele>182.8</ele></trkpt>
     <trkpt lat="34.795428" lon="-120.449647"><ele>196.0</ele></trkpt>
     <trkpt lat="34.793927" lon="-120.451690"><ele>209.2</ele></trkpt>
     <trkpt lat="34.793263" lon="-120.452894"><ele>210.8</ele></trkpt>
     <trkpt lat="34.792265" lon="-120.454902"><ele>192.4</ele></trkpt>
     <trkpt lat="34.791268" lon="-120.456910"><ele>174.0</ele></trkpt>
     <trkpt lat="34.790846" lon="-120.457652"><ele>168.0</ele></trkpt>
     <trkpt lat="34.789773" lon="-120.459195"><ele>156.5</ele></trkpt>
     <trkpt lat="34.788966" lon="-120.460133"><ele>148.2</ele></trkpt>
     <trkpt lat="34.788161" lon="-120.460936"><ele>142.8</ele></trkpt>
     <trkpt lat="34.786376" lon="-120.462510"><ele>133.4</ele></trkpt>
     <trkpt lat="34.784592" lon="-120.464085"><ele>124.1</ele></trkpt>
     <trkpt lat="34.782807" lon="-120.465659"><ele>114.8</ele></trkpt>
     <trkpt lat="34.782042" lon="-120.466384"><ele>111.2</ele></trkpt>
     <trkpt lat="34.781528" lon="-120.466961"><ele>107.5</ele></trkpt>
     <trkpt lat="34.781057" lon="-120.467605"><ele>105.0</ele></trkpt>
     <trkpt lat="34.780660" lon="-120.468265"><ele>102.8</ele></trkpt>
     <trkpt lat="34.780163" lon="-120.469255"><ele>104.0</ele></trkpt>
     <trkpt lat="34.779846" lon="-120.470073"><ele>106.2</ele></trkpt>
     <trkpt lat="34.779658" lon="-120.470677"><ele>102.8</ele></trkpt>
     <trkpt lat="34.779364" lon="-120.472083"><ele>99.5</ele></trkpt>
     <trkpt lat="34.779248" lon="-120.473552"><ele>96.2</ele></trkpt>
     <trkpt lat="34.779268" lon="-120.475225"><ele>95.0</ele></trkpt>
     <trkpt lat="34.779287" lon="-120.476898"><ele>93.8</ele></trkpt>
     <trkpt lat="34.779212" lon="-120.477667"><ele>93.8</ele></trkpt>
     <trkpt lat="34.779088" lon="-120.478378"><ele>93.2</ele></trkpt>
     <trkpt lat="34.778771" lon="-120.479470"><ele>96.8</ele></trkpt>
     <trkpt lat="34.778533" lon="-120.480069"><ele>96.2</ele></trkpt>
     <trkpt lat="34.777199" lon="-120.482769"><ele>84.0</ele></trkpt>
     <trkpt lat="34.775865" lon="-120.485469"><ele>71.8</ele></trkpt>
     <trkpt lat="34.775482" lon="-120.486336"><ele>73.2</ele></trkpt>
     <trkpt lat="34.775127" lon="-120.487404"><ele>74.0</ele></trkpt>
     <trkpt lat="34.774923" lon="-120.488594"><ele>75.5</ele></trkpt>
     <trkpt lat="34.774702" lon="-120.490422"><ele>79.8</ele></trkpt>
     <trkpt lat="34.774712" lon="-120.491637"><ele>80.8</ele></trkpt>
     <trkpt lat="34.774755" lon="-120.491977"><ele>81.2</ele></trkpt>
     <trkpt lat="34.775086" lon="-120.493290"><ele>80.2</ele></trkpt>
     <trkpt lat="34.775422" lon="-120.494251"><ele>84.5</ele></trkpt>
     <trkpt lat="34.775598" lon="-120.494936"><ele>85.5</ele></trkpt>
     <trkpt lat="34.775678" lon="-120.495560"><ele>81.0</ele></trkpt>
     <trkpt lat="34.775695" lon="-120.496319"><ele>78.2</ele></trkpt>
     <trkpt lat="34.775591" lon="-120.497299"><ele>77.2</ele></trkpt>
     <trkpt lat="34.775227" lon="-120.499110"><ele>90.5</ele></trkpt>
     <trkpt lat="34.774862" lon="-120.500920"><ele>103.8</ele></trkpt>
     <trkpt lat="34.774660" lon="-120.502104"><ele>107.5</ele></trkpt>
     <trkpt lat="34.774641" lon="-120.503160"><ele>111.2</ele></trkpt>
     <trkpt lat="34.774761" lon="-120.505070"><ele>121.2</ele></trkpt>
     <trkpt lat="34.774891" lon="-120.505967"><ele>121.5</ele></trkpt>
     <trkpt lat="34.774847" lon="-120.506679"><ele>130.8</ele></trkpt>
     <trkpt lat="34.774746" lon="-120.507430"><ele>143.0</ele></trkpt>
     <trkpt lat="34.774572" lon="-120.508272"><ele>152.2</ele></trkpt>
     <trkpt lat="34.774291" lon="-120.509059"><ele>159.0</ele></trkpt>
     <trkpt lat="34.774141" lon="-120.509361"><ele>159.8</ele></trkpt>
     <trkpt lat="34.773819" lon="-120.509827"><ele>161.8</ele></trkpt>
     <trkpt lat="34.773595" lon="-120.510082"><ele>161.0</ele></trkpt>
     <trkpt lat="34.773056" lon="-120.510585"><ele>158.2</ele></trkpt>
     <trkpt lat="34.772622" lon="-120.510888"><ele>161.0</ele></trkpt>
     <trkpt lat="34.772321" lon="-120.511044"><ele>162.0</ele></trkpt>
     <trkpt lat="34.771715" lon="-120.511280"><ele>164.8</ele></trkpt>
     <trkpt lat="34.769497" lon="-120.511816"><ele>190.5</ele></trkpt>
     <trkpt lat="34.767969" lon="-120.512130"><ele>196.0</ele></trkpt>
     <trkpt lat="34.766442" lon="-120.512445"><ele>201.5</ele></trkpt>
     <trkpt lat="34.764051" lon="-120.512902"><ele>192.2</ele></trkpt>
     <trkpt lat="34.761660" lon="-120.513360"><ele>182.9</ele></trkpt>
     <trkpt lat="34.759270" lon="-120.513818"><ele>173.6</ele></trkpt>
     <trkpt lat="34.756879" lon="-120.514275"><ele>164.2</ele></trkpt>
     <trkpt lat="34.755797" lon="-120.514678"><ele>168.0</ele></trkpt>
     <trkpt lat="34.755358" lon="-120.514908"><ele>168.2</ele></trkpt>
     <trkpt lat="34.754979" lon="-120.515165"><ele>169.0</ele></trkpt>
     <trkpt lat="34.754462" lon="-120.515603"><ele>169.2</ele></trkpt>
     <trkpt lat="34.753843" lon="-120.516264"><ele>168.2</ele></trkpt>
     <trkpt lat="34.753417" lon="-120.516824"><ele>167.2</ele></trkpt>
     <trkpt lat="34.752142" lon="-120.518747"><ele>166.0</ele></trkpt>
     <trkpt lat="34.750867" lon="-120.520670"><ele>164.8</ele></trkpt>
     <trkpt lat="34.749645" lon="-120.519537"><ele>166.2</ele></trkpt>
     <trkpt lat="34.748424" lon="-120.518404"><ele>167.8</ele></trkpt>
     <trkpt lat="34.746906" lon="-120.516871"><ele>165.9</ele></trkpt>
     <trkpt lat="34.745388" lon="-120.515338"><ele>164.0</ele></trkpt>
     <trkpt lat="34.743558" lon="-120.513553"><ele>160.4</ele></trkpt>
     <trkpt lat="34.741727" lon="-120.511767"><ele>156.8</ele></trkpt>
     <trkpt lat="34.739897" lon="-120.509982"><ele>153.2</ele></trkpt>
     <trkpt lat="34.738066" lon="-120.508197"><ele>149.7</ele></trkpt>
     <trkpt lat="34.736235" lon="-120.506411"><ele>146.1</ele></trkpt>
     <trkpt lat="34.734405" lon="-120.504626"><ele>142.5</ele></trkpt>
     <trkpt lat="34.732786" lon="-120.502966"><ele>141.8</ele></trkpt>
     <trkpt lat="34.730747" lon="-120.500998"><ele>136.8</ele></trkpt>
     <trkpt lat="34.728708" lon="-120.499030"><ele>131.8</ele></trkpt>
     <trkpt lat="34.727111" lon="-120.497354"><ele>126.2</ele></trkpt>
     <trkpt lat="34.725515" lon="-120.495677"><ele>120.8</ele></trkpt>
     <trkpt lat="34.724622" lon="-120.494895"><ele>115.8</ele></trkpt>
     <trkpt lat="34.723646" lon="-120.494194"><ele>110.0</ele></trkpt>
     <trkpt lat="34.722116" lon="-120.493333"><ele>103.2</ele></trkpt>
     <trkpt lat="34.721555" lon="-120.492940"><ele>98.5</ele></trkpt>
     <trkpt lat="34.721183" lon="-120.492623"><ele>96.0</ele></trkpt>
     <trkpt lat="34.720080" lon="-120.491473"><ele>88.5</ele></trkpt>
     <trkpt lat="34.719438" lon="-120.490876"><ele>84.5</ele></trkpt>
     <trkpt lat="34.718843" lon="-120.490443"><ele>80.8</ele></trkpt>
     <trkpt lat="34.718244" lon="-120.490133"><ele>74.5</ele></trkpt>
     <trkpt lat="34.717676" lon="-120.489892"><ele>72.0</ele></trkpt>
     <trkpt lat="34.716818" lon="-120.489664"><ele>67.8</ele></trkpt>
     <trkpt lat="34.716146" lon="-120.489580"><ele>66.2</ele></trkpt>
     <trkpt lat="34.714578" lon="-120.489477"><ele>63.2</ele></trkpt>
     <trkpt lat="34.713146" lon="-120.489213"><ele>70.2</ele></trkpt>
     <trkpt lat="34.711643" lon="-120.488738"><ele>85.2</ele></trkpt>
     <trkpt lat="34.710139" lon="-120.488193"><ele>101.0</ele></trkpt>
     <trkpt lat="34.709010" lon="-120.487755"><ele>107.5</ele></trkpt>
     <trkpt lat="34.708504" lon="-120.487420"><ele>110.8</ele></trkpt>
     <trkpt lat="34.708211" lon="-120.487197"><ele>113.0</ele></trkpt>
     <trkpt lat="34.707550" lon="-120.486463"><ele>117.2</ele></trkpt>
     <trkpt lat="34.707335" lon="-120.486161"><ele>118.0</ele></trkpt>
     <trkpt lat="34.707092" lon="-120.485744"><ele>118.8</ele></trkpt>
     <trkpt lat="34.706850" lon="-120.485208"><ele>120.2</ele></trkpt>
     <trkpt lat="34.706588" lon="-120.484493"><ele>120.8</ele></trkpt>
     <trkpt lat="34.705796" lon="-120.481937"><ele>111.8</ele></trkpt>
     <trkpt lat="34.705004" lon="-120.479382"><ele>102.8</ele></trkpt>
     <trkpt lat="34.704212" lon="-120.476826"><ele>93.8</ele></trkpt>
     <trkpt lat="34.703782" lon="-120.475715"><ele>91.5</ele></trkpt>
     <trkpt lat="34.703106" lon="-120.474260"><ele>85.5</ele></trkpt>
     <trkpt lat="34.702807" lon="-120.473747"><ele>85.2</ele></trkpt>
     <trkpt lat="34.701665" lon="-120.472030"><ele>101.8</ele></trkpt>
     <trkpt lat="34.701074" lon="-120.471240"><ele>106.8</ele></trkpt>
     <trkpt lat="34.699997" lon="-120.470028"><ele>107.6</ele></trkpt>
     <trkpt lat="34.698921" lon="-120.468817"><ele>108.5</ele></trkpt>
     <trkpt lat="34.699495" lon="-120.468232"><ele>106.0</ele></trkpt>
     <trkpt lat="34.701379" lon="-120.466093"><ele>105.0</ele></trkpt>
     <trkpt lat="34.701763" lon="-120.465765"><ele>105.0</ele></trkpt>
     <trkpt lat="34.702014" lon="-120.465627"><ele>105.5</ele></trkpt>
     <trkpt lat="34.702623" lon="-120.465416"><ele>106.0</ele></trkpt>
     <trkpt lat="34.702902" lon="-120.465386"><ele>106.5</ele></trkpt>
     <trkpt lat="34.704944" lon="-120.465416"><ele>109.8</ele></trkpt>
     <trkpt lat="34.705347" lon="-120.465485"><ele>111.0</ele></trkpt>
     <trkpt lat="34.705882" lon="-120.465649"><ele>112.2</ele></trkpt>
     <trkpt lat="34.706234" lon="-120.465832"><ele>113.2</ele></trkpt>
     <trkpt lat="34.708380" lon="-120.467585"><ele>116.0</ele></trkpt>
     <trkpt lat="34.709164" lon="-120.466199"><ele>117.8</ele></trkpt>
     <trkpt lat="34.709949" lon="-120.464813"><ele>119.5</ele></trkpt>
     <trkpt lat="34.710080" lon="-120.464616"><ele>119.0</ele></trkpt>
     <trkpt lat="34.710661" lon="-120.463988"><ele>118.2</ele></trkpt>
     <trkpt lat="34.710841" lon="-120.463717"><ele>118.2</ele></trkpt>
     <trkpt lat="34.710941" lon="-120.463279"><ele>118.8</ele></trkpt>
     <trkpt lat="34.710931" lon="-120.462936"><ele>120.0</ele></trkpt>
     <trkpt lat="34.710855" lon="-120.462432"><ele>122.0</ele></trkpt>
     <trkpt lat="34.710858" lon="-120.462122"><ele>122.0</ele></trkpt>
     <trkpt lat="34.711026" lon="-120.461691"><ele>122.0</ele></trkpt>
     <trkpt lat="34.711176" lon="-120.461471"><ele>121.0</ele></trkpt>
     <trkpt lat="34.711399" lon="-120.461262"><ele>120.5</ele></trkpt>
     <trkpt lat="34.711712" lon="-120.461100"><ele>121.2</ele></trkpt>
     <trkpt lat="34.711399" lon="-120.461262"><ele>120.5</ele></trkpt>
     <trkpt lat="34.711176" lon="-120.461471"><ele>121.0</ele></trkpt>
     <trkpt lat="34.711026" lon="-120.461691"><ele>122.0</ele></trkpt>
     <trkpt lat="34.710858" lon="-120.462122"><ele>122.0</ele></trkpt>
     <trkpt lat="34.710855" lon="-120.462432"><ele>122.0</ele></trkpt>
     <trkpt lat="34.710931" lon="-120.462936"><ele>120.0</ele></trkpt>
     <trkpt lat="34.710941" lon="-120.463279"><ele>118.8</ele></trkpt>
     <trkpt lat="34.710841" lon="-120.463717"><ele>118.2</ele></trkpt>
     <trkpt lat="34.710661" lon="-120.463988"><ele>118.2</ele></trkpt>
     <trkpt lat="34.710080" lon="-120.464616"><ele>119.0</ele></trkpt>
     <trkpt lat="34.709949" lon="-120.464813"><ele>119.5</ele></trkpt>
     <trkpt lat="34.709164" lon="-120.466199"><ele>117.8</ele></trkpt>
     <trkpt lat="34.708380" lon="-120.467585"><ele>116.0</ele></trkpt>
     <trkpt lat="34.706234" lon="-120.465832"><ele>113.2</ele></trkpt>
     <trkpt lat="34.705882" lon="-120.465649"><ele>112.2</ele></trkpt>
     <trkpt lat="34.705347" lon="-120.465485"><ele>111.0</ele></trkpt>
     <trkpt lat="34.704944" lon="-120.465416"><ele>109.8</ele></trkpt>
     <trkpt lat="34.702902" lon="-120.465386"><ele>106.5</ele></trkpt>
     <trkpt lat="34.702623" lon="-120.465416"><ele>106.0</ele></trkpt>
     <trkpt lat="34.702014" lon="-120.465627"><ele>105.5</ele></trkpt>
     <trkpt lat="34.701763" lon="-120.465765"><ele>105.0</ele></trkpt>
     <trkpt lat="34.701379" lon="-120.466093"><ele>105.0</ele></trkpt>
     <trkpt lat="34.699495" lon="-120.468232"><ele>106.0</ele></trkpt>
     <trkpt lat="34.698921" lon="-120.468817"><ele>108.5</ele></trkpt>
     <trkpt lat="34.697442" lon="-120.466252"><ele>106.2</ele></trkpt>
     <trkpt lat="34.696732" lon="-120.464922"><ele>104.8</ele></trkpt>
     <trkpt lat="34.695900" lon="-120.462907"><ele>95.1</ele></trkpt>
     <trkpt lat="34.695068" lon="-120.460891"><ele>85.5</ele></trkpt>
     <trkpt lat="34.694849" lon="-120.460470"><ele>81.0</ele></trkpt>
     <trkpt lat="34.694426" lon="-120.459873"><ele>75.2</ele></trkpt>
     <trkpt lat="34.694106" lon="-120.459517"><ele>73.8</ele></trkpt>
     <trkpt lat="34.693755" lon="-120.459202"><ele>71.8</ele></trkpt>
     <trkpt lat="34.693366" lon="-120.458924"><ele>68.5</ele></trkpt>
     <trkpt lat="34.692932" lon="-120.458724"><ele>65.2</ele></trkpt>
     <trkpt lat="34.692497" lon="-120.458588"><ele>62.0</ele></trkpt>
     <trkpt lat="34.691791" lon="-120.458524"><ele>58.8</ele></trkpt>
     <trkpt lat="34.691164" lon="-120.458573"><ele>58.0</ele></trkpt>
     <trkpt lat="34.689098" lon="-120.458919"><ele>62.9</ele></trkpt>
     <trkpt lat="34.687033" lon="-120.459264"><ele>67.8</ele></trkpt>
     <trkpt lat="34.684967" lon="-120.459610"><ele>72.8</ele></trkpt>
     <trkpt lat="34.684106" lon="-120.459657"><ele>74.2</ele></trkpt>
     <trkpt lat="34.683640" lon="-120.459582"><ele>73.0</ele></trkpt>
     <trkpt lat="34.683006" lon="-120.459398"><ele>70.5</ele></trkpt>
     <trkpt lat="34.682358" lon="-120.459048"><ele>67.8</ele></trkpt>
     <trkpt lat="34.680150" lon="-120.457467"><ele>59.0</ele></trkpt>
     <trkpt lat="34.679163" lon="-120.456883"><ele>57.2</ele></trkpt>
     <trkpt lat="34.678499" lon="-120.456639"><ele>57.2</ele></trkpt>
     <trkpt lat="34.677901" lon="-120.456586"><ele>55.5</ele></trkpt>
     <trkpt lat="34.675880" lon="-120.456930"><ele>44.2</ele></trkpt>
     <trkpt lat="34.674078" lon="-120.457290"><ele>44.5</ele></trkpt>
     <trkpt lat="34.672724" lon="-120.457479"><ele>34.9</ele></trkpt>
     <trkpt lat="34.671370" lon="-120.457668"><ele>25.2</ele></trkpt>
     <trkpt lat="34.671399" lon="-120.457867"><ele>25.2</ele></trkpt>
     <trkpt lat="34.669974" lon="-120.457964"><ele>24.2</ele></trkpt>
     <trkpt lat="34.669738" lon="-120.457907"><ele>24.5</ele></trkpt>
     <trkpt lat="34.669526" lon="-120.457786"><ele>24.8</ele></trkpt>
     <trkpt lat="34.669323" lon="-120.457773"><ele>24.8</ele></trkpt>
     <trkpt lat="34.667294" lon="-120.457805"><ele>26.8</ele></trkpt>
     <trkpt lat="34.666327" lon="-120.457843"><ele>27.8</ele></trkpt>
     <trkpt lat="34.666189" lon="-120.457880"><ele>27.8</ele></trkpt>
     <trkpt lat="34.664781" lon="-120.457926"><ele>29.2</ele></trkpt>
     <trkpt lat="34.663372" lon="-120.457973"><ele>30.8</ele></trkpt>
     <trkpt lat="34.662906" lon="-120.457939"><ele>29.5</ele></trkpt>
     <trkpt lat="34.662905" lon="-120.457841"><ele>29.8</ele></trkpt>
     <trkpt lat="34.660694" lon="-120.457783"><ele>29.4</ele></trkpt>
     <trkpt lat="34.658483" lon="-120.457724"><ele>29.0</ele></trkpt>
     <trkpt lat="34.658281" lon="-120.457652"><ele>28.8</ele></trkpt>
     <trkpt lat="34.656189" lon="-120.457669"><ele>27.8</ele></trkpt>
     <trkpt lat="34.654795" lon="-120.457713"><ele>27.6</ele></trkpt>
     <trkpt lat="34.653402" lon="-120.457757"><ele>27.5</ele></trkpt>
     <trkpt lat="34.653385" lon="-120.456453"><ele>28.5</ele></trkpt>
     <trkpt lat="34.650990" lon="-120.456478"><ele>29.4</ele></trkpt>
     <trkpt lat="34.648594" lon="-120.456502"><ele>30.3</ele></trkpt>
     <trkpt lat="34.646199" lon="-120.456527"><ele>31.2</ele></trkpt>
     <trkpt lat="34.643804" lon="-120.456552"><ele>32.2</ele></trkpt>
     <trkpt lat="34.641408" lon="-120.456576"><ele>33.1</ele></trkpt>
     <trkpt lat="34.639013" lon="-120.456601"><ele>34.0</ele></trkpt>
     <trkpt lat="34.639023" lon="-120.457841"><ele>34.0</ele></trkpt>
     <trkpt lat="34.640636" lon="-120.457853"><ele>33.2</ele></trkpt>
     <trkpt lat="34.640611" lon="-120.454924"><ele>34.0</ele></trkpt>
     <trkpt lat="34.640586" lon="-120.451996"><ele>34.7</ele></trkpt>
     <trkpt lat="34.640561" lon="-120.449067"><ele>35.4</ele></trkpt>
     <trkpt lat="34.640536" lon="-120.446138"><ele>36.1</ele></trkpt>
     <trkpt lat="34.640511" lon="-120.443210"><ele>36.8</ele></trkpt>
     <trkpt lat="34.640486" lon="-120.440281"><ele>37.5</ele></trkpt>
     <trkpt lat="34.642083" lon="-120.440266"><ele>37.0</ele></trkpt>
     <trkpt lat="34.643681" lon="-120.440251"><ele>36.5</ele></trkpt>
     <trkpt lat="34.643665" lon="-120.438189"><ele>37.0</ele></trkpt>
     <trkpt lat="34.643650" lon="-120.436127"><ele>37.5</ele></trkpt>
     <trkpt lat="34.643587" lon="-120.435951"><ele>37.5</ele></trkpt>
     <trkpt lat="34.641300" lon="-120.435921"><ele>41.8</ele></trkpt>
     <trkpt lat="34.640813" lon="-120.435725"><ele>44.2</ele></trkpt>
     <trkpt lat="34.639578" lon="-120.435065"><ele>48.0</ele></trkpt>
     <trkpt lat="34.638342" lon="-120.434405"><ele>51.8</ele></trkpt>
     <trkpt lat="34.637988" lon="-120.434265"><ele>52.2</ele></trkpt>
     <trkpt lat="34.637581" lon="-120.434187"><ele>52.8</ele></trkpt>
     <trkpt lat="34.637276" lon="-120.434181"><ele>53.2</ele></trkpt>
     <trkpt lat="34.636268" lon="-120.434335"><ele>54.8</ele></trkpt>
     <trkpt lat="34.635948" lon="-120.434307"><ele>55.2</ele></trkpt>
     <trkpt lat="34.635644" lon="-120.434214"><ele>55.8</ele></trkpt>
     <trkpt lat="34.635303" lon="-120.434016"><ele>58.2</ele></trkpt>
     <trkpt lat="34.634977" lon="-120.433709"><ele>61.2</ele></trkpt>
     <trkpt lat="34.634261" lon="-120.432604"><ele>65.5</ele></trkpt>
     <trkpt lat="34.634044" lon="-120.432348"><ele>66.8</ele></trkpt>
     <trkpt lat="34.633685" lon="-120.432077"><ele>70.8</ele></trkpt>
     <trkpt lat="34.633281" lon="-120.431922"><ele>71.2</ele></trkpt>
     <trkpt lat="34.632913" lon="-120.431897"><ele>75.0</ele></trkpt>
     <trkpt lat="34.632556" lon="-120.431967"><ele>79.8</ele></trkpt>
     <trkpt lat="34.631111" lon="-120.432602"><ele>83.2</ele></trkpt>
     <trkpt lat="34.630370" lon="-120.432801"><ele>80.5</ele></trkpt>
     <trkpt lat="34.629485" lon="-120.432849"><ele>72.5</ele></trkpt>
     <trkpt lat="34.628526" lon="-120.432700"><ele>69.8</ele></trkpt>
     <trkpt lat="34.628011" lon="-120.432517"><ele>68.8</ele></trkpt>
     <trkpt lat="34.627389" lon="-120.432195"><ele>71.5</ele></trkpt>
     <trkpt lat="34.625459" lon="-120.430864"><ele>75.6</ele></trkpt>
     <trkpt lat="34.623529" lon="-120.429533"><ele>79.8</ele></trkpt>
     <trkpt lat="34.622818" lon="-120.429182"><ele>84.5</ele></trkpt>
     <trkpt lat="34.620727" lon="-120.428523"><ele>85.6</ele></trkpt>
     <trkpt lat="34.618636" lon="-120.427864"><ele>86.8</ele></trkpt>
     <trkpt lat="34.617687" lon="-120.427700"><ele>80.5</ele></trkpt>
     <trkpt lat="34.615023" lon="-120.427531"><ele>58.8</ele></trkpt>
     <trkpt lat="34.614314" lon="-120.427373"><ele>55.2</ele></trkpt>
     <trkpt lat="34.613693" lon="-120.427108"><ele>55.2</ele></trkpt>
     <trkpt lat="34.613387" lon="-120.426947"><ele>55.8</ele></trkpt>
     <trkpt lat="34.612762" lon="-120.426453"><ele>57.2</ele></trkpt>
     <trkpt lat="34.612328" lon="-120.425992"><ele>57.2</ele></trkpt>
     <trkpt lat="34.612058" lon="-120.425622"><ele>57.0</ele></trkpt>
     <trkpt lat="34.611616" lon="-120.424831"><ele>57.0</ele></trkpt>
     <trkpt lat="34.610461" lon="-120.422576"><ele>62.0</ele></trkpt>
     <trkpt lat="34.609307" lon="-120.420322"><ele>67.0</ele></trkpt>
     <trkpt lat="34.609085" lon="-120.419951"><ele>70.8</ele></trkpt>
     <trkpt lat="34.608647" lon="-120.419390"><ele>68.8</ele></trkpt>
     <trkpt lat="34.608121" lon="-120.418894"><ele>65.0</ele></trkpt>
     <trkpt lat="34.607517" lon="-120.418502"><ele>64.5</ele></trkpt>
     <trkpt lat="34.606725" lon="-120.418197"><ele>64.5</ele></trkpt>
     <trkpt lat="34.604470" lon="-120.417748"><ele>67.6</ele></trkpt>
     <trkpt lat="34.602216" lon="-120.417298"><ele>70.8</ele></trkpt>
     <trkpt lat="34.601753" lon="-120.417252"><ele>71.0</ele></trkpt>
     <trkpt lat="34.601327" lon="-120.417304"><ele>72.2</ele></trkpt>
     <trkpt lat="34.600411" lon="-120.417645"><ele>73.5</ele></trkpt>
     <trkpt lat="34.599634" lon="-120.417801"><ele>75.0</ele></trkpt>
     <trkpt lat="34.599302" lon="-120.417764"><ele>75.0</ele></trkpt>
     <trkpt lat="34.598839" lon="-120.417608"><ele>71.5</ele></trkpt>
     <trkpt lat="34.598636" lon="-120.417492"><ele>69.5</ele></trkpt>
     <trkpt lat="34.598294" lon="-120.417198"><ele>68.8</ele></trkpt>
     <trkpt lat="34.598041" lon="-120.416890"><ele>68.0</ele></trkpt>
     <trkpt lat="34.597828" lon="-120.416502"><ele>67.5</ele></trkpt>
     <trkpt lat="34.597563" lon="-120.415671"><ele>68.0</ele></trkpt>
     <trkpt lat="34.597120" lon="-120.413873"><ele>69.8</ele></trkpt>
     <trkpt lat="34.596677" lon="-120.412076"><ele>71.5</ele></trkpt>
     <trkpt lat="34.596534" lon="-120.411733"><ele>74.2</ele></trkpt>
     <trkpt lat="34.596204" lon="-120.411180"><ele>74.8</ele></trkpt>
     <trkpt lat="34.595748" lon="-120.410702"><ele>71.2</ele></trkpt>
     <trkpt lat="34.595140" lon="-120.410346"><ele>70.8</ele></trkpt>
     <trkpt lat="34.593391" lon="-120.409724"><ele>71.8</ele></trkpt>
     <trkpt lat="34.591641" lon="-120.409102"><ele>72.8</ele></trkpt>
     <trkpt lat="34.589892" lon="-120.408480"><ele>73.8</ele></trkpt>
     <trkpt lat="34.588772" lon="-120.408259"><ele>75.0</ele></trkpt>
     <trkpt lat="34.587379" lon="-120.408109"><ele>80.4</ele></trkpt>
     <trkpt lat="34.585986" lon="-120.407959"><ele>85.8</ele></trkpt>
     <trkpt lat="34.585317" lon="-120.407720"><ele>86.5</ele></trkpt>
     <trkpt lat="34.584776" lon="-120.407345"><ele>86.5</ele></trkpt>
     <trkpt lat="34.584460" lon="-120.407017"><ele>87.0</ele></trkpt>
     <trkpt lat="34.584276" lon="-120.406765"><ele>87.0</ele></trkpt>
     <trkpt lat="34.583976" lon="-120.406195"><ele>87.2</ele></trkpt>
     <trkpt lat="34.583740" lon="-120.405476"><ele>87.2</ele></trkpt>
     <trkpt lat="34.583665" lon="-120.404837"><ele>86.8</ele></trkpt>
     <trkpt lat="34.583668" lon="-120.404491"><ele>86.8</ele></trkpt>
     <trkpt lat="34.583741" lon="-120.403907"><ele>87.8</ele></trkpt>
     <trkpt lat="34.584195" lon="-120.401719"><ele>96.1</ele></trkpt>
     <trkpt lat="34.584648" lon="-120.399532"><ele>104.5</ele></trkpt>
     <trkpt lat="34.585005" lon="-120.397448"><ele>108.0</ele></trkpt>
     <trkpt lat="34.585090" lon="-120.396623"><ele>112.5</ele></trkpt>
     <trkpt lat="34.585013" lon="-120.395769"><ele>116.0</ele></trkpt>
     <trkpt lat="34.584437" lon="-120.393478"><ele>112.2</ele></trkpt>
     <trkpt lat="34.584355" lon="-120.392974"><ele>112.5</ele></trkpt>
     <trkpt lat="34.584216" lon="-120.390881"><ele>117.8</ele></trkpt>
     <trkpt lat="34.584045" lon="-120.389582"><ele>136.8</ele></trkpt>
     <trkpt lat="34.583716" lon="-120.387600"><ele>135.8</ele></trkpt>
     <trkpt lat="34.583575" lon="-120.385604"><ele>117.8</ele></trkpt>
     <trkpt lat="34.583485" lon="-120.385188"><ele>120.5</ele></trkpt>
     <trkpt lat="34.583345" lon="-120.384806"><ele>123.2</ele></trkpt>
     <trkpt lat="34.583170" lon="-120.384468"><ele>124.2</ele></trkpt>
     <trkpt lat="34.582847" lon="-120.384003"><ele>133.8</ele></trkpt>
     <trkpt lat="34.582342" lon="-120.383499"><ele>129.2</ele></trkpt>
     <trkpt lat="34.581700" lon="-120.382990"><ele>122.5</ele></trkpt>
     <trkpt lat="34.581238" lon="-120.382502"><ele>119.8</ele></trkpt>
     <trkpt lat="34.581014" lon="-120.382119"><ele>123.8</ele></trkpt>
     <trkpt lat="34.580450" lon="-120.380533"><ele>132.5</ele></trkpt>
     <trkpt lat="34.580276" lon="-120.380131"><ele>134.0</ele></trkpt>
     <trkpt lat="34.580098" lon="-120.379850"><ele>135.2</ele></trkpt>
     <trkpt lat="34.578578" lon="-120.378076"><ele>136.5</ele></trkpt>
     <trkpt lat="34.577059" lon="-120.376302"><ele>137.8</ele></trkpt>
     <trkpt lat="34.575854" lon="-120.375030"><ele>139.0</ele></trkpt>
     <trkpt lat="34.575197" lon="-120.374238"><ele>147.0</ele></trkpt>
     <trkpt lat="34.573705" lon="-120.372127"><ele>144.2</ele></trkpt>
     <trkpt lat="34.573362" lon="-120.371748"><ele>144.0</ele></trkpt>
     <trkpt lat="34.572963" lon="-120.371393"><ele>145.5</ele></trkpt>
     <trkpt lat="34.572369" lon="-120.370956"><ele>146.0</ele></trkpt>
     <trkpt lat="34.570281" lon="-120.369848"><ele>146.0</ele></trkpt>
     <trkpt lat="34.568192" lon="-120.368740"><ele>146.0</ele></trkpt>
     <trkpt lat="34.567997" lon="-120.368601"><ele>146.5</ele></trkpt>
     <trkpt lat="34.567629" lon="-120.368230"><ele>147.2</ele></trkpt>
     <trkpt lat="34.566591" lon="-120.366570"><ele>147.5</ele></trkpt>
     <trkpt lat="34.566107" lon="-120.366083"><ele>141.8</ele></trkpt>
     <trkpt lat="34.565988" lon="-120.366009"><ele>141.0</ele></trkpt>
     <trkpt lat="34.565751" lon="-120.365881"><ele>140.8</ele></trkpt>
     <trkpt lat="34.563970" lon="-120.365174"><ele>138.2</ele></trkpt>
     <trkpt lat="34.561780" lon="-120.364317"><ele>142.0</ele></trkpt>
     <trkpt lat="34.559590" lon="-120.363461"><ele>145.8</ele></trkpt>
     <trkpt lat="34.557400" lon="-120.362604"><ele>149.5</ele></trkpt>
     <trkpt lat="34.555820" lon="-120.361924"><ele>151.0</ele></trkpt>
     <trkpt lat="34.555455" lon="-120.361723"><ele>149.8</ele></trkpt>
     <trkpt lat="34.553673" lon="-120.360559"><ele>149.9</ele></trkpt>
     <trkpt lat="34.551890" lon="-120.359395"><ele>150.0</ele></trkpt>
     <trkpt lat="34.551154" lon="-120.358942"><ele>149.5</ele></trkpt>
     <trkpt lat="34.549669" lon="-120.358138"><ele>156.5</ele></trkpt>
     <trkpt lat="34.547578" lon="-120.357157"><ele>157.4</ele></trkpt>
     <trkpt lat="34.545488" lon="-120.356175"><ele>158.2</ele></trkpt>
     <trkpt lat="34.543397" lon="-120.355193"><ele>159.1</ele></trkpt>
     <trkpt lat="34.541306" lon="-120.354212"><ele>160.0</ele></trkpt>
     <trkpt lat="34.539038" lon="-120.353099"><ele>166.5</ele></trkpt>
     <trkpt lat="34.538262" lon="-120.352636"><ele>169.5</ele></trkpt>
     <trkpt lat="34.537672" lon="-120.352157"><ele>169.0</ele></trkpt>
     <trkpt lat="34.535840" lon="-120.350268"><ele>171.5</ele></trkpt>
     <trkpt lat="34.534007" lon="-120.348378"><ele>174.0</ele></trkpt>
     <trkpt lat="34.532174" lon="-120.346489"><ele>176.5</ele></trkpt>
     <trkpt lat="34.530342" lon="-120.344600"><ele>179.0</ele></trkpt>
     <trkpt lat="34.529591" lon="-120.343996"><ele>179.8</ele></trkpt>
     <trkpt lat="34.527626" lon="-120.342824"><ele>183.8</ele></trkpt>
     <trkpt lat="34.525661" lon="-120.341652"><ele>187.8</ele></trkpt>
     <trkpt lat="34.524217" lon="-120.340722"><ele>189.2</ele></trkpt>
     <trkpt lat="34.523594" lon="-120.340177"><ele>188.8</ele></trkpt>
     <trkpt lat="34.522765" lon="-120.339210"><ele>186.0</ele></trkpt>
     <trkpt lat="34.522203" lon="-120.338330"><ele>184.5</ele></trkpt>
     <trkpt lat="34.521976" lon="-120.337871"><ele>184.0</ele></trkpt>
     <trkpt lat="34.521743" lon="-120.337318"><ele>183.8</ele></trkpt>
     <trkpt lat="34.520744" lon="-120.334525"><ele>187.5</ele></trkpt>
     <trkpt lat="34.519745" lon="-120.331731"><ele>191.2</ele></trkpt>
     <trkpt lat="34.518746" lon="-120.328938"><ele>195.0</ele></trkpt>
     <trkpt lat="34.518375" lon="-120.327601"><ele>203.2</ele></trkpt>
     <trkpt lat="34.517991" lon="-120.325288"><ele>217.5</ele></trkpt>
     <trkpt lat="34.517847" lon="-120.323788"><ele>213.0</ele></trkpt>
     <trkpt lat="34.517753" lon="-120.321968"><ele>217.5</ele></trkpt>
     <trkpt lat="34.517658" lon="-120.320149"><ele>222.0</ele></trkpt>
     <trkpt lat="34.517593" lon="-120.319439"><ele>223.8</ele></trkpt>
     <trkpt lat="34.517541" lon="-120.317859"><ele>230.8</ele></trkpt>
     <trkpt lat="34.517559" lon="-120.317521"><ele>232.8</ele></trkpt>
     <trkpt lat="34.517663" lon="-120.316780"><ele>239.5</ele></trkpt>
     <trkpt lat="34.517878" lon="-120.316003"><ele>236.5</ele></trkpt>
     <trkpt lat="34.518273" lon="-120.314992"><ele>229.0</ele></trkpt>
     <trkpt lat="34.519588" lon="-120.312390"><ele>223.5</ele></trkpt>
     <trkpt lat="34.520954" lon="-120.309812"><ele>237.8</ele></trkpt>
     <trkpt lat="34.521372" lon="-120.308950"><ele>236.0</ele></trkpt>
     <trkpt lat="34.521683" lon="-120.308196"><ele>237.2</ele></trkpt>
     <trkpt lat="34.522337" lon="-120.306304"><ele>247.5</ele></trkpt>
     <trkpt lat="34.523207" lon="-120.303570"><ele>242.5</ele></trkpt>
     <trkpt lat="34.524077" lon="-120.300835"><ele>237.5</ele></trkpt>
     <trkpt lat="34.524681" lon="-120.298708"><ele>242.0</ele></trkpt>
     <trkpt lat="34.525140" lon="-120.296589"><ele>246.7</ele></trkpt>
     <trkpt lat="34.525600" lon="-120.294471"><ele>251.3</ele></trkpt>
     <trkpt lat="34.526059" lon="-120.292352"><ele>256.0</ele></trkpt>
     <trkpt lat="34.526226" lon="-120.291138"><ele>259.5</ele></trkpt>
     <trkpt lat="34.526256" lon="-120.290476"><ele>261.2</ele></trkpt>
     <trkpt lat="34.526261" lon="-120.289862"><ele>261.2</ele></trkpt>
     <trkpt lat="34.526162" lon="-120.288733"><ele>259.0</ele></trkpt>
     <trkpt lat="34.525935" lon="-120.287541"><ele>262.8</ele></trkpt>
     <trkpt lat="34.525767" lon="-120.286927"><ele>265.5</ele></trkpt>
     <trkpt lat="34.525484" lon="-120.286132"><ele>269.5</ele></trkpt>
     <trkpt lat="34.525218" lon="-120.285536"><ele>273.2</ele></trkpt>
     <trkpt lat="34.524591" lon="-120.284318"><ele>279.2</ele></trkpt>
     <trkpt lat="34.523596" lon="-120.282518"><ele>284.8</ele></trkpt>
     <trkpt lat="34.523160" lon="-120.281366"><ele>289.0</ele></trkpt>
     <trkpt lat="34.522933" lon="-120.280257"><ele>297.8</ele></trkpt>
     <trkpt lat="34.522597" lon="-120.277538"><ele>309.1</ele></trkpt>
     <trkpt lat="34.522260" lon="-120.274819"><ele>320.5</ele></trkpt>
     <trkpt lat="34.522045" lon="-120.273709"><ele>327.0</ele></trkpt>
     <trkpt lat="34.521425" lon="-120.271655"><ele>327.8</ele></trkpt>
     <trkpt lat="34.520804" lon="-120.269602"><ele>328.5</ele></trkpt>
     <trkpt lat="34.520184" lon="-120.267548"><ele>329.2</ele></trkpt>
     <trkpt lat="34.519524" lon="-120.265519"><ele>305.0</ele></trkpt>
     <trkpt lat="34.518946" lon="-120.264023"><ele>295.1</ele></trkpt>
     <trkpt lat="34.518369" lon="-120.262527"><ele>285.2</ele></trkpt>
     <trkpt lat="34.518200" lon="-120.261913"><ele>277.8</ele></trkpt>
     <trkpt lat="34.518051" lon="-120.261242"><ele>272.0</ele></trkpt>
     <trkpt lat="34.517964" lon="-120.260476"><ele>268.5</ele></trkpt>
     <trkpt lat="34.517906" lon="-120.257285"><ele>257.8</ele></trkpt>
     <trkpt lat="34.517731" lon="-120.254600"><ele>228.8</ele></trkpt>
     <trkpt lat="34.517619" lon="-120.253699"><ele>221.5</ele></trkpt>
     <trkpt lat="34.517315" lon="-120.252605"><ele>219.2</ele></trkpt>
     <trkpt lat="34.516464" lon="-120.250246"><ele>199.5</ele></trkpt>
     <trkpt lat="34.515758" lon="-120.248063"><ele>185.5</ele></trkpt>
     <trkpt lat="34.515196" lon="-120.245728"><ele>166.9</ele></trkpt>
     <trkpt lat="34.514633" lon="-120.243394"><ele>148.2</ele></trkpt>
     <trkpt lat="34.514185" lon="-120.241997"><ele>145.8</ele></trkpt>
     <trkpt lat="34.513164" lon="-120.239060"><ele>138.8</ele></trkpt>
     <trkpt lat="34.512172" lon="-120.236621"><ele>129.2</ele></trkpt>
     <trkpt lat="34.511768" lon="-120.236902"><ele>127.5</ele></trkpt>
     <trkpt lat="34.511638" lon="-120.236862"><ele>128.0</ele></trkpt>
     <trkpt lat="34.511580" lon="-120.236778"><ele>129.5</ele></trkpt>
     <trkpt lat="34.511061" lon="-120.235853"><ele>127.8</ele></trkpt>
     <trkpt lat="34.510785" lon="-120.235249"><ele>122.8</ele></trkpt>
     <trkpt lat="34.510283" lon="-120.233937"><ele>120.5</ele></trkpt>
     <trkpt lat="34.510033" lon="-120.233378"><ele>117.2</ele></trkpt>
     <trkpt lat="34.509957" lon="-120.233179"><ele>117.8</ele></trkpt>
     <trkpt lat="34.509841" lon="-120.232647"><ele>118.5</ele></trkpt>
     <trkpt lat="34.509796" lon="-120.231210"><ele>113.2</ele></trkpt>
     <trkpt lat="34.509698" lon="-120.230830"><ele>110.5</ele></trkpt>
     <trkpt lat="34.509457" lon="-120.230395"><ele>108.2</ele></trkpt>
     <trkpt lat="34.508577" lon="-120.229384"><ele>104.8</ele></trkpt>
     <trkpt lat="34.508269" lon="-120.228814"><ele>104.8</ele></trkpt>
     <trkpt lat="34.508038" lon="-120.228956"><ele>107.2</ele></trkpt>
     <trkpt lat="34.508269" lon="-120.228814"><ele>104.8</ele></trkpt>
     <trkpt lat="34.507927" lon="-120.228161"><ele>102.8</ele></trkpt>
     <trkpt lat="34.507646" lon="-120.227898"><ele>101.5</ele></trkpt>
     <trkpt lat="34.507794" lon="-120.227540"><ele>98.8</ele></trkpt>
     <trkpt lat="34.507643" lon="-120.227112"><ele>97.2</ele></trkpt>
     <trkpt lat="34.507471" lon="-120.227103"><ele>97.0</ele></trkpt>
     <trkpt lat="34.507372" lon="-120.227053"><ele>97.0</ele></trkpt>
     <trkpt lat="34.507313" lon="-120.226975"><ele>97.0</ele></trkpt>
     <trkpt lat="34.507297" lon="-120.226741"><ele>96.2</ele></trkpt>
     <trkpt lat="34.505179" lon="-120.226463"><ele>95.0</ele></trkpt>
     <trkpt lat="34.504542" lon="-120.226512"><ele>95.8</ele></trkpt>
     <trkpt lat="34.503454" lon="-120.226834"><ele>93.8</ele></trkpt>
     <trkpt lat="34.502774" lon="-120.227194"><ele>96.8</ele></trkpt>
     <trkpt lat="34.502256" lon="-120.227602"><ele>96.2</ele></trkpt>
     <trkpt lat="34.501045" lon="-120.228791"><ele>90.9</ele></trkpt>
     <trkpt lat="34.499833" lon="-120.229979"><ele>85.5</ele></trkpt>
     <trkpt lat="34.499263" lon="-120.230481"><ele>85.0</ele></trkpt>
     <trkpt lat="34.498687" lon="-120.230828"><ele>82.0</ele></trkpt>
     <trkpt lat="34.498224" lon="-120.231031"><ele>80.0</ele></trkpt>
     <trkpt lat="34.497627" lon="-120.231183"><ele>76.0</ele></trkpt>
     <trkpt lat="34.497057" lon="-120.231221"><ele>75.8</ele></trkpt>
     <trkpt lat="34.496502" lon="-120.231164"><ele>76.2</ele></trkpt>
     <trkpt lat="34.495433" lon="-120.230970"><ele>75.8</ele></trkpt>
     <trkpt lat="34.494981" lon="-120.230791"><ele>72.5</ele></trkpt>
     <trkpt lat="34.494583" lon="-120.230480"><ele>77.0</ele></trkpt>
     <trkpt lat="34.494310" lon="-120.230145"><ele>76.5</ele></trkpt>
     <trkpt lat="34.494110" lon="-120.229766"><ele>76.8</ele></trkpt>
     <trkpt lat="34.493427" lon="-120.228057"><ele>76.2</ele></trkpt>
     <trkpt lat="34.493185" lon="-120.227573"><ele>71.0</ele></trkpt>
     <trkpt lat="34.492897" lon="-120.227193"><ele>70.8</ele></trkpt>
     <trkpt lat="34.492472" lon="-120.226842"><ele>62.8</ele></trkpt>
     <trkpt lat="34.492070" lon="-120.226669"><ele>58.0</ele></trkpt>
     <trkpt lat="34.490832" lon="-120.226560"><ele>62.8</ele></trkpt>
     <trkpt lat="34.489748" lon="-120.226257"><ele>75.2</ele></trkpt>
     <trkpt lat="34.489187" lon="-120.226232"><ele>67.5</ele></trkpt>
     <trkpt lat="34.488864" lon="-120.226270"><ele>63.0</ele></trkpt>
     <trkpt lat="34.488364" lon="-120.226426"><ele>54.5</ele></trkpt>
     <trkpt lat="34.487967" lon="-120.226633"><ele>43.8</ele></trkpt>
     <trkpt lat="34.487381" lon="-120.227085"><ele>36.0</ele></trkpt>
     <trkpt lat="34.486619" lon="-120.227744"><ele>37.2</ele></trkpt>
     <trkpt lat="34.485283" lon="-120.229211"><ele>32.0</ele></trkpt>
     <trkpt lat="34.484563" lon="-120.229884"><ele>28.0</ele></trkpt>
     <trkpt lat="34.484285" lon="-120.230079"><ele>27.5</ele></trkpt>
     <trkpt lat="34.483743" lon="-120.230350"><ele>27.5</ele></trkpt>
     <trkpt lat="34.483404" lon="-120.230449"><ele>27.2</ele></trkpt>
     <trkpt lat="34.482869" lon="-120.230516"><ele>23.5</ele></trkpt>
     <trkpt lat="34.482308" lon="-120.230497"><ele>20.5</ele></trkpt>
     <trkpt lat="34.481606" lon="-120.230271"><ele>17.5</ele></trkpt>
     <trkpt lat="34.479681" lon="-120.229389"><ele>16.4</ele></trkpt>
     <trkpt lat="34.477755" lon="-120.228507"><ele>15.2</ele></trkpt>
     <trkpt lat="34.477648" lon="-120.228755"><ele>14.0</ele></trkpt>
     <trkpt lat="34.477521" lon="-120.228785"><ele>13.8</ele></trkpt>
     <trkpt lat="34.477447" lon="-120.228746"><ele>13.8</ele></trkpt>
     <trkpt lat="34.477181" lon="-120.228568"><ele>13.5</ele></trkpt>
     <trkpt lat="34.477447" lon="-120.228746"><ele>13.8</ele></trkpt>
     <trkpt lat="34.477582" lon="-120.228785"><ele>13.8</ele></trkpt>
     <trkpt lat="34.477683" lon="-120.228718"><ele>14.2</ele></trkpt>
     <trkpt lat="34.477755" lon="-120.228507"><ele>15.2</ele></trkpt>
     <trkpt lat="34.475465" lon="-120.227457"><ele>20.0</ele></trkpt>
     <trkpt lat="34.475079" lon="-120.227226"><ele>26.8</ele></trkpt>
     <trkpt lat="34.474725" lon="-120.226948"><ele>33.5</ele></trkpt>
     <trkpt lat="34.474360" lon="-120.226558"><ele>40.0</ele></trkpt>
     <trkpt lat="34.474027" lon="-120.226071"><ele>40.8</ele></trkpt>
     <trkpt lat="34.473816" lon="-120.225670"><ele>40.5</ele></trkpt>
     <trkpt lat="34.473588" lon="-120.225102"><ele>40.0</ele></trkpt>
     <trkpt lat="34.473318" lon="-120.224045"><ele>42.0</ele></trkpt>
     <trkpt lat="34.473234" lon="-120.223422"><ele>42.2</ele></trkpt>
     <trkpt lat="34.473211" lon="-120.222956"><ele>43.5</ele></trkpt>
     <trkpt lat="34.473237" lon="-120.220101"><ele>41.6</ele></trkpt>
     <trkpt lat="34.473263" lon="-120.217246"><ele>39.8</ele></trkpt>
     <trkpt lat="34.473289" lon="-120.214391"><ele>37.9</ele></trkpt>
     <trkpt lat="34.473315" lon="-120.211536"><ele>36.1</ele></trkpt>
     <trkpt lat="34.473341" lon="-120.208681"><ele>34.2</ele></trkpt>
     <trkpt lat="34.473367" lon="-120.205826"><ele>32.4</ele></trkpt>
     <trkpt lat="34.473393" lon="-120.202971"><ele>30.5</ele></trkpt>
     <trkpt lat="34.473383" lon="-120.200756"><ele>37.5</ele></trkpt>
     <trkpt lat="34.473197" lon="-120.198739"><ele>37.5</ele></trkpt>
     <trkpt lat="34.472689" lon="-120.195561"><ele>33.1</ele></trkpt>
     <trkpt lat="34.472180" lon="-120.192383"><ele>28.7</ele></trkpt>
     <trkpt lat="34.471672" lon="-120.189205"><ele>24.2</ele></trkpt>
     <trkpt lat="34.471497" lon="-120.187558"><ele>21.5</ele></trkpt>
     <trkpt lat="34.471452" lon="-120.186047"><ele>23.8</ele></trkpt>
     <trkpt lat="34.471440" lon="-120.183161"><ele>25.5</ele></trkpt>
     <trkpt lat="34.471427" lon="-120.180276"><ele>27.2</ele></trkpt>
     <trkpt lat="34.471415" lon="-120.177390"><ele>28.9</ele></trkpt>
     <trkpt lat="34.471403" lon="-120.174504"><ele>30.6</ele></trkpt>
     <trkpt lat="34.471390" lon="-120.171619"><ele>32.3</ele></trkpt>
     <trkpt lat="34.471378" lon="-120.168733"><ele>34.0</ele></trkpt>
     <trkpt lat="34.471447" lon="-120.167546"><ele>35.8</ele></trkpt>
     <trkpt lat="34.471546" lon="-120.166793"><ele>33.5</ele></trkpt>
     <trkpt lat="34.472064" lon="-120.163936"><ele>32.5</ele></trkpt>
     <trkpt lat="34.472581" lon="-120.161079"><ele>31.4</ele></trkpt>
     <trkpt lat="34.473099" lon="-120.158221"><ele>30.4</ele></trkpt>
     <trkpt lat="34.473616" lon="-120.155364"><ele>29.3</ele></trkpt>
     <trkpt lat="34.474134" lon="-120.152507"><ele>28.2</ele></trkpt>
     <trkpt lat="34.474171" lon="-120.151811"><ele>30.5</ele></trkpt>
     <trkpt lat="34.474204" lon="-120.149210"><ele>32.2</ele></trkpt>
     <trkpt lat="34.474237" lon="-120.146610"><ele>34.0</ele></trkpt>
     <trkpt lat="34.474330" lon="-120.145126"><ele>32.5</ele></trkpt>
     <trkpt lat="34.474472" lon="-120.143462"><ele>27.2</ele></trkpt>
     <trkpt lat="34.474614" lon="-120.141799"><ele>22.0</ele></trkpt>
     <trkpt lat="34.474497" lon="-120.140280"><ele>26.5</ele></trkpt>
     <trkpt lat="34.474392" lon="-120.140057"><ele>28.5</ele></trkpt>
     <trkpt lat="34.474109" lon="-120.139740"><ele>27.2</ele></trkpt>
     <trkpt lat="34.474037" lon="-120.139500"><ele>27.8</ele></trkpt>
     <trkpt lat="34.473992" lon="-120.138148"><ele>34.0</ele></trkpt>
     <trkpt lat="34.474030" lon="-120.136082"><ele>38.0</ele></trkpt>
     <trkpt lat="34.473971" lon="-120.135119"><ele>35.5</ele></trkpt>
     <trkpt lat="34.473478" lon="-120.132540"><ele>32.1</ele></trkpt>
     <trkpt lat="34.472986" lon="-120.129961"><ele>28.8</ele></trkpt>
     <trkpt lat="34.472684" lon="-120.127862"><ele>25.0</ele></trkpt>
     <trkpt lat="34.472505" lon="-120.125572"><ele>25.4</ele></trkpt>
     <trkpt lat="34.472325" lon="-120.123282"><ele>25.8</ele></trkpt>
     <trkpt lat="34.472146" lon="-120.120992"><ele>26.2</ele></trkpt>
     <trkpt lat="34.471876" lon="-120.118642"><ele>23.5</ele></trkpt>
     <trkpt lat="34.471648" lon="-120.117573"><ele>30.2</ele></trkpt>
     <trkpt lat="34.471310" lon="-120.116637"><ele>31.0</ele></trkpt>
     <trkpt lat="34.470479" lon="-120.115039"><ele>29.9</ele></trkpt>
     <trkpt lat="34.469649" lon="-120.113442"><ele>28.8</ele></trkpt>
     <trkpt lat="34.468859" lon="-120.111719"><ele>27.9</ele></trkpt>
     <trkpt lat="34.468069" lon="-120.109996"><ele>27.0</ele></trkpt>
     <trkpt lat="34.466982" lon="-120.107050"><ele>24.2</ele></trkpt>
     <trkpt lat="34.465894" lon="-120.104105"><ele>21.5</ele></trkpt>
     <trkpt lat="34.464807" lon="-120.101159"><ele>18.8</ele></trkpt>
     <trkpt lat="34.464555" lon="-120.100654"><ele>15.8</ele></trkpt>
     <trkpt lat="34.463361" lon="-120.098630"><ele>19.0</ele></trkpt>
     <trkpt lat="34.462855" lon="-120.097532"><ele>18.5</ele></trkpt>
     <trkpt lat="34.462652" lon="-120.096913"><ele>17.8</ele></trkpt>
     <trkpt lat="34.461995" lon="-120.094174"><ele>19.6</ele></trkpt>
     <trkpt lat="34.461338" lon="-120.091435"><ele>21.5</ele></trkpt>
     <trkpt lat="34.461141" lon="-120.090137"><ele>20.2</ele></trkpt>
     <trkpt lat="34.461101" lon="-120.088735"><ele>22.2</ele></trkpt>
     <trkpt lat="34.461143" lon="-120.087931"><ele>24.2</ele></trkpt>
     <trkpt lat="34.461326" lon="-120.086267"><ele>26.2</ele></trkpt>
     <trkpt lat="34.461510" lon="-120.084604"><ele>28.2</ele></trkpt>
     <trkpt lat="34.461539" lon="-120.083912"><ele>28.0</ele></trkpt>
     <trkpt lat="34.461455" lon="-120.081495"><ele>27.8</ele></trkpt>
     <trkpt lat="34.461474" lon="-120.080743"><ele>29.2</ele></trkpt>
     <trkpt lat="34.461533" lon="-120.080058"><ele>28.2</ele></trkpt>
     <trkpt lat="34.461661" lon="-120.079274"><ele>29.8</ele></trkpt>
     <trkpt lat="34.461853" lon="-120.078471"><ele>36.5</ele></trkpt>
     <trkpt lat="34.462182" lon="-120.077464"><ele>42.8</ele></trkpt>
     <trkpt lat="34.462493" lon="-120.076734"><ele>46.0</ele></trkpt>
     <trkpt lat="34.462918" lon="-120.075976"><ele>53.2</ele></trkpt>
     <trkpt lat="34.464142" lon="-120.074115"><ele>45.5</ele></trkpt>
     <trkpt lat="34.464773" lon="-120.072793"><ele>39.8</ele></trkpt>
     <trkpt lat="34.464949" lon="-120.072320"><ele>36.8</ele></trkpt>
     <trkpt lat="34.465275" lon="-120.071060"><ele>26.2</ele></trkpt>
     <trkpt lat="34.465411" lon="-120.070187"><ele>18.8</ele></trkpt>
     <trkpt lat="34.465466" lon="-120.069450"><ele>17.2</ele></trkpt>
     <trkpt lat="34.465472" lon="-120.068713"><ele>16.2</ele></trkpt>
     <trkpt lat="34.465429" lon="-120.068027"><ele>16.8</ele></trkpt>
     <trkpt lat="34.465187" lon="-120.067086"><ele>18.5</ele></trkpt>
     <trkpt lat="34.464940" lon="-120.066319"><ele>21.8</ele></trkpt>
     <trkpt lat="34.464703" lon="-120.065737"><ele>24.8</ele></trkpt>
     <trkpt lat="34.464193" lon="-120.064856"><ele>28.8</ele></trkpt>
     <trkpt lat="34.463965" lon="-120.064723"><ele>27.2</ele></trkpt>
     <trkpt lat="34.463724" lon="-120.064753"><ele>25.8</ele></trkpt>
     <trkpt lat="34.463622" lon="-120.064826"><ele>25.0</ele></trkpt>
     <trkpt lat="34.463531" lon="-120.064999"><ele>24.2</ele></trkpt>
     <trkpt lat="34.463484" lon="-120.065152"><ele>23.0</ele></trkpt>
     <trkpt lat="34.463489" lon="-120.065331"><ele>22.0</ele></trkpt>
     <trkpt lat="34.463592" lon="-120.065565"><ele>21.2</ele></trkpt>
     <trkpt lat="34.464251" lon="-120.066304"><ele>19.8</ele></trkpt>
     <trkpt lat="34.464084" lon="-120.066608"><ele>17.0</ele></trkpt>
     <trkpt lat="34.464118" lon="-120.066797"><ele>16.2</ele></trkpt>
     <trkpt lat="34.464676" lon="-120.067434"><ele>13.2</ele></trkpt>
     <trkpt lat="34.464813" lon="-120.067668"><ele>12.8</ele></trkpt>
     <trkpt lat="34.464863" lon="-120.068032"><ele>12.5</ele></trkpt>
     <trkpt lat="34.464869" lon="-120.068619"><ele>11.8</ele></trkpt>
     <trkpt lat="34.464993" lon="-120.069378"><ele>12.0</ele></trkpt>
     <trkpt lat="34.464594" lon="-120.069449"><ele>11.0</ele></trkpt>
     <trkpt lat="34.464441" lon="-120.068834"><ele>10.0</ele></trkpt>
     <trkpt lat="34.463974" lon="-120.068136"><ele>10.0</ele></trkpt>
     <trkpt lat="34.463764" lon="-120.067380"><ele>12.5</ele></trkpt>
     <trkpt lat="34.463456" lon="-120.066674"><ele>15.2</ele></trkpt>
     <trkpt lat="34.462908" lon="-120.066293"><ele>12.0</ele></trkpt>
     <trkpt lat="34.462729" lon="-120.066028"><ele>11.8</ele></trkpt>
     <trkpt lat="34.462651" lon="-120.065757"><ele>10.8</ele></trkpt>
     <trkpt lat="34.462233" lon="-120.062794"><ele>0.2</ele></trkpt>
     <trkpt lat="34.462237" lon="-120.062140"><ele>-1.8</ele></trkpt>
     <trkpt lat="34.462068" lon="-120.061645"><ele>-3.5</ele></trkpt>
     <trkpt lat="34.461915" lon="-120.060540"><ele>12.5</ele></trkpt>
     <trkpt lat="34.461928" lon="-120.060221"><ele>13.0</ele></trkpt>
     <trkpt lat="34.461804" lon="-120.059513"><ele>10.2</ele></trkpt>
     <trkpt lat="34.461608" lon="-120.058684"><ele>7.5</ele></trkpt>
     <trkpt lat="34.461590" lon="-120.058365"><ele>6.2</ele></trkpt>
     <trkpt lat="34.461654" lon="-120.057144"><ele>2.0</ele></trkpt>
     <trkpt lat="34.461798" lon="-120.055704"><ele>12.5</ele></trkpt>
     <trkpt lat="34.461911" lon="-120.055232"><ele>12.0</ele></trkpt>
     <trkpt lat="34.462238" lon="-120.052536"><ele>10.8</ele></trkpt>
     <trkpt lat="34.462253" lon="-120.052067"><ele>10.2</ele></trkpt>
     <trkpt lat="34.462158" lon="-120.051541"><ele>9.0</ele></trkpt>
     <trkpt lat="34.462134" lon="-120.051053"><ele>9.0</ele></trkpt>
     <trkpt lat="34.462169" lon="-120.050731"><ele>9.5</ele></trkpt>
     <trkpt lat="34.462430" lon="-120.050050"><ele>13.0</ele></trkpt>
     <trkpt lat="34.462622" lon="-120.048333"><ele>11.0</ele></trkpt>
    </trkseg>
  </trk>
  <trk>
    <name>Day 3 - Refugio State Beach to Los Angeles Union Station</name>
    <trkseg>
     <trkpt lat="34.462622" lon="-120.048333"><ele>11.8</ele></trkpt>
     <trkpt lat="34.462780" lon="-120.046920"><ele>11.0</ele></trkpt>
     <trkpt lat="34.462985" lon="-120.046080"><ele>9.5</ele></trkpt>
     <trkpt lat="34.463120" lon="-120.044954"><ele>5.5</ele></trkpt>
     <trkpt lat="34.463180" lon="-120.043972"><ele>2.0</ele></trkpt>
     <trkpt lat="34.463475" lon="-120.042137"><ele>11.5</ele></trkpt>
     <trkpt lat="34.463770" lon="-120.040303"><ele>21.0</ele></trkpt>
     <trkpt lat="34.463775" lon="-120.039857"><ele>22.5</ele></trkpt>
     <trkpt lat="34.463870" lon="-120.039123"><ele>20.5</ele></trkpt>
     <trkpt lat="34.463919" lon="-120.038205"><ele>19.0</ele></trkpt>
     <trkpt lat="34.463849" lon="-120.036795"><ele>21.2</ele></trkpt>
     <trkpt lat="34.463648" lon="-120.034473"><ele>24.5</ele></trkpt>
     <trkpt lat="34.463539" lon="-120.034471"><ele>23.2</ele></trkpt>
     <trkpt lat="34.463445" lon="-120.034417"><ele>22.8</ele></trkpt>
     <trkpt lat="34.463102" lon="-120.033994"><ele>20.2</ele></trkpt>
     <trkpt lat="34.462835" lon="-120.033361"><ele>20.0</ele></trkpt>
     <trkpt lat="34.462727" lon="-120.032375"><ele>24.2</ele></trkpt>
     <trkpt lat="34.462169" lon="-120.031516"><ele>20.0</ele></trkpt>
     <trkpt lat="34.462128" lon="-120.031302"><ele>21.0</ele></trkpt>
     <trkpt lat="34.462156" lon="-120.031192"><ele>22.2</ele></trkpt>
     <trkpt lat="34.462406" lon="-120.030861"><ele>27.5</ele></trkpt>
     <trkpt lat="34.462384" lon="-120.030719"><ele>28.0</ele></trkpt>
     <trkpt lat="34.462275" lon="-120.030652"><ele>27.2</ele></trkpt>
     <trkpt lat="34.461862" lon="-120.030604"><ele>23.0</ele></trkpt>
     <trkpt lat="34.461776" lon="-120.030529"><ele>22.5</ele></trkpt>
     <trkpt lat="34.461652" lon="-120.030271"><ele>21.5</ele></trkpt>
     <trkpt lat="34.461479" lon="-120.030129"><ele>20.5</ele></trkpt>
     <trkpt lat="34.461459" lon="-120.029957"><ele>20.0</ele></trkpt>
     <trkpt lat="34.461526" lon="-120.029796"><ele>23.2</ele></trkpt>
     <trkpt lat="34.461638" lon="-120.029660"><ele>24.5</ele></trkpt>
     <trkpt lat="34.461685" lon="-120.029287"><ele>24.2</ele></trkpt>
     <trkpt lat="34.461601" lon="-120.029061"><ele>23.5</ele></trkpt>
     <trkpt lat="34.461148" lon="-120.028901"><ele>17.8</ele></trkpt>
     <trkpt lat="34.461055" lon="-120.028804"><ele>17.2</ele></trkpt>
     <trkpt lat="34.460966" lon="-120.028662"><ele>17.8</ele></trkpt>
     <trkpt lat="34.460949" lon="-120.028286"><ele>21.2</ele></trkpt>
     <trkpt lat="34.460840" lon="-120.028147"><ele>20.5</ele></trkpt>
     <trkpt lat="34.460710" lon="-120.028064"><ele>19.8</ele></trkpt>
     <trkpt lat="34.460731" lon="-120.027853"><ele>19.0</ele></trkpt>
     <trkpt lat="34.460991" lon="-120.027377"><ele>25.2</ele></trkpt>
     <trkpt lat="34.460949" lon="-120.027331"><ele>25.0</ele></trkpt>
     <trkpt lat="34.460404" lon="-120.027276"><ele>17.8</ele></trkpt>
     <trkpt lat="34.460229" lon="-120.027212"><ele>15.8</ele></trkpt>
     <trkpt lat="34.460080" lon="-120.027044"><ele>14.8</ele></trkpt>
     <trkpt lat="34.459965" lon="-120.026655"><ele>16.5</ele></trkpt>
     <trkpt lat="34.459890" lon="-120.025847"><ele>19.2</ele></trkpt>
     <trkpt lat="34.459862" lon="-120.025759"><ele>19.0</ele></trkpt>
     <trkpt lat="34.459780" lon="-120.025683"><ele>18.0</ele></trkpt>
     <trkpt lat="34.459839" lon="-120.025533"><ele>19.0</ele></trkpt>
     <trkpt lat="34.459863" lon="-120.025230"><ele>19.8</ele></trkpt>
     <trkpt lat="34.459849" lon="-120.025050"><ele>20.0</ele></trkpt>
     <trkpt lat="34.459718" lon="-120.024570"><ele>16.5</ele></trkpt>
     <trkpt lat="34.459768" lon="-120.024349"><ele>16.2</ele></trkpt>
     <trkpt lat="34.460469" lon="-120.022571"><ele>19.0</ele></trkpt>
     <trkpt lat="34.460674" lon="-120.022218"><ele>21.8</ele></trkpt>
     <trkpt lat="34.460939" lon="-120.022042"><ele>23.8</ele></trkpt>
     <trkpt lat="34.462343" lon="-120.021731"><ele>31.8</ele></trkpt>
     <trkpt lat="34.462910" lon="-120.021528"><ele>36.5</ele></trkpt>
     <trkpt lat="34.462741" lon="-120.019822"><ele>35.2</ele></trkpt>
     <trkpt lat="34.462572" lon="-120.018116"><ele>34.0</ele></trkpt>
     <trkpt lat="34.462581" lon="-120.017666"><ele>34.2</ele></trkpt>
     <trkpt lat="34.462248" lon="-120.014848"><ele>33.4</ele></trkpt>
     <trkpt lat="34.461914" lon="-120.012029"><ele>32.5</ele></trkpt>
     <trkpt lat="34.461580" lon="-120.009211"><ele>31.6</ele></trkpt>
     <trkpt lat="34.461247" lon="-120.006392"><ele>30.8</ele></trkpt>
     <trkpt lat="34.460846" lon="-120.003833"><ele>26.9</ele></trkpt>
     <trkpt lat="34.460445" lon="-120.001274"><ele>23.0</ele></trkpt>
     <trkpt lat="34.460037" lon="-119.998782"><ele>30.7</ele></trkpt>
     <trkpt lat="34.459629" lon="-119.996291"><ele>38.4</ele></trkpt>
     <trkpt lat="34.459222" lon="-119.993799"><ele>46.1</ele></trkpt>
     <trkpt lat="34.458814" lon="-119.991307"><ele>53.8</ele></trkpt>
     <trkpt lat="34.458479" lon="-119.989076"><ele>54.6</ele></trkpt>
     <trkpt lat="34.458144" lon="-119.986844"><ele>55.5</ele></trkpt>
     <trkpt lat="34.457708" lon="-119.983791"><ele>54.1</ele></trkpt>
     <trkpt lat="34.457273" lon="-119.980739"><ele>52.6</ele></trkpt>
     <trkpt lat="34.456837" lon="-119.977687"><ele>51.2</ele></trkpt>
     <trkpt lat="34.456401" lon="-119.974634"><ele>49.8</ele></trkpt>
     <trkpt lat="34.456225" lon="-119.973693"><ele>49.5</ele></trkpt>
     <trkpt lat="34.455880" lon="-119.972441"><ele>45.2</ele></trkpt>
     <trkpt lat="34.455435" lon="-119.971357"><ele>46.5</ele></trkpt>
     <trkpt lat="34.454598" lon="-119.969660"><ele>49.1</ele></trkpt>
     <trkpt lat="34.453760" lon="-119.967963"><ele>51.8</ele></trkpt>
     <trkpt lat="34.453214" lon="-119.967007"><ele>52.5</ele></trkpt>
     <trkpt lat="34.452585" lon="-119.966091"><ele>52.8</ele></trkpt>
     <trkpt lat="34.451052" lon="-119.964089"><ele>49.0</ele></trkpt>
     <trkpt lat="34.449519" lon="-119.962087"><ele>45.1</ele></trkpt>
     <trkpt lat="34.447985" lon="-119.960086"><ele>41.4</ele></trkpt>
     <trkpt lat="34.446452" lon="-119.958084"><ele>37.5</ele></trkpt>
     <trkpt lat="34.444919" lon="-119.956082"><ele>33.8</ele></trkpt>
     <trkpt lat="34.444184" lon="-119.955196"><ele>35.2</ele></trkpt>
     <trkpt lat="34.444057" lon="-119.955088"><ele>35.5</ele></trkpt>
     <trkpt lat="34.443780" lon="-119.954986"><ele>37.2</ele></trkpt>
     <trkpt lat="34.443571" lon="-119.955017"><ele>38.5</ele></trkpt>
     <trkpt lat="34.443490" lon="-119.955129"><ele>39.0</ele></trkpt>
     <trkpt lat="34.443755" lon="-119.956323"><ele>37.0</ele></trkpt>
     <trkpt lat="34.444130" lon="-119.957262"><ele>35.8</ele></trkpt>
     <trkpt lat="34.444500" lon="-119.958044"><ele>33.8</ele></trkpt>
     <trkpt lat="34.444939" lon="-119.958793"><ele>25.5</ele></trkpt>
     <trkpt lat="34.445516" lon="-119.959565"><ele>22.8</ele></trkpt>
     <trkpt lat="34.446553" lon="-119.960623"><ele>19.8</ele></trkpt>
     <trkpt lat="34.446874" lon="-119.960244"><ele>20.2</ele></trkpt>
     <trkpt lat="34.447330" lon="-119.960022"><ele>23.5</ele></trkpt>
     <trkpt lat="34.447518" lon="-119.959868"><ele>25.5</ele></trkpt>
     <trkpt lat="34.447797" lon="-119.959199"><ele>27.8</ele></trkpt>
     <trkpt lat="34.447797" lon="-119.959095"><ele>28.2</ele></trkpt>
     <trkpt lat="34.447697" lon="-119.958888"><ele>29.8</ele></trkpt>
     <trkpt lat="34.447285" lon="-119.958412"><ele>32.8</ele></trkpt>
     <trkpt lat="34.446522" lon="-119.957370"><ele>35.8</ele></trkpt>
     <trkpt lat="34.446356" lon="-119.957045"><ele>35.8</ele></trkpt>
     <trkpt lat="34.446195" lon="-119.956829"><ele>35.2</ele></trkpt>
     <trkpt lat="34.445084" lon="-119.955707"><ele>35.0</ele></trkpt>
     <trkpt lat="34.445157" lon="-119.955535"><ele>35.8</ele></trkpt>
     <trkpt lat="34.445161" lon="-119.955421"><ele>36.2</ele></trkpt>
     <trkpt lat="34.445054" lon="-119.955151"><ele>38.0</ele></trkpt>
     <trkpt lat="34.445065" lon="-119.955011"><ele>38.8</ele></trkpt>
     <trkpt lat="34.445183" lon="-119.954942"><ele>38.8</ele></trkpt>
     <trkpt lat="34.445371" lon="-119.954934"><ele>38.2</ele></trkpt>
     <trkpt lat="34.445538" lon="-119.954991"><ele>37.8</ele></trkpt>
     <trkpt lat="34.445669" lon="-119.954971"><ele>37.5</ele></trkpt>
     <trkpt lat="34.445814" lon="-119.954852"><ele>37.8</ele></trkpt>
     <trkpt lat="34.445876" lon="-119.954653"><ele>38.2</ele></trkpt>
     <trkpt lat="34.445862" lon="-119.954436"><ele>39.5</ele></trkpt>
     <trkpt lat="34.445780" lon="-119.954184"><ele>41.0</ele></trkpt>
     <trkpt lat="34.445783" lon="-119.953671"><ele>42.8</ele></trkpt>
     <trkpt lat="34.445733" lon="-119.953363"><ele>44.2</ele></trkpt>
     <trkpt lat="34.445756" lon="-119.952456"><ele>45.8</ele></trkpt>
     <trkpt lat="34.445405" lon="-119.951868"><ele>44.8</ele></trkpt>
     <trkpt lat="34.445353" lon="-119.951700"><ele>44.8</ele></trkpt>
     <trkpt lat="34.445382" lon="-119.951552"><ele>45.5</ele></trkpt>
     <trkpt lat="34.445986" lon="-119.950442"><ele>56.5</ele></trkpt>
     <trkpt lat="34.445990" lon="-119.949972"><ele>61.2</ele></trkpt>
     <trkpt lat="34.445986" lon="-119.950442"><ele>56.5</ele></trkpt>
     <trkpt lat="34.445382" lon="-119.951552"><ele>45.5</ele></trkpt>
     <trkpt lat="34.445353" lon="-119.951700"><ele>44.8</ele></trkpt>
     <trkpt lat="34.445405" lon="-119.951868"><ele>44.8</ele></trkpt>
     <trkpt lat="34.445756" lon="-119.952456"><ele>45.8</ele></trkpt>
     <trkpt lat="34.445733" lon="-119.953363"><ele>44.2</ele></trkpt>
     <trkpt lat="34.445783" lon="-119.953671"><ele>42.8</ele></trkpt>
     <trkpt lat="34.445780" lon="-119.954184"><ele>41.0</ele></trkpt>
     <trkpt lat="34.445862" lon="-119.954436"><ele>39.5</ele></trkpt>
     <trkpt lat="34.445876" lon="-119.954653"><ele>38.2</ele></trkpt>
     <trkpt lat="34.445814" lon="-119.954852"><ele>37.8</ele></trkpt>
     <trkpt lat="34.445669" lon="-119.954971"><ele>37.5</ele></trkpt>
     <trkpt lat="34.445538" lon="-119.954991"><ele>37.8</ele></trkpt>
     <trkpt lat="34.445371" lon="-119.954934"><ele>38.2</ele></trkpt>
     <trkpt lat="34.445183" lon="-119.954942"><ele>38.8</ele></trkpt>
     <trkpt lat="34.445065" lon="-119.955011"><ele>38.8</ele></trkpt>
     <trkpt lat="34.445054" lon="-119.955151"><ele>38.0</ele></trkpt>
     <trkpt lat="34.445161" lon="-119.955421"><ele>36.2</ele></trkpt>
     <trkpt lat="34.445157" lon="-119.955535"><ele>35.8</ele></trkpt>
     <trkpt lat="34.445092" lon="-119.955634"><ele>35.5</ele></trkpt>
     <trkpt lat="34.445499" lon="-119.956052"><ele>32.2</ele></trkpt>
     <trkpt lat="34.445614" lon="-119.956250"><ele>32.2</ele></trkpt>
     <trkpt lat="34.446195" lon="-119.956829"><ele>35.2</ele></trkpt>
     <trkpt lat="34.446356" lon="-119.957045"><ele>35.8</ele></trkpt>
     <trkpt lat="34.446522" lon="-119.957370"><ele>35.8</ele></trkpt>
     <trkpt lat="34.447285" lon="-119.958412"><ele>32.8</ele></trkpt>
     <trkpt lat="34.447697" lon="-119.958888"><ele>29.8</ele></trkpt>
     <trkpt lat="34.447797" lon="-119.959095"><ele>28.2</ele></trkpt>
     <trkpt lat="34.447797" lon="-119.959199"><ele>27.8</ele></trkpt>
     <trkpt lat="34.447518" lon="-119.959868"><ele>25.5</ele></trkpt>
     <trkpt lat="34.447330" lon="-119.960022"><ele>23.5</ele></trkpt>
     <trkpt lat="34.446874" lon="-119.960244"><ele>20.2</ele></trkpt>
     <trkpt lat="34.446553" lon="-119.960623"><ele>19.8</ele></trkpt>
     <trkpt lat="34.445516" lon="-119.959565"><ele>22.8</ele></trkpt>
     <trkpt lat="34.444939" lon="-119.958793"><ele>25.5</ele></trkpt>
     <trkpt lat="34.444500" lon="-119.958044"><ele>33.8</ele></trkpt>
     <trkpt lat="34.444130" lon="-119.957262"><ele>35.8</ele></trkpt>
     <trkpt lat="34.443755" lon="-119.956323"><ele>37.0</ele></trkpt>
     <trkpt lat="34.443490" lon="-119.955129"><ele>39.0</ele></trkpt>
     <trkpt lat="34.443502" lon="-119.955027"><ele>38.8</ele></trkpt>
     <trkpt lat="34.443641" lon="-119.954905"><ele>38.0</ele></trkpt>
     <trkpt lat="34.443707" lon="-119.954791"><ele>37.8</ele></trkpt>
     <trkpt lat="34.443762" lon="-119.954482"><ele>38.0</ele></trkpt>
     <trkpt lat="34.443735" lon="-119.954314"><ele>38.2</ele></trkpt>
     <trkpt lat="34.442839" lon="-119.952053"><ele>42.0</ele></trkpt>
     <trkpt lat="34.442530" lon="-119.951087"><ele>41.2</ele></trkpt>
     <trkpt lat="34.442167" lon="-119.949694"><ele>41.5</ele></trkpt>
     <trkpt lat="34.441553" lon="-119.947108"><ele>40.3</ele></trkpt>
     <trkpt lat="34.440939" lon="-119.944523"><ele>39.1</ele></trkpt>
     <trkpt lat="34.440325" lon="-119.941937"><ele>37.9</ele></trkpt>
     <trkpt lat="34.439711" lon="-119.939352"><ele>36.8</ele></trkpt>
     <trkpt lat="34.439453" lon="-119.937666"><ele>32.2</ele></trkpt>
     <trkpt lat="34.439149" lon="-119.934824"><ele>27.2</ele></trkpt>
     <trkpt lat="34.438844" lon="-119.931983"><ele>22.2</ele></trkpt>
     <trkpt lat="34.438540" lon="-119.929141"><ele>17.2</ele></trkpt>
     <trkpt lat="34.438325" lon="-119.927718"><ele>28.2</ele></trkpt>
     <trkpt lat="34.438056" lon="-119.926499"><ele>33.0</ele></trkpt>
     <trkpt lat="34.437848" lon="-119.925744"><ele>34.0</ele></trkpt>
     <trkpt lat="34.437449" lon="-119.924560"><ele>33.2</ele></trkpt>
     <trkpt lat="34.436383" lon="-119.921615"><ele>29.0</ele></trkpt>
     <trkpt lat="34.435318" lon="-119.918670"><ele>24.8</ele></trkpt>
     <trkpt lat="34.434252" lon="-119.915726"><ele>20.5</ele></trkpt>
     <trkpt lat="34.433187" lon="-119.912781"><ele>16.2</ele></trkpt>
     <trkpt lat="34.433049" lon="-119.912540"><ele>14.0</ele></trkpt>
     <trkpt lat="34.432863" lon="-119.912064"><ele>13.5</ele></trkpt>
     <trkpt lat="34.432514" lon="-119.911040"><ele>17.0</ele></trkpt>
     <trkpt lat="34.432263" lon="-119.909835"><ele>24.2</ele></trkpt>
     <trkpt lat="34.432124" lon="-119.908316"><ele>31.5</ele></trkpt>
     <trkpt lat="34.431978" lon="-119.906049"><ele>35.0</ele></trkpt>
     <trkpt lat="34.433973" lon="-119.905303"><ele>34.8</ele></trkpt>
     <trkpt lat="34.434452" lon="-119.905036"><ele>34.5</ele></trkpt>
     <trkpt lat="34.435003" lon="-119.904569"><ele>34.5</ele></trkpt>
     <trkpt lat="34.435310" lon="-119.904201"><ele>35.2</ele></trkpt>
     <trkpt lat="34.435620" lon="-119.903714"><ele>36.2</ele></trkpt>
     <trkpt lat="34.436338" lon="-119.902279"><ele>40.2</ele></trkpt>
     <trkpt lat="34.437056" lon="-119.900845"><ele>44.2</ele></trkpt>
     <trkpt lat="34.437283" lon="-119.901075"><ele>43.5</ele></trkpt>
     <trkpt lat="34.437427" lon="-119.901389"><ele>41.2</ele></trkpt>
     <trkpt lat="34.437894" lon="-119.903203"><ele>31.9</ele></trkpt>
     <trkpt lat="34.438360" lon="-119.905017"><ele>22.5</ele></trkpt>
     <trkpt lat="34.437632" lon="-119.902129"><ele>36.0</ele></trkpt>
     <trkpt lat="34.437356" lon="-119.901213"><ele>42.5</ele></trkpt>
     <trkpt lat="34.437211" lon="-119.900990"><ele>43.8</ele></trkpt>
     <trkpt lat="34.436840" lon="-119.900641"><ele>43.8</ele></trkpt>
     <trkpt lat="34.436697" lon="-119.900554"><ele>43.2</ele></trkpt>
     <trkpt lat="34.436537" lon="-119.900521"><ele>43.2</ele></trkpt>
     <trkpt lat="34.436592" lon="-119.897422"><ele>43.2</ele></trkpt>
     <trkpt lat="34.436562" lon="-119.897140"><ele>44.0</ele></trkpt>
     <trkpt lat="34.436467" lon="-119.896843"><ele>44.5</ele></trkpt>
     <trkpt lat="34.436335" lon="-119.896602"><ele>44.8</ele></trkpt>
     <trkpt lat="34.436120" lon="-119.896367"><ele>45.0</ele></trkpt>
     <trkpt lat="34.434624" lon="-119.894886"><ele>40.6</ele></trkpt>
     <trkpt lat="34.433127" lon="-119.893404"><ele>36.2</ele></trkpt>
     <trkpt lat="34.432930" lon="-119.893122"><ele>36.2</ele></trkpt>
     <trkpt lat="34.432844" lon="-119.892787"><ele>37.0</ele></trkpt>
     <trkpt lat="34.432841" lon="-119.891590"><ele>39.0</ele></trkpt>
     <trkpt lat="34.432726" lon="-119.890811"><ele>40.2</ele></trkpt>
     <trkpt lat="34.432772" lon="-119.889150"><ele>37.5</ele></trkpt>
     <trkpt lat="34.432782" lon="-119.887497"><ele>33.5</ele></trkpt>
     <trkpt lat="34.432791" lon="-119.885844"><ele>29.5</ele></trkpt>
     <trkpt lat="34.432749" lon="-119.885131"><ele>26.8</ele></trkpt>
     <trkpt lat="34.432753" lon="-119.882163"><ele>19.8</ele></trkpt>
     <trkpt lat="34.432789" lon="-119.880541"><ele>19.2</ele></trkpt>
     <trkpt lat="34.433027" lon="-119.877490"><ele>21.5</ele></trkpt>
     <trkpt lat="34.433249" lon="-119.876049"><ele>23.0</ele></trkpt>
     <trkpt lat="34.433457" lon="-119.875255"><ele>23.8</ele></trkpt>
     <trkpt lat="34.434290" lon="-119.873225"><ele>22.8</ele></trkpt>
     <trkpt lat="34.435123" lon="-119.871196"><ele>21.8</ele></trkpt>
     <trkpt lat="34.432651" lon="-119.870100"><ele>14.5</ele></trkpt>
     <trkpt lat="34.432149" lon="-119.869929"><ele>13.8</ele></trkpt>
     <trkpt lat="34.431520" lon="-119.869796"><ele>14.5</ele></trkpt>
     <trkpt lat="34.431007" lon="-119.869738"><ele>14.8</ele></trkpt>
     <trkpt lat="34.430102" lon="-119.869758"><ele>15.0</ele></trkpt>
     <trkpt lat="34.430154" lon="-119.868236"><ele>14.0</ele></trkpt>
     <trkpt lat="34.430210" lon="-119.868073"><ele>14.2</ele></trkpt>
     <trkpt lat="34.430208" lon="-119.867253"><ele>14.2</ele></trkpt>
     <trkpt lat="34.430161" lon="-119.866854"><ele>14.5</ele></trkpt>
     <trkpt lat="34.430211" lon="-119.863698"><ele>11.6</ele></trkpt>
     <trkpt lat="34.430262" lon="-119.860543"><ele>8.8</ele></trkpt>
     <trkpt lat="34.430318" lon="-119.859759"><ele>8.0</ele></trkpt>
     <trkpt lat="34.430573" lon="-119.857499"><ele>7.5</ele></trkpt>
     <trkpt lat="34.430728" lon="-119.854808"><ele>6.8</ele></trkpt>
     <trkpt lat="34.430884" lon="-119.852118"><ele>6.2</ele></trkpt>
     <trkpt lat="34.431039" lon="-119.849427"><ele>5.5</ele></trkpt>
     <trkpt lat="34.431643" lon="-119.846394"><ele>5.4</ele></trkpt>
     <trkpt lat="34.432248" lon="-119.843360"><ele>5.2</ele></trkpt>
     <trkpt lat="34.433035" lon="-119.840244"><ele>5.3</ele></trkpt>
     <trkpt lat="34.433821" lon="-119.837128"><ele>5.4</ele></trkpt>
     <trkpt lat="34.434608" lon="-119.834012"><ele>5.5</ele></trkpt>
     <trkpt lat="34.434759" lon="-119.833601"><ele>4.8</ele></trkpt>
     <trkpt lat="34.435920" lon="-119.831136"><ele>6.8</ele></trkpt>
     <trkpt lat="34.436001" lon="-119.830888"><ele>6.5</ele></trkpt>
     <trkpt lat="34.436040" lon="-119.830520"><ele>6.8</ele></trkpt>
     <trkpt lat="34.435974" lon="-119.829495"><ele>6.8</ele></trkpt>
     <trkpt lat="34.436014" lon="-119.829325"><ele>6.2</ele></trkpt>
     <trkpt lat="34.435914" lon="-119.827808"><ele>6.8</ele></trkpt>
     <trkpt lat="34.435792" lon="-119.827820"><ele>6.5</ele></trkpt>
     <trkpt lat="34.435788" lon="-119.827644"><ele>7.5</ele></trkpt>
     <trkpt lat="34.435792" lon="-119.827820"><ele>6.5</ele></trkpt>
     <trkpt lat="34.435914" lon="-119.827808"><ele>6.8</ele></trkpt>
     <trkpt lat="34.436014" lon="-119.829325"><ele>6.2</ele></trkpt>
     <trkpt lat="34.436076" lon="-119.829512"><ele>6.8</ele></trkpt>
     <trkpt lat="34.436139" lon="-119.830747"><ele>6.8</ele></trkpt>
     <trkpt lat="34.436038" lon="-119.830684"><ele>6.5</ele></trkpt>
     <trkpt lat="34.435029" lon="-119.830639"><ele>5.2</ele></trkpt>
     <trkpt lat="34.432415" lon="-119.830627"><ele>5.0</ele></trkpt>
     <trkpt lat="34.430914" lon="-119.830684"><ele>5.0</ele></trkpt>
     <trkpt lat="34.429316" lon="-119.830675"><ele>4.9</ele></trkpt>
     <trkpt lat="34.427718" lon="-119.830666"><ele>4.8</ele></trkpt>
     <trkpt lat="34.427288" lon="-119.830586"><ele>5.0</ele></trkpt>
     <trkpt lat="34.426913" lon="-119.830369"><ele>4.5</ele></trkpt>
     <trkpt lat="34.426788" lon="-119.830362"><ele>4.2</ele></trkpt>
     <trkpt lat="34.426718" lon="-119.830429"><ele>4.0</ele></trkpt>
     <trkpt lat="34.426455" lon="-119.831034"><ele>3.0</ele></trkpt>
     <trkpt lat="34.425798" lon="-119.832680"><ele>4.0</ele></trkpt>
     <trkpt lat="34.425556" lon="-119.833386"><ele>3.0</ele></trkpt>
     <trkpt lat="34.425505" lon="-119.833649"><ele>3.0</ele></trkpt>
     <trkpt lat="34.425526" lon="-119.835110"><ele>3.0</ele></trkpt>
     <trkpt lat="34.425440" lon="-119.835272"><ele>3.0</ele></trkpt>
     <trkpt lat="34.425320" lon="-119.835321"><ele>3.0</ele></trkpt>
     <trkpt lat="34.423877" lon="-119.835233"><ele>6.0</ele></trkpt>
     <trkpt lat="34.421503" lon="-119.835216"><ele>4.2</ele></trkpt>
     <trkpt lat="34.419128" lon="-119.835198"><ele>2.5</ele></trkpt>
     <trkpt lat="34.418794" lon="-119.835044"><ele>2.5</ele></trkpt>
     <trkpt lat="34.418551" lon="-119.834721"><ele>3.0</ele></trkpt>
     <trkpt lat="34.417957" lon="-119.832886"><ele>3.8</ele></trkpt>
     <trkpt lat="34.417922" lon="-119.832429"><ele>4.0</ele></trkpt>
     <trkpt lat="34.418070" lon="-119.831773"><ele>4.2</ele></trkpt>
     <trkpt lat="34.417185" lon="-119.831489"><ele>3.5</ele></trkpt>
     <trkpt lat="34.417043" lon="-119.832138"><ele>3.2</ele></trkpt>
     <trkpt lat="34.417096" lon="-119.832725"><ele>5.0</ele></trkpt>
     <trkpt lat="34.417043" lon="-119.832138"><ele>3.2</ele></trkpt>
     <trkpt lat="34.417185" lon="-119.831489"><ele>3.5</ele></trkpt>
     <trkpt lat="34.417247" lon="-119.831508"><ele>3.5</ele></trkpt>
     <trkpt lat="34.417301" lon="-119.831355"><ele>3.8</ele></trkpt>
     <trkpt lat="34.417357" lon="-119.831353"><ele>3.8</ele></trkpt>
     <trkpt lat="34.417481" lon="-119.831491"><ele>3.8</ele></trkpt>
     <trkpt lat="34.417941" lon="-119.831641"><ele>4.0</ele></trkpt>
     <trkpt lat="34.417999" lon="-119.831615"><ele>4.2</ele></trkpt>
     <trkpt lat="34.418045" lon="-119.831531"><ele>4.5</ele></trkpt>
     <trkpt lat="34.418060" lon="-119.831352"><ele>4.5</ele></trkpt>
     <trkpt lat="34.418017" lon="-119.831026"><ele>5.0</ele></trkpt>
     <trkpt lat="34.418149" lon="-119.830688"><ele>5.0</ele></trkpt>
     <trkpt lat="34.418338" lon="-119.830451"><ele>4.5</ele></trkpt>
     <trkpt lat="34.418636" lon="-119.830314"><ele>4.0</ele></trkpt>
     <trkpt lat="34.418804" lon="-119.830309"><ele>3.8</ele></trkpt>
     <trkpt lat="34.419189" lon="-119.830462"><ele>3.5</ele></trkpt>
     <trkpt lat="34.419461" lon="-119.830800"><ele>3.5</ele></trkpt>
     <trkpt lat="34.419680" lon="-119.830837"><ele>3.2</ele></trkpt>
     <trkpt lat="34.421009" lon="-119.829379"><ele>3.8</ele></trkpt>
     <trkpt lat="34.421328" lon="-119.828863"><ele>3.2</ele></trkpt>
     <trkpt lat="34.422784" lon="-119.827674"><ele>1.0</ele></trkpt>
     <trkpt lat="34.422873" lon="-119.827547"><ele>1.0</ele></trkpt>
     <trkpt lat="34.422897" lon="-119.827460"><ele>1.0</ele></trkpt>
     <trkpt lat="34.422866" lon="-119.827280"><ele>1.2</ele></trkpt>
     <trkpt lat="34.422650" lon="-119.826850"><ele>1.2</ele></trkpt>
     <trkpt lat="34.422523" lon="-119.826441"><ele>1.8</ele></trkpt>
     <trkpt lat="34.422475" lon="-119.825811"><ele>4.0</ele></trkpt>
     <trkpt lat="34.422546" lon="-119.825366"><ele>4.5</ele></trkpt>
     <trkpt lat="34.422953" lon="-119.823662"><ele>5.4</ele></trkpt>
     <trkpt lat="34.423361" lon="-119.821957"><ele>6.2</ele></trkpt>
     <trkpt lat="34.423385" lon="-119.821141"><ele>5.8</ele></trkpt>
     <trkpt lat="34.423564" lon="-119.819804"><ele>4.8</ele></trkpt>
     <trkpt lat="34.423588" lon="-119.817885"><ele>5.5</ele></trkpt>
     <trkpt lat="34.423612" lon="-119.815965"><ele>6.2</ele></trkpt>
     <trkpt lat="34.423644" lon="-119.815493"><ele>6.5</ele></trkpt>
     <trkpt lat="34.423752" lon="-119.814850"><ele>7.0</ele></trkpt>
     <trkpt lat="34.423904" lon="-119.814311"><ele>7.2</ele></trkpt>
     <trkpt lat="34.424223" lon="-119.813322"><ele>7.0</ele></trkpt>
     <trkpt lat="34.424876" lon="-119.811531"><ele>7.2</ele></trkpt>
     <trkpt lat="34.425040" lon="-119.811320"><ele>7.5</ele></trkpt>
     <trkpt lat="34.425282" lon="-119.811194"><ele>8.0</ele></trkpt>
     <trkpt lat="34.425378" lon="-119.810908"><ele>8.0</ele></trkpt>
     <trkpt lat="34.425408" lon="-119.810433"><ele>8.2</ele></trkpt>
     <trkpt lat="34.425173" lon="-119.809960"><ele>9.2</ele></trkpt>
     <trkpt lat="34.425138" lon="-119.809788"><ele>9.0</ele></trkpt>
     <trkpt lat="34.425274" lon="-119.807336"><ele>10.2</ele></trkpt>
     <trkpt lat="34.425322" lon="-119.806994"><ele>10.8</ele></trkpt>
     <trkpt lat="34.425541" lon="-119.806145"><ele>11.0</ele></trkpt>
     <trkpt lat="34.425774" lon="-119.804194"><ele>11.4</ele></trkpt>
     <trkpt lat="34.426007" lon="-119.802243"><ele>11.8</ele></trkpt>
     <trkpt lat="34.426237" lon="-119.801062"><ele>13.0</ele></trkpt>
     <trkpt lat="34.426281" lon="-119.800689"><ele>13.0</ele></trkpt>
     <trkpt lat="34.426291" lon="-119.798649"><ele>14.5</ele></trkpt>
     <trkpt lat="34.426323" lon="-119.798333"><ele>14.0</ele></trkpt>
     <trkpt lat="34.426464" lon="-119.797769"><ele>14.0</ele></trkpt>
     <trkpt lat="34.426577" lon="-119.797494"><ele>13.0</ele></trkpt>
     <trkpt lat="34.427787" lon="-119.795277"><ele>12.2</ele></trkpt>
     <trkpt lat="34.428802" lon="-119.793548"><ele>13.5</ele></trkpt>
     <trkpt lat="34.429816" lon="-119.791820"><ele>14.8</ele></trkpt>
     <trkpt lat="34.429974" lon="-119.791383"><ele>15.2</ele></trkpt>
     <trkpt lat="34.430233" lon="-119.790167"><ele>16.2</ele></trkpt>
     <trkpt lat="34.430385" lon="-119.790153"><ele>15.8</ele></trkpt>
     <trkpt lat="34.430858" lon="-119.790275"><ele>14.8</ele></trkpt>
     <trkpt lat="34.431243" lon="-119.790224"><ele>14.5</ele></trkpt>
     <trkpt lat="34.432035" lon="-119.789887"><ele>13.0</ele></trkpt>
     <trkpt lat="34.432172" lon="-119.789664"><ele>13.0</ele></trkpt>
     <trkpt lat="34.432785" lon="-119.789546"><ele>13.0</ele></trkpt>
     <trkpt lat="34.433211" lon="-119.789498"><ele>13.8</ele></trkpt>
     <trkpt lat="34.434864" lon="-119.789455"><ele>14.2</ele></trkpt>
     <trkpt lat="34.436517" lon="-119.789412"><ele>14.8</ele></trkpt>
     <trkpt lat="34.437101" lon="-119.786281"><ele>15.4</ele></trkpt>
     <trkpt lat="34.437686" lon="-119.783149"><ele>16.1</ele></trkpt>
     <trkpt lat="34.438270" lon="-119.780018"><ele>16.8</ele></trkpt>
     <trkpt lat="34.438366" lon="-119.779837"><ele>17.5</ele></trkpt>
     <trkpt lat="34.438546" lon="-119.778903"><ele>20.5</ele></trkpt>
     <trkpt lat="34.438831" lon="-119.777352"><ele>26.0</ele></trkpt>
     <trkpt lat="34.438866" lon="-119.776973"><ele>28.0</ele></trkpt>
     <trkpt lat="34.438930" lon="-119.776798"><ele>29.2</ele></trkpt>
     <trkpt lat="34.439398" lon="-119.774194"><ele>31.5</ele></trkpt>
     <trkpt lat="34.439867" lon="-119.771591"><ele>33.8</ele></trkpt>
     <trkpt lat="34.439924" lon="-119.771012"><ele>32.5</ele></trkpt>
     <trkpt lat="34.440126" lon="-119.770034"><ele>35.2</ele></trkpt>
     <trkpt lat="34.439944" lon="-119.769828"><ele>35.2</ele></trkpt>
     <trkpt lat="34.438772" lon="-119.767855"><ele>36.8</ele></trkpt>
     <trkpt lat="34.438028" lon="-119.766264"><ele>36.0</ele></trkpt>
     <trkpt lat="34.437766" lon="-119.765470"><ele>37.5</ele></trkpt>
     <trkpt lat="34.437443" lon="-119.763062"><ele>39.2</ele></trkpt>
     <trkpt lat="34.437194" lon="-119.761579"><ele>40.8</ele></trkpt>
     <trkpt lat="34.437085" lon="-119.760572"><ele>45.8</ele></trkpt>
     <trkpt lat="34.436938" lon="-119.757331"><ele>52.5</ele></trkpt>
     <trkpt lat="34.436792" lon="-119.754090"><ele>59.2</ele></trkpt>
     <trkpt lat="34.436650" lon="-119.753427"><ele>57.5</ele></trkpt>
     <trkpt lat="34.436485" lon="-119.752934"><ele>59.5</ele></trkpt>
     <trkpt lat="34.436303" lon="-119.752514"><ele>60.8</ele></trkpt>
     <trkpt lat="34.436109" lon="-119.752194"><ele>60.5</ele></trkpt>
     <trkpt lat="34.435019" lon="-119.750607"><ele>58.5</ele></trkpt>
     <trkpt lat="34.434504" lon="-119.749974"><ele>58.2</ele></trkpt>
     <trkpt lat="34.432754" lon="-119.748050"><ele>52.0</ele></trkpt>
     <trkpt lat="34.432222" lon="-119.747283"><ele>51.8</ele></trkpt>
     <trkpt lat="34.431217" lon="-119.745630"><ele>49.4</ele></trkpt>
     <trkpt lat="34.430212" lon="-119.743977"><ele>47.0</ele></trkpt>
     <trkpt lat="34.429362" lon="-119.742303"><ele>52.5</ele></trkpt>
     <trkpt lat="34.428643" lon="-119.740686"><ele>51.8</ele></trkpt>
     <trkpt lat="34.428382" lon="-119.740200"><ele>49.0</ele></trkpt>
     <trkpt lat="34.427014" lon="-119.738255"><ele>44.5</ele></trkpt>
     <trkpt lat="34.426739" lon="-119.737722"><ele>43.8</ele></trkpt>
     <trkpt lat="34.426579" lon="-119.737248"><ele>43.2</ele></trkpt>
     <trkpt lat="34.426466" lon="-119.736593"><ele>43.5</ele></trkpt>
     <trkpt lat="34.426434" lon="-119.735442"><ele>48.8</ele></trkpt>
     <trkpt lat="34.426338" lon="-119.735120"><ele>49.5</ele></trkpt>
     <trkpt lat="34.425971" lon="-119.734660"><ele>49.0</ele></trkpt>
     <trkpt lat="34.425785" lon="-119.734220"><ele>47.2</ele></trkpt>
     <trkpt lat="34.425289" lon="-119.732026"><ele>43.5</ele></trkpt>
     <trkpt lat="34.424794" lon="-119.729832"><ele>39.8</ele></trkpt>
     <trkpt lat="34.424629" lon="-119.727771"><ele>40.2</ele></trkpt>
     <trkpt lat="34.424819" lon="-119.725966"><ele>39.0</ele></trkpt>
     <trkpt lat="34.425008" lon="-119.724161"><ele>37.8</ele></trkpt>
     <trkpt lat="34.423816" lon="-119.722022"><ele>36.0</ele></trkpt>
     <trkpt lat="34.425178" lon="-119.720573"><ele>35.8</ele></trkpt>
     <trkpt lat="34.426540" lon="-119.719123"><ele>35.5</ele></trkpt>
     <trkpt lat="34.424838" lon="-119.716797"><ele>32.6</ele></trkpt>
     <trkpt lat="34.423136" lon="-119.714471"><ele>29.6</ele></trkpt>
     <trkpt lat="34.421434" lon="-119.712145"><ele>26.7</ele></trkpt>
     <trkpt lat="34.419731" lon="-119.709819"><ele>23.8</ele></trkpt>
     <trkpt lat="34.418029" lon="-119.707493"><ele>20.8</ele></trkpt>
     <trkpt lat="34.416327" lon="-119.705167"><ele>17.9</ele></trkpt>
     <trkpt lat="34.414625" lon="-119.702841"><ele>14.9</ele></trkpt>
     <trkpt lat="34.412923" lon="-119.700515"><ele>12.0</ele></trkpt>
     <trkpt lat="34.412721" lon="-119.700186"><ele>11.5</ele></trkpt>
     <trkpt lat="34.412638" lon="-119.699614"><ele>11.2</ele></trkpt>
     <trkpt lat="34.412529" lon="-119.699375"><ele>11.0</ele></trkpt>
     <trkpt lat="34.411923" lon="-119.698946"><ele>8.8</ele></trkpt>
     <trkpt lat="34.411366" lon="-119.698368"><ele>8.0</ele></trkpt>
     <trkpt lat="34.409713" lon="-119.696132"><ele>7.6</ele></trkpt>
     <trkpt lat="34.408060" lon="-119.693895"><ele>7.2</ele></trkpt>
     <trkpt lat="34.409373" lon="-119.692479"><ele>6.5</ele></trkpt>
     <trkpt lat="34.410686" lon="-119.691063"><ele>5.8</ele></trkpt>
     <trkpt lat="34.411199" lon="-119.690346"><ele>4.8</ele></trkpt>
     <trkpt lat="34.412589" lon="-119.688741"><ele>2.5</ele></trkpt>
     <trkpt lat="34.412184" lon="-119.689196"><ele>2.5</ele></trkpt>
     <trkpt lat="34.412077" lon="-119.689175"><ele>2.5</ele></trkpt>
     <trkpt lat="34.411957" lon="-119.689020"><ele>2.5</ele></trkpt>
     <trkpt lat="34.411981" lon="-119.688907"><ele>2.5</ele></trkpt>
     <trkpt lat="34.411937" lon="-119.688837"><ele>2.5</ele></trkpt>
     <trkpt lat="34.412038" lon="-119.688726"><ele>2.5</ele></trkpt>
     <trkpt lat="34.412208" lon="-119.688637"><ele>2.8</ele></trkpt>
     <trkpt lat="34.412485" lon="-119.688607"><ele>2.8</ele></trkpt>
     <trkpt lat="34.412748" lon="-119.688310"><ele>2.8</ele></trkpt>
     <trkpt lat="34.413028" lon="-119.687433"><ele>3.0</ele></trkpt>
     <trkpt lat="34.413814" lon="-119.685643"><ele>3.2</ele></trkpt>
     <trkpt lat="34.414331" lon="-119.683106"><ele>3.5</ele></trkpt>
     <trkpt lat="34.414382" lon="-119.682977"><ele>3.5</ele></trkpt>
     <trkpt lat="34.414721" lon="-119.682684"><ele>3.8</ele></trkpt>
     <trkpt lat="34.414794" lon="-119.682527"><ele>3.8</ele></trkpt>
     <trkpt lat="34.414915" lon="-119.681509"><ele>3.8</ele></trkpt>
     <trkpt lat="34.414945" lon="-119.680582"><ele>4.0</ele></trkpt>
     <trkpt lat="34.415072" lon="-119.679815"><ele>4.0</ele></trkpt>
     <trkpt lat="34.415062" lon="-119.679580"><ele>4.0</ele></trkpt>
     <trkpt lat="34.415526" lon="-119.677127"><ele>4.4</ele></trkpt>
     <trkpt lat="34.415989" lon="-119.674673"><ele>4.8</ele></trkpt>
     <trkpt lat="34.416453" lon="-119.672220"><ele>5.2</ele></trkpt>
     <trkpt lat="34.416540" lon="-119.672134"><ele>5.2</ele></trkpt>
     <trkpt lat="34.416885" lon="-119.672202"><ele>5.2</ele></trkpt>
     <trkpt lat="34.417437" lon="-119.669284"><ele>5.8</ele></trkpt>
     <trkpt lat="34.417514" lon="-119.668290"><ele>6.0</ele></trkpt>
     <trkpt lat="34.417594" lon="-119.667985"><ele>6.0</ele></trkpt>
     <trkpt lat="34.417577" lon="-119.667863"><ele>6.2</ele></trkpt>
     <trkpt lat="34.417695" lon="-119.667582"><ele>6.2</ele></trkpt>
     <trkpt lat="34.417412" lon="-119.667356"><ele>7.0</ele></trkpt>
     <trkpt lat="34.417385" lon="-119.667221"><ele>7.2</ele></trkpt>
     <trkpt lat="34.417410" lon="-119.666932"><ele>7.8</ele></trkpt>
     <trkpt lat="34.417496" lon="-119.666729"><ele>8.0</ele></trkpt>
     <trkpt lat="34.417571" lon="-119.666117"><ele>7.8</ele></trkpt>
     <trkpt lat="34.417856" lon="-119.664530"><ele>7.5</ele></trkpt>
     <trkpt lat="34.418208" lon="-119.663054"><ele>7.5</ele></trkpt>
     <trkpt lat="34.418310" lon="-119.662845"><ele>7.5</ele></trkpt>
     <trkpt lat="34.418539" lon="-119.662654"><ele>7.5</ele></trkpt>
     <trkpt lat="34.419408" lon="-119.662200"><ele>10.2</ele></trkpt>
     <trkpt lat="34.419962" lon="-119.661596"><ele>7.0</ele></trkpt>
     <trkpt lat="34.420078" lon="-119.661322"><ele>7.5</ele></trkpt>
     <trkpt lat="34.420112" lon="-119.661102"><ele>8.2</ele></trkpt>
     <trkpt lat="34.420313" lon="-119.658334"><ele>12.2</ele></trkpt>
     <trkpt lat="34.420387" lon="-119.657928"><ele>11.8</ele></trkpt>
     <trkpt lat="34.420551" lon="-119.657374"><ele>10.0</ele></trkpt>
     <trkpt lat="34.420859" lon="-119.656901"><ele>7.8</ele></trkpt>
     <trkpt lat="34.421152" lon="-119.656645"><ele>8.5</ele></trkpt>
     <trkpt lat="34.421105" lon="-119.656513"><ele>9.0</ele></trkpt>
     <trkpt lat="34.421230" lon="-119.656285"><ele>9.5</ele></trkpt>
     <trkpt lat="34.421300" lon="-119.656235"><ele>9.8</ele></trkpt>
     <trkpt lat="34.421533" lon="-119.656234"><ele>9.5</ele></trkpt>
     <trkpt lat="34.421641" lon="-119.656165"><ele>9.8</ele></trkpt>
     <trkpt lat="34.421796" lon="-119.656051"><ele>11.0</ele></trkpt>
     <trkpt lat="34.422015" lon="-119.655777"><ele>13.2</ele></trkpt>
     <trkpt lat="34.422910" lon="-119.653967"><ele>15.8</ele></trkpt>
     <trkpt lat="34.422862" lon="-119.653898"><ele>16.0</ele></trkpt>
     <trkpt lat="34.422822" lon="-119.653618"><ele>16.5</ele></trkpt>
     <trkpt lat="34.422517" lon="-119.653043"><ele>17.2</ele></trkpt>
     <trkpt lat="34.422505" lon="-119.652683"><ele>17.8</ele></trkpt>
     <trkpt lat="34.422342" lon="-119.652476"><ele>18.0</ele></trkpt>
     <trkpt lat="34.421876" lon="-119.651473"><ele>18.0</ele></trkpt>
     <trkpt lat="34.421668" lon="-119.650921"><ele>17.8</ele></trkpt>
     <trkpt lat="34.421534" lon="-119.650396"><ele>19.0</ele></trkpt>
     <trkpt lat="34.421470" lon="-119.649806"><ele>20.8</ele></trkpt>
     <trkpt lat="34.421498" lon="-119.647608"><ele>24.2</ele></trkpt>
     <trkpt lat="34.421421" lon="-119.647103"><ele>25.8</ele></trkpt>
     <trkpt lat="34.421174" lon="-119.646099"><ele>23.5</ele></trkpt>
     <trkpt lat="34.421036" lon="-119.643233"><ele>26.0</ele></trkpt>
     <trkpt lat="34.421123" lon="-119.642644"><ele>26.2</ele></trkpt>
     <trkpt lat="34.421441" lon="-119.641629"><ele>24.8</ele></trkpt>
     <trkpt lat="34.421512" lon="-119.641076"><ele>23.2</ele></trkpt>
     <trkpt lat="34.421537" lon="-119.640165"><ele>22.2</ele></trkpt>
     <trkpt lat="34.421504" lon="-119.639984"><ele>22.0</ele></trkpt>
     <trkpt lat="34.421421" lon="-119.639854"><ele>21.8</ele></trkpt>
     <trkpt lat="34.421423" lon="-119.639745"><ele>21.8</ele></trkpt>
     <trkpt lat="34.421511" lon="-119.639619"><ele>22.2</ele></trkpt>
     <trkpt lat="34.421669" lon="-119.639626"><ele>23.0</ele></trkpt>
     <trkpt lat="34.421864" lon="-119.639320"><ele>24.0</ele></trkpt>
     <trkpt lat="34.422285" lon="-119.637637"><ele>23.9</ele></trkpt>
     <trkpt lat="34.422706" lon="-119.635954"><ele>23.8</ele></trkpt>
     <trkpt lat="34.422888" lon="-119.634694"><ele>20.0</ele></trkpt>
     <trkpt lat="34.422998" lon="-119.632512"><ele>16.8</ele></trkpt>
     <trkpt lat="34.423060" lon="-119.632125"><ele>17.2</ele></trkpt>
     <trkpt lat="34.422991" lon="-119.631818"><ele>17.0</ele></trkpt>
     <trkpt lat="34.422858" lon="-119.631793"><ele>16.5</ele></trkpt>
     <trkpt lat="34.422731" lon="-119.631603"><ele>16.0</ele></trkpt>
     <trkpt lat="34.422739" lon="-119.631444"><ele>16.0</ele></trkpt>
     <trkpt lat="34.422810" lon="-119.631362"><ele>16.2</ele></trkpt>
     <trkpt lat="34.422830" lon="-119.631265"><ele>16.2</ele></trkpt>
     <trkpt lat="34.422791" lon="-119.631006"><ele>16.0</ele></trkpt>
     <trkpt lat="34.422594" lon="-119.630610"><ele>15.8</ele></trkpt>
     <trkpt lat="34.421787" lon="-119.628608"><ele>15.0</ele></trkpt>
     <trkpt lat="34.421461" lon="-119.627660"><ele>15.8</ele></trkpt>
     <trkpt lat="34.421220" lon="-119.626396"><ele>14.2</ele></trkpt>
     <trkpt lat="34.421133" lon="-119.625244"><ele>12.2</ele></trkpt>
     <trkpt lat="34.421061" lon="-119.623273"><ele>10.5</ele></trkpt>
     <trkpt lat="34.421092" lon="-119.622438"><ele>11.5</ele></trkpt>
     <trkpt lat="34.421305" lon="-119.619933"><ele>15.2</ele></trkpt>
     <trkpt lat="34.421726" lon="-119.616764"><ele>17.2</ele></trkpt>
     <trkpt lat="34.422325" lon="-119.614532"><ele>24.8</ele></trkpt>
     <trkpt lat="34.422384" lon="-119.614139"><ele>25.5</ele></trkpt>
     <trkpt lat="34.422356" lon="-119.613889"><ele>26.5</ele></trkpt>
     <trkpt lat="34.422089" lon="-119.612889"><ele>29.5</ele></trkpt>
     <trkpt lat="34.422104" lon="-119.612722"><ele>30.2</ele></trkpt>
     <trkpt lat="34.422223" lon="-119.612512"><ele>31.8</ele></trkpt>
     <trkpt lat="34.422168" lon="-119.612149"><ele>37.2</ele></trkpt>
     <trkpt lat="34.422208" lon="-119.612018"><ele>39.8</ele></trkpt>
     <trkpt lat="34.421828" lon="-119.611605"><ele>41.5</ele></trkpt>
     <trkpt lat="34.421669" lon="-119.611152"><ele>44.5</ele></trkpt>
     <trkpt lat="34.421065" lon="-119.608047"><ele>47.2</ele></trkpt>
     <trkpt lat="34.420952" lon="-119.606963"><ele>45.5</ele></trkpt>
     <trkpt lat="34.420985" lon="-119.605793"><ele>39.2</ele></trkpt>
     <trkpt lat="34.421243" lon="-119.604214"><ele>32.5</ele></trkpt>
     <trkpt lat="34.421324" lon="-119.604006"><ele>33.0</ele></trkpt>
     <trkpt lat="34.421603" lon="-119.603716"><ele>36.0</ele></trkpt>
     <trkpt lat="34.421483" lon="-119.603176"><ele>33.0</ele></trkpt>
     <trkpt lat="34.421451" lon="-119.602687"><ele>32.0</ele></trkpt>
     <trkpt lat="34.421650" lon="-119.601695"><ele>30.8</ele></trkpt>
     <trkpt lat="34.421709" lon="-119.601149"><ele>29.2</ele></trkpt>
     <trkpt lat="34.421710" lon="-119.600544"><ele>28.2</ele></trkpt>
     <trkpt lat="34.421672" lon="-119.600157"><ele>28.0</ele></trkpt>
     <trkpt lat="34.421594" lon="-119.599715"><ele>28.5</ele></trkpt>
     <trkpt lat="34.421438" lon="-119.599168"><ele>28.8</ele></trkpt>
     <trkpt lat="34.420661" lon="-119.597226"><ele>25.1</ele></trkpt>
     <trkpt lat="34.419884" lon="-119.595284"><ele>21.5</ele></trkpt>
     <trkpt lat="34.419469" lon="-119.593286"><ele>21.8</ele></trkpt>
     <trkpt lat="34.419053" lon="-119.591287"><ele>22.0</ele></trkpt>
     <trkpt lat="34.418830" lon="-119.590682"><ele>24.5</ele></trkpt>
     <trkpt lat="34.417872" lon="-119.588458"><ele>25.0</ele></trkpt>
     <trkpt lat="34.417622" lon="-119.587676"><ele>27.2</ele></trkpt>
     <trkpt lat="34.417446" lon="-119.586831"><ele>31.0</ele></trkpt>
     <trkpt lat="34.417365" lon="-119.585820"><ele>28.8</ele></trkpt>
     <trkpt lat="34.417412" lon="-119.584814"><ele>34.0</ele></trkpt>
     <trkpt lat="34.417638" lon="-119.583247"><ele>39.2</ele></trkpt>
     <trkpt lat="34.417589" lon="-119.582643"><ele>36.5</ele></trkpt>
     <trkpt lat="34.417401" lon="-119.582037"><ele>35.5</ele></trkpt>
     <trkpt lat="34.416833" lon="-119.580843"><ele>30.0</ele></trkpt>
     <trkpt lat="34.416585" lon="-119.580188"><ele>27.8</ele></trkpt>
     <trkpt lat="34.416117" lon="-119.578674"><ele>24.8</ele></trkpt>
     <trkpt lat="34.415904" lon="-119.577584"><ele>24.2</ele></trkpt>
     <trkpt lat="34.415837" lon="-119.576603"><ele>25.8</ele></trkpt>
     <trkpt lat="34.415848" lon="-119.576185"><ele>24.2</ele></trkpt>
     <trkpt lat="34.415933" lon="-119.575730"><ele>22.5</ele></trkpt>
     <trkpt lat="34.416138" lon="-119.574992"><ele>20.5</ele></trkpt>
     <trkpt lat="34.416266" lon="-119.574024"><ele>21.8</ele></trkpt>
     <trkpt lat="34.416447" lon="-119.573213"><ele>20.8</ele></trkpt>
     <trkpt lat="34.416651" lon="-119.571774"><ele>19.8</ele></trkpt>
     <trkpt lat="34.416653" lon="-119.571465"><ele>20.2</ele></trkpt>
     <trkpt lat="34.416556" lon="-119.570740"><ele>21.2</ele></trkpt>
     <trkpt lat="34.416544" lon="-119.570318"><ele>21.5</ele></trkpt>
     <trkpt lat="34.416945" lon="-119.567460"><ele>20.2</ele></trkpt>
     <trkpt lat="34.417002" lon="-119.566718"><ele>17.2</ele></trkpt>
     <trkpt lat="34.416976" lon="-119.565801"><ele>12.8</ele></trkpt>
     <trkpt lat="34.416702" lon="-119.563130"><ele>12.1</ele></trkpt>
     <trkpt lat="34.416429" lon="-119.560458"><ele>11.5</ele></trkpt>
     <trkpt lat="34.416303" lon="-119.559970"><ele>10.2</ele></trkpt>
     <trkpt lat="34.416103" lon="-119.559455"><ele>9.0</ele></trkpt>
     <trkpt lat="34.415703" lon="-119.558686"><ele>7.0</ele></trkpt>
     <trkpt lat="34.415480" lon="-119.558367"><ele>6.0</ele></trkpt>
     <trkpt lat="34.414922" lon="-119.557787"><ele>4.2</ele></trkpt>
     <trkpt lat="34.413863" lon="-119.556561"><ele>4.0</ele></trkpt>
     <trkpt lat="34.413217" lon="-119.555733"><ele>4.8</ele></trkpt>
     <trkpt lat="34.412911" lon="-119.555220"><ele>4.5</ele></trkpt>
     <trkpt lat="34.411590" lon="-119.552578"><ele>8.0</ele></trkpt>
     <trkpt lat="34.411350" lon="-119.552207"><ele>8.2</ele></trkpt>
     <trkpt lat="34.410339" lon="-119.551077"><ele>6.0</ele></trkpt>
     <trkpt lat="34.408610" lon="-119.549346"><ele>6.2</ele></trkpt>
     <trkpt lat="34.408324" lon="-119.549006"><ele>6.8</ele></trkpt>
     <trkpt lat="34.407180" lon="-119.547407"><ele>5.8</ele></trkpt>
     <trkpt lat="34.406752" lon="-119.546535"><ele>5.0</ele></trkpt>
     <trkpt lat="34.406475" lon="-119.545661"><ele>5.2</ele></trkpt>
     <trkpt lat="34.406370" lon="-119.545209"><ele>6.2</ele></trkpt>
     <trkpt lat="34.406223" lon="-119.544265"><ele>5.0</ele></trkpt>
     <trkpt lat="34.406169" lon="-119.541252"><ele>4.5</ele></trkpt>
     <trkpt lat="34.406107" lon="-119.539810"><ele>4.2</ele></trkpt>
     <trkpt lat="34.405584" lon="-119.537051"><ele>5.0</ele></trkpt>
     <trkpt lat="34.405061" lon="-119.534291"><ele>5.8</ele></trkpt>
     <trkpt lat="34.404538" lon="-119.531532"><ele>6.5</ele></trkpt>
     <trkpt lat="34.404526" lon="-119.531226"><ele>6.5</ele></trkpt>
     <trkpt lat="34.404747" lon="-119.529946"><ele>8.8</ele></trkpt>
     <trkpt lat="34.404790" lon="-119.529294"><ele>11.2</ele></trkpt>
     <trkpt lat="34.404448" lon="-119.526623"><ele>7.8</ele></trkpt>
     <trkpt lat="34.403448" lon="-119.526608"><ele>8.5</ele></trkpt>
     <trkpt lat="34.401784" lon="-119.526465"><ele>4.5</ele></trkpt>
     <trkpt lat="34.400278" lon="-119.524641"><ele>5.1</ele></trkpt>
     <trkpt lat="34.398772" lon="-119.522817"><ele>5.8</ele></trkpt>
     <trkpt lat="34.396997" lon="-119.520750"><ele>7.5</ele></trkpt>
     <trkpt lat="34.396395" lon="-119.521477"><ele>7.0</ele></trkpt>
     <trkpt lat="34.395256" lon="-119.520110"><ele>7.1</ele></trkpt>
     <trkpt lat="34.394117" lon="-119.518742"><ele>7.2</ele></trkpt>
     <trkpt lat="34.393032" lon="-119.520080"><ele>4.0</ele></trkpt>
     <trkpt lat="34.392750" lon="-119.520601"><ele>5.5</ele></trkpt>
     <trkpt lat="34.392619" lon="-119.520668"><ele>6.0</ele></trkpt>
     <trkpt lat="34.392452" lon="-119.520888"><ele>6.8</ele></trkpt>
     <trkpt lat="34.392446" lon="-119.521098"><ele>6.2</ele></trkpt>
     <trkpt lat="34.392632" lon="-119.521456"><ele>5.2</ele></trkpt>
     <trkpt lat="34.392444" lon="-119.521595"><ele>5.0</ele></trkpt>
     <trkpt lat="34.392365" lon="-119.521582"><ele>5.0</ele></trkpt>
     <trkpt lat="34.392135" lon="-119.521212"><ele>5.8</ele></trkpt>
     <trkpt lat="34.391940" lon="-119.521067"><ele>5.8</ele></trkpt>
     <trkpt lat="34.391885" lon="-119.521164"><ele>5.8</ele></trkpt>
     <trkpt lat="34.391861" lon="-119.521144"><ele>5.8</ele></trkpt>
     <trkpt lat="34.391811" lon="-119.521197"><ele>5.5</ele></trkpt>
     <trkpt lat="34.391682" lon="-119.521100"><ele>5.5</ele></trkpt>
     <trkpt lat="34.391811" lon="-119.521197"><ele>5.5</ele></trkpt>
     <trkpt lat="34.391861" lon="-119.521144"><ele>5.8</ele></trkpt>
     <trkpt lat="34.391885" lon="-119.521164"><ele>5.8</ele></trkpt>
     <trkpt lat="34.391940" lon="-119.521067"><ele>5.8</ele></trkpt>
     <trkpt lat="34.392135" lon="-119.521212"><ele>5.8</ele></trkpt>
     <trkpt lat="34.392560" lon="-119.520649"><ele>6.0</ele></trkpt>
     <trkpt lat="34.392635" lon="-119.520458"><ele>5.2</ele></trkpt>
     <trkpt lat="34.392769" lon="-119.520383"><ele>5.0</ele></trkpt>
     <trkpt lat="34.393032" lon="-119.520080"><ele>4.0</ele></trkpt>
     <trkpt lat="34.394824" lon="-119.517858"><ele>8.0</ele></trkpt>
     <trkpt lat="34.396616" lon="-119.515637"><ele>12.0</ele></trkpt>
     <trkpt lat="34.395328" lon="-119.514107"><ele>13.2</ele></trkpt>
     <trkpt lat="34.394040" lon="-119.512578"><ele>14.3</ele></trkpt>
     <trkpt lat="34.392752" lon="-119.511048"><ele>15.5</ele></trkpt>
     <trkpt lat="34.392287" lon="-119.510355"><ele>16.0</ele></trkpt>
     <trkpt lat="34.392003" lon="-119.509724"><ele>16.5</ele></trkpt>
     <trkpt lat="34.391425" lon="-119.508079"><ele>18.0</ele></trkpt>
     <trkpt lat="34.390456" lon="-119.506052"><ele>19.8</ele></trkpt>
     <trkpt lat="34.390321" lon="-119.505636"><ele>19.8</ele></trkpt>
     <trkpt lat="34.390206" lon="-119.505019"><ele>20.0</ele></trkpt>
     <trkpt lat="34.389875" lon="-119.503804"><ele>20.5</ele></trkpt>
     <trkpt lat="34.389314" lon="-119.502049"><ele>23.0</ele></trkpt>
     <trkpt lat="34.389085" lon="-119.501449"><ele>23.2</ele></trkpt>
     <trkpt lat="34.388682" lon="-119.500674"><ele>24.8</ele></trkpt>
     <trkpt lat="34.387624" lon="-119.499133"><ele>30.8</ele></trkpt>
     <trkpt lat="34.387348" lon="-119.498584"><ele>32.5</ele></trkpt>
     <trkpt lat="34.387222" lon="-119.498141"><ele>33.2</ele></trkpt>
     <trkpt lat="34.387174" lon="-119.497773"><ele>33.8</ele></trkpt>
     <trkpt lat="34.387167" lon="-119.497230"><ele>34.2</ele></trkpt>
     <trkpt lat="34.387218" lon="-119.496323"><ele>36.0</ele></trkpt>
     <trkpt lat="34.387161" lon="-119.495532"><ele>38.2</ele></trkpt>
     <trkpt lat="34.386975" lon="-119.494812"><ele>39.8</ele></trkpt>
     <trkpt lat="34.386164" lon="-119.492214"><ele>46.8</ele></trkpt>
     <trkpt lat="34.385627" lon="-119.490529"><ele>50.0</ele></trkpt>
     <trkpt lat="34.385089" lon="-119.488844"><ele>53.2</ele></trkpt>
     <trkpt lat="34.384457" lon="-119.487257"><ele>54.5</ele></trkpt>
     <trkpt lat="34.384258" lon="-119.486878"><ele>54.2</ele></trkpt>
     <trkpt lat="34.383980" lon="-119.486513"><ele>53.5</ele></trkpt>
     <trkpt lat="34.383386" lon="-119.486030"><ele>53.5</ele></trkpt>
     <trkpt lat="34.383186" lon="-119.485776"><ele>53.8</ele></trkpt>
     <trkpt lat="34.383436" lon="-119.485283"><ele>53.2</ele></trkpt>
     <trkpt lat="34.382760" lon="-119.484017"><ele>54.5</ele></trkpt>
     <trkpt lat="34.382307" lon="-119.483419"><ele>50.8</ele></trkpt>
     <trkpt lat="34.381995" lon="-119.483139"><ele>52.0</ele></trkpt>
     <trkpt lat="34.380957" lon="-119.482470"><ele>42.2</ele></trkpt>
     <trkpt lat="34.380436" lon="-119.482076"><ele>38.8</ele></trkpt>
     <trkpt lat="34.378657" lon="-119.481003"><ele>28.5</ele></trkpt>
     <trkpt lat="34.378342" lon="-119.480786"><ele>28.8</ele></trkpt>
     <trkpt lat="34.377760" lon="-119.480282"><ele>26.0</ele></trkpt>
     <trkpt lat="34.377536" lon="-119.480165"><ele>26.2</ele></trkpt>
     <trkpt lat="34.375981" lon="-119.478433"><ele>18.8</ele></trkpt>
     <trkpt lat="34.375784" lon="-119.478062"><ele>17.2</ele></trkpt>
     <trkpt lat="34.375666" lon="-119.477737"><ele>15.0</ele></trkpt>
     <trkpt lat="34.375598" lon="-119.477341"><ele>13.5</ele></trkpt>
     <trkpt lat="34.375422" lon="-119.477292"><ele>12.8</ele></trkpt>
     <trkpt lat="34.375137" lon="-119.476817"><ele>11.5</ele></trkpt>
     <trkpt lat="34.375101" lon="-119.476645"><ele>11.2</ele></trkpt>
     <trkpt lat="34.375221" lon="-119.476243"><ele>11.8</ele></trkpt>
     <trkpt lat="34.375296" lon="-119.475395"><ele>10.8</ele></trkpt>
     <trkpt lat="34.375399" lon="-119.475320"><ele>11.2</ele></trkpt>
     <trkpt lat="34.375516" lon="-119.475321"><ele>12.2</ele></trkpt>
     <trkpt lat="34.375615" lon="-119.474183"><ele>10.8</ele></trkpt>
     <trkpt lat="34.376101" lon="-119.471782"><ele>10.0</ele></trkpt>
     <trkpt lat="34.376208" lon="-119.470534"><ele>9.8</ele></trkpt>
     <trkpt lat="34.376185" lon="-119.469473"><ele>9.5</ele></trkpt>
     <trkpt lat="34.376091" lon="-119.468604"><ele>9.2</ele></trkpt>
     <trkpt lat="34.375929" lon="-119.467745"><ele>9.0</ele></trkpt>
     <trkpt lat="34.375256" lon="-119.464895"><ele>8.2</ele></trkpt>
     <trkpt lat="34.374583" lon="-119.462046"><ele>7.5</ele></trkpt>
     <trkpt lat="34.374292" lon="-119.461101"><ele>7.0</ele></trkpt>
     <trkpt lat="34.373944" lon="-119.460257"><ele>6.8</ele></trkpt>
     <trkpt lat="34.373583" lon="-119.459545"><ele>6.5</ele></trkpt>
     <trkpt lat="34.372786" lon="-119.458255"><ele>6.2</ele></trkpt>
     <trkpt lat="34.372137" lon="-119.457375"><ele>5.8</ele></trkpt>
     <trkpt lat="34.371006" lon="-119.456106"><ele>5.4</ele></trkpt>
     <trkpt lat="34.369874" lon="-119.454836"><ele>5.0</ele></trkpt>
     <trkpt lat="34.368408" lon="-119.453427"><ele>4.2</ele></trkpt>
     <trkpt lat="34.366434" lon="-119.451867"><ele>3.8</ele></trkpt>
     <trkpt lat="34.365106" lon="-119.450717"><ele>4.2</ele></trkpt>
     <trkpt lat="34.364844" lon="-119.450543"><ele>4.8</ele></trkpt>
     <trkpt lat="34.364300" lon="-119.450034"><ele>6.0</ele></trkpt>
     <trkpt lat="34.364632" lon="-119.449445"><ele>7.2</ele></trkpt>
     <trkpt lat="34.365052" lon="-119.449822"><ele>7.2</ele></trkpt>
     <trkpt lat="34.365124" lon="-119.449701"><ele>8.2</ele></trkpt>
     <trkpt lat="34.363635" lon="-119.448354"><ele>8.2</ele></trkpt>
     <trkpt lat="34.364024" lon="-119.447722"><ele>21.8</ele></trkpt>
     <trkpt lat="34.363635" lon="-119.448354"><ele>8.2</ele></trkpt>
     <trkpt lat="34.365124" lon="-119.449701"><ele>8.2</ele></trkpt>
     <trkpt lat="34.365052" lon="-119.449822"><ele>7.2</ele></trkpt>
     <trkpt lat="34.364632" lon="-119.449445"><ele>6.2</ele></trkpt>
     <trkpt lat="34.364300" lon="-119.450034"><ele>5.0</ele></trkpt>
     <trkpt lat="34.364844" lon="-119.450543"><ele>3.8</ele></trkpt>
     <trkpt lat="34.365106" lon="-119.450717"><ele>3.5</ele></trkpt>
     <trkpt lat="34.363290" lon="-119.449027"><ele>3.7</ele></trkpt>
     <trkpt lat="34.361474" lon="-119.447336"><ele>3.9</ele></trkpt>
     <trkpt lat="34.359657" lon="-119.445645"><ele>4.1</ele></trkpt>
     <trkpt lat="34.357841" lon="-119.443955"><ele>4.2</ele></trkpt>
     <trkpt lat="34.357528" lon="-119.443635"><ele>5.8</ele></trkpt>
     <trkpt lat="34.357036" lon="-119.443001"><ele>7.0</ele></trkpt>
     <trkpt lat="34.356652" lon="-119.442355"><ele>8.2</ele></trkpt>
     <trkpt lat="34.356496" lon="-119.442018"><ele>8.5</ele></trkpt>
     <trkpt lat="34.356206" lon="-119.441197"><ele>10.0</ele></trkpt>
     <trkpt lat="34.355997" lon="-119.440864"><ele>10.2</ele></trkpt>
     <trkpt lat="34.356007" lon="-119.440466"><ele>9.8</ele></trkpt>
     <trkpt lat="34.356067" lon="-119.440162"><ele>9.5</ele></trkpt>
     <trkpt lat="34.356053" lon="-119.439496"><ele>8.2</ele></trkpt>
     <trkpt lat="34.356126" lon="-119.437299"><ele>6.5</ele></trkpt>
     <trkpt lat="34.356096" lon="-119.436512"><ele>6.0</ele></trkpt>
     <trkpt lat="34.355805" lon="-119.434079"><ele>5.0</ele></trkpt>
     <trkpt lat="34.355524" lon="-119.432797"><ele>3.5</ele></trkpt>
     <trkpt lat="34.355293" lon="-119.432027"><ele>4.0</ele></trkpt>
     <trkpt lat="34.354991" lon="-119.431197"><ele>4.8</ele></trkpt>
     <trkpt lat="34.354534" lon="-119.430177"><ele>5.8</ele></trkpt>
     <trkpt lat="34.354078" lon="-119.429343"><ele>6.5</ele></trkpt>
     <trkpt lat="34.353669" lon="-119.428707"><ele>7.2</ele></trkpt>
     <trkpt lat="34.353107" lon="-119.428021"><ele>8.0</ele></trkpt>
     <trkpt lat="34.352686" lon="-119.427577"><ele>8.5</ele></trkpt>
     <trkpt lat="34.352150" lon="-119.427143"><ele>9.2</ele></trkpt>
     <trkpt lat="34.351904" lon="-119.426859"><ele>9.5</ele></trkpt>
     <trkpt lat="34.350977" lon="-119.426111"><ele>10.8</ele></trkpt>
     <trkpt lat="34.351464" lon="-119.425168"><ele>11.5</ele></trkpt>
     <trkpt lat="34.349620" lon="-119.423277"><ele>10.7</ele></trkpt>
     <trkpt lat="34.347775" lon="-119.421386"><ele>9.9</ele></trkpt>
     <trkpt lat="34.345931" lon="-119.419495"><ele>9.1</ele></trkpt>
     <trkpt lat="34.344086" lon="-119.417605"><ele>8.3</ele></trkpt>
     <trkpt lat="34.342242" lon="-119.415714"><ele>7.5</ele></trkpt>
     <trkpt lat="34.340397" lon="-119.413823"><ele>6.8</ele></trkpt>
     <trkpt lat="34.338583" lon="-119.411786"><ele>7.5</ele></trkpt>
     <trkpt lat="34.337588" lon="-119.410434"><ele>5.2</ele></trkpt>
     <trkpt lat="34.336681" lon="-119.408934"><ele>4.2</ele></trkpt>
     <trkpt lat="34.335138" lon="-119.406495"><ele>5.9</ele></trkpt>
     <trkpt lat="34.333594" lon="-119.404055"><ele>7.6</ele></trkpt>
     <trkpt lat="34.332051" lon="-119.401616"><ele>9.2</ele></trkpt>
     <trkpt lat="34.331757" lon="-119.401196"><ele>8.8</ele></trkpt>
     <trkpt lat="34.331238" lon="-119.400583"><ele>8.0</ele></trkpt>
     <trkpt lat="34.330412" lon="-119.399842"><ele>9.0</ele></trkpt>
     <trkpt lat="34.328641" lon="-119.398392"><ele>7.5</ele></trkpt>
     <trkpt lat="34.326869" lon="-119.396942"><ele>6.0</ele></trkpt>
     <trkpt lat="34.324628" lon="-119.395206"><ele>6.6</ele></trkpt>
     <trkpt lat="34.322386" lon="-119.393470"><ele>7.2</ele></trkpt>
     <trkpt lat="34.320145" lon="-119.391734"><ele>7.8</ele></trkpt>
     <trkpt lat="34.319707" lon="-119.391302"><ele>8.0</ele></trkpt>
     <trkpt lat="34.319303" lon="-119.390784"><ele>8.5</ele></trkpt>
     <trkpt lat="34.318976" lon="-119.390189"><ele>9.0</ele></trkpt>
     <trkpt lat="34.318719" lon="-119.389419"><ele>9.8</ele></trkpt>
     <trkpt lat="34.318600" lon="-119.388686"><ele>10.0</ele></trkpt>
     <trkpt lat="34.318606" lon="-119.387724"><ele>7.5</ele></trkpt>
     <trkpt lat="34.318877" lon="-119.386372"><ele>5.8</ele></trkpt>
     <trkpt lat="34.319617" lon="-119.383608"><ele>6.7</ele></trkpt>
     <trkpt lat="34.320357" lon="-119.380844"><ele>7.6</ele></trkpt>
     <trkpt lat="34.321097" lon="-119.378080"><ele>8.5</ele></trkpt>
     <trkpt lat="34.321246" lon="-119.377273"><ele>6.8</ele></trkpt>
     <trkpt lat="34.321356" lon="-119.376267"><ele>6.0</ele></trkpt>
     <trkpt lat="34.321374" lon="-119.375733"><ele>5.8</ele></trkpt>
     <trkpt lat="34.321339" lon="-119.374697"><ele>5.2</ele></trkpt>
     <trkpt lat="34.321223" lon="-119.373761"><ele>4.8</ele></trkpt>
     <trkpt lat="34.321089" lon="-119.373061"><ele>4.2</ele></trkpt>
     <trkpt lat="34.320786" lon="-119.372025"><ele>3.0</ele></trkpt>
     <trkpt lat="34.320234" lon="-119.370731"><ele>2.2</ele></trkpt>
     <trkpt lat="34.318869" lon="-119.368383"><ele>3.5</ele></trkpt>
     <trkpt lat="34.317503" lon="-119.366035"><ele>4.8</ele></trkpt>
     <trkpt lat="34.317036" lon="-119.365286"><ele>5.0</ele></trkpt>
     <trkpt lat="34.316341" lon="-119.364280"><ele>8.0</ele></trkpt>
     <trkpt lat="34.314819" lon="-119.362269"><ele>8.1</ele></trkpt>
     <trkpt lat="34.313296" lon="-119.360257"><ele>8.1</ele></trkpt>
     <trkpt lat="34.311774" lon="-119.358246"><ele>8.2</ele></trkpt>
     <trkpt lat="34.310251" lon="-119.356235"><ele>8.2</ele></trkpt>
     <trkpt lat="34.309295" lon="-119.354935"><ele>7.9</ele></trkpt>
     <trkpt lat="34.308338" lon="-119.353636"><ele>7.5</ele></trkpt>
     <trkpt lat="34.307024" lon="-119.352031"><ele>7.9</ele></trkpt>
     <trkpt lat="34.305711" lon="-119.350426"><ele>8.3</ele></trkpt>
     <trkpt lat="34.304397" lon="-119.348821"><ele>8.8</ele></trkpt>
     <trkpt lat="34.303107" lon="-119.347442"><ele>8.5</ele></trkpt>
     <trkpt lat="34.301451" lon="-119.345874"><ele>5.8</ele></trkpt>
     <trkpt lat="34.299756" lon="-119.344499"><ele>4.8</ele></trkpt>
     <trkpt lat="34.298060" lon="-119.343125"><ele>3.9</ele></trkpt>
     <trkpt lat="34.296365" lon="-119.341750"><ele>3.0</ele></trkpt>
     <trkpt lat="34.295583" lon="-119.341153"><ele>2.5</ele></trkpt>
     <trkpt lat="34.295484" lon="-119.341207"><ele>2.5</ele></trkpt>
     <trkpt lat="34.295344" lon="-119.341176"><ele>2.2</ele></trkpt>
     <trkpt lat="34.293730" lon="-119.340336"><ele>3.2</ele></trkpt>
     <trkpt lat="34.293406" lon="-119.340089"><ele>4.2</ele></trkpt>
     <trkpt lat="34.293214" lon="-119.339845"><ele>4.8</ele></trkpt>
     <trkpt lat="34.293003" lon="-119.339283"><ele>6.0</ele></trkpt>
     <trkpt lat="34.292727" lon="-119.338851"><ele>7.0</ele></trkpt>
     <trkpt lat="34.291270" lon="-119.337601"><ele>7.0</ele></trkpt>
     <trkpt lat="34.290831" lon="-119.337136"><ele>7.0</ele></trkpt>
     <trkpt lat="34.290066" lon="-119.336061"><ele>7.0</ele></trkpt>
     <trkpt lat="34.289454" lon="-119.335010"><ele>7.5</ele></trkpt>
     <trkpt lat="34.288733" lon="-119.333468"><ele>7.5</ele></trkpt>
     <trkpt lat="34.287931" lon="-119.331445"><ele>7.5</ele></trkpt>
     <trkpt lat="34.287129" lon="-119.329421"><ele>7.5</ele></trkpt>
     <trkpt lat="34.286258" lon="-119.327393"><ele>7.5</ele></trkpt>
     <trkpt lat="34.285993" lon="-119.326554"><ele>6.2</ele></trkpt>
     <trkpt lat="34.285620" lon="-119.325555"><ele>6.5</ele></trkpt>
     <trkpt lat="34.284969" lon="-119.323937"><ele>6.8</ele></trkpt>
     <trkpt lat="34.284317" lon="-119.322318"><ele>7.0</ele></trkpt>
     <trkpt lat="34.284969" lon="-119.323937"><ele>6.8</ele></trkpt>
     <trkpt lat="34.285620" lon="-119.325555"><ele>6.5</ele></trkpt>
     <trkpt lat="34.285993" lon="-119.326554"><ele>6.2</ele></trkpt>
     <trkpt lat="34.286258" lon="-119.327393"><ele>7.5</ele></trkpt>
     <trkpt lat="34.287129" lon="-119.329421"><ele>7.5</ele></trkpt>
     <trkpt lat="34.287931" lon="-119.331445"><ele>7.5</ele></trkpt>
     <trkpt lat="34.288733" lon="-119.333468"><ele>7.5</ele></trkpt>
     <trkpt lat="34.289454" lon="-119.335010"><ele>7.5</ele></trkpt>
     <trkpt lat="34.289853" lon="-119.335722"><ele>7.0</ele></trkpt>
     <trkpt lat="34.290515" lon="-119.336716"><ele>7.0</ele></trkpt>
     <trkpt lat="34.291026" lon="-119.337350"><ele>7.0</ele></trkpt>
     <trkpt lat="34.291270" lon="-119.337601"><ele>7.0</ele></trkpt>
     <trkpt lat="34.292727" lon="-119.338851"><ele>7.0</ele></trkpt>
     <trkpt lat="34.293003" lon="-119.339283"><ele>6.0</ele></trkpt>
     <trkpt lat="34.293214" lon="-119.339845"><ele>4.8</ele></trkpt>
     <trkpt lat="34.293406" lon="-119.340089"><ele>4.2</ele></trkpt>
     <trkpt lat="34.293730" lon="-119.340336"><ele>3.5</ele></trkpt>
     <trkpt lat="34.295344" lon="-119.341176"><ele>2.5</ele></trkpt>
     <trkpt lat="34.295484" lon="-119.341207"><ele>2.8</ele></trkpt>
     <trkpt lat="34.295583" lon="-119.341153"><ele>2.8</ele></trkpt>
     <trkpt lat="34.295228" lon="-119.340908"><ele>2.8</ele></trkpt>
     <trkpt lat="34.294301" lon="-119.340396"><ele>3.5</ele></trkpt>
     <trkpt lat="34.293477" lon="-119.339718"><ele>6.0</ele></trkpt>
     <trkpt lat="34.293037" lon="-119.339169"><ele>8.2</ele></trkpt>
     <trkpt lat="34.292328" lon="-119.338006"><ele>12.2</ele></trkpt>
     <trkpt lat="34.291176" lon="-119.336770"><ele>14.0</ele></trkpt>
     <trkpt lat="34.290321" lon="-119.335630"><ele>13.8</ele></trkpt>
     <trkpt lat="34.290283" lon="-119.335661"><ele>12.8</ele></trkpt>
     <trkpt lat="34.290080" lon="-119.335312"><ele>12.0</ele></trkpt>
     <trkpt lat="34.289889" lon="-119.335108"><ele>11.0</ele></trkpt>
     <trkpt lat="34.289333" lon="-119.333978"><ele>9.8</ele></trkpt>
     <trkpt lat="34.288338" lon="-119.331532"><ele>11.0</ele></trkpt>
     <trkpt lat="34.288232" lon="-119.331121"><ele>13.2</ele></trkpt>
     <trkpt lat="34.287780" lon="-119.329893"><ele>14.8</ele></trkpt>
     <trkpt lat="34.287162" lon="-119.328369"><ele>18.8</ele></trkpt>
     <trkpt lat="34.286690" lon="-119.327372"><ele>15.5</ele></trkpt>
     <trkpt lat="34.285893" lon="-119.325383"><ele>15.2</ele></trkpt>
     <trkpt lat="34.285097" lon="-119.323395"><ele>15.0</ele></trkpt>
     <trkpt lat="34.284300" lon="-119.321406"><ele>14.8</ele></trkpt>
     <trkpt lat="34.283471" lon="-119.319874"><ele>9.0</ele></trkpt>
     <trkpt lat="34.283308" lon="-119.319435"><ele>8.0</ele></trkpt>
     <trkpt lat="34.283044" lon="-119.319124"><ele>6.5</ele></trkpt>
     <trkpt lat="34.282082" lon="-119.317737"><ele>6.2</ele></trkpt>
     <trkpt lat="34.281920" lon="-119.316780"><ele>6.0</ele></trkpt>
     <trkpt lat="34.281923" lon="-119.316616"><ele>6.2</ele></trkpt>
     <trkpt lat="34.282102" lon="-119.316406"><ele>7.0</ele></trkpt>
     <trkpt lat="34.282178" lon="-119.316211"><ele>7.2</ele></trkpt>
     <trkpt lat="34.282334" lon="-119.315052"><ele>9.5</ele></trkpt>
     <trkpt lat="34.282317" lon="-119.314814"><ele>9.5</ele></trkpt>
     <trkpt lat="34.282151" lon="-119.314379"><ele>8.8</ele></trkpt>
     <trkpt lat="34.282147" lon="-119.314261"><ele>8.8</ele></trkpt>
     <trkpt lat="34.282190" lon="-119.314137"><ele>8.8</ele></trkpt>
     <trkpt lat="34.282270" lon="-119.314054"><ele>9.0</ele></trkpt>
     <trkpt lat="34.282457" lon="-119.314002"><ele>9.8</ele></trkpt>
     <trkpt lat="34.282537" lon="-119.313817"><ele>9.8</ele></trkpt>
     <trkpt lat="34.282247" lon="-119.311381"><ele>9.2</ele></trkpt>
     <trkpt lat="34.281956" lon="-119.308946"><ele>8.8</ele></trkpt>
     <trkpt lat="34.281666" lon="-119.306510"><ele>8.2</ele></trkpt>
     <trkpt lat="34.281616" lon="-119.306352"><ele>8.8</ele></trkpt>
     <trkpt lat="34.281713" lon="-119.306341"><ele>8.8</ele></trkpt>
     <trkpt lat="34.281555" lon="-119.305239"><ele>10.8</ele></trkpt>
     <trkpt lat="34.281579" lon="-119.305095"><ele>11.0</ele></trkpt>
     <trkpt lat="34.281471" lon="-119.304158"><ele>8.0</ele></trkpt>
     <trkpt lat="34.281415" lon="-119.304102"><ele>8.0</ele></trkpt>
     <trkpt lat="34.281397" lon="-119.303953"><ele>8.0</ele></trkpt>
     <trkpt lat="34.281431" lon="-119.303852"><ele>8.2</ele></trkpt>
     <trkpt lat="34.279550" lon="-119.303832"><ele>8.9</ele></trkpt>
     <trkpt lat="34.277669" lon="-119.303812"><ele>9.5</ele></trkpt>
     <trkpt lat="34.277587" lon="-119.303779"><ele>9.5</ele></trkpt>
     <trkpt lat="34.277361" lon="-119.303502"><ele>8.0</ele></trkpt>
     <trkpt lat="34.277065" lon="-119.303770"><ele>7.8</ele></trkpt>
     <trkpt lat="34.276920" lon="-119.303795"><ele>7.2</ele></trkpt>
     <trkpt lat="34.276930" lon="-119.300854"><ele>5.8</ele></trkpt>
     <trkpt lat="34.276865" lon="-119.300756"><ele>5.8</ele></trkpt>
     <trkpt lat="34.276876" lon="-119.297815"><ele>7.5</ele></trkpt>
     <trkpt lat="34.276948" lon="-119.297820"><ele>7.8</ele></trkpt>
     <trkpt lat="34.276958" lon="-119.298034"><ele>8.0</ele></trkpt>
     <trkpt lat="34.276926" lon="-119.299871"><ele>6.2</ele></trkpt>
     <trkpt lat="34.276958" lon="-119.298034"><ele>8.0</ele></trkpt>
     <trkpt lat="34.276948" lon="-119.297820"><ele>7.8</ele></trkpt>
     <trkpt lat="34.276876" lon="-119.297815"><ele>7.5</ele></trkpt>
     <trkpt lat="34.276874" lon="-119.295173"><ele>8.4</ele></trkpt>
     <trkpt lat="34.276872" lon="-119.292530"><ele>9.2</ele></trkpt>
     <trkpt lat="34.276659" lon="-119.292089"><ele>8.8</ele></trkpt>
     <trkpt lat="34.276600" lon="-119.291887"><ele>8.5</ele></trkpt>
     <trkpt lat="34.276489" lon="-119.291150"><ele>9.2</ele></trkpt>
     <trkpt lat="34.276354" lon="-119.290563"><ele>10.0</ele></trkpt>
     <trkpt lat="34.275805" lon="-119.289047"><ele>7.0</ele></trkpt>
     <trkpt lat="34.274840" lon="-119.287457"><ele>7.4</ele></trkpt>
     <trkpt lat="34.273875" lon="-119.285868"><ele>7.8</ele></trkpt>
     <trkpt lat="34.272887" lon="-119.284508"><ele>6.2</ele></trkpt>
     <trkpt lat="34.272475" lon="-119.283871"><ele>6.2</ele></trkpt>
     <trkpt lat="34.272221" lon="-119.283401"><ele>6.2</ele></trkpt>
     <trkpt lat="34.271964" lon="-119.282777"><ele>6.2</ele></trkpt>
     <trkpt lat="34.271754" lon="-119.281960"><ele>6.5</ele></trkpt>
     <trkpt lat="34.271674" lon="-119.281359"><ele>6.5</ele></trkpt>
     <trkpt lat="34.271658" lon="-119.280683"><ele>6.5</ele></trkpt>
     <trkpt lat="34.271713" lon="-119.278651"><ele>6.8</ele></trkpt>
     <trkpt lat="34.271656" lon="-119.277916"><ele>7.0</ele></trkpt>
     <trkpt lat="34.271535" lon="-119.277160"><ele>7.0</ele></trkpt>
     <trkpt lat="34.271346" lon="-119.276393"><ele>7.2</ele></trkpt>
     <trkpt lat="34.271027" lon="-119.275486"><ele>7.2</ele></trkpt>
     <trkpt lat="34.270618" lon="-119.274634"><ele>7.2</ele></trkpt>
     <trkpt lat="34.270326" lon="-119.274175"><ele>8.0</ele></trkpt>
     <trkpt lat="34.269950" lon="-119.273776"><ele>6.8</ele></trkpt>
     <trkpt lat="34.269333" lon="-119.273375"><ele>5.2</ele></trkpt>
     <trkpt lat="34.269017" lon="-119.273264"><ele>5.5</ele></trkpt>
     <trkpt lat="34.268184" lon="-119.273187"><ele>7.2</ele></trkpt>
     <trkpt lat="34.267575" lon="-119.272930"><ele>6.5</ele></trkpt>
     <trkpt lat="34.267167" lon="-119.272610"><ele>6.0</ele></trkpt>
     <trkpt lat="34.266861" lon="-119.272254"><ele>6.0</ele></trkpt>
     <trkpt lat="34.266347" lon="-119.271318"><ele>6.0</ele></trkpt>
     <trkpt lat="34.265921" lon="-119.270787"><ele>5.8</ele></trkpt>
     <trkpt lat="34.265402" lon="-119.270412"><ele>7.5</ele></trkpt>
     <trkpt lat="34.264643" lon="-119.270157"><ele>8.8</ele></trkpt>
     <trkpt lat="34.264320" lon="-119.269922"><ele>8.2</ele></trkpt>
     <trkpt lat="34.264033" lon="-119.269458"><ele>8.0</ele></trkpt>
     <trkpt lat="34.263020" lon="-119.267067"><ele>7.5</ele></trkpt>
     <trkpt lat="34.262167" lon="-119.264813"><ele>8.5</ele></trkpt>
     <trkpt lat="34.261959" lon="-119.264464"><ele>9.8</ele></trkpt>
     <trkpt lat="34.261495" lon="-119.263954"><ele>11.0</ele></trkpt>
     <trkpt lat="34.260160" lon="-119.262912"><ele>12.0</ele></trkpt>
     <trkpt lat="34.259675" lon="-119.262589"><ele>12.8</ele></trkpt>
     <trkpt lat="34.258054" lon="-119.261633"><ele>12.4</ele></trkpt>
     <trkpt lat="34.256433" lon="-119.260676"><ele>12.0</ele></trkpt>
     <trkpt lat="34.255203" lon="-119.260030"><ele>12.5</ele></trkpt>
     <trkpt lat="34.253083" lon="-119.259087"><ele>11.0</ele></trkpt>
     <trkpt lat="34.252992" lon="-119.259110"><ele>11.0</ele></trkpt>
     <trkpt lat="34.251786" lon="-119.258723"><ele>11.2</ele></trkpt>
     <trkpt lat="34.249695" lon="-119.258181"><ele>10.7</ele></trkpt>
     <trkpt lat="34.247604" lon="-119.257640"><ele>10.1</ele></trkpt>
     <trkpt lat="34.245513" lon="-119.257098"><ele>9.5</ele></trkpt>
     <trkpt lat="34.244919" lon="-119.256981"><ele>9.8</ele></trkpt>
     <trkpt lat="34.244317" lon="-119.256929"><ele>7.5</ele></trkpt>
     <trkpt lat="34.242248" lon="-119.256855"><ele>8.5</ele></trkpt>
     <trkpt lat="34.240178" lon="-119.256782"><ele>9.5</ele></trkpt>
     <trkpt lat="34.238109" lon="-119.256708"><ele>10.5</ele></trkpt>
     <trkpt lat="34.237997" lon="-119.256599"><ele>10.5</ele></trkpt>
     <trkpt lat="34.236462" lon="-119.256511"><ele>8.8</ele></trkpt>
     <trkpt lat="34.234053" lon="-119.256425"><ele>8.0</ele></trkpt>
     <trkpt lat="34.231644" lon="-119.256338"><ele>7.2</ele></trkpt>
     <trkpt lat="34.229236" lon="-119.256252"><ele>6.3</ele></trkpt>
     <trkpt lat="34.226827" lon="-119.256165"><ele>5.5</ele></trkpt>
     <trkpt lat="34.224418" lon="-119.256079"><ele>4.8</ele></trkpt>
     <trkpt lat="34.223397" lon="-119.255971"><ele>5.2</ele></trkpt>
     <trkpt lat="34.222615" lon="-119.255786"><ele>4.8</ele></trkpt>
     <trkpt lat="34.221941" lon="-119.255558"><ele>5.0</ele></trkpt>
     <trkpt lat="34.221421" lon="-119.255328"><ele>5.2</ele></trkpt>
     <trkpt lat="34.219638" lon="-119.254372"><ele>5.5</ele></trkpt>
     <trkpt lat="34.218517" lon="-119.253729"><ele>4.5</ele></trkpt>
     <trkpt lat="34.216192" lon="-119.252474"><ele>4.8</ele></trkpt>
     <trkpt lat="34.213868" lon="-119.251220"><ele>5.2</ele></trkpt>
     <trkpt lat="34.211543" lon="-119.249965"><ele>5.5</ele></trkpt>
     <trkpt lat="34.209219" lon="-119.248711"><ele>5.9</ele></trkpt>
     <trkpt lat="34.206894" lon="-119.247456"><ele>6.2</ele></trkpt>
     <trkpt lat="34.205012" lon="-119.246411"><ele>6.0</ele></trkpt>
     <trkpt lat="34.203130" lon="-119.245367"><ele>5.8</ele></trkpt>
     <trkpt lat="34.201044" lon="-119.244242"><ele>5.9</ele></trkpt>
     <trkpt lat="34.198958" lon="-119.243117"><ele>6.0</ele></trkpt>
     <trkpt lat="34.198721" lon="-119.243038"><ele>6.0</ele></trkpt>
     <trkpt lat="34.198165" lon="-119.242753"><ele>6.0</ele></trkpt>
     <trkpt lat="34.196902" lon="-119.242028"><ele>7.0</ele></trkpt>
     <trkpt lat="34.194675" lon="-119.240819"><ele>7.2</ele></trkpt>
     <trkpt lat="34.192448" lon="-119.239610"><ele>7.5</ele></trkpt>
     <trkpt lat="34.190221" lon="-119.238401"><ele>7.8</ele></trkpt>
     <trkpt lat="34.187994" lon="-119.237192"><ele>8.0</ele></trkpt>
     <trkpt lat="34.185766" lon="-119.235984"><ele>8.2</ele></trkpt>
     <trkpt lat="34.183539" lon="-119.234775"><ele>8.5</ele></trkpt>
     <trkpt lat="34.181312" lon="-119.233566"><ele>8.8</ele></trkpt>
     <trkpt lat="34.179085" lon="-119.232357"><ele>9.0</ele></trkpt>
     <trkpt lat="34.176858" lon="-119.231148"><ele>9.2</ele></trkpt>
     <trkpt lat="34.176642" lon="-119.230979"><ele>7.8</ele></trkpt>
     <trkpt lat="34.176276" lon="-119.230609"><ele>6.5</ele></trkpt>
     <trkpt lat="34.175943" lon="-119.230046"><ele>6.8</ele></trkpt>
     <trkpt lat="34.175792" lon="-119.229574"><ele>7.2</ele></trkpt>
     <trkpt lat="34.175727" lon="-119.228787"><ele>6.2</ele></trkpt>
     <trkpt lat="34.175696" lon="-119.225601"><ele>6.6</ele></trkpt>
     <trkpt lat="34.175664" lon="-119.222415"><ele>7.0</ele></trkpt>
     <trkpt lat="34.175794" lon="-119.221133"><ele>5.2</ele></trkpt>
     <trkpt lat="34.175821" lon="-119.220432"><ele>4.5</ele></trkpt>
     <trkpt lat="34.175812" lon="-119.218287"><ele>5.6</ele></trkpt>
     <trkpt lat="34.175804" lon="-119.216142"><ele>6.8</ele></trkpt>
     <trkpt lat="34.175778" lon="-119.213304"><ele>7.4</ele></trkpt>
     <trkpt lat="34.175752" lon="-119.210466"><ele>8.0</ele></trkpt>
     <trkpt lat="34.175726" lon="-119.207628"><ele>8.7</ele></trkpt>
     <trkpt lat="34.175701" lon="-119.204791"><ele>9.3</ele></trkpt>
     <trkpt lat="34.175675" lon="-119.201953"><ele>10.0</ele></trkpt>
     <trkpt lat="34.175649" lon="-119.199115"><ele>10.6</ele></trkpt>
     <trkpt lat="34.175623" lon="-119.196277"><ele>11.2</ele></trkpt>
     <trkpt lat="34.175575" lon="-119.195913"><ele>10.8</ele></trkpt>
     <trkpt lat="34.175568" lon="-119.195362"><ele>10.0</ele></trkpt>
     <trkpt lat="34.175496" lon="-119.195211"><ele>9.8</ele></trkpt>
     <trkpt lat="34.175304" lon="-119.195152"><ele>9.5</ele></trkpt>
     <trkpt lat="34.174669" lon="-119.195092"><ele>9.5</ele></trkpt>
     <trkpt lat="34.173886" lon="-119.195093"><ele>10.8</ele></trkpt>
     <trkpt lat="34.171408" lon="-119.195117"><ele>10.8</ele></trkpt>
     <trkpt lat="34.168929" lon="-119.195141"><ele>10.9</ele></trkpt>
     <trkpt lat="34.166451" lon="-119.195165"><ele>11.0</ele></trkpt>
     <trkpt lat="34.163973" lon="-119.195188"><ele>11.0</ele></trkpt>
     <trkpt lat="34.161495" lon="-119.195212"><ele>11.1</ele></trkpt>
     <trkpt lat="34.159016" lon="-119.195236"><ele>11.2</ele></trkpt>
     <trkpt lat="34.156538" lon="-119.195260"><ele>11.2</ele></trkpt>
     <trkpt lat="34.154820" lon="-119.195326"><ele>8.5</ele></trkpt>
     <trkpt lat="34.153206" lon="-119.195531"><ele>8.2</ele></trkpt>
     <trkpt lat="34.151590" lon="-119.195583"><ele>8.0</ele></trkpt>
     <trkpt lat="34.149658" lon="-119.195583"><ele>7.5</ele></trkpt>
     <trkpt lat="34.147726" lon="-119.195583"><ele>7.0</ele></trkpt>
     <trkpt lat="34.147705" lon="-119.193963"><ele>6.8</ele></trkpt>
     <trkpt lat="34.147501" lon="-119.190864"><ele>7.0</ele></trkpt>
     <trkpt lat="34.147478" lon="-119.188386"><ele>6.5</ele></trkpt>
     <trkpt lat="34.147454" lon="-119.185908"><ele>6.0</ele></trkpt>
     <trkpt lat="34.147444" lon="-119.183458"><ele>5.6</ele></trkpt>
     <trkpt lat="34.147435" lon="-119.181008"><ele>5.2</ele></trkpt>
     <trkpt lat="34.147425" lon="-119.178558"><ele>4.9</ele></trkpt>
     <trkpt lat="34.147415" lon="-119.176108"><ele>4.5</ele></trkpt>
     <trkpt lat="34.147379" lon="-119.173039"><ele>5.2</ele></trkpt>
     <trkpt lat="34.147342" lon="-119.169971"><ele>5.8</ele></trkpt>
     <trkpt lat="34.147306" lon="-119.166902"><ele>6.5</ele></trkpt>
     <trkpt lat="34.147385" lon="-119.166651"><ele>6.8</ele></trkpt>
     <trkpt lat="34.147364" lon="-119.163427"><ele>6.9</ele></trkpt>
     <trkpt lat="34.147344" lon="-119.160203"><ele>7.0</ele></trkpt>
     <trkpt lat="34.147323" lon="-119.156979"><ele>7.1</ele></trkpt>
     <trkpt lat="34.147302" lon="-119.153755"><ele>7.2</ele></trkpt>
     <trkpt lat="34.147274" lon="-119.150829"><ele>7.1</ele></trkpt>
     <trkpt lat="34.147245" lon="-119.147903"><ele>7.0</ele></trkpt>
     <trkpt lat="34.147216" lon="-119.144977"><ele>6.9</ele></trkpt>
     <trkpt lat="34.147188" lon="-119.142051"><ele>6.8</ele></trkpt>
     <trkpt lat="34.147169" lon="-119.138916"><ele>6.8</ele></trkpt>
     <trkpt lat="34.147149" lon="-119.135780"><ele>6.8</ele></trkpt>
     <trkpt lat="34.147130" lon="-119.132645"><ele>6.8</ele></trkpt>
     <trkpt lat="34.147111" lon="-119.129510"><ele>6.8</ele></trkpt>
     <trkpt lat="34.147091" lon="-119.126374"><ele>6.8</ele></trkpt>
     <trkpt lat="34.147072" lon="-119.123239"><ele>6.8</ele></trkpt>
     <trkpt lat="34.147044" lon="-119.120577"><ele>6.9</ele></trkpt>
     <trkpt lat="34.147016" lon="-119.117916"><ele>7.1</ele></trkpt>
     <trkpt lat="34.146989" lon="-119.115255"><ele>7.3</ele></trkpt>
     <trkpt lat="34.146961" lon="-119.112593"><ele>7.5</ele></trkpt>
     <trkpt lat="34.146866" lon="-119.112590"><ele>7.5</ele></trkpt>
     <trkpt lat="34.146692" lon="-119.112456"><ele>8.0</ele></trkpt>
     <trkpt lat="34.145578" lon="-119.110711"><ele>7.2</ele></trkpt>
     <trkpt lat="34.144577" lon="-119.109345"><ele>7.0</ele></trkpt>
     <trkpt lat="34.142836" lon="-119.107362"><ele>6.9</ele></trkpt>
     <trkpt lat="34.141094" lon="-119.105379"><ele>6.8</ele></trkpt>
     <trkpt lat="34.140429" lon="-119.104640"><ele>7.2</ele></trkpt>
     <trkpt lat="34.140041" lon="-119.104267"><ele>7.8</ele></trkpt>
     <trkpt lat="34.138319" lon="-119.102887"><ele>6.8</ele></trkpt>
     <trkpt lat="34.136597" lon="-119.101508"><ele>5.8</ele></trkpt>
     <trkpt lat="34.136096" lon="-119.101176"><ele>5.8</ele></trkpt>
     <trkpt lat="34.135791" lon="-119.101029"><ele>6.2</ele></trkpt>
     <trkpt lat="34.135445" lon="-119.100901"><ele>6.8</ele></trkpt>
     <trkpt lat="34.134864" lon="-119.100821"><ele>6.5</ele></trkpt>
     <trkpt lat="34.134271" lon="-119.100861"><ele>5.2</ele></trkpt>
     <trkpt lat="34.133289" lon="-119.101142"><ele>2.5</ele></trkpt>
     <trkpt lat="34.133025" lon="-119.101068"><ele>3.0</ele></trkpt>
     <trkpt lat="34.132880" lon="-119.100962"><ele>3.0</ele></trkpt>
     <trkpt lat="34.131713" lon="-119.099972"><ele>4.0</ele></trkpt>
     <trkpt lat="34.131555" lon="-119.099725"><ele>4.2</ele></trkpt>
     <trkpt lat="34.131506" lon="-119.099440"><ele>4.8</ele></trkpt>
     <trkpt lat="34.131515" lon="-119.098422"><ele>4.8</ele></trkpt>
     <trkpt lat="34.131448" lon="-119.098010"><ele>4.5</ele></trkpt>
     <trkpt lat="34.131349" lon="-119.097711"><ele>4.5</ele></trkpt>
     <trkpt lat="34.131190" lon="-119.097394"><ele>5.0</ele></trkpt>
     <trkpt lat="34.130960" lon="-119.097083"><ele>5.0</ele></trkpt>
     <trkpt lat="34.130692" lon="-119.096821"><ele>5.5</ele></trkpt>
     <trkpt lat="34.128883" lon="-119.095374"><ele>5.5</ele></trkpt>
     <trkpt lat="34.127074" lon="-119.093927"><ele>5.5</ele></trkpt>
     <trkpt lat="34.125264" lon="-119.092480"><ele>5.5</ele></trkpt>
     <trkpt lat="34.123455" lon="-119.091033"><ele>5.5</ele></trkpt>
     <trkpt lat="34.122601" lon="-119.090438"><ele>6.0</ele></trkpt>
     <trkpt lat="34.121383" lon="-119.089468"><ele>5.9</ele></trkpt>
     <trkpt lat="34.120164" lon="-119.088497"><ele>5.8</ele></trkpt>
     <trkpt lat="34.118380" lon="-119.087340"><ele>5.0</ele></trkpt>
     <trkpt lat="34.117792" lon="-119.087017"><ele>5.5</ele></trkpt>
     <trkpt lat="34.117385" lon="-119.086920"><ele>5.8</ele></trkpt>
     <trkpt lat="34.116922" lon="-119.086989"><ele>6.2</ele></trkpt>
     <trkpt lat="34.116671" lon="-119.087114"><ele>6.2</ele></trkpt>
     <trkpt lat="34.116494" lon="-119.087256"><ele>6.0</ele></trkpt>
     <trkpt lat="34.115888" lon="-119.087960"><ele>5.0</ele></trkpt>
     <trkpt lat="34.115692" lon="-119.087970"><ele>4.8</ele></trkpt>
     <trkpt lat="34.115447" lon="-119.087818"><ele>4.5</ele></trkpt>
     <trkpt lat="34.115807" lon="-119.087156"><ele>4.8</ele></trkpt>
     <trkpt lat="34.115949" lon="-119.086354"><ele>5.2</ele></trkpt>
     <trkpt lat="34.115949" lon="-119.085918"><ele>5.2</ele></trkpt>
     <trkpt lat="34.115883" lon="-119.085530"><ele>4.8</ele></trkpt>
     <trkpt lat="34.115735" lon="-119.085110"><ele>4.0</ele></trkpt>
     <trkpt lat="34.115585" lon="-119.084822"><ele>4.0</ele></trkpt>
     <trkpt lat="34.115272" lon="-119.084453"><ele>4.0</ele></trkpt>
     <trkpt lat="34.114163" lon="-119.083468"><ele>4.8</ele></trkpt>
     <trkpt lat="34.113924" lon="-119.083196"><ele>4.8</ele></trkpt>
     <trkpt lat="34.112083" lon="-119.081750"><ele>5.6</ele></trkpt>
     <trkpt lat="34.110243" lon="-119.080304"><ele>6.5</ele></trkpt>
     <trkpt lat="34.109704" lon="-119.079960"><ele>7.0</ele></trkpt>
     <trkpt lat="34.109192" lon="-119.079756"><ele>8.2</ele></trkpt>
     <trkpt lat="34.107547" lon="-119.079322"><ele>11.5</ele></trkpt>
     <trkpt lat="34.106935" lon="-119.079293"><ele>11.8</ele></trkpt>
     <trkpt lat="34.106526" lon="-119.079368"><ele>12.2</ele></trkpt>
     <trkpt lat="34.105722" lon="-119.079627"><ele>13.8</ele></trkpt>
     <trkpt lat="34.104312" lon="-119.080149"><ele>13.6</ele></trkpt>
     <trkpt lat="34.102901" lon="-119.080670"><ele>13.5</ele></trkpt>
     <trkpt lat="34.102025" lon="-119.081053"><ele>11.8</ele></trkpt>
     <trkpt lat="34.101833" lon="-119.081084"><ele>13.2</ele></trkpt>
     <trkpt lat="34.101430" lon="-119.081065"><ele>13.2</ele></trkpt>
     <trkpt lat="34.101110" lon="-119.080948"><ele>12.2</ele></trkpt>
     <trkpt lat="34.100807" lon="-119.080745"><ele>12.5</ele></trkpt>
     <trkpt lat="34.100533" lon="-119.080425"><ele>14.8</ele></trkpt>
     <trkpt lat="34.099839" lon="-119.079379"><ele>11.2</ele></trkpt>
     <trkpt lat="34.098390" lon="-119.077391"><ele>9.5</ele></trkpt>
     <trkpt lat="34.097956" lon="-119.076706"><ele>10.5</ele></trkpt>
     <trkpt lat="34.096676" lon="-119.074343"><ele>16.1</ele></trkpt>
     <trkpt lat="34.095396" lon="-119.071981"><ele>21.8</ele></trkpt>
     <trkpt lat="34.095138" lon="-119.071322"><ele>20.8</ele></trkpt>
     <trkpt lat="34.094763" lon="-119.070189"><ele>18.0</ele></trkpt>
     <trkpt lat="34.093884" lon="-119.068873"><ele>9.5</ele></trkpt>
     <trkpt lat="34.092955" lon="-119.067623"><ele>10.5</ele></trkpt>
     <trkpt lat="34.092026" lon="-119.066374"><ele>11.5</ele></trkpt>
     <trkpt lat="34.091597" lon="-119.065947"><ele>10.0</ele></trkpt>
     <trkpt lat="34.090420" lon="-119.064927"><ele>11.2</ele></trkpt>
     <trkpt lat="34.089243" lon="-119.063908"><ele>12.5</ele></trkpt>
     <trkpt lat="34.088216" lon="-119.062934"><ele>14.8</ele></trkpt>
     <trkpt lat="34.087639" lon="-119.062264"><ele>19.8</ele></trkpt>
     <trkpt lat="34.087339" lon="-119.061818"><ele>20.0</ele></trkpt>
     <trkpt lat="34.087023" lon="-119.061200"><ele>30.5</ele></trkpt>
     <trkpt lat="34.086776" lon="-119.060597"><ele>33.5</ele></trkpt>
     <trkpt lat="34.086476" lon="-119.059501"><ele>32.8</ele></trkpt>
     <trkpt lat="34.086018" lon="-119.056786"><ele>24.2</ele></trkpt>
     <trkpt lat="34.085866" lon="-119.055100"><ele>20.8</ele></trkpt>
     <trkpt lat="34.085767" lon="-119.054562"><ele>22.2</ele></trkpt>
     <trkpt lat="34.085561" lon="-119.053959"><ele>24.5</ele></trkpt>
     <trkpt lat="34.084936" lon="-119.052782"><ele>22.0</ele></trkpt>
     <trkpt lat="34.084729" lon="-119.051884"><ele>23.5</ele></trkpt>
     <trkpt lat="34.084741" lon="-119.051193"><ele>24.8</ele></trkpt>
     <trkpt lat="34.084855" lon="-119.050611"><ele>25.8</ele></trkpt>
     <trkpt lat="34.084994" lon="-119.050156"><ele>26.8</ele></trkpt>
     <trkpt lat="34.085335" lon="-119.049371"><ele>27.8</ele></trkpt>
     <trkpt lat="34.085417" lon="-119.049066"><ele>26.8</ele></trkpt>
     <trkpt lat="34.085465" lon="-119.048557"><ele>22.5</ele></trkpt>
     <trkpt lat="34.085436" lon="-119.047753"><ele>22.2</ele></trkpt>
     <trkpt lat="34.085353" lon="-119.047004"><ele>23.5</ele></trkpt>
     <trkpt lat="34.085159" lon="-119.046211"><ele>23.2</ele></trkpt>
     <trkpt lat="34.085009" lon="-119.045766"><ele>24.0</ele></trkpt>
     <trkpt lat="34.084857" lon="-119.044947"><ele>25.8</ele></trkpt>
     <trkpt lat="34.084808" lon="-119.044370"><ele>26.8</ele></trkpt>
     <trkpt lat="34.084843" lon="-119.043306"><ele>29.0</ele></trkpt>
     <trkpt lat="34.084814" lon="-119.042880"><ele>29.0</ele></trkpt>
     <trkpt lat="34.084687" lon="-119.042187"><ele>28.2</ele></trkpt>
     <trkpt lat="34.084283" lon="-119.040867"><ele>21.8</ele></trkpt>
     <trkpt lat="34.084063" lon="-119.038810"><ele>15.6</ele></trkpt>
     <trkpt lat="34.083842" lon="-119.036753"><ele>9.5</ele></trkpt>
     <trkpt lat="34.083690" lon="-119.035919"><ele>8.5</ele></trkpt>
     <trkpt lat="34.083076" lon="-119.034600"><ele>19.0</ele></trkpt>
     <trkpt lat="34.081830" lon="-119.032167"><ele>11.8</ele></trkpt>
     <trkpt lat="34.080914" lon="-119.030465"><ele>10.0</ele></trkpt>
     <trkpt lat="34.079999" lon="-119.028763"><ele>8.2</ele></trkpt>
     <trkpt lat="34.079387" lon="-119.027746"><ele>8.5</ele></trkpt>
     <trkpt lat="34.078082" lon="-119.025818"><ele>11.8</ele></trkpt>
     <trkpt lat="34.076916" lon="-119.024163"><ele>13.4</ele></trkpt>
     <trkpt lat="34.075750" lon="-119.022508"><ele>15.1</ele></trkpt>
     <trkpt lat="34.074584" lon="-119.020853"><ele>16.8</ele></trkpt>
     <trkpt lat="34.073389" lon="-119.019187"><ele>18.2</ele></trkpt>
     <trkpt lat="34.071716" lon="-119.017083"><ele>17.0</ele></trkpt>
     <trkpt lat="34.071387" lon="-119.016589"><ele>16.2</ele></trkpt>
     <trkpt lat="34.071262" lon="-119.016318"><ele>16.2</ele></trkpt>
     <trkpt lat="34.071102" lon="-119.015676"><ele>12.2</ele></trkpt>
     <trkpt lat="34.071063" lon="-119.015306"><ele>9.2</ele></trkpt>
     <trkpt lat="34.071009" lon="-119.013313"><ele>8.5</ele></trkpt>
     <trkpt lat="34.070818" lon="-119.012523"><ele>11.8</ele></trkpt>
     <trkpt lat="34.070424" lon="-119.011692"><ele>14.2</ele></trkpt>
     <trkpt lat="34.070154" lon="-119.011297"><ele>18.0</ele></trkpt>
     <trkpt lat="34.069687" lon="-119.010812"><ele>17.5</ele></trkpt>
     <trkpt lat="34.069334" lon="-119.010524"><ele>22.8</ele></trkpt>
     <trkpt lat="34.067676" lon="-119.009422"><ele>24.2</ele></trkpt>
     <trkpt lat="34.067504" lon="-119.009269"><ele>19.8</ele></trkpt>
     <trkpt lat="34.067227" lon="-119.008939"><ele>22.5</ele></trkpt>
     <trkpt lat="34.067009" lon="-119.008537"><ele>27.0</ele></trkpt>
     <trkpt lat="34.066249" lon="-119.006445"><ele>20.5</ele></trkpt>
     <trkpt lat="34.066198" lon="-119.005967"><ele>19.2</ele></trkpt>
     <trkpt lat="34.066252" lon="-119.005498"><ele>19.2</ele></trkpt>
     <trkpt lat="34.066471" lon="-119.004922"><ele>19.0</ele></trkpt>
     <trkpt lat="34.066548" lon="-119.004619"><ele>18.8</ele></trkpt>
     <trkpt lat="34.066598" lon="-119.004080"><ele>18.8</ele></trkpt>
     <trkpt lat="34.066637" lon="-119.002897"><ele>18.2</ele></trkpt>
     <trkpt lat="34.066527" lon="-119.001805"><ele>18.0</ele></trkpt>
     <trkpt lat="34.066578" lon="-119.001169"><ele>17.8</ele></trkpt>
     <trkpt lat="34.066689" lon="-119.000555"><ele>17.5</ele></trkpt>
     <trkpt lat="34.066738" lon="-118.999843"><ele>18.0</ele></trkpt>
     <trkpt lat="34.066703" lon="-118.999138"><ele>20.2</ele></trkpt>
     <trkpt lat="34.066286" lon="-118.996653"><ele>22.2</ele></trkpt>
     <trkpt lat="34.065835" lon="-118.995333"><ele>21.8</ele></trkpt>
     <trkpt lat="34.065727" lon="-118.994390"><ele>22.2</ele></trkpt>
     <trkpt lat="34.065580" lon="-118.993710"><ele>22.5</ele></trkpt>
     <trkpt lat="34.065378" lon="-118.993204"><ele>23.0</ele></trkpt>
     <trkpt lat="34.064630" lon="-118.991634"><ele>24.5</ele></trkpt>
     <trkpt lat="34.063727" lon="-118.988775"><ele>22.2</ele></trkpt>
     <trkpt lat="34.063326" lon="-118.987852"><ele>21.5</ele></trkpt>
     <trkpt lat="34.062538" lon="-118.986250"><ele>20.5</ele></trkpt>
     <trkpt lat="34.061750" lon="-118.984648"><ele>19.5</ele></trkpt>
     <trkpt lat="34.061489" lon="-118.984074"><ele>19.5</ele></trkpt>
     <trkpt lat="34.061315" lon="-118.983577"><ele>19.5</ele></trkpt>
     <trkpt lat="34.061167" lon="-118.982628"><ele>19.5</ele></trkpt>
     <trkpt lat="34.060989" lon="-118.980443"><ele>19.8</ele></trkpt>
     <trkpt lat="34.061064" lon="-118.979723"><ele>19.8</ele></trkpt>
     <trkpt lat="34.061237" lon="-118.978698"><ele>21.2</ele></trkpt>
     <trkpt lat="34.061217" lon="-118.978321"><ele>22.8</ele></trkpt>
     <trkpt lat="34.061090" lon="-118.977793"><ele>22.8</ele></trkpt>
     <trkpt lat="34.060000" lon="-118.975737"><ele>15.8</ele></trkpt>
     <trkpt lat="34.059282" lon="-118.974704"><ele>17.5</ele></trkpt>
     <trkpt lat="34.058076" lon="-118.972473"><ele>17.5</ele></trkpt>
     <trkpt lat="34.056871" lon="-118.970241"><ele>17.5</ele></trkpt>
     <trkpt lat="34.056522" lon="-118.969388"><ele>19.8</ele></trkpt>
     <trkpt lat="34.056079" lon="-118.967795"><ele>23.2</ele></trkpt>
     <trkpt lat="34.055853" lon="-118.967308"><ele>19.0</ele></trkpt>
     <trkpt lat="34.055310" lon="-118.966597"><ele>17.0</ele></trkpt>
     <trkpt lat="34.054143" lon="-118.965216"><ele>13.0</ele></trkpt>
     <trkpt lat="34.053801" lon="-118.964731"><ele>11.8</ele></trkpt>
     <trkpt lat="34.053421" lon="-118.963950"><ele>10.8</ele></trkpt>
     <trkpt lat="34.052614" lon="-118.961706"><ele>12.7</ele></trkpt>
     <trkpt lat="34.051808" lon="-118.959461"><ele>14.6</ele></trkpt>
     <trkpt lat="34.051001" lon="-118.957217"><ele>16.5</ele></trkpt>
     <trkpt lat="34.050175" lon="-118.955069"><ele>28.5</ele></trkpt>
     <trkpt lat="34.049615" lon="-118.953525"><ele>32.0</ele></trkpt>
     <trkpt lat="34.049055" lon="-118.951980"><ele>35.5</ele></trkpt>
     <trkpt lat="34.048368" lon="-118.949966"><ele>32.8</ele></trkpt>
     <trkpt lat="34.047680" lon="-118.947952"><ele>30.2</ele></trkpt>
     <trkpt lat="34.046993" lon="-118.945938"><ele>27.5</ele></trkpt>
     <trkpt lat="34.046569" lon="-118.944518"><ele>27.5</ele></trkpt>
     <trkpt lat="34.045806" lon="-118.941558"><ele>25.2</ele></trkpt>
     <trkpt lat="34.045042" lon="-118.938599"><ele>23.0</ele></trkpt>
     <trkpt lat="34.044902" lon="-118.937626"><ele>22.5</ele></trkpt>
     <trkpt lat="34.044874" lon="-118.936861"><ele>19.8</ele></trkpt>
     <trkpt lat="34.044939" lon="-118.935994"><ele>14.8</ele></trkpt>
     <trkpt lat="34.045142" lon="-118.934949"><ele>8.8</ele></trkpt>
     <trkpt lat="34.045815" lon="-118.935112"><ele>11.2</ele></trkpt>
     <trkpt lat="34.047724" lon="-118.935234"><ele>26.0</ele></trkpt>
     <trkpt lat="34.048859" lon="-118.935001"><ele>23.2</ele></trkpt>
     <trkpt lat="34.049220" lon="-118.934977"><ele>23.2</ele></trkpt>
     <trkpt lat="34.049384" lon="-118.935005"><ele>22.5</ele></trkpt>
     <trkpt lat="34.050007" lon="-118.935394"><ele>30.5</ele></trkpt>
     <trkpt lat="34.050626" lon="-118.935677"><ele>34.8</ele></trkpt>
     <trkpt lat="34.051161" lon="-118.935792"><ele>34.2</ele></trkpt>
     <trkpt lat="34.051574" lon="-118.935793"><ele>32.5</ele></trkpt>
     <trkpt lat="34.052015" lon="-118.935723"><ele>34.0</ele></trkpt>
     <trkpt lat="34.052929" lon="-118.935401"><ele>35.5</ele></trkpt>
     <trkpt lat="34.053239" lon="-118.935353"><ele>37.8</ele></trkpt>
     <trkpt lat="34.054560" lon="-118.935722"><ele>54.0</ele></trkpt>
     <trkpt lat="34.055102" lon="-118.935731"><ele>50.5</ele></trkpt>
     <trkpt lat="34.055292" lon="-118.935849"><ele>51.8</ele></trkpt>
     <trkpt lat="34.055524" lon="-118.936149"><ele>59.5</ele></trkpt>
     <trkpt lat="34.055732" lon="-118.936580"><ele>67.5</ele></trkpt>
     <trkpt lat="34.055859" lon="-118.937123"><ele>82.0</ele></trkpt>
     <trkpt lat="34.055913" lon="-118.937202"><ele>84.0</ele></trkpt>
     <trkpt lat="34.056096" lon="-118.937350"><ele>85.8</ele></trkpt>
     <trkpt lat="34.056269" lon="-118.937369"><ele>83.0</ele></trkpt>
     <trkpt lat="34.056428" lon="-118.937288"><ele>78.5</ele></trkpt>
     <trkpt lat="34.056556" lon="-118.937125"><ele>74.0</ele></trkpt>
     <trkpt lat="34.057503" lon="-118.934791"><ele>72.5</ele></trkpt>
     <trkpt lat="34.057684" lon="-118.934493"><ele>69.2</ele></trkpt>
     <trkpt lat="34.057943" lon="-118.934370"><ele>72.0</ele></trkpt>
     <trkpt lat="34.058173" lon="-118.934378"><ele>77.8</ele></trkpt>
     <trkpt lat="34.058734" lon="-118.934787"><ele>94.8</ele></trkpt>
     <trkpt lat="34.059034" lon="-118.934859"><ele>96.5</ele></trkpt>
     <trkpt lat="34.059565" lon="-118.934693"><ele>98.8</ele></trkpt>
     <trkpt lat="34.059718" lon="-118.934542"><ele>96.5</ele></trkpt>
     <trkpt lat="34.059839" lon="-118.934300"><ele>90.0</ele></trkpt>
     <trkpt lat="34.060048" lon="-118.934150"><ele>89.8</ele></trkpt>
     <trkpt lat="34.060997" lon="-118.934108"><ele>93.8</ele></trkpt>
     <trkpt lat="34.060048" lon="-118.934150"><ele>89.8</ele></trkpt>
     <trkpt lat="34.059839" lon="-118.934300"><ele>90.0</ele></trkpt>
     <trkpt lat="34.059718" lon="-118.934542"><ele>96.5</ele></trkpt>
     <trkpt lat="34.059565" lon="-118.934693"><ele>98.8</ele></trkpt>
     <trkpt lat="34.059034" lon="-118.934859"><ele>96.5</ele></trkpt>
     <trkpt lat="34.058734" lon="-118.934787"><ele>94.8</ele></trkpt>
     <trkpt lat="34.058173" lon="-118.934378"><ele>77.8</ele></trkpt>
     <trkpt lat="34.057943" lon="-118.934370"><ele>72.0</ele></trkpt>
     <trkpt lat="34.057684" lon="-118.934493"><ele>69.2</ele></trkpt>
     <trkpt lat="34.057503" lon="-118.934791"><ele>72.5</ele></trkpt>
     <trkpt lat="34.056556" lon="-118.937125"><ele>74.0</ele></trkpt>
     <trkpt lat="34.056428" lon="-118.937288"><ele>78.5</ele></trkpt>
     <trkpt lat="34.056269" lon="-118.937369"><ele>83.0</ele></trkpt>
     <trkpt lat="34.056096" lon="-118.937350"><ele>85.8</ele></trkpt>
     <trkpt lat="34.055913" lon="-118.937202"><ele>84.0</ele></trkpt>
     <trkpt lat="34.055859" lon="-118.937123"><ele>82.0</ele></trkpt>
     <trkpt lat="34.055732" lon="-118.936580"><ele>67.5</ele></trkpt>
     <trkpt lat="34.055524" lon="-118.936149"><ele>59.5</ele></trkpt>
     <trkpt lat="34.055292" lon="-118.935849"><ele>51.8</ele></trkpt>
     <trkpt lat="34.055102" lon="-118.935731"><ele>50.5</ele></trkpt>
     <trkpt lat="34.054560" lon="-118.935722"><ele>54.0</ele></trkpt>
     <trkpt lat="34.053239" lon="-118.935353"><ele>37.8</ele></trkpt>
     <trkpt lat="34.052929" lon="-118.935401"><ele>35.5</ele></trkpt>
     <trkpt lat="34.052015" lon="-118.935723"><ele>34.0</ele></trkpt>
     <trkpt lat="34.051574" lon="-118.935793"><ele>32.5</ele></trkpt>
     <trkpt lat="34.051161" lon="-118.935792"><ele>34.2</ele></trkpt>
     <trkpt lat="34.050626" lon="-118.935677"><ele>34.8</ele></trkpt>
     <trkpt lat="34.050007" lon="-118.935394"><ele>30.5</ele></trkpt>
     <trkpt lat="34.049384" lon="-118.935005"><ele>22.5</ele></trkpt>
     <trkpt lat="34.049220" lon="-118.934977"><ele>23.2</ele></trkpt>
     <trkpt lat="34.048859" lon="-118.935001"><ele>23.2</ele></trkpt>
     <trkpt lat="34.047724" lon="-118.935234"><ele>26.0</ele></trkpt>
     <trkpt lat="34.045815" lon="-118.935112"><ele>11.2</ele></trkpt>
     <trkpt lat="34.045142" lon="-118.934949"><ele>8.8</ele></trkpt>
     <trkpt lat="34.045909" lon="-118.932819"><ele>14.6</ele></trkpt>
     <trkpt lat="34.046676" lon="-118.930690"><ele>20.5</ele></trkpt>
     <trkpt lat="34.046888" lon="-118.929813"><ele>27.0</ele></trkpt>
     <trkpt lat="34.047009" lon="-118.928835"><ele>27.5</ele></trkpt>
     <trkpt lat="34.047092" lon="-118.926265"><ele>38.8</ele></trkpt>
     <trkpt lat="34.047092" lon="-118.925510"><ele>41.8</ele></trkpt>
     <trkpt lat="34.047041" lon="-118.924921"><ele>43.2</ele></trkpt>
     <trkpt lat="34.046826" lon="-118.923838"><ele>42.5</ele></trkpt>
     <trkpt lat="34.046037" lon="-118.921133"><ele>42.7</ele></trkpt>
     <trkpt lat="34.045248" lon="-118.918429"><ele>42.8</ele></trkpt>
     <trkpt lat="34.044459" lon="-118.915724"><ele>43.0</ele></trkpt>
     <trkpt lat="34.044213" lon="-118.914519"><ele>38.5</ele></trkpt>
     <trkpt lat="34.043868" lon="-118.912014"><ele>38.7</ele></trkpt>
     <trkpt lat="34.043523" lon="-118.909509"><ele>38.9</ele></trkpt>
     <trkpt lat="34.043178" lon="-118.907005"><ele>39.1</ele></trkpt>
     <trkpt lat="34.042833" lon="-118.904500"><ele>39.2</ele></trkpt>
     <trkpt lat="34.042612" lon="-118.902650"><ele>39.8</ele></trkpt>
     <trkpt lat="34.042402" lon="-118.901318"><ele>36.2</ele></trkpt>
     <trkpt lat="34.042037" lon="-118.898642"><ele>39.5</ele></trkpt>
     <trkpt lat="34.041672" lon="-118.895966"><ele>42.8</ele></trkpt>
     <trkpt lat="34.041307" lon="-118.893290"><ele>46.0</ele></trkpt>
     <trkpt lat="34.040942" lon="-118.890614"><ele>49.2</ele></trkpt>
     <trkpt lat="34.040739" lon="-118.888868"><ele>50.8</ele></trkpt>
     <trkpt lat="34.040536" lon="-118.887122"><ele>52.2</ele></trkpt>
     <trkpt lat="34.040255" lon="-118.884242"><ele>56.0</ele></trkpt>
     <trkpt lat="34.039974" lon="-118.881362"><ele>59.8</ele></trkpt>
     <trkpt lat="34.039874" lon="-118.878598"><ele>55.4</ele></trkpt>
     <trkpt lat="34.039774" lon="-118.875834"><ele>51.1</ele></trkpt>
     <trkpt lat="34.039674" lon="-118.873070"><ele>46.8</ele></trkpt>
     <trkpt lat="34.039613" lon="-118.872214"><ele>44.8</ele></trkpt>
     <trkpt lat="34.039466" lon="-118.871029"><ele>42.2</ele></trkpt>
     <trkpt lat="34.039270" lon="-118.869928"><ele>32.8</ele></trkpt>
     <trkpt lat="34.038835" lon="-118.868271"><ele>34.0</ele></trkpt>
     <trkpt lat="34.037962" lon="-118.865825"><ele>35.4</ele></trkpt>
     <trkpt lat="34.037090" lon="-118.863378"><ele>36.8</ele></trkpt>
     <trkpt lat="34.036669" lon="-118.861816"><ele>35.5</ele></trkpt>
     <trkpt lat="34.036436" lon="-118.860389"><ele>32.5</ele></trkpt>
     <trkpt lat="34.036209" lon="-118.857875"><ele>26.0</ele></trkpt>
     <trkpt lat="34.035981" lon="-118.855360"><ele>19.5</ele></trkpt>
     <trkpt lat="34.035797" lon="-118.854194"><ele>23.0</ele></trkpt>
     <trkpt lat="34.035515" lon="-118.852989"><ele>26.2</ele></trkpt>
     <trkpt lat="34.034983" lon="-118.851347"><ele>21.2</ele></trkpt>
     <trkpt lat="34.034084" lon="-118.849092"><ele>20.6</ele></trkpt>
     <trkpt lat="34.033185" lon="-118.846837"><ele>20.0</ele></trkpt>
     <trkpt lat="34.032539" lon="-118.845675"><ele>15.5</ele></trkpt>
     <trkpt lat="34.031925" lon="-118.844719"><ele>12.0</ele></trkpt>
     <trkpt lat="34.031827" lon="-118.844668"><ele>11.2</ele></trkpt>
     <trkpt lat="34.031629" lon="-118.844421"><ele>10.8</ele></trkpt>
     <trkpt lat="34.029949" lon="-118.842161"><ele>5.8</ele></trkpt>
     <trkpt lat="34.028794" lon="-118.840397"><ele>8.2</ele></trkpt>
     <trkpt lat="34.027639" lon="-118.838633"><ele>10.8</ele></trkpt>
     <trkpt lat="34.027155" lon="-118.838020"><ele>10.0</ele></trkpt>
     <trkpt lat="34.026092" lon="-118.836820"><ele>11.0</ele></trkpt>
     <trkpt lat="34.025523" lon="-118.836027"><ele>9.0</ele></trkpt>
     <trkpt lat="34.024712" lon="-118.834629"><ele>8.0</ele></trkpt>
     <trkpt lat="34.023902" lon="-118.833230"><ele>7.0</ele></trkpt>
     <trkpt lat="34.023005" lon="-118.831537"><ele>14.0</ele></trkpt>
     <trkpt lat="34.022292" lon="-118.830448"><ele>12.0</ele></trkpt>
     <trkpt lat="34.020849" lon="-118.828715"><ele>12.3</ele></trkpt>
     <trkpt lat="34.019405" lon="-118.826982"><ele>12.7</ele></trkpt>
     <trkpt lat="34.017962" lon="-118.825249"><ele>13.0</ele></trkpt>
     <trkpt lat="34.017427" lon="-118.824503"><ele>12.8</ele></trkpt>
     <trkpt lat="34.017088" lon="-118.823853"><ele>13.8</ele></trkpt>
     <trkpt lat="34.016877" lon="-118.823339"><ele>14.5</ele></trkpt>
     <trkpt lat="34.016726" lon="-118.822919"><ele>12.5</ele></trkpt>
     <trkpt lat="34.016517" lon="-118.822090"><ele>10.2</ele></trkpt>
     <trkpt lat="34.016398" lon="-118.821160"><ele>9.5</ele></trkpt>
     <trkpt lat="34.016349" lon="-118.819350"><ele>11.5</ele></trkpt>
     <trkpt lat="34.016298" lon="-118.819220"><ele>11.0</ele></trkpt>
     <trkpt lat="34.016193" lon="-118.819157"><ele>10.0</ele></trkpt>
     <trkpt lat="34.016118" lon="-118.819200"><ele>9.2</ele></trkpt>
     <trkpt lat="34.016031" lon="-118.819396"><ele>9.0</ele></trkpt>
     <trkpt lat="34.016067" lon="-118.819649"><ele>9.5</ele></trkpt>
     <trkpt lat="34.015999" lon="-118.819768"><ele>9.2</ele></trkpt>
     <trkpt lat="34.016069" lon="-118.820396"><ele>8.8</ele></trkpt>
     <trkpt lat="34.016007" lon="-118.820455"><ele>8.0</ele></trkpt>
     <trkpt lat="34.015663" lon="-118.820539"><ele>5.8</ele></trkpt>
     <trkpt lat="34.016079" lon="-118.822485"><ele>11.0</ele></trkpt>
     <trkpt lat="34.016268" lon="-118.823162"><ele>10.0</ele></trkpt>
     <trkpt lat="34.016600" lon="-118.824039"><ele>7.0</ele></trkpt>
     <trkpt lat="34.017221" lon="-118.825146"><ele>5.5</ele></trkpt>
     <trkpt lat="34.017575" lon="-118.825633"><ele>5.5</ele></trkpt>
     <trkpt lat="34.019374" lon="-118.827777"><ele>4.8</ele></trkpt>
     <trkpt lat="34.021173" lon="-118.829922"><ele>4.0</ele></trkpt>
     <trkpt lat="34.021520" lon="-118.830425"><ele>3.0</ele></trkpt>
     <trkpt lat="34.021626" lon="-118.830487"><ele>3.0</ele></trkpt>
     <trkpt lat="34.021764" lon="-118.830663"><ele>6.0</ele></trkpt>
     <trkpt lat="34.021626" lon="-118.830487"><ele>3.0</ele></trkpt>
     <trkpt lat="34.021520" lon="-118.830425"><ele>3.0</ele></trkpt>
     <trkpt lat="34.021173" lon="-118.829922"><ele>4.0</ele></trkpt>
     <trkpt lat="34.019374" lon="-118.827777"><ele>4.9</ele></trkpt>
     <trkpt lat="34.017575" lon="-118.825633"><ele>5.8</ele></trkpt>
     <trkpt lat="34.017046" lon="-118.824878"><ele>6.0</ele></trkpt>
     <trkpt lat="34.016818" lon="-118.824464"><ele>6.0</ele></trkpt>
     <trkpt lat="34.016600" lon="-118.824039"><ele>7.0</ele></trkpt>
     <trkpt lat="34.016268" lon="-118.823162"><ele>10.0</ele></trkpt>
     <trkpt lat="34.016079" lon="-118.822485"><ele>11.0</ele></trkpt>
     <trkpt lat="34.015663" lon="-118.820539"><ele>5.8</ele></trkpt>
     <trkpt lat="34.016007" lon="-118.820455"><ele>8.0</ele></trkpt>
     <trkpt lat="34.015598" lon="-118.819340"><ele>7.2</ele></trkpt>
     <trkpt lat="34.015246" lon="-118.818541"><ele>13.2</ele></trkpt>
     <trkpt lat="34.015418" lon="-118.818453"><ele>13.0</ele></trkpt>
     <trkpt lat="34.015583" lon="-118.818296"><ele>13.2</ele></trkpt>
     <trkpt lat="34.016748" lon="-118.816708"><ele>21.8</ele></trkpt>
     <trkpt lat="34.016895" lon="-118.816591"><ele>21.8</ele></trkpt>
     <trkpt lat="34.016983" lon="-118.816571"><ele>21.0</ele></trkpt>
     <trkpt lat="34.017095" lon="-118.816596"><ele>19.8</ele></trkpt>
     <trkpt lat="34.017169" lon="-118.816685"><ele>18.5</ele></trkpt>
     <trkpt lat="34.017527" lon="-118.815888"><ele>19.5</ele></trkpt>
     <trkpt lat="34.018002" lon="-118.815155"><ele>25.2</ele></trkpt>
     <trkpt lat="34.019469" lon="-118.813266"><ele>40.5</ele></trkpt>
     <trkpt lat="34.020935" lon="-118.811377"><ele>55.8</ele></trkpt>
     <trkpt lat="34.021397" lon="-118.810626"><ele>58.5</ele></trkpt>
     <trkpt lat="34.022104" lon="-118.808693"><ele>64.2</ele></trkpt>
     <trkpt lat="34.022250" lon="-118.807964"><ele>65.2</ele></trkpt>
     <trkpt lat="34.022330" lon="-118.807061"><ele>65.0</ele></trkpt>
     <trkpt lat="34.022289" lon="-118.805874"><ele>62.2</ele></trkpt>
     <trkpt lat="34.022181" lon="-118.805126"><ele>61.0</ele></trkpt>
     <trkpt lat="34.021901" lon="-118.803989"><ele>62.8</ele></trkpt>
     <trkpt lat="34.021326" lon="-118.801947"><ele>56.9</ele></trkpt>
     <trkpt lat="34.020751" lon="-118.799905"><ele>51.0</ele></trkpt>
     <trkpt lat="34.020574" lon="-118.799085"><ele>45.2</ele></trkpt>
     <trkpt lat="34.020455" lon="-118.798228"><ele>45.0</ele></trkpt>
     <trkpt lat="34.020426" lon="-118.797598"><ele>46.8</ele></trkpt>
     <trkpt lat="34.020474" lon="-118.796300"><ele>43.8</ele></trkpt>
     <trkpt lat="34.020579" lon="-118.795601"><ele>40.8</ele></trkpt>
     <trkpt lat="34.020764" lon="-118.794814"><ele>40.0</ele></trkpt>
     <trkpt lat="34.021028" lon="-118.794009"><ele>40.0</ele></trkpt>
     <trkpt lat="34.021857" lon="-118.792058"><ele>39.1</ele></trkpt>
     <trkpt lat="34.022685" lon="-118.790107"><ele>38.2</ele></trkpt>
     <trkpt lat="34.023514" lon="-118.788156"><ele>37.2</ele></trkpt>
     <trkpt lat="34.024257" lon="-118.786264"><ele>39.2</ele></trkpt>
     <trkpt lat="34.025043" lon="-118.783353"><ele>43.5</ele></trkpt>
     <trkpt lat="34.025656" lon="-118.780869"><ele>44.5</ele></trkpt>
     <trkpt lat="34.025829" lon="-118.779957"><ele>43.8</ele></trkpt>
     <trkpt lat="34.025912" lon="-118.779275"><ele>43.2</ele></trkpt>
     <trkpt lat="34.025962" lon="-118.778102"><ele>40.8</ele></trkpt>
     <trkpt lat="34.025828" lon="-118.776030"><ele>34.8</ele></trkpt>
     <trkpt lat="34.025722" lon="-118.775135"><ele>39.8</ele></trkpt>
     <trkpt lat="34.025545" lon="-118.772498"><ele>34.5</ele></trkpt>
     <trkpt lat="34.025533" lon="-118.771856"><ele>35.2</ele></trkpt>
     <trkpt lat="34.025635" lon="-118.768797"><ele>25.6</ele></trkpt>
     <trkpt lat="34.025738" lon="-118.765738"><ele>16.0</ele></trkpt>
     <trkpt lat="34.025895" lon="-118.764380"><ele>12.5</ele></trkpt>
     <trkpt lat="34.026198" lon="-118.762814"><ele>19.2</ele></trkpt>
     <trkpt lat="34.026615" lon="-118.761432"><ele>31.0</ele></trkpt>
     <trkpt lat="34.027066" lon="-118.760318"><ele>39.0</ele></trkpt>
     <trkpt lat="34.027650" lon="-118.759139"><ele>42.5</ele></trkpt>
     <trkpt lat="34.028783" lon="-118.757167"><ele>48.5</ele></trkpt>
     <trkpt lat="34.029510" lon="-118.755787"><ele>45.5</ele></trkpt>
     <trkpt lat="34.030202" lon="-118.754030"><ele>31.2</ele></trkpt>
     <trkpt lat="34.030490" lon="-118.753047"><ele>26.5</ele></trkpt>
     <trkpt lat="34.031089" lon="-118.750329"><ele>29.8</ele></trkpt>
     <trkpt lat="34.031319" lon="-118.749456"><ele>28.5</ele></trkpt>
     <trkpt lat="34.032156" lon="-118.747009"><ele>25.5</ele></trkpt>
     <trkpt lat="34.032448" lon="-118.745926"><ele>23.5</ele></trkpt>
     <trkpt lat="34.033010" lon="-118.743384"><ele>20.8</ele></trkpt>
     <trkpt lat="34.033190" lon="-118.742212"><ele>19.5</ele></trkpt>
     <trkpt lat="34.033323" lon="-118.739758"><ele>17.5</ele></trkpt>
     <trkpt lat="34.033457" lon="-118.737305"><ele>15.5</ele></trkpt>
     <trkpt lat="34.033430" lon="-118.735765"><ele>12.5</ele></trkpt>
     <trkpt lat="34.033316" lon="-118.732964"><ele>15.0</ele></trkpt>
     <trkpt lat="34.033332" lon="-118.732373"><ele>18.2</ele></trkpt>
     <trkpt lat="34.033672" lon="-118.729559"><ele>31.9</ele></trkpt>
     <trkpt lat="34.034012" lon="-118.726745"><ele>45.5</ele></trkpt>
     <trkpt lat="34.034086" lon="-118.725561"><ele>45.8</ele></trkpt>
     <trkpt lat="34.034015" lon="-118.723206"><ele>47.8</ele></trkpt>
     <trkpt lat="34.033944" lon="-118.720852"><ele>49.9</ele></trkpt>
     <trkpt lat="34.033873" lon="-118.718497"><ele>52.0</ele></trkpt>
     <trkpt lat="34.033763" lon="-118.715955"><ele>48.8</ele></trkpt>
     <trkpt lat="34.033779" lon="-118.715066"><ele>46.5</ele></trkpt>
     <trkpt lat="34.034009" lon="-118.712055"><ele>43.4</ele></trkpt>
     <trkpt lat="34.034239" lon="-118.709043"><ele>40.2</ele></trkpt>
     <trkpt lat="34.034469" lon="-118.706032"><ele>37.1</ele></trkpt>
     <trkpt lat="34.034699" lon="-118.703021"><ele>34.0</ele></trkpt>
     <trkpt lat="34.034929" lon="-118.700009"><ele>30.9</ele></trkpt>
     <trkpt lat="34.035159" lon="-118.696998"><ele>27.8</ele></trkpt>
     <trkpt lat="34.035145" lon="-118.695797"><ele>25.0</ele></trkpt>
     <trkpt lat="34.034883" lon="-118.693477"><ele>16.5</ele></trkpt>
     <trkpt lat="34.034621" lon="-118.691157"><ele>8.0</ele></trkpt>
     <trkpt lat="34.035780" lon="-118.691563"><ele>7.8</ele></trkpt>
     <trkpt lat="34.036063" lon="-118.690236"><ele>7.0</ele></trkpt>
     <trkpt lat="34.035925" lon="-118.690184"><ele>6.5</ele></trkpt>
     <trkpt lat="34.035902" lon="-118.690015"><ele>6.2</ele></trkpt>
     <trkpt lat="34.035751" lon="-118.689898"><ele>6.2</ele></trkpt>
     <trkpt lat="34.035489" lon="-118.689579"><ele>7.2</ele></trkpt>
     <trkpt lat="34.035751" lon="-118.689898"><ele>6.2</ele></trkpt>
     <trkpt lat="34.035902" lon="-118.690015"><ele>6.2</ele></trkpt>
     <trkpt lat="34.035925" lon="-118.690184"><ele>6.5</ele></trkpt>
     <trkpt lat="34.036063" lon="-118.690236"><ele>7.0</ele></trkpt>
     <trkpt lat="34.036717" lon="-118.687098"><ele>7.8</ele></trkpt>
     <trkpt lat="34.036880" lon="-118.685610"><ele>8.8</ele></trkpt>
     <trkpt lat="34.036308" lon="-118.685510"><ele>8.5</ele></trkpt>
     <trkpt lat="34.035978" lon="-118.685403"><ele>8.0</ele></trkpt>
     <trkpt lat="34.035328" lon="-118.685354"><ele>8.0</ele></trkpt>
     <trkpt lat="34.034505" lon="-118.685197"><ele>8.8</ele></trkpt>
     <trkpt lat="34.034323" lon="-118.685209"><ele>9.0</ele></trkpt>
     <trkpt lat="34.034404" lon="-118.684892"><ele>8.5</ele></trkpt>
     <trkpt lat="34.034571" lon="-118.683201"><ele>8.6</ele></trkpt>
     <trkpt lat="34.034738" lon="-118.681510"><ele>8.8</ele></trkpt>
     <trkpt lat="34.034812" lon="-118.681151"><ele>9.5</ele></trkpt>
     <trkpt lat="34.035068" lon="-118.680333"><ele>13.8</ele></trkpt>
     <trkpt lat="34.035495" lon="-118.679480"><ele>17.2</ele></trkpt>
     <trkpt lat="34.035916" lon="-118.678906"><ele>16.0</ele></trkpt>
     <trkpt lat="34.036888" lon="-118.677753"><ele>17.0</ele></trkpt>
     <trkpt lat="34.037397" lon="-118.676960"><ele>14.0</ele></trkpt>
     <trkpt lat="34.037777" lon="-118.676163"><ele>13.0</ele></trkpt>
     <trkpt lat="34.038798" lon="-118.673463"><ele>16.5</ele></trkpt>
     <trkpt lat="34.038975" lon="-118.672889"><ele>15.2</ele></trkpt>
     <trkpt lat="34.039202" lon="-118.671928"><ele>13.8</ele></trkpt>
     <trkpt lat="34.039366" lon="-118.670757"><ele>12.2</ele></trkpt>
     <trkpt lat="34.039518" lon="-118.668018"><ele>12.1</ele></trkpt>
     <trkpt lat="34.039670" lon="-118.665280"><ele>12.0</ele></trkpt>
     <trkpt lat="34.039672" lon="-118.664197"><ele>14.5</ele></trkpt>
     <trkpt lat="34.039597" lon="-118.662783"><ele>15.8</ele></trkpt>
     <trkpt lat="34.039363" lon="-118.660287"><ele>14.2</ele></trkpt>
     <trkpt lat="34.039129" lon="-118.657790"><ele>12.6</ele></trkpt>
     <trkpt lat="34.038895" lon="-118.655294"><ele>11.0</ele></trkpt>
     <trkpt lat="34.038771" lon="-118.654308"><ele>10.5</ele></trkpt>
     <trkpt lat="34.038428" lon="-118.652213"><ele>9.9</ele></trkpt>
     <trkpt lat="34.038086" lon="-118.650118"><ele>9.2</ele></trkpt>
     <trkpt lat="34.038025" lon="-118.649570"><ele>9.8</ele></trkpt>
     <trkpt lat="34.038079" lon="-118.648738"><ele>12.0</ele></trkpt>
     <trkpt lat="34.038469" lon="-118.647342"><ele>15.2</ele></trkpt>
     <trkpt lat="34.038586" lon="-118.646712"><ele>15.2</ele></trkpt>
     <trkpt lat="34.038645" lon="-118.645946"><ele>15.0</ele></trkpt>
     <trkpt lat="34.038623" lon="-118.645183"><ele>14.5</ele></trkpt>
     <trkpt lat="34.038507" lon="-118.644356"><ele>14.0</ele></trkpt>
     <trkpt lat="34.038141" lon="-118.642486"><ele>14.0</ele></trkpt>
     <trkpt lat="34.037775" lon="-118.640616"><ele>14.0</ele></trkpt>
     <trkpt lat="34.037143" lon="-118.637972"><ele>10.2</ele></trkpt>
     <trkpt lat="34.036931" lon="-118.636421"><ele>11.2</ele></trkpt>
     <trkpt lat="34.036936" lon="-118.635645"><ele>13.2</ele></trkpt>
     <trkpt lat="34.037261" lon="-118.634273"><ele>16.5</ele></trkpt>
     <trkpt lat="34.037614" lon="-118.631510"><ele>22.8</ele></trkpt>
     <trkpt lat="34.037605" lon="-118.630669"><ele>22.5</ele></trkpt>
     <trkpt lat="34.037375" lon="-118.628704"><ele>21.0</ele></trkpt>
     <trkpt lat="34.037339" lon="-118.627869"><ele>20.5</ele></trkpt>
     <trkpt lat="34.037354" lon="-118.627262"><ele>20.0</ele></trkpt>
     <trkpt lat="34.037578" lon="-118.626108"><ele>19.2</ele></trkpt>
     <trkpt lat="34.037936" lon="-118.625143"><ele>21.5</ele></trkpt>
     <trkpt lat="34.038079" lon="-118.624556"><ele>23.0</ele></trkpt>
     <trkpt lat="34.038154" lon="-118.623577"><ele>21.5</ele></trkpt>
     <trkpt lat="34.038165" lon="-118.622668"><ele>24.5</ele></trkpt>
     <trkpt lat="34.037853" lon="-118.619832"><ele>24.2</ele></trkpt>
     <trkpt lat="34.037541" lon="-118.616995"><ele>23.8</ele></trkpt>
     <trkpt lat="34.037229" lon="-118.614159"><ele>23.5</ele></trkpt>
     <trkpt lat="34.037182" lon="-118.613435"><ele>20.0</ele></trkpt>
     <trkpt lat="34.037176" lon="-118.612358"><ele>20.0</ele></trkpt>
     <trkpt lat="34.037099" lon="-118.611824"><ele>22.0</ele></trkpt>
     <trkpt lat="34.036891" lon="-118.610951"><ele>20.0</ele></trkpt>
     <trkpt lat="34.036843" lon="-118.610626"><ele>19.0</ele></trkpt>
     <trkpt lat="34.036837" lon="-118.610065"><ele>18.2</ele></trkpt>
     <trkpt lat="34.036943" lon="-118.609305"><ele>17.5</ele></trkpt>
     <trkpt lat="34.037012" lon="-118.609034"><ele>18.2</ele></trkpt>
     <trkpt lat="34.037208" lon="-118.608542"><ele>19.8</ele></trkpt>
     <trkpt lat="34.037495" lon="-118.608059"><ele>21.5</ele></trkpt>
     <trkpt lat="34.038105" lon="-118.607273"><ele>23.5</ele></trkpt>
     <trkpt lat="34.038404" lon="-118.606658"><ele>24.8</ele></trkpt>
     <trkpt lat="34.039177" lon="-118.604504"><ele>24.8</ele></trkpt>
     <trkpt lat="34.039375" lon="-118.603765"><ele>26.2</ele></trkpt>
     <trkpt lat="34.039442" lon="-118.603352"><ele>23.0</ele></trkpt>
     <trkpt lat="34.039450" lon="-118.602963"><ele>23.2</ele></trkpt>
     <trkpt lat="34.039369" lon="-118.601451"><ele>20.0</ele></trkpt>
     <trkpt lat="34.039374" lon="-118.600726"><ele>19.8</ele></trkpt>
     <trkpt lat="34.039471" lon="-118.598848"><ele>17.1</ele></trkpt>
     <trkpt lat="34.039568" lon="-118.596969"><ele>14.5</ele></trkpt>
     <trkpt lat="34.039666" lon="-118.596404"><ele>15.8</ele></trkpt>
     <trkpt lat="34.039944" lon="-118.595353"><ele>19.8</ele></trkpt>
     <trkpt lat="34.040000" lon="-118.594875"><ele>17.8</ele></trkpt>
     <trkpt lat="34.039904" lon="-118.593420"><ele>16.5</ele></trkpt>
     <trkpt lat="34.039967" lon="-118.592203"><ele>19.0</ele></trkpt>
     <trkpt lat="34.039903" lon="-118.591601"><ele>18.8</ele></trkpt>
     <trkpt lat="34.039457" lon="-118.589465"><ele>15.0</ele></trkpt>
     <trkpt lat="34.039370" lon="-118.587955"><ele>19.8</ele></trkpt>
     <trkpt lat="34.038805" lon="-118.585561"><ele>19.0</ele></trkpt>
     <trkpt lat="34.038768" lon="-118.585225"><ele>19.2</ele></trkpt>
     <trkpt lat="34.038780" lon="-118.584670"><ele>18.5</ele></trkpt>
     <trkpt lat="34.038936" lon="-118.583884"><ele>15.5</ele></trkpt>
     <trkpt lat="34.039448" lon="-118.582152"><ele>16.0</ele></trkpt>
     <trkpt lat="34.039960" lon="-118.580419"><ele>16.5</ele></trkpt>
     <trkpt lat="34.040096" lon="-118.579724"><ele>17.2</ele></trkpt>
     <trkpt lat="34.040109" lon="-118.579303"><ele>16.5</ele></trkpt>
     <trkpt lat="34.040071" lon="-118.579202"><ele>16.2</ele></trkpt>
     <trkpt lat="34.040040" lon="-118.577735"><ele>19.2</ele></trkpt>
     <trkpt lat="34.039912" lon="-118.576806"><ele>20.5</ele></trkpt>
     <trkpt lat="34.039914" lon="-118.576300"><ele>21.2</ele></trkpt>
     <trkpt lat="34.039983" lon="-118.575876"><ele>21.8</ele></trkpt>
     <trkpt lat="34.040082" lon="-118.575562"><ele>22.2</ele></trkpt>
     <trkpt lat="34.040266" lon="-118.575179"><ele>22.0</ele></trkpt>
     <trkpt lat="34.040795" lon="-118.574354"><ele>21.0</ele></trkpt>
     <trkpt lat="34.041234" lon="-118.573540"><ele>20.2</ele></trkpt>
     <trkpt lat="34.041759" lon="-118.572174"><ele>17.8</ele></trkpt>
     <trkpt lat="34.041925" lon="-118.571568"><ele>16.5</ele></trkpt>
     <trkpt lat="34.041992" lon="-118.571136"><ele>15.5</ele></trkpt>
     <trkpt lat="34.042045" lon="-118.570306"><ele>13.8</ele></trkpt>
     <trkpt lat="34.042036" lon="-118.569808"><ele>12.8</ele></trkpt>
     <trkpt lat="34.041792" lon="-118.567830"><ele>10.5</ele></trkpt>
     <trkpt lat="34.041395" lon="-118.565482"><ele>14.5</ele></trkpt>
     <trkpt lat="34.041334" lon="-118.564202"><ele>15.0</ele></trkpt>
     <trkpt lat="34.041212" lon="-118.563545"><ele>16.8</ele></trkpt>
     <trkpt lat="34.041056" lon="-118.563113"><ele>16.8</ele></trkpt>
     <trkpt lat="34.040544" lon="-118.562040"><ele>15.5</ele></trkpt>
     <trkpt lat="34.040116" lon="-118.560622"><ele>14.8</ele></trkpt>
     <trkpt lat="34.039560" lon="-118.559002"><ele>19.8</ele></trkpt>
     <trkpt lat="34.038942" lon="-118.557634"><ele>19.2</ele></trkpt>
     <trkpt lat="34.038882" lon="-118.557592"><ele>18.5</ele></trkpt>
     <trkpt lat="34.038702" lon="-118.557113"><ele>17.0</ele></trkpt>
     <trkpt lat="34.038605" lon="-118.556810"><ele>15.8</ele></trkpt>
     <trkpt lat="34.038496" lon="-118.556256"><ele>12.5</ele></trkpt>
     <trkpt lat="34.038434" lon="-118.555376"><ele>9.2</ele></trkpt>
     <trkpt lat="34.038514" lon="-118.554440"><ele>9.8</ele></trkpt>
     <trkpt lat="34.038841" lon="-118.552814"><ele>14.2</ele></trkpt>
     <trkpt lat="34.039320" lon="-118.550987"><ele>17.2</ele></trkpt>
     <trkpt lat="34.039500" lon="-118.550070"><ele>13.2</ele></trkpt>
     <trkpt lat="34.039395" lon="-118.548160"><ele>16.0</ele></trkpt>
     <trkpt lat="34.039570" lon="-118.546655"><ele>18.0</ele></trkpt>
     <trkpt lat="34.039609" lon="-118.545854"><ele>16.0</ele></trkpt>
     <trkpt lat="34.039546" lon="-118.545041"><ele>15.5</ele></trkpt>
     <trkpt lat="34.039419" lon="-118.544409"><ele>15.8</ele></trkpt>
     <trkpt lat="34.039050" lon="-118.543230"><ele>14.5</ele></trkpt>
     <trkpt lat="34.038901" lon="-118.542445"><ele>13.8</ele></trkpt>
     <trkpt lat="34.038693" lon="-118.541690"><ele>13.0</ele></trkpt>
     <trkpt lat="34.038354" lon="-118.540767"><ele>12.2</ele></trkpt>
     <trkpt lat="34.037235" lon="-118.538661"><ele>16.2</ele></trkpt>
     <trkpt lat="34.035915" lon="-118.535931"><ele>13.0</ele></trkpt>
     <trkpt lat="34.035549" lon="-118.536188"><ele>9.2</ele></trkpt>
     <trkpt lat="34.035484" lon="-118.536166"><ele>9.0</ele></trkpt>
     <trkpt lat="34.034773" lon="-118.534985"><ele>6.5</ele></trkpt>
     <trkpt lat="34.034462" lon="-118.534301"><ele>9.0</ele></trkpt>
     <trkpt lat="34.033641" lon="-118.532308"><ele>8.8</ele></trkpt>
     <trkpt lat="34.032821" lon="-118.530316"><ele>8.5</ele></trkpt>
     <trkpt lat="34.032000" lon="-118.528323"><ele>8.2</ele></trkpt>
     <trkpt lat="34.031784" lon="-118.527382"><ele>8.2</ele></trkpt>
     <trkpt lat="34.031478" lon="-118.527067"><ele>6.8</ele></trkpt>
     <trkpt lat="34.031094" lon="-118.526211"><ele>9.5</ele></trkpt>
     <trkpt lat="34.030810" lon="-118.525231"><ele>11.2</ele></trkpt>
     <trkpt lat="34.030796" lon="-118.525070"><ele>12.0</ele></trkpt>
     <trkpt lat="34.030861" lon="-118.524871"><ele>15.0</ele></trkpt>
     <trkpt lat="34.030853" lon="-118.524710"><ele>16.5</ele></trkpt>
     <trkpt lat="34.029929" lon="-118.523071"><ele>15.1</ele></trkpt>
     <trkpt lat="34.029005" lon="-118.521432"><ele>13.8</ele></trkpt>
     <trkpt lat="34.028402" lon="-118.520558"><ele>10.5</ele></trkpt>
     <trkpt lat="34.027912" lon="-118.520099"><ele>7.2</ele></trkpt>
     <trkpt lat="34.027859" lon="-118.519931"><ele>7.2</ele></trkpt>
     <trkpt lat="34.027917" lon="-118.519652"><ele>7.8</ele></trkpt>
     <trkpt lat="34.027871" lon="-118.519506"><ele>7.2</ele></trkpt>
     <trkpt lat="34.027468" lon="-118.519026"><ele>5.8</ele></trkpt>
     <trkpt lat="34.027248" lon="-118.518825"><ele>6.0</ele></trkpt>
     <trkpt lat="34.026829" lon="-118.518772"><ele>4.8</ele></trkpt>
     <trkpt lat="34.026680" lon="-118.518694"><ele>4.8</ele></trkpt>
     <trkpt lat="34.026039" lon="-118.517602"><ele>6.0</ele></trkpt>
     <trkpt lat="34.024505" lon="-118.515404"><ele>8.8</ele></trkpt>
     <trkpt lat="34.024079" lon="-118.514573"><ele>7.8</ele></trkpt>
     <trkpt lat="34.023571" lon="-118.513242"><ele>7.0</ele></trkpt>
     <trkpt lat="34.023451" lon="-118.513006"><ele>6.8</ele></trkpt>
     <trkpt lat="34.023264" lon="-118.512773"><ele>6.2</ele></trkpt>
     <trkpt lat="34.022765" lon="-118.512453"><ele>5.8</ele></trkpt>
     <trkpt lat="34.022558" lon="-118.512235"><ele>6.2</ele></trkpt>
     <trkpt lat="34.021716" lon="-118.510683"><ele>6.8</ele></trkpt>
     <trkpt lat="34.020874" lon="-118.509131"><ele>7.2</ele></trkpt>
     <trkpt lat="34.020638" lon="-118.508868"><ele>6.5</ele></trkpt>
     <trkpt lat="34.020232" lon="-118.508608"><ele>6.2</ele></trkpt>
     <trkpt lat="34.019783" lon="-118.508088"><ele>4.8</ele></trkpt>
     <trkpt lat="34.019362" lon="-118.507726"><ele>-3.0</ele></trkpt>
     <trkpt lat="34.019061" lon="-118.507339"><ele>-5.8</ele></trkpt>
     <trkpt lat="34.018620" lon="-118.506404"><ele>1.2</ele></trkpt>
     <trkpt lat="34.017384" lon="-118.505209"><ele>0.5</ele></trkpt>
     <trkpt lat="34.017015" lon="-118.504759"><ele>1.5</ele></trkpt>
     <trkpt lat="34.016894" lon="-118.504555"><ele>1.5</ele></trkpt>
     <trkpt lat="34.016818" lon="-118.504326"><ele>2.0</ele></trkpt>
     <trkpt lat="34.016795" lon="-118.504052"><ele>3.2</ele></trkpt>
     <trkpt lat="34.016852" lon="-118.503552"><ele>6.2</ele></trkpt>
     <trkpt lat="34.016754" lon="-118.503115"><ele>9.0</ele></trkpt>
     <trkpt lat="34.015234" lon="-118.501310"><ele>9.8</ele></trkpt>
     <trkpt lat="34.015054" lon="-118.501017"><ele>8.8</ele></trkpt>
     <trkpt lat="34.013782" lon="-118.499623"><ele>9.0</ele></trkpt>
     <trkpt lat="34.012509" lon="-118.498229"><ele>9.2</ele></trkpt>
     <trkpt lat="34.012260" lon="-118.498049"><ele>8.8</ele></trkpt>
     <trkpt lat="34.011909" lon="-118.497947"><ele>7.0</ele></trkpt>
     <trkpt lat="34.011608" lon="-118.497999"><ele>5.5</ele></trkpt>
     <trkpt lat="34.011334" lon="-118.498180"><ele>4.0</ele></trkpt>
     <trkpt lat="34.010890" lon="-118.498750"><ele>4.0</ele></trkpt>
     <trkpt lat="34.010773" lon="-118.498812"><ele>4.0</ele></trkpt>
     <trkpt lat="34.010626" lon="-118.498809"><ele>3.5</ele></trkpt>
     <trkpt lat="34.010518" lon="-118.498731"><ele>3.0</ele></trkpt>
     <trkpt lat="34.010327" lon="-118.498378"><ele>2.5</ele></trkpt>
     <trkpt lat="34.010036" lon="-118.497594"><ele>5.5</ele></trkpt>
     <trkpt lat="34.009941" lon="-118.497152"><ele>6.8</ele></trkpt>
     <trkpt lat="34.009854" lon="-118.496965"><ele>7.5</ele></trkpt>
     <trkpt lat="34.009771" lon="-118.497072"><ele>7.5</ele></trkpt>
     <trkpt lat="34.009830" lon="-118.497174"><ele>7.0</ele></trkpt>
     <trkpt lat="34.009646" lon="-118.496922"><ele>8.0</ele></trkpt>
     <trkpt lat="34.009676" lon="-118.496885"><ele>8.0</ele></trkpt>
     <trkpt lat="34.009463" lon="-118.496636"><ele>8.5</ele></trkpt>
     <trkpt lat="34.009120" lon="-118.497060"><ele>8.2</ele></trkpt>
     <trkpt lat="34.009140" lon="-118.497087"><ele>8.5</ele></trkpt>
     <trkpt lat="34.009087" lon="-118.497160"><ele>8.0</ele></trkpt>
     <trkpt lat="34.008946" lon="-118.497163"><ele>6.5</ele></trkpt>
     <trkpt lat="34.008858" lon="-118.497258"><ele>5.5</ele></trkpt>
     <trkpt lat="34.008946" lon="-118.497163"><ele>6.5</ele></trkpt>
     <trkpt lat="34.009087" lon="-118.497160"><ele>8.0</ele></trkpt>
     <trkpt lat="34.009140" lon="-118.497087"><ele>8.5</ele></trkpt>
     <trkpt lat="34.009120" lon="-118.497060"><ele>8.2</ele></trkpt>
     <trkpt lat="34.009463" lon="-118.496636"><ele>8.5</ele></trkpt>
     <trkpt lat="34.009676" lon="-118.496885"><ele>8.0</ele></trkpt>
     <trkpt lat="34.009646" lon="-118.496922"><ele>8.0</ele></trkpt>
     <trkpt lat="34.009830" lon="-118.497174"><ele>7.0</ele></trkpt>
     <trkpt lat="34.009771" lon="-118.497072"><ele>7.5</ele></trkpt>
     <trkpt lat="34.009854" lon="-118.496965"><ele>7.5</ele></trkpt>
     <trkpt lat="34.009224" lon="-118.496271"><ele>8.0</ele></trkpt>
     <trkpt lat="34.008918" lon="-118.496067"><ele>5.2</ele></trkpt>
     <trkpt lat="34.008840" lon="-118.495947"><ele>4.2</ele></trkpt>
     <trkpt lat="34.008754" lon="-118.495646"><ele>4.2</ele></trkpt>
     <trkpt lat="34.008440" lon="-118.495297"><ele>5.2</ele></trkpt>
     <trkpt lat="34.007605" lon="-118.493426"><ele>10.5</ele></trkpt>
     <trkpt lat="34.007306" lon="-118.493173"><ele>10.5</ele></trkpt>
     <trkpt lat="34.006932" lon="-118.492735"><ele>8.8</ele></trkpt>
     <trkpt lat="34.006424" lon="-118.492476"><ele>6.2</ele></trkpt>
     <trkpt lat="34.006019" lon="-118.492042"><ele>6.5</ele></trkpt>
     <trkpt lat="34.005871" lon="-118.491814"><ele>6.5</ele></trkpt>
     <trkpt lat="34.005617" lon="-118.491649"><ele>5.8</ele></trkpt>
     <trkpt lat="34.004126" lon="-118.490166"><ele>6.9</ele></trkpt>
     <trkpt lat="34.002634" lon="-118.488683"><ele>8.0</ele></trkpt>
     <trkpt lat="34.002175" lon="-118.488391"><ele>7.2</ele></trkpt>
     <trkpt lat="34.001263" lon="-118.487543"><ele>8.2</ele></trkpt>
     <trkpt lat="34.001152" lon="-118.487279"><ele>8.2</ele></trkpt>
     <trkpt lat="34.000928" lon="-118.487012"><ele>7.8</ele></trkpt>
     <trkpt lat="34.000918" lon="-118.486874"><ele>8.2</ele></trkpt>
     <trkpt lat="34.001001" lon="-118.486640"><ele>9.8</ele></trkpt>
     <trkpt lat="34.000981" lon="-118.486512"><ele>9.8</ele></trkpt>
     <trkpt lat="34.000470" lon="-118.485993"><ele>7.2</ele></trkpt>
     <trkpt lat="34.000282" lon="-118.485958"><ele>6.0</ele></trkpt>
     <trkpt lat="34.000035" lon="-118.486141"><ele>4.8</ele></trkpt>
     <trkpt lat="33.999852" lon="-118.486057"><ele>5.0</ele></trkpt>
     <trkpt lat="33.999706" lon="-118.486106"><ele>5.8</ele></trkpt>
     <trkpt lat="33.999608" lon="-118.486093"><ele>6.0</ele></trkpt>
     <trkpt lat="33.998549" lon="-118.485082"><ele>3.8</ele></trkpt>
     <trkpt lat="33.997490" lon="-118.484071"><ele>1.5</ele></trkpt>
     <trkpt lat="33.997469" lon="-118.483985"><ele>2.0</ele></trkpt>
     <trkpt lat="33.997500" lon="-118.483821"><ele>3.5</ele></trkpt>
     <trkpt lat="33.997755" lon="-118.483353"><ele>4.0</ele></trkpt>
     <trkpt lat="33.997748" lon="-118.483230"><ele>4.8</ele></trkpt>
     <trkpt lat="33.997691" lon="-118.483103"><ele>5.0</ele></trkpt>
     <trkpt lat="33.997240" lon="-118.482700"><ele>5.8</ele></trkpt>
     <trkpt lat="33.996875" lon="-118.482716"><ele>6.2</ele></trkpt>
     <trkpt lat="33.996645" lon="-118.482615"><ele>6.5</ele></trkpt>
     <trkpt lat="33.996529" lon="-118.482440"><ele>6.8</ele></trkpt>
     <trkpt lat="33.996439" lon="-118.482127"><ele>7.2</ele></trkpt>
     <trkpt lat="33.995919" lon="-118.481640"><ele>8.2</ele></trkpt>
     <trkpt lat="33.995853" lon="-118.481622"><ele>8.0</ele></trkpt>
     <trkpt lat="33.995835" lon="-118.481516"><ele>8.2</ele></trkpt>
     <trkpt lat="33.997438" lon="-118.479015"><ele>14.2</ele></trkpt>
     <trkpt lat="33.996214" lon="-118.477815"><ele>13.2</ele></trkpt>
     <trkpt lat="33.994457" lon="-118.476322"><ele>10.8</ele></trkpt>
     <trkpt lat="33.993324" lon="-118.475057"><ele>10.0</ele></trkpt>
     <trkpt lat="33.992314" lon="-118.474139"><ele>8.2</ele></trkpt>
     <trkpt lat="33.992439" lon="-118.473911"><ele>7.8</ele></trkpt>
     <trkpt lat="33.992445" lon="-118.473721"><ele>7.5</ele></trkpt>
     <trkpt lat="33.991837" lon="-118.470670"><ele>5.2</ele></trkpt>
     <trkpt lat="33.991292" lon="-118.468536"><ele>5.4</ele></trkpt>
     <trkpt lat="33.990748" lon="-118.466403"><ele>5.6</ele></trkpt>
     <trkpt lat="33.990203" lon="-118.464269"><ele>5.8</ele></trkpt>
     <trkpt lat="33.990068" lon="-118.463995"><ele>6.0</ele></trkpt>
     <trkpt lat="33.989045" lon="-118.462444"><ele>5.8</ele></trkpt>
     <trkpt lat="33.989986" lon="-118.460700"><ele>4.8</ele></trkpt>
     <trkpt lat="33.991197" lon="-118.458262"><ele>6.8</ele></trkpt>
     <trkpt lat="33.992409" lon="-118.455824"><ele>8.9</ele></trkpt>
     <trkpt lat="33.993620" lon="-118.453386"><ele>11.0</ele></trkpt>
     <trkpt lat="33.994862" lon="-118.450918"><ele>12.7</ele></trkpt>
     <trkpt lat="33.996105" lon="-118.448451"><ele>14.3</ele></trkpt>
     <trkpt lat="33.997347" lon="-118.445983"><ele>16.0</ele></trkpt>
     <trkpt lat="33.998589" lon="-118.443515"><ele>17.6</ele></trkpt>
     <trkpt lat="33.999831" lon="-118.441048"><ele>19.3</ele></trkpt>
     <trkpt lat="34.001073" lon="-118.438580"><ele>20.9</ele></trkpt>
     <trkpt lat="34.002316" lon="-118.436113"><ele>22.6</ele></trkpt>
     <trkpt lat="34.003558" lon="-118.433645"><ele>24.2</ele></trkpt>
     <trkpt lat="34.004849" lon="-118.431167"><ele>25.8</ele></trkpt>
     <trkpt lat="34.006251" lon="-118.428714"><ele>25.6</ele></trkpt>
     <trkpt lat="34.007653" lon="-118.426261"><ele>25.5</ele></trkpt>
     <trkpt lat="34.009055" lon="-118.423808"><ele>25.4</ele></trkpt>
     <trkpt lat="34.010457" lon="-118.421356"><ele>25.3</ele></trkpt>
     <trkpt lat="34.011859" lon="-118.418903"><ele>25.2</ele></trkpt>
     <trkpt lat="34.013261" lon="-118.416450"><ele>25.1</ele></trkpt>
     <trkpt lat="34.014663" lon="-118.413997"><ele>25.0</ele></trkpt>
     <trkpt lat="34.016099" lon="-118.411457"><ele>26.7</ele></trkpt>
     <trkpt lat="34.017535" lon="-118.408918"><ele>28.3</ele></trkpt>
     <trkpt lat="34.018970" lon="-118.406378"><ele>30.0</ele></trkpt>
     <trkpt lat="34.020406" lon="-118.403839"><ele>31.7</ele></trkpt>
     <trkpt lat="34.021842" lon="-118.401299"><ele>33.3</ele></trkpt>
     <trkpt lat="34.023278" lon="-118.398760"><ele>35.0</ele></trkpt>
     <trkpt lat="34.022154" lon="-118.397901"><ele>37.5</ele></trkpt>
     <trkpt lat="34.021574" lon="-118.397399"><ele>36.5</ele></trkpt>
     <trkpt lat="34.021314" lon="-118.397033"><ele>36.2</ele></trkpt>
     <trkpt lat="34.020712" lon="-118.395650"><ele>35.0</ele></trkpt>
     <trkpt lat="34.019396" lon="-118.393106"><ele>33.8</ele></trkpt>
     <trkpt lat="34.018081" lon="-118.390562"><ele>32.5</ele></trkpt>
     <trkpt lat="34.016765" lon="-118.388018"><ele>31.2</ele></trkpt>
     <trkpt lat="34.017531" lon="-118.387535"><ele>34.5</ele></trkpt>
     <trkpt lat="34.018342" lon="-118.386849"><ele>32.8</ele></trkpt>
     <trkpt lat="34.019423" lon="-118.385634"><ele>31.8</ele></trkpt>
     <trkpt lat="34.019650" lon="-118.385316"><ele>32.0</ele></trkpt>
     <trkpt lat="34.019856" lon="-118.384877"><ele>31.5</ele></trkpt>
     <trkpt lat="34.020357" lon="-118.383160"><ele>31.0</ele></trkpt>
     <trkpt lat="34.020348" lon="-118.383046"><ele>31.8</ele></trkpt>
     <trkpt lat="34.020629" lon="-118.381641"><ele>32.2</ele></trkpt>
     <trkpt lat="34.020682" lon="-118.381567"><ele>31.0</ele></trkpt>
     <trkpt lat="34.020956" lon="-118.379836"><ele>29.8</ele></trkpt>
     <trkpt lat="34.021230" lon="-118.378105"><ele>28.5</ele></trkpt>
     <trkpt lat="34.021202" lon="-118.377954"><ele>28.8</ele></trkpt>
     <trkpt lat="34.021295" lon="-118.377486"><ele>29.5</ele></trkpt>
     <trkpt lat="34.021473" lon="-118.377013"><ele>31.5</ele></trkpt>
     <trkpt lat="34.021740" lon="-118.376504"><ele>33.8</ele></trkpt>
     <trkpt lat="34.021859" lon="-118.375721"><ele>33.5</ele></trkpt>
     <trkpt lat="34.021726" lon="-118.372859"><ele>34.2</ele></trkpt>
     <trkpt lat="34.021592" lon="-118.369996"><ele>35.0</ele></trkpt>
     <trkpt lat="34.021569" lon="-118.367334"><ele>36.1</ele></trkpt>
     <trkpt lat="34.021547" lon="-118.364672"><ele>37.2</ele></trkpt>
     <trkpt lat="34.021543" lon="-118.361908"><ele>37.4</ele></trkpt>
     <trkpt lat="34.021539" lon="-118.359145"><ele>37.5</ele></trkpt>
     <trkpt lat="34.021536" lon="-118.356381"><ele>37.7</ele></trkpt>
     <trkpt lat="34.021532" lon="-118.353618"><ele>37.9</ele></trkpt>
     <trkpt lat="34.021528" lon="-118.350854"><ele>38.0</ele></trkpt>
     <trkpt lat="34.021509" lon="-118.347703"><ele>38.0</ele></trkpt>
     <trkpt lat="34.021490" lon="-118.344552"><ele>37.9</ele></trkpt>
     <trkpt lat="34.021472" lon="-118.341400"><ele>37.9</ele></trkpt>
     <trkpt lat="34.021453" lon="-118.338249"><ele>37.8</ele></trkpt>
     <trkpt lat="34.021434" lon="-118.335098"><ele>37.8</ele></trkpt>
     <trkpt lat="34.021357" lon="-118.334406"><ele>38.5</ele></trkpt>
     <trkpt lat="34.020800" lon="-118.331941"><ele>38.0</ele></trkpt>
     <trkpt lat="34.020351" lon="-118.329991"><ele>39.2</ele></trkpt>
     <trkpt lat="34.019684" lon="-118.327523"><ele>39.0</ele></trkpt>
     <trkpt lat="34.018992" lon="-118.324555"><ele>40.5</ele></trkpt>
     <trkpt lat="34.018301" lon="-118.321587"><ele>42.0</ele></trkpt>
     <trkpt lat="34.018277" lon="-118.321336"><ele>42.2</ele></trkpt>
     <trkpt lat="34.018279" lon="-118.318986"><ele>43.5</ele></trkpt>
     <trkpt lat="34.018281" lon="-118.316637"><ele>44.8</ele></trkpt>
     <trkpt lat="34.018242" lon="-118.313625"><ele>45.5</ele></trkpt>
     <trkpt lat="34.018271" lon="-118.311035"><ele>46.8</ele></trkpt>
     <trkpt lat="34.018246" lon="-118.308911"><ele>47.2</ele></trkpt>
     <trkpt lat="34.018194" lon="-118.307782"><ele>49.8</ele></trkpt>
     <trkpt lat="34.018189" lon="-118.304730"><ele>51.0</ele></trkpt>
     <trkpt lat="34.018184" lon="-118.301678"><ele>52.2</ele></trkpt>
     <trkpt lat="34.018179" lon="-118.298625"><ele>53.5</ele></trkpt>
     <trkpt lat="34.018174" lon="-118.295573"><ele>54.8</ele></trkpt>
     <trkpt lat="34.018169" lon="-118.292521"><ele>56.0</ele></trkpt>
     <trkpt lat="34.018135" lon="-118.290049"><ele>56.2</ele></trkpt>
     <trkpt lat="34.018060" lon="-118.290046"><ele>56.2</ele></trkpt>
     <trkpt lat="34.018031" lon="-118.289977"><ele>56.2</ele></trkpt>
     <trkpt lat="34.018024" lon="-118.287560"><ele>60.8</ele></trkpt>
     <trkpt lat="34.018018" lon="-118.285144"><ele>65.2</ele></trkpt>
     <trkpt lat="34.018054" lon="-118.285069"><ele>65.8</ele></trkpt>
     <trkpt lat="34.018042" lon="-118.282612"><ele>60.5</ele></trkpt>
     <trkpt lat="34.018052" lon="-118.282473"><ele>60.2</ele></trkpt>
     <trkpt lat="34.018176" lon="-118.282388"><ele>60.2</ele></trkpt>
     <trkpt lat="34.018180" lon="-118.282186"><ele>61.0</ele></trkpt>
     <trkpt lat="34.018163" lon="-118.281941"><ele>61.5</ele></trkpt>
     <trkpt lat="34.018082" lon="-118.281650"><ele>62.0</ele></trkpt>
     <trkpt lat="34.017066" lon="-118.279389"><ele>62.0</ele></trkpt>
     <trkpt lat="34.016974" lon="-118.279025"><ele>61.2</ele></trkpt>
     <trkpt lat="34.016913" lon="-118.278545"><ele>61.2</ele></trkpt>
     <trkpt lat="34.016820" lon="-118.278281"><ele>61.2</ele></trkpt>
     <trkpt lat="34.018356" lon="-118.277305"><ele>63.8</ele></trkpt>
     <trkpt lat="34.019892" lon="-118.276328"><ele>66.2</ele></trkpt>
     <trkpt lat="34.020131" lon="-118.276214"><ele>65.5</ele></trkpt>
     <trkpt lat="34.020364" lon="-118.276177"><ele>65.0</ele></trkpt>
     <trkpt lat="34.020545" lon="-118.276076"><ele>64.2</ele></trkpt>
     <trkpt lat="34.022836" lon="-118.274613"><ele>64.8</ele></trkpt>
     <trkpt lat="34.025127" lon="-118.273151"><ele>65.2</ele></trkpt>
     <trkpt lat="34.027418" lon="-118.271688"><ele>65.8</ele></trkpt>
     <trkpt lat="34.026616" lon="-118.269884"><ele>66.5</ele></trkpt>
     <trkpt lat="34.025814" lon="-118.268080"><ele>67.2</ele></trkpt>
     <trkpt lat="34.027385" lon="-118.267077"><ele>69.6</ele></trkpt>
     <trkpt lat="34.028957" lon="-118.266073"><ele>72.0</ele></trkpt>
     <trkpt lat="34.030994" lon="-118.264706"><ele>71.8</ele></trkpt>
     <trkpt lat="34.032852" lon="-118.263161"><ele>73.0</ele></trkpt>
     <trkpt lat="34.033602" lon="-118.262599"><ele>72.5</ele></trkpt>
     <trkpt lat="34.035738" lon="-118.260860"><ele>76.1</ele></trkpt>
     <trkpt lat="34.037875" lon="-118.259122"><ele>79.7</ele></trkpt>
     <trkpt lat="34.040011" lon="-118.257383"><ele>83.2</ele></trkpt>
     <trkpt lat="34.041606" lon="-118.255001"><ele>88.0</ele></trkpt>
     <trkpt lat="34.042769" lon="-118.253191"><ele>90.1</ele></trkpt>
     <trkpt lat="34.043932" lon="-118.251381"><ele>92.2</ele></trkpt>
     <trkpt lat="34.045213" lon="-118.249995"><ele>94.8</ele></trkpt>
     <trkpt lat="34.045121" lon="-118.249871"><ele>89.5</ele></trkpt>
     <trkpt lat="34.045264" lon="-118.250060"><ele>95.2</ele></trkpt>
     <trkpt lat="34.046463" lon="-118.248858"><ele>93.0</ele></trkpt>
     <trkpt lat="34.048160" lon="-118.247258"><ele>97.0</ele></trkpt>
     <trkpt lat="34.050142" lon="-118.245413"><ele>94.6</ele></trkpt>
     <trkpt lat="34.052123" lon="-118.243568"><ele>92.2</ele></trkpt>
     <trkpt lat="34.052395" lon="-118.243361"><ele>94.8</ele></trkpt>
     <trkpt lat="34.053635" lon="-118.242154"><ele>101.0</ele></trkpt>
     <trkpt lat="34.054039" lon="-118.241837"><ele>101.2</ele></trkpt>
     <trkpt lat="34.055423" lon="-118.240542"><ele>91.8</ele></trkpt>
     <trkpt lat="34.055433" lon="-118.240492"><ele>90.5</ele></trkpt>
     <trkpt lat="34.055358" lon="-118.240363"><ele>87.2</ele></trkpt>
     <trkpt lat="34.054832" lon="-118.239589"><ele>87.8</ele></trkpt>
     <trkpt lat="34.055333" lon="-118.239107"><ele>89.2</ele></trkpt>
     <trkpt lat="34.056085" lon="-118.238512"><ele>91.2</ele></trkpt>
     <trkpt lat="34.056399" lon="-118.238169"><ele>90.0</ele></trkpt>
     <trkpt lat="34.056382" lon="-118.238022"><ele>89.8</ele></trkpt>
     <trkpt lat="34.056193" lon="-118.237690"><ele>89.5</ele></trkpt>
     <trkpt lat="34.056084" lon="-118.237379"><ele>89.2</ele></trkpt>
     <trkpt lat="34.056015" lon="-118.236895"><ele>89.2</ele></trkpt>
     <trkpt lat="34.056180" lon="-118.236862"><ele>88.8</ele></trkpt>
     <trkpt lat="34.056039" lon="-118.235905"><ele>91.0</ele></trkpt>
    </trkseg>
  </trk>
</gpx>
