<?xml version="1.0" encoding="UTF-8"?>
<gpx version="1.1" creator="velo-build_pch_route" xmlns="http://www.topografix.com/GPX/1/1" xmlns:xsi="http://www.w3.org/2001/XMLSchema-instance" xsi:schemaLocation="http://www.topografix.com/GPX/1/1 http://www.topografix.com/GPX/1/1/gpx.xsd">
  <metadata>
    <name>Day 1 - San Francisco to Limekiln State Park (with waypoints)</name>
    <desc>Out of San Francisco on the Great Highway, the Devil's Slide Trail around the bike-banned tunnels, the San Mateo coast to Santa Cruz, around Monterey Bay, 17-Mile Drive to Carmel, then the whole of Big Sur to the Limekiln hike/bike site two miles south of Lucia.</desc>
    <time>2026-08-07T22:16:51Z</time>
  </metadata>
  <wpt lat="37.775729" lon="-122.411959">
    <ele>24.0</ele>
    <name>0km Mike’s Bikes</name>
    <desc>OSM bike shop (node/414269472); opening_hours=Mo-Sa 10:00-18:00; Su 10:00-17:00</desc>
    <sym>Mine</sym>
    <type>bikeshop</type>
  </wpt>
  <wpt lat="37.777091" lon="-122.422326">
    <ele>24.0</ele>
    <name>0km Last Mile</name>
    <desc>OSM bike shop (node/12950158476)</desc>
    <sym>Mine</sym>
    <type>bikeshop</type>
  </wpt>
  <wpt lat="37.774120" lon="-122.423207">
    <ele>24.0</ele>
    <name>0km Nick's Super Market</name>
    <desc>OSM convenience (node/9657626206); opening_hours=Mo-Sa 08:00-20:00; Su 09:00-18:00; phone=+1-415-863-7928</desc>
    <sym>Convenience Store</sym>
    <type>food</type>
  </wpt>
  <wpt lat="37.777713" lon="-122.425004">
    <ele>24.0</ele>
    <name>0km Grove St Market</name>
    <desc>OSM convenience (node/10309959735); phone=+1 415-861-2293</desc>
    <sym>Convenience Store</sym>
    <type>food</type>
  </wpt>
  <wpt lat="37.775944" lon="-122.424462">
    <ele>24.0</ele>
    <name>0km (drinking water)</name>
    <desc>OSM drinking water (node/9525019945)</desc>
    <sym>Drinking Water</sym>
    <type>water</type>
  </wpt>
  <wpt lat="37.768150" lon="-122.424088">
    <ele>28.0</ele>
    <name>0km Box Dog</name>
    <desc>OSM bike shop (node/295086235); opening_hours=Tu-Fr 10:00-18:00,Sa 11:00-17:00; phone=+1-415- 431-9627; website=https://www.boxdogbikes.com/</desc>
    <sym>Mine</sym>
    <type>bikeshop</type>
  </wpt>
  <wpt lat="37.778118" lon="-122.426427">
    <ele>28.0</ele>
    <name>0km Trader Joe's</name>
    <desc>OSM supermarket (node/11950809144); opening_hours=09:00-21:00</desc>
    <sym>Shopping Center</sym>
    <type>food</type>
  </wpt>
  <wpt lat="37.775431" lon="-122.425931">
    <ele>28.0</ele>
    <name>0km Food Basket Market</name>
    <desc>OSM convenience (node/11296107122)</desc>
    <sym>Convenience Store</sym>
    <type>food</type>
  </wpt>
  <wpt lat="37.774279" lon="-122.427344">
    <ele>40.0</ele>
    <name>0km Oak Gourmet</name>
    <desc>OSM convenience (node/4840631551)</desc>
    <sym>Convenience Store</sym>
    <type>food</type>
  </wpt>
  <wpt lat="37.776403" lon="-122.427776">
    <ele>40.0</ele>
    <name>0km Hayes Market</name>
    <desc>OSM convenience (node/12052328555); opening_hours=Mo-Th 08:00-22:00; Fr 08:00-23:00; Sa 09:00-23:00; Su 09:00-22:00</desc>
    <sym>Convenience Store</sym>
    <type>food</type>
  </wpt>
  <wpt lat="37.775978" lon="-122.427519">
    <ele>40.0</ele>
    <name>0km SFRPD</name>
    <desc>OSM toilets (node/3931486668); access=yes; fee=no; opening_hours=08:00-17:30; operator=SFRPD</desc>
    <sym>Restroom</sym>
    <type>toilet</type>
  </wpt>
  <wpt lat="37.773361" lon="-122.426918">
    <ele>40.0</ele>
    <name>0km (drinking water)</name>
    <desc>OSM drinking water (node/12829284836); access=yes; fee=no</desc>
    <sym>Drinking Water</sym>
    <type>water</type>
  </wpt>
  <wpt lat="37.772247" lon="-122.428669">
    <ele>49.0</ele>
    <name>0km S &amp; W market</name>
    <desc>OSM convenience (node/1126948195)</desc>
    <sym>Convenience Store</sym>
    <type>food</type>
  </wpt>
  <wpt lat="37.771992" lon="-122.430564">
    <ele>68.0</ele>
    <name>0km Haight Fillmore Whole Foods Co.</name>
    <desc>OSM convenience (node/647656834); phone=+1 415-552-6077</desc>
    <sym>Convenience Store</sym>
    <type>food</type>
  </wpt>
  <wpt lat="37.774140" lon="-122.430998">
    <ele>68.0</ele>
    <name>0km Key Food Market</name>
    <desc>OSM convenience (node/4628177738)</desc>
    <sym>Convenience Store</sym>
    <type>food</type>
  </wpt>
  <wpt lat="37.775729" lon="-122.431323">
    <ele>68.0</ele>
    <name>0km Tim’s Market</name>
    <desc>OSM convenience (node/6645406775)</desc>
    <sym>Convenience Store</sym>
    <type>food</type>
  </wpt>
  <wpt lat="37.764611" lon="-122.431084">
    <ele>74.0</ele>
    <name>1km Mash</name>
    <desc>OSM bike shop (node/10612914638); website=https://mashsf.com/</desc>
    <sym>Mine</sym>
    <type>bikeshop</type>
  </wpt>
  <wpt lat="37.772032" lon="-122.431843">
    <ele>74.0</ele>
    <name>1km Himalaya Playa / O'Looney's</name>
    <desc>OSM convenience (node/1126948245)</desc>
    <sym>Convenience Store</sym>
    <type>food</type>
  </wpt>
  <wpt lat="37.771831" lon="-122.433505">
    <ele>72.0</ele>
    <name>1km Sunrise Market</name>
    <desc>OSM convenience (node/1126947956)</desc>
    <sym>Convenience Store</sym>
    <type>food</type>
  </wpt>
  <wpt lat="37.776035" lon="-122.434385">
    <ele>72.0</ele>
    <name>1km (toilets)</name>
    <desc>OSM toilets (way/389112749)</desc>
    <sym>Restroom</sym>
    <type>toilet</type>
  </wpt>
  <wpt lat="37.776624" lon="-122.433921">
    <ele>74.0</ele>
    <name>1km (toilets)</name>
    <desc>OSM toilets (way/551838082); access=yes; fee=no</desc>
    <sym>Restroom</sym>
    <type>toilet</type>
  </wpt>
  <wpt lat="37.775723" lon="-122.434637">
    <ele>71.0</ele>
    <name>1km (drinking water)</name>
    <desc>OSM drinking water (node/3922797790)</desc>
    <sym>Drinking Water</sym>
    <type>water</type>
  </wpt>
  <wpt lat="37.776685" lon="-122.433922">
    <ele>74.0</ele>
    <name>1km (drinking water)</name>
    <desc>OSM drinking water (node/6923608236); access=yes; fee=no</desc>
    <sym>Drinking Water</sym>
    <type>water</type>
  </wpt>
  <wpt lat="37.773267" lon="-122.435627">
    <ele>64.0</ele>
    <name>1km Oak Fair Market</name>
    <desc>OSM convenience (node/2819256151)</desc>
    <sym>Convenience Store</sym>
    <type>food</type>
  </wpt>
  <wpt lat="37.771615" lon="-122.435276">
    <ele>64.0</ele>
    <name>1km Santa Clara Natural Organic Market</name>
    <desc>OSM convenience (node/4030525941); opening_hours=Su-Th 08:00-22:00; Fr,Sa 08:00-23:00</desc>
    <sym>Convenience Store</sym>
    <type>food</type>
  </wpt>
  <wpt lat="37.777716" lon="-122.438160">
    <ele>58.0</ele>
    <name>1km Green Earth</name>
    <desc>OSM supermarket (node/2338835471); opening_hours=Mo-Su 09:00-21:00; website=https://www.greenearthnaturalfoods.com/</desc>
    <sym>Shopping Center</sym>
    <type>food</type>
  </wpt>
  <wpt lat="37.774803" lon="-122.437487">
    <ele>58.0</ele>
    <name>1km Bi-Rite Market</name>
    <desc>OSM supermarket (way/261292750); opening_hours=Mo-Su 08:00-21:00; phone=+1-415-551-7900; website=https://biritemarket.com/</desc>
    <sym>Shopping Center</sym>
    <type>food</type>
  </wpt>
  <wpt lat="37.771113" lon="-122.437190">
    <ele>58.0</ele>
    <name>1km Superette Market</name>
    <desc>OSM convenience (node/2338836918)</desc>
    <sym>Convenience Store</sym>
    <type>food</type>
  </wpt>
  <wpt lat="37.773869" lon="-122.437375">
    <ele>58.0</ele>
    <name>1km Arco</name>
    <desc>OSM fuel+shop (way/362496647)</desc>
    <sym>Gas Station</sym>
    <type>food</type>
  </wpt>
  <wpt lat="37.773314" lon="-122.438940">
    <ele>60.0</ele>
    <name>1km Falletti Foods</name>
    <desc>OSM supermarket (node/4852448016); opening_hours=Mo-Su 07:00-21:00; website=https://fallettifoods.com/</desc>
    <sym>Shopping Center</sym>
    <type>food</type>
  </wpt>
  <wpt lat="37.776093" lon="-122.443286">
    <ele>74.0</ele>
    <name>2km NOPA Corner Market</name>
    <desc>OSM convenience (node/9132814110); website=https://www.nopacornermarket.com/</desc>
    <sym>Convenience Store</sym>
    <type>food</type>
  </wpt>
  <wpt lat="37.774464" lon="-122.442924">
    <ele>74.0</ele>
    <name>2km Parkside Market</name>
    <desc>OSM convenience (node/11582939955)</desc>
    <sym>Convenience Store</sym>
    <type>food</type>
  </wpt>
  <wpt lat="37.774253" lon="-122.444648">
    <ele>76.0</ele>
    <name>2km Home Service Market</name>
    <desc>OSM convenience (node/1990692292); phone=+1 415-346-7000</desc>
    <sym>Convenience Store</sym>
    <type>food</type>
  </wpt>
  <wpt lat="37.770299" lon="-122.443795">
    <ele>77.0</ele>
    <name>2km Central Haight Market</name>
    <desc>OSM convenience (node/4348866889)</desc>
    <sym>Convenience Store</sym>
    <type>food</type>
  </wpt>
  <wpt lat="37.776105" lon="-122.445979">
    <ele>76.0</ele>
    <name>2km Lucky</name>
    <desc>OSM supermarket (node/1706618868); opening_hours=Mo-Su 07:00-22:00</desc>
    <sym>Shopping Center</sym>
    <type>food</type>
  </wpt>
  <wpt lat="37.775675" lon="-122.446720">
    <ele>77.0</ele>
    <name>2km Fulton Food Shop</name>
    <desc>OSM convenience (node/1969282330); opening_hours=Mo-Fr 08:00-23:00, Sa,Su 08:00-01:00</desc>
    <sym>Convenience Store</sym>
    <type>food</type>
  </wpt>
  <wpt lat="37.773212" lon="-122.445608">
    <ele>76.0</ele>
    <name>2km Chevron</name>
    <desc>OSM fuel+shop (way/262106675); opening_hours=24/7</desc>
    <sym>Gas Station</sym>
    <type>food</type>
  </wpt>
  <wpt lat="37.773819" lon="-122.447838">
    <ele>80.0</ele>
    <name>2km Central Park Natural</name>
    <desc>OSM convenience (node/12338362406); opening_hours=Mo-Th 09:00-22:00; Fr-Sa 09:00-23:00; Su 09:00-21:00</desc>
    <sym>Convenience Store</sym>
    <type>food</type>
  </wpt>
  <wpt lat="37.773791" lon="-122.448157">
    <ele>81.0</ele>
    <name>2km Freewheel Bike Shop</name>
    <desc>OSM bike shop (node/414270268); opening_hours=Mo,Su off; Tu-Sa 12:00-17:00</desc>
    <sym>Mine</sym>
    <type>bikeshop</type>
  </wpt>
  <wpt lat="37.772359" lon="-122.447640">
    <ele>80.0</ele>
    <name>2km Panhandle Toilets</name>
    <desc>OSM toilets (node/417233587); access=yes; drinking_water=yes; fee=no; opening_hours=08:00-17:30; operator=San Francisco Park &amp; Recreation</desc>
    <sym>Restroom</sym>
    <type>toilet</type>
  </wpt>
  <wpt lat="37.772377" lon="-122.447681">
    <ele>80.0</ele>
    <name>2km (drinking water)</name>
    <desc>OSM drinking water (node/2724417511); access=yes; fee=no</desc>
    <sym>Drinking Water</sym>
    <type>water</type>
  </wpt>
  <wpt lat="37.766184" lon="-122.449882">
    <ele>80.0</ele>
    <name>2km SF Wheels</name>
    <desc>OSM bike shop (node/13994037302); opening_hours=Tu-Sa 09:30-18:00; Su 09:30-17:00; phone=+1-415-731-6265; website=http://sfwheels.net</desc>
    <sym>Mine</sym>
    <type>bikeshop</type>
  </wpt>
  <wpt lat="37.770204" lon="-122.447631">
    <ele>80.0</ele>
    <name>2km Haight Street Market</name>
    <desc>OSM supermarket (way/264371887); opening_hours=Mo-Su 07:00-21:30; website=http://www.haightstreetmarket.com</desc>
    <sym>Shopping Center</sym>
    <type>food</type>
  </wpt>
  <wpt lat="37.773442" lon="-122.450857">
    <ele>80.0</ele>
    <name>2km Cindy's Market</name>
    <desc>OSM convenience (node/1980330799); phone=+1 415-221-7403</desc>
    <sym>Convenience Store</sym>
    <type>food</type>
  </wpt>
  <wpt lat="37.769421" lon="-122.450545">
    <ele>81.0</ele>
    <name>2km Frank's Liquors</name>
    <desc>OSM supermarket (node/2693004231); opening_hours=Mo-Th,Su 07:00-02:00; Fr-Sa 07:00-24:00</desc>
    <sym>Shopping Center</sym>
    <type>food</type>
  </wpt>
  <wpt lat="37.770176" lon="-122.451077">
    <ele>81.0</ele>
    <name>2km (toilets)</name>
    <desc>OSM toilets (node/12908603132); access=yes; fee=no; opening_hours=Th, Sa 10:00-17:45; Mo 11:00-17:45; Tu 10:00-19:45; We 12:00-19:45; Fr 13:00-17:45; Su 13:00-16:45</desc>
    <sym>Restroom</sym>
    <type>toilet</type>
  </wpt>
  <wpt lat="37.769553" lon="-122.452795">
    <ele>81.0</ele>
    <name>3km Whole Foods Market</name>
    <desc>OSM supermarket (way/228246796); opening_hours=Mo-Su 08:00-22:00; phone=+1 415-876-6740; website=https://www.wholefoodsmarket.com/stores/haightstreet</desc>
    <sym>Shopping Center</sym>
    <type>food</type>
  </wpt>
  <wpt lat="37.769963" lon="-122.454251">
    <ele>81.0</ele>
    <name>3km (drinking water)</name>
    <desc>OSM drinking water (node/8810021701); access=yes; fee=no</desc>
    <sym>Drinking Water</sym>
    <type>water</type>
  </wpt>
  <wpt lat="37.767985" lon="-122.453154">
    <ele>81.0</ele>
    <name>3km Avenue Cyclery</name>
    <desc>OSM bike shop (node/414269873); opening_hours=Mo-Tu off; We-Su 11:00-17:00</desc>
    <sym>Mine</sym>
    <type>bikeshop</type>
  </wpt>
  <wpt lat="37.766461" lon="-122.453232">
    <ele>81.0</ele>
    <name>3km American Cyclery</name>
    <desc>OSM bike shop (node/414269956); opening_hours=Mo,We-Fr 11:00-18:00; Sa,Su 10:00-17:00</desc>
    <sym>Mine</sym>
    <type>bikeshop</type>
  </wpt>
  <wpt lat="37.768439" lon="-122.457119">
    <ele>90.0</ele>
    <name>3km (drinking water)</name>
    <desc>OSM drinking water (node/2699075519)</desc>
    <sym>Drinking Water</sym>
    <type>water</type>
  </wpt>
  <wpt lat="37.770593" lon="-122.458707">
    <ele>82.0</ele>
    <name>3km (drinking water)</name>
    <desc>OSM drinking water (node/10832888565); fee=no</desc>
    <sym>Drinking Water</sym>
    <type>water</type>
  </wpt>
  <wpt lat="37.775653" lon="-122.458144">
    <ele>76.0</ele>
    <name>3km Arguello Market</name>
    <desc>OSM supermarket (way/260194579); opening_hours=Mo-Sa 07:30-20:00; Su 07:30-19:00; PH closed</desc>
    <sym>Shopping Center</sym>
    <type>food</type>
  </wpt>
  <wpt lat="37.770051" lon="-122.459585">
    <ele>76.0</ele>
    <name>3km (toilets)</name>
    <desc>OSM toilets (node/10832810391); access=yes; fee=no</desc>
    <sym>Restroom</sym>
    <type>toilet</type>
  </wpt>
  <wpt lat="37.770014" lon="-122.459555">
    <ele>76.0</ele>
    <name>3km (drinking water)</name>
    <desc>OSM drinking water (node/10832810392); access=yes; fee=no</desc>
    <sym>Drinking Water</sym>
    <type>water</type>
  </wpt>
  <wpt lat="37.772348" lon="-122.460098">
    <ele>78.0</ele>
    <name>3km (drinking water)</name>
    <desc>OSM drinking water (node/3926655041); access=yes; fee=no</desc>
    <sym>Drinking Water</sym>
    <type>water</type>
  </wpt>
  <wpt lat="37.772592" lon="-122.460833">
    <ele>79.0</ele>
    <name>3km (toilets)</name>
    <desc>OSM toilets (way/906618463); access=yes; fee=no</desc>
    <sym>Restroom</sym>
    <type>toilet</type>
  </wpt>
  <wpt lat="37.772540" lon="-122.460771">
    <ele>79.0</ele>
    <name>3km (drinking water)</name>
    <desc>OSM drinking water (node/8810178777)</desc>
    <sym>Drinking Water</sym>
    <type>water</type>
  </wpt>
  <wpt lat="37.768518" lon="-122.465479">
    <ele>82.0</ele>
    <name>4km (drinking water)</name>
    <desc>OSM drinking water (node/3700455535)</desc>
    <sym>Drinking Water</sym>
    <type>water</type>
  </wpt>
  <wpt lat="37.772591" lon="-122.464436">
    <ele>80.0</ele>
    <name>4km (drinking water)</name>
    <desc>OSM drinking water (node/4110684320)</desc>
    <sym>Drinking Water</sym>
    <type>water</type>
  </wpt>
  <wpt lat="37.777090" lon="-122.464500">
    <ele>78.0</ele>
    <name>4km Scenic Routes Community Bicycle Center</name>
    <desc>OSM bike shop (node/6836023082); opening_hours=Mo-Tu off; We-Su 12:00-19:00; phone=+1-415-669-0958; website=https://www.scenicroutessf.com/</desc>
    <sym>Mine</sym>
    <type>bikeshop</type>
  </wpt>
  <wpt lat="37.774613" lon="-122.465134">
    <ele>78.0</ele>
    <name>4km Safeway</name>
    <desc>OSM supermarket (node/10311776854); opening_hours=Mo-Su 06:00-24:00; operator=Safeway; phone=+1-415-683-4070; website=https://local.safeway.com/safeway/ca/san-francisco/735-7th-ave.html</desc>
    <sym>Shopping Center</sym>
    <type>food</type>
  </wpt>
  <wpt lat="37.773312" lon="-122.465374">
    <ele>78.0</ele>
    <name>4km (toilets)</name>
    <desc>OSM toilets (way/1343020976); access=employees</desc>
    <sym>Restroom</sym>
    <type>toilet</type>
  </wpt>
  <wpt lat="37.770103" lon="-122.466194">
    <ele>78.0</ele>
    <name>4km (drinking water)</name>
    <desc>OSM drinking water (node/1601847792); description=Inside Cal Acadamey; fee=yes</desc>
    <sym>Drinking Water</sym>
    <type>water</type>
  </wpt>
  <wpt lat="37.771480" lon="-122.467389">
    <ele>81.0</ele>
    <name>4km (drinking water)</name>
    <desc>OSM drinking water (node/6551994777)</desc>
    <sym>Drinking Water</sym>
    <type>water</type>
  </wpt>
  <wpt lat="37.770586" lon="-122.468400">
    <ele>80.0</ele>
    <name>4km (drinking water)</name>
    <desc>OSM drinking water (node/2351681804); description=deyoung museum</desc>
    <sym>Drinking Water</sym>
    <type>water</type>
  </wpt>
  <wpt lat="37.770435" lon="-122.469401">
    <ele>80.0</ele>
    <name>4km (toilets)</name>
    <desc>OSM toilets (node/392451432); access=customers; drinking_water=yes</desc>
    <sym>Restroom</sym>
    <type>toilet</type>
  </wpt>
  <wpt lat="37.769811" lon="-122.468651">
    <ele>80.0</ele>
    <name>4km (toilets)</name>
    <desc>OSM toilets (node/1350854629); drinking_water=yes; fee=no</desc>
    <sym>Restroom</sym>
    <type>toilet</type>
  </wpt>
  <wpt lat="37.770047" lon="-122.468972">
    <ele>80.0</ele>
    <name>4km (drinking water)</name>
    <desc>OSM drinking water (node/3297762011); access=yes; fee=no</desc>
    <sym>Drinking Water</sym>
    <type>water</type>
  </wpt>
  <wpt lat="37.772055" lon="-122.471168">
    <ele>80.0</ele>
    <name>4km (drinking water)</name>
    <desc>OSM drinking water (node/6831779663)</desc>
    <sym>Drinking Water</sym>
    <type>water</type>
  </wpt>
  <wpt lat="37.771529" lon="-122.472078">
    <ele>86.0</ele>
    <name>4km (toilets)</name>
    <desc>OSM toilets (way/120479800); drinking_water=yes; fee=no</desc>
    <sym>Restroom</sym>
    <type>toilet</type>
  </wpt>
  <wpt lat="37.768821" lon="-122.470883">
    <ele>86.0</ele>
    <name>4km (drinking water)</name>
    <desc>OSM drinking water (node/11028572457); access=customers; fee=no</desc>
    <sym>Drinking Water</sym>
    <type>water</type>
  </wpt>
  <wpt lat="37.770980" lon="-122.476846">
    <ele>87.0</ele>
    <name>5km (toilets)</name>
    <desc>OSM toilets (way/120479796); drinking_water=yes; fee=no</desc>
    <sym>Restroom</sym>
    <type>toilet</type>
  </wpt>
  <wpt lat="37.770941" lon="-122.476931">
    <ele>87.0</ele>
    <name>5km (drinking water)</name>
    <desc>OSM drinking water (node/5384090421)</desc>
    <sym>Drinking Water</sym>
    <type>water</type>
  </wpt>
  <wpt lat="37.770595" lon="-122.480176">
    <ele>78.0</ele>
    <name>5km (drinking water)</name>
    <desc>OSM drinking water (node/3716475869); access=yes; fee=no</desc>
    <sym>Drinking Water</sym>
    <type>water</type>
  </wpt>
  <wpt lat="37.769532" lon="-122.484711">
    <ele>63.0</ele>
    <name>6km (toilets)</name>
    <desc>OSM toilets (way/207678454); access=yes; drinking_water=yes; fee=no</desc>
    <sym>Restroom</sym>
    <type>toilet</type>
  </wpt>
  <wpt lat="37.769715" lon="-122.484973">
    <ele>66.0</ele>
    <name>6km (drinking water)</name>
    <desc>OSM drinking water (node/3922912561)</desc>
    <sym>Drinking Water</sym>
    <type>water</type>
  </wpt>
  <wpt lat="37.763014" lon="-122.484088">
    <ele>66.0</ele>
    <name>6km 25th Irving Market</name>
    <desc>OSM supermarket (way/276814493)</desc>
    <sym>Shopping Center</sym>
    <type>food</type>
  </wpt>
  <wpt lat="37.763071" lon="-122.485566">
    <ele>64.0</ele>
    <name>6km Barbary Coast Cyclery</name>
    <desc>OSM bike shop (node/4018792701); opening_hours=Mo-Sa 11:00-18:00; Su off</desc>
    <sym>Mine</sym>
    <type>bikeshop</type>
  </wpt>
  <wpt lat="37.769371" lon="-122.493148">
    <ele>57.0</ele>
    <name>6km (drinking water)</name>
    <desc>OSM drinking water (node/3715645643)</desc>
    <sym>Drinking Water</sym>
    <type>water</type>
  </wpt>
  <wpt lat="37.766781" lon="-122.492775">
    <ele>53.0</ele>
    <name>6km (toilets)</name>
    <desc>OSM toilets (node/440853811); drinking_water=yes; fee=no</desc>
    <sym>Restroom</sym>
    <type>toilet</type>
  </wpt>
  <wpt lat="37.765572" lon="-122.493210">
    <ele>54.0</ele>
    <name>6km (drinking water)</name>
    <desc>OSM drinking water (node/5603344733); access=yes; fee=no</desc>
    <sym>Drinking Water</sym>
    <type>water</type>
  </wpt>
  <wpt lat="37.766757" lon="-122.492829">
    <ele>53.0</ele>
    <name>6km (drinking water)</name>
    <desc>OSM drinking water (node/6944077480); access=yes; fee=no</desc>
    <sym>Drinking Water</sym>
    <type>water</type>
  </wpt>
  <wpt lat="37.775513" lon="-122.499245">
    <ele>47.0</ele>
    <name>7km Clubhouse Velo</name>
    <desc>OSM bike shop (node/4101104052); opening_hours=Mo,We,Su off; Tu,Th 09:00-18:30; Fr 09:00-17:00; Sa 10:00-17:00; phone=+1-415-294-1907; website=https://www.clubhousevelo.com</desc>
    <sym>Mine</sym>
    <type>bikeshop</type>
  </wpt>
  <wpt lat="37.768009" lon="-122.496675">
    <ele>47.0</ele>
    <name>7km (toilets)</name>
    <desc>OSM toilets (node/8377046977)</desc>
    <sym>Restroom</sym>
    <type>toilet</type>
  </wpt>
  <wpt lat="37.768046" lon="-122.496662">
    <ele>47.0</ele>
    <name>7km (drinking water)</name>
    <desc>OSM drinking water (node/8377046980)</desc>
    <sym>Drinking Water</sym>
    <type>water</type>
  </wpt>
  <wpt lat="37.762662" lon="-122.500894">
    <ele>32.0</ele>
    <name>7km Swell Bicycles</name>
    <desc>OSM bike shop (node/4015100320); opening_hours=Mo-Tu,Th-Fr 10:00-20:00; Sa-Su 10:00-18:00; phone=+1 415-731-3838; website=https://swellbicycles.com/</desc>
    <sym>Mine</sym>
    <type>bikeshop</type>
  </wpt>
  <wpt lat="37.765726" lon="-122.500728">
    <ele>32.0</ele>
    <name>7km (drinking water)</name>
    <desc>OSM drinking water (node/1584201016)</desc>
    <sym>Drinking Water</sym>
    <type>water</type>
  </wpt>
  <wpt lat="37.767945" lon="-122.501879">
    <ele>38.0</ele>
    <name>7km (drinking water)</name>
    <desc>OSM drinking water (node/3716475874); access=yes; fee=no</desc>
    <sym>Drinking Water</sym>
    <type>water</type>
  </wpt>
  <wpt lat="37.775360" lon="-122.502464">
    <ele>36.0</ele>
    <name>8km DD Cycles</name>
    <desc>OSM bike shop (node/409486378)</desc>
    <sym>Mine</sym>
    <type>bikeshop</type>
  </wpt>
  <wpt lat="37.764480" lon="-122.504976">
    <ele>28.0</ele>
    <name>8km (toilets)</name>
    <desc>OSM toilets (way/906743607); fee=no</desc>
    <sym>Restroom</sym>
    <type>toilet</type>
  </wpt>
  <wpt lat="37.763752" lon="-122.509130">
    <ele>8.0</ele>
    <name>8km Food Mart</name>
    <desc>OSM convenience (way/1247327332)</desc>
    <sym>Convenience Store</sym>
    <type>food</type>
  </wpt>
  <wpt lat="37.760676" lon="-122.504353">
    <ele>8.0</ele>
    <name>8km Other Avenues Grocery Co-op</name>
    <desc>OSM supermarket (way/277861419); opening_hours=08:00-21:00; phone=+1-415-661-7475; website=https://otheravenues.coop</desc>
    <sym>Shopping Center</sym>
    <type>food</type>
  </wpt>
  <wpt lat="37.760693" lon="-122.505760">
    <ele>8.0</ele>
    <name>8km 7-Eleven</name>
    <desc>OSM convenience (node/1743528308); phone=+1 415-661-5577; website=https://www.7-eleven.com/locations/ca/san-francisco/1388-46th-ave-20450</desc>
    <sym>Convenience Store</sym>
    <type>food</type>
  </wpt>
  <wpt lat="37.759183" lon="-122.507874">
    <ele>8.0</ele>
    <name>8km Your Market</name>
    <desc>OSM convenience (node/11028508800); phone=+1-415-702-6252</desc>
    <sym>Convenience Store</sym>
    <type>food</type>
  </wpt>
  <wpt lat="37.760239" lon="-122.509581">
    <ele>8.0</ele>
    <name>8km (toilets)</name>
    <desc>OSM toilets (node/1736599866); access=yes; fee=no</desc>
    <sym>Restroom</sym>
    <type>toilet</type>
  </wpt>
  <wpt lat="37.760038" lon="-122.509649">
    <ele>8.0</ele>
    <name>8km (drinking water)</name>
    <desc>OSM drinking water (node/12763385876); access=yes; fee=no</desc>
    <sym>Drinking Water</sym>
    <type>water</type>
  </wpt>
  <wpt lat="37.752870" lon="-122.503437">
    <ele>8.0</ele>
    <name>9km Gus's Community Market</name>
    <desc>OSM supermarket (node/9147266528); description=Neighborhood grocery store with fresh fruit, deli, fresh sushi, sandwiches, coffee, and more.; opening_hours=Mo-Su 08:00-21:00; phone=+1-415-564-0370; website=https://gussmarket.com/market-locations/noriega-market-san-francisco/</desc>
    <sym>Shopping Center</sym>
    <type>food</type>
  </wpt>
  <wpt lat="37.752829" lon="-122.505267">
    <ele>8.0</ele>
    <name>9km Brother's Mini Market</name>
    <desc>OSM convenience (node/4214319695)</desc>
    <sym>Convenience Store</sym>
    <type>food</type>
  </wpt>
  <wpt lat="37.741427" lon="-122.507108">
    <ele>6.0</ele>
    <name>11km San Francisco Recreation &amp; Park Department</name>
    <desc>OSM toilets (node/4034351103); access=yes; fee=no; opening_hours=Mar-Aug: 08:00-20:00; Sep-Feb: 08:00-17:30; operator=San Francisco Recreation &amp; Park Department</desc>
    <sym>Restroom</sym>
    <type>toilet</type>
  </wpt>
  <wpt lat="37.735192" lon="-122.506999">
    <ele>6.0</ele>
    <name>11km (toilets)</name>
    <desc>OSM toilets (way/287906154); access=yes; fee=no</desc>
    <sym>Restroom</sym>
    <type>toilet</type>
  </wpt>
  <wpt lat="37.735096" lon="-122.507056">
    <ele>6.0</ele>
    <name>11km (drinking water)</name>
    <desc>OSM drinking water (node/3922887154)</desc>
    <sym>Drinking Water</sym>
    <type>water</type>
  </wpt>
  <wpt lat="37.734094" lon="-122.505262">
    <ele>4.0</ele>
    <name>12km (toilets)</name>
    <desc>OSM toilets (node/702393212)</desc>
    <sym>Restroom</sym>
    <type>toilet</type>
  </wpt>
  <wpt lat="37.732876" lon="-122.505112">
    <ele>3.0</ele>
    <name>12km (toilets)</name>
    <desc>OSM toilets (node/702393653); access=customers; fee=no</desc>
    <sym>Restroom</sym>
    <type>toilet</type>
  </wpt>
  <wpt lat="37.718835" lon="-122.503015">
    <ele>23.0</ele>
    <name>13km (drinking water)</name>
    <desc>OSM drinking water (node/8870733146)</desc>
    <sym>Drinking Water</sym>
    <type>water</type>
  </wpt>
  <wpt lat="37.714611" lon="-122.502724">
    <ele>46.0</ele>
    <name>14km (drinking water)</name>
    <desc>OSM drinking water (node/2707506650)</desc>
    <sym>Drinking Water</sym>
    <type>water</type>
  </wpt>
  <wpt lat="37.681687" lon="-122.488513">
    <ele>140.0</ele>
    <name>18km 99 Ranch Market</name>
    <desc>OSM supermarket (way/751486141); opening_hours=Mo-Su 09:00-21:00; phone=+1 650-992-8899</desc>
    <sym>Shopping Center</sym>
    <type>food</type>
  </wpt>
  <wpt lat="37.683164" lon="-122.490009">
    <ele>140.0</ele>
    <name>18km Valero</name>
    <desc>OSM fuel+shop (node/8244038684)</desc>
    <sym>Gas Station</sym>
    <type>food</type>
  </wpt>
  <wpt lat="37.679797" lon="-122.493944">
    <ele>144.0</ele>
    <name>18km (drinking water)</name>
    <desc>OSM drinking water (node/3983465703)</desc>
    <sym>Drinking Water</sym>
    <type>water</type>
  </wpt>
  <wpt lat="37.651356" lon="-122.491131">
    <ele>28.0</ele>
    <name>22km Shell</name>
    <desc>OSM fuel+shop (node/3436323009); website=https://www.shell.com/</desc>
    <sym>Gas Station</sym>
    <type>food</type>
  </wpt>
  <wpt lat="37.650817" lon="-122.491793">
    <ele>28.0</ele>
    <name>22km Pacifica Farmers Market</name>
    <desc>OSM supermarket (node/3381660976)</desc>
    <sym>Shopping Center</sym>
    <type>food</type>
  </wpt>
  <wpt lat="37.650232" lon="-122.492010">
    <ele>25.0</ele>
    <name>22km Safeway</name>
    <desc>OSM supermarket (way/241074455); opening_hours=06:00-24:00; phone=+1 650-359-2751; website=https://local.safeway.com/safeway/ca/pacifica/12-manor-plz.html</desc>
    <sym>Shopping Center</sym>
    <type>food</type>
  </wpt>
  <wpt lat="37.649501" lon="-122.489575">
    <ele>26.0</ele>
    <name>22km 7-Eleven</name>
    <desc>OSM convenience (way/134417468); phone=+1 650-355-6667; website=https://www.7-eleven.com/locations/ca/pacifica/137-manor-dr-14337</desc>
    <sym>Convenience Store</sym>
    <type>food</type>
  </wpt>
  <wpt lat="37.649508" lon="-122.491289">
    <ele>25.0</ele>
    <name>22km Eddie's 76</name>
    <desc>OSM fuel+shop (node/3381660961); opening_hours=Mo-Fr 07:00-20:00;Sa-Su 08:00-17:00; phone=+1 888 805 4714; website=https://www.eddies76servicecenter.com/</desc>
    <sym>Gas Station</sym>
    <type>food</type>
  </wpt>
  <wpt lat="37.645911" lon="-122.490924">
    <ele>27.0</ele>
    <name>22km Chevron</name>
    <desc>OSM fuel+shop (node/529895128)</desc>
    <sym>Gas Station</sym>
    <type>food</type>
  </wpt>
  <wpt lat="37.646333" lon="-122.492540">
    <ele>26.0</ele>
    <name>22km (toilets)</name>
    <desc>OSM toilets (node/7912274908); access=customers</desc>
    <sym>Restroom</sym>
    <type>toilet</type>
  </wpt>
  <wpt lat="37.636390" lon="-122.492398">
    <ele>18.0</ele>
    <name>24km Sharp Park Market</name>
    <desc>OSM convenience (node/11306504396); phone=+1-650-470-9111</desc>
    <sym>Convenience Store</sym>
    <type>food</type>
  </wpt>
  <wpt lat="37.632885" lon="-122.487949">
    <ele>14.0</ele>
    <name>24km Oceana Market</name>
    <desc>OSM supermarket (node/1269562221); website=https://www.oceanamarket.com/</desc>
    <sym>Shopping Center</sym>
    <type>food</type>
  </wpt>
  <wpt lat="37.629620" lon="-122.490962">
    <ele>5.0</ele>
    <name>24km 7-Eleven</name>
    <desc>OSM convenience (node/441286094); phone=+1 650-355-3516; website=https://www.7-eleven.com/locations/ca/pacifica/100-clarendon-rd-14318</desc>
    <sym>Convenience Store</sym>
    <type>food</type>
  </wpt>
  <wpt lat="37.619175" lon="-122.486803">
    <ele>17.0</ele>
    <name>26km (toilets)</name>
    <desc>OSM toilets (way/979741400); access=yes</desc>
    <sym>Restroom</sym>
    <type>toilet</type>
  </wpt>
  <wpt lat="37.613574" lon="-122.486338">
    <ele>25.0</ele>
    <name>26km Sun Valley Market</name>
    <desc>OSM supermarket (node/3381682561)</desc>
    <sym>Shopping Center</sym>
    <type>food</type>
  </wpt>
  <wpt lat="37.608771" lon="-122.494705">
    <ele>7.0</ele>
    <name>28km Shell</name>
    <desc>OSM fuel+shop (way/377085540)</desc>
    <sym>Gas Station</sym>
    <type>food</type>
  </wpt>
  <wpt lat="37.607914" lon="-122.497539">
    <ele>12.0</ele>
    <name>28km (toilets)</name>
    <desc>OSM toilets (node/4238308770)</desc>
    <sym>Restroom</sym>
    <type>toilet</type>
  </wpt>
  <wpt lat="37.598203" lon="-122.502362">
    <ele>2.0</ele>
    <name>30km (toilets)</name>
    <desc>OSM toilets (node/435184386)</desc>
    <sym>Restroom</sym>
    <type>toilet</type>
  </wpt>
  <wpt lat="37.595927" lon="-122.503155">
    <ele>2.0</ele>
    <name>30km Food Mart</name>
    <desc>OSM convenience (way/102526676)</desc>
    <sym>Convenience Store</sym>
    <type>food</type>
  </wpt>
  <wpt lat="37.597185" lon="-122.503831">
    <ele>1.0</ele>
    <name>30km (toilets)</name>
    <desc>OSM toilets (node/10772183052)</desc>
    <sym>Restroom</sym>
    <type>toilet</type>
  </wpt>
  <wpt lat="37.596487" lon="-122.504220">
    <ele>1.0</ele>
    <name>30km (toilets)</name>
    <desc>OSM toilets (node/1128776809)</desc>
    <sym>Restroom</sym>
    <type>toilet</type>
  </wpt>
  <wpt lat="37.594409" lon="-122.503086">
    <ele>2.0</ele>
    <name>30km Safeway</name>
    <desc>OSM supermarket (way/241074190); opening_hours=05:00-24:00; phone=+1 650-359-6707; website=https://local.safeway.com/safeway/ca/pacifica/1380-linda-mar-shopping-center.html</desc>
    <sym>Shopping Center</sym>
    <type>food</type>
  </wpt>
  <wpt lat="37.594592" lon="-122.506656">
    <ele>4.0</ele>
    <name>30km Grocery Outlet</name>
    <desc>OSM supermarket (way/123528849); opening_hours=Mo-Su 08:00-21:00; phone=+1-650-355-5100; website=https://www.groceryoutlet.com/circulars/storeid/294</desc>
    <sym>Shopping Center</sym>
    <type>food</type>
  </wpt>
  <wpt lat="37.585503" lon="-122.510383">
    <ele>121.0</ele>
    <name>32km (drinking water)</name>
    <desc>OSM drinking water (node/4622574603)</desc>
    <sym>Drinking Water</sym>
    <type>water</type>
  </wpt>
  <wpt lat="37.585532" lon="-122.510549">
    <ele>121.0</ele>
    <name>32km (toilets)</name>
    <desc>OSM toilets (way/467652737)</desc>
    <sym>Restroom</sym>
    <type>toilet</type>
  </wpt>
  <wpt lat="37.580800" lon="-122.516000">
    <ele>111.0</ele>
    <name>33km HAZARD Devil's Slide - tunnels ban bikes, use the trail</name>
    <desc>Bicycles are not permitted in the Tom Lantos Tunnels. The route is pinned onto the Devil's Slide Trail, the old Highway 1 alignment (2.9 km of paved bicycle=designated cycleway). TIMING PROBLEM: San Mateo County publishes that the PARKING LOTS open at 08:00; it does NOT publish separate trail-access hours, and the county page says to contact them for trail access. On a 05:00 start you reach here about 06:30-07:00. If the trail is gated you have no legal way past - the tunnels are not an option. CALL SAN MATEO COUNTY PARKS BEFORE YOU LEAVE, or ride the inland bypass variant (pch_day1_alt_inland_bypass.gpx). SRC smcgov.org/parks/devils-slide-trail-hours</desc>
    <sym>Danger Area</sym>
    <type>hazard</type>
  </wpt>
  <wpt lat="37.572555" lon="-122.516560">
    <ele>87.0</ele>
    <name>34km (toilets)</name>
    <desc>OSM toilets (way/576475558); access=yes</desc>
    <sym>Restroom</sym>
    <type>toilet</type>
  </wpt>
  <wpt lat="37.572478" lon="-122.516539">
    <ele>87.0</ele>
    <name>34km (drinking water)</name>
    <desc>OSM drinking water (node/10048249225); access=yes; fee=no</desc>
    <sym>Drinking Water</sym>
    <type>water</type>
  </wpt>
  <wpt lat="37.564525" lon="-122.513118">
    <ele>38.0</ele>
    <name>35km (toilets)</name>
    <desc>OSM toilets (node/2287575496); drinking_water=no</desc>
    <sym>Restroom</sym>
    <type>toilet</type>
  </wpt>
  <wpt lat="37.551945" lon="-122.512511">
    <ele>18.0</ele>
    <name>36km (toilets)</name>
    <desc>OSM toilets (node/10684498053)</desc>
    <sym>Restroom</sym>
    <type>toilet</type>
  </wpt>
  <wpt lat="37.545350" lon="-122.514453">
    <ele>17.0</ele>
    <name>37km (toilets)</name>
    <desc>OSM toilets (node/443810948)</desc>
    <sym>Restroom</sym>
    <type>toilet</type>
  </wpt>
  <wpt lat="37.541674" lon="-122.515809">
    <ele>24.0</ele>
    <name>38km Montara Gas Station</name>
    <desc>OSM convenience (node/851514999)</desc>
    <sym>Convenience Store</sym>
    <type>food</type>
  </wpt>
  <wpt lat="37.527486" lon="-122.512727">
    <ele>17.0</ele>
    <name>39km Coastside Market</name>
    <desc>OSM convenience (node/853390294)</desc>
    <sym>Convenience Store</sym>
    <type>food</type>
  </wpt>
  <wpt lat="37.527783" lon="-122.511959">
    <ele>17.0</ele>
    <name>39km (toilets)</name>
    <desc>OSM toilets (way/1289243717)</desc>
    <sym>Restroom</sym>
    <type>toilet</type>
  </wpt>
  <wpt lat="37.525749" lon="-122.512106">
    <ele>20.0</ele>
    <name>39km (fuel+shop)</name>
    <desc>OSM fuel+shop (way/291549871)</desc>
    <sym>Gas Station</sym>
    <type>food</type>
  </wpt>
  <wpt lat="37.505803" lon="-122.480279">
    <ele>10.0</ele>
    <name>43km Easy Mart</name>
    <desc>OSM convenience (way/391407455)</desc>
    <sym>Convenience Store</sym>
    <type>food</type>
  </wpt>
  <wpt lat="37.504460" lon="-122.477032">
    <ele>10.0</ele>
    <name>43km Spangler's Market</name>
    <desc>OSM convenience (node/853378607)</desc>
    <sym>Convenience Store</sym>
    <type>food</type>
  </wpt>
  <wpt lat="37.501322" lon="-122.471791">
    <ele>3.0</ele>
    <name>44km (toilets)</name>
    <desc>OSM toilets (node/12193143169)</desc>
    <sym>Restroom</sym>
    <type>toilet</type>
  </wpt>
  <wpt lat="37.501276" lon="-122.471712">
    <ele>3.0</ele>
    <name>44km (drinking water)</name>
    <desc>OSM drinking water (node/12193143170); access=yes</desc>
    <sym>Drinking Water</sym>
    <type>water</type>
  </wpt>
  <wpt lat="37.496845" lon="-122.461879">
    <ele>8.0</ele>
    <name>45km (toilets)</name>
    <desc>OSM toilets (node/4873130153)</desc>
    <sym>Restroom</sym>
    <type>toilet</type>
  </wpt>
  <wpt lat="37.481837" lon="-122.450987">
    <ele>18.0</ele>
    <name>47km Sweetwood Group Camp</name>
    <desc>OSM campground (node/6532816787); opening_hours=24/7; phone=+1-800-444-7275</desc>
    <sym>Campground</sym>
    <type>camp</type>
  </wpt>
  <wpt lat="37.468576" lon="-122.445711">
    <ele>14.0</ele>
    <name>48km Francis Beach Campground</name>
    <desc>OSM campground (way/688263611)</desc>
    <sym>Campground</sym>
    <type>camp</type>
  </wpt>
  <wpt lat="37.469231" lon="-122.436130">
    <ele>16.0</ele>
    <name>49km Safeway</name>
    <desc>OSM supermarket (way/30489339); opening_hours=24/7; phone=+1 650-726-1143; website=https://local.safeway.com/safeway/ca/half-moon-bay/70-cabrillo-hwy.html</desc>
    <sym>Shopping Center</sym>
    <type>food</type>
  </wpt>
  <wpt lat="37.469619" lon="-122.433095">
    <ele>16.0</ele>
    <name>49km Chevron</name>
    <desc>OSM fuel+shop (way/219073105)</desc>
    <sym>Gas Station</sym>
    <type>food</type>
  </wpt>
  <wpt lat="37.469057" lon="-122.432128">
    <ele>16.0</ele>
    <name>49km New Leaf Community Market</name>
    <desc>OSM supermarket (way/219058157); opening_hours=Mo-Su 07:00-21:00; operator=New Leaf Community Markets; website=https://newleaf.com/stores/view.php?location=3</desc>
    <sym>Shopping Center</sym>
    <type>food</type>
  </wpt>
  <wpt lat="37.468410" lon="-122.432668">
    <ele>15.0</ele>
    <name>49km (convenience)</name>
    <desc>OSM convenience (node/4641873702)</desc>
    <sym>Convenience Store</sym>
    <type>food</type>
  </wpt>
  <wpt lat="37.468133" lon="-122.430892">
    <ele>15.0</ele>
    <name>49km 7-Eleven</name>
    <desc>OSM convenience (way/219058156); phone=+1 650-726-3215; website=https://www.7-eleven.com/locations/ca/half-moon-bay/196-san-mateo-rd-21480</desc>
    <sym>Convenience Store</sym>
    <type>food</type>
  </wpt>
  <wpt lat="37.467776" lon="-122.429620">
    <ele>15.0</ele>
    <name>49km Texaco</name>
    <desc>OSM fuel+shop (way/392161227)</desc>
    <sym>Gas Station</sym>
    <type>food</type>
  </wpt>
  <wpt lat="37.467550" lon="-122.431101">
    <ele>14.0</ele>
    <name>49km (toilets)</name>
    <desc>OSM toilets (way/982372587); access=yes</desc>
    <sym>Restroom</sym>
    <type>toilet</type>
  </wpt>
  <wpt lat="37.468105" lon="-122.435920">
    <ele>14.0</ele>
    <name>49km (toilets)</name>
    <desc>OSM toilets (way/1211372766)</desc>
    <sym>Restroom</sym>
    <type>toilet</type>
  </wpt>
  <wpt lat="37.463803" lon="-122.433291">
    <ele>19.0</ele>
    <name>50km Bike Works Bike Shop</name>
    <desc>OSM bike shop (way/389972714)</desc>
    <sym>Mine</sym>
    <type>bikeshop</type>
  </wpt>
  <wpt lat="37.464424" lon="-122.433428">
    <ele>18.0</ele>
    <name>50km More4Less</name>
    <desc>OSM convenience (way/222253183)</desc>
    <sym>Convenience Store</sym>
    <type>food</type>
  </wpt>
  <wpt lat="37.463485" lon="-122.429633">
    <ele>21.0</ele>
    <name>50km (toilets)</name>
    <desc>OSM toilets (node/862054630); opening_hours=Mo-Su 06:30-20:00</desc>
    <sym>Restroom</sym>
    <type>toilet</type>
  </wpt>
  <wpt lat="37.463891" lon="-122.429508">
    <ele>21.0</ele>
    <name>50km Cunha's Country Grocery</name>
    <desc>OSM supermarket (way/349684890)</desc>
    <sym>Shopping Center</sym>
    <type>food</type>
  </wpt>
  <wpt lat="37.463471" lon="-122.429435">
    <ele>21.0</ele>
    <name>50km (drinking water)</name>
    <desc>OSM drinking water (node/4409173508)</desc>
    <sym>Drinking Water</sym>
    <type>water</type>
  </wpt>
  <wpt lat="37.422252" lon="-122.426557">
    <ele>40.0</ele>
    <name>55km (toilets)</name>
    <desc>OSM toilets (node/3700476653); fee=no</desc>
    <sym>Restroom</sym>
    <type>toilet</type>
  </wpt>
  <wpt lat="37.396214" lon="-122.415907">
    <ele>52.0</ele>
    <name>58km (toilets)</name>
    <desc>OSM toilets (node/4295038104); fee=no</desc>
    <sym>Restroom</sym>
    <type>toilet</type>
  </wpt>
  <wpt lat="37.372307" lon="-122.407537">
    <ele>54.0</ele>
    <name>61km (toilets)</name>
    <desc>OSM toilets (way/1087284272); access=yes</desc>
    <sym>Restroom</sym>
    <type>toilet</type>
  </wpt>
  <wpt lat="37.322930" lon="-122.401791">
    <ele>8.0</ele>
    <name>67km Toilets</name>
    <desc>OSM toilets (way/503268414)</desc>
    <sym>Restroom</sym>
    <type>toilet</type>
  </wpt>
  <wpt lat="37.300560" lon="-122.405224">
    <ele>7.0</ele>
    <name>70km (toilets)</name>
    <desc>OSM toilets (node/6550523132)</desc>
    <sym>Restroom</sym>
    <type>toilet</type>
  </wpt>
  <wpt lat="37.265370" lon="-122.412316">
    <ele>9.0</ele>
    <name>74km (toilets)</name>
    <desc>OSM toilets (node/2029293807); drinking_water=no</desc>
    <sym>Restroom</sym>
    <type>toilet</type>
  </wpt>
  <wpt lat="37.260791" lon="-122.413231">
    <ele>10.0</ele>
    <name>74km (toilets)</name>
    <desc>OSM toilets (node/4378043692); access=yes</desc>
    <sym>Restroom</sym>
    <type>toilet</type>
  </wpt>
  <wpt lat="37.225766" lon="-122.408752">
    <ele>6.0</ele>
    <name>78km (toilets)</name>
    <desc>OSM toilets (way/239940924); access=yes</desc>
    <sym>Restroom</sym>
    <type>toilet</type>
  </wpt>
  <wpt lat="37.166496" lon="-122.361958">
    <ele>9.0</ele>
    <name>87km (toilets)</name>
    <desc>OSM toilets (node/6299763592)</desc>
    <sym>Restroom</sym>
    <type>toilet</type>
  </wpt>
  <wpt lat="37.165495" lon="-122.360221">
    <ele>2.0</ele>
    <name>87km Alliance gas station</name>
    <desc>OSM convenience (node/12842907110)</desc>
    <sym>Convenience Store</sym>
    <type>food</type>
  </wpt>
  <wpt lat="37.157012" lon="-122.349026">
    <ele>26.0</ele>
    <name>89km Costanoa</name>
    <desc>OSM campground (way/44478680)</desc>
    <sym>Campground</sym>
    <type>camp</type>
  </wpt>
  <wpt lat="37.120476" lon="-122.307643">
    <ele>35.0</ele>
    <name>94km (toilets)</name>
    <desc>OSM toilets (node/2589415261); fee=no</desc>
    <sym>Restroom</sym>
    <type>toilet</type>
  </wpt>
  <wpt lat="37.118901" lon="-122.307003">
    <ele>32.0</ele>
    <name>94km (drinking water)</name>
    <desc>OSM drinking water (node/9435094642)</desc>
    <sym>Drinking Water</sym>
    <type>water</type>
  </wpt>
  <wpt lat="37.101134" lon="-122.277287">
    <ele>10.0</ele>
    <name>98km Rancho Del Oso Walk-in Campground</name>
    <desc>OSM campground (node/1306234572)</desc>
    <sym>Campground</sym>
    <type>camp</type>
  </wpt>
  <wpt lat="37.096868" lon="-122.279486">
    <ele>4.0</ele>
    <name>98km (toilets)</name>
    <desc>OSM toilets (way/683044058)</desc>
    <sym>Restroom</sym>
    <type>toilet</type>
  </wpt>
  <wpt lat="37.079742" lon="-122.264841">
    <ele>54.0</ele>
    <name>100km (toilets)</name>
    <desc>OSM toilets (node/836071066)</desc>
    <sym>Restroom</sym>
    <type>toilet</type>
  </wpt>
  <wpt lat="37.030429" lon="-122.218477">
    <ele>24.0</ele>
    <name>107km (toilets)</name>
    <desc>OSM toilets (node/12793412837)</desc>
    <sym>Restroom</sym>
    <type>toilet</type>
  </wpt>
  <wpt lat="37.024940" lon="-122.215691">
    <ele>18.0</ele>
    <name>108km (toilets)</name>
    <desc>OSM toilets (way/1486227495)</desc>
    <sym>Restroom</sym>
    <type>toilet</type>
  </wpt>
  <wpt lat="37.022219" lon="-122.208023">
    <ele>28.0</ele>
    <name>109km (toilets)</name>
    <desc>OSM toilets (node/13076933967); toilets=pit_latrine</desc>
    <sym>Restroom</sym>
    <type>toilet</type>
  </wpt>
  <wpt lat="37.011686" lon="-122.195567">
    <ele>28.0</ele>
    <name>110km Arro's Country Store</name>
    <desc>OSM convenience (way/239271466)</desc>
    <sym>Convenience Store</sym>
    <type>food</type>
  </wpt>
  <wpt lat="36.964813" lon="-122.102308">
    <ele>39.0</ele>
    <name>120km Wilder Ranch State Park Horse Camping</name>
    <desc>OSM campground (way/1428870630); phone=+1 831 423 9703; reservation=no</desc>
    <sym>Campground</sym>
    <type>camp</type>
  </wpt>
  <wpt lat="36.961122" lon="-122.083815">
    <ele>13.0</ele>
    <name>122km (toilets)</name>
    <desc>OSM toilets (node/849815075)</desc>
    <sym>Restroom</sym>
    <type>toilet</type>
  </wpt>
  <wpt lat="36.960273" lon="-122.085185">
    <ele>16.0</ele>
    <name>122km (toilets)</name>
    <desc>OSM toilets (node/1422561254)</desc>
    <sym>Restroom</sym>
    <type>toilet</type>
  </wpt>
  <wpt lat="36.963926" lon="-122.083768">
    <ele>11.0</ele>
    <name>122km (toilets)</name>
    <desc>OSM toilets (node/2276151856)</desc>
    <sym>Restroom</sym>
    <type>toilet</type>
  </wpt>
  <wpt lat="36.959288" lon="-122.056407">
    <ele>19.0</ele>
    <name>124km Santa Cruz Bicycles</name>
    <desc>OSM bike shop (node/3241634064); phone=+1-831-459-7560; website=https://santacruzbicycles.com/</desc>
    <sym>Mine</sym>
    <type>bikeshop</type>
  </wpt>
  <wpt lat="36.960438" lon="-122.056532">
    <ele>20.0</ele>
    <name>124km (toilets)</name>
    <desc>OSM toilets (node/6512288310)</desc>
    <sym>Restroom</sym>
    <type>toilet</type>
  </wpt>
  <wpt lat="36.957178" lon="-122.053212">
    <ele>18.0</ele>
    <name>125km Ibis Bicycles</name>
    <desc>OSM bike shop (node/1484085788)</desc>
    <sym>Mine</sym>
    <type>bikeshop</type>
  </wpt>
  <wpt lat="36.960202" lon="-122.049095">
    <ele>17.0</ele>
    <name>125km 7-Eleven</name>
    <desc>OSM convenience (node/401461449); opening_hours=24/7; phone=+1 831-458-2720; website=https://www.7-eleven.com/locations/ca/santa-cruz/2429-mission-street-29795</desc>
    <sym>Convenience Store</sym>
    <type>food</type>
  </wpt>
  <wpt lat="36.958931" lon="-122.048751">
    <ele>17.0</ele>
    <name>125km (toilets)</name>
    <desc>OSM toilets (node/2019385409)</desc>
    <sym>Restroom</sym>
    <type>toilet</type>
  </wpt>
  <wpt lat="36.960729" lon="-122.047860">
    <ele>18.0</ele>
    <name>125km Another Bike Shop</name>
    <desc>OSM bike shop (node/412317756); opening_hours=Mo-Fr 10:00-18:00; Sa-Su 10:00-17:00; phone=+1-831-427-2232</desc>
    <sym>Mine</sym>
    <type>bikeshop</type>
  </wpt>
  <wpt lat="36.959095" lon="-122.047445">
    <ele>18.0</ele>
    <name>125km (toilets)</name>
    <desc>OSM toilets (node/3627884865); access=destination</desc>
    <sym>Restroom</sym>
    <type>toilet</type>
  </wpt>
  <wpt lat="36.959080" lon="-122.046382">
    <ele>16.0</ele>
    <name>126km New Leaf Community Market</name>
    <desc>OSM supermarket (way/35838123); opening_hours=Mo-Su 07:00-21:00; phone=+1-831-426-1306; website=https://www.newleaf.com/</desc>
    <sym>Shopping Center</sym>
    <type>food</type>
  </wpt>
  <wpt lat="36.961401" lon="-122.045189">
    <ele>15.0</ele>
    <name>126km Safeway</name>
    <desc>OSM supermarket (way/32503072); opening_hours=24/7; phone=+1 831-420-0781; website=https://local.safeway.com/safeway/ca/santa-cruz/2203-mission-st.html</desc>
    <sym>Shopping Center</sym>
    <type>food</type>
  </wpt>
  <wpt lat="36.962361" lon="-122.045334">
    <ele>15.0</ele>
    <name>126km The Local Shoppe</name>
    <desc>OSM convenience (node/2379497804)</desc>
    <sym>Convenience Store</sym>
    <type>food</type>
  </wpt>
  <wpt lat="36.959106" lon="-122.038843">
    <ele>16.0</ele>
    <name>126km Circle Market</name>
    <desc>OSM convenience (node/421256660)</desc>
    <sym>Convenience Store</sym>
    <type>food</type>
  </wpt>
  <wpt lat="36.963770" lon="-122.043373">
    <ele>16.0</ele>
    <name>126km Rotten Robbie</name>
    <desc>OSM convenience (way/194284628)</desc>
    <sym>Convenience Store</sym>
    <type>food</type>
  </wpt>
  <wpt lat="36.962898" lon="-122.043066">
    <ele>16.0</ele>
    <name>126km Gas and Shop</name>
    <desc>OSM convenience (way/908918653)</desc>
    <sym>Convenience Store</sym>
    <type>food</type>
  </wpt>
  <wpt lat="36.964724" lon="-122.041758">
    <ele>20.0</ele>
    <name>126km APCO Gasoline</name>
    <desc>OSM fuel+shop (node/409821486)</desc>
    <sym>Gas Station</sym>
    <type>food</type>
  </wpt>
  <wpt lat="36.960672" lon="-122.036921">
    <ele>21.0</ele>
    <name>126km Santa Cruz Market</name>
    <desc>OSM convenience (way/219988726); opening_hours=Mo-Sa 07:00-21:30; Su 08:00-21:30</desc>
    <sym>Convenience Store</sym>
    <type>food</type>
  </wpt>
  <wpt lat="36.963596" lon="-122.034868">
    <ele>19.0</ele>
    <name>127km (toilets)</name>
    <desc>OSM toilets (way/670840367); access=yes</desc>
    <sym>Restroom</sym>
    <type>toilet</type>
  </wpt>
  <wpt lat="36.963320" lon="-122.034287">
    <ele>20.0</ele>
    <name>127km (drinking water)</name>
    <desc>OSM drinking water (node/6282150359); access=yes; fee=no</desc>
    <sym>Drinking Water</sym>
    <type>water</type>
  </wpt>
  <wpt lat="36.965232" lon="-122.025592">
    <ele>19.0</ele>
    <name>127km Pacific Ave Cycles</name>
    <desc>OSM bike shop (node/6284631802); opening_hours=Mo-Sa 10:00-18:00; phone=+1-831-471-2453; website=http://pacificavecycles.com</desc>
    <sym>Mine</sym>
    <type>bikeshop</type>
  </wpt>
  <wpt lat="36.969929" lon="-122.037580">
    <ele>22.0</ele>
    <name>127km Food Bin</name>
    <desc>OSM convenience (way/35027378); opening_hours=08:00-21:00; phone=+1-831-423-5526; website=https://foodbinherbroom.com</desc>
    <sym>Convenience Store</sym>
    <type>food</type>
  </wpt>
  <wpt lat="36.972289" lon="-122.035772">
    <ele>24.0</ele>
    <name>128km 76</name>
    <desc>OSM fuel+shop (node/401461436)</desc>
    <sym>Gas Station</sym>
    <type>food</type>
  </wpt>
  <wpt lat="36.972624" lon="-122.035008">
    <ele>24.0</ele>
    <name>128km USA Pro Gasoline</name>
    <desc>OSM fuel+shop (node/1590254846)</desc>
    <sym>Gas Station</sym>
    <type>food</type>
  </wpt>
  <wpt lat="36.969036" lon="-122.029796">
    <ele>18.0</ele>
    <name>128km 7-Eleven</name>
    <desc>OSM convenience (way/39551599); phone=+1 831-423-8497; website=https://www.7-eleven.com/locations/ca/santa-cruz/602-laurel-st-16346</desc>
    <sym>Convenience Store</sym>
    <type>food</type>
  </wpt>
  <wpt lat="36.971368" lon="-122.026456">
    <ele>10.0</ele>
    <name>128km Spokesman Bicycles</name>
    <desc>OSM bike shop (node/412317757); opening_hours=Mo-Sa 11:00-18:00; Su 12:00-17:00; phone=+1-831-429-6062; website=https://www.spokesmanbicycles.com/</desc>
    <sym>Mine</sym>
    <type>bikeshop</type>
  </wpt>
  <wpt lat="36.968545" lon="-122.025103">
    <ele>10.0</ele>
    <name>128km The Bike Church</name>
    <desc>OSM bike shop (node/412317758); opening_hours=Th-Mo 12:00-17:00; phone=+1-831-425-2453</desc>
    <sym>Mine</sym>
    <type>bikeshop</type>
  </wpt>
  <wpt lat="36.967328" lon="-122.024671">
    <ele>10.0</ele>
    <name>128km Current eBikes</name>
    <desc>OSM bike shop (node/6284610762); opening_hours=Tu-Fr 10:00-18:00, Sa 09:00-17:00; phone=+1-831-621-2309; website=https://currentebikes.com</desc>
    <sym>Mine</sym>
    <type>bikeshop</type>
  </wpt>
  <wpt lat="36.968565" lon="-122.028786">
    <ele>10.0</ele>
    <name>128km Hernandez Market</name>
    <desc>OSM supermarket (node/414150589)</desc>
    <sym>Shopping Center</sym>
    <type>food</type>
  </wpt>
  <wpt lat="36.976026" lon="-122.032207">
    <ele>11.0</ele>
    <name>128km Om's Market</name>
    <desc>OSM convenience (node/401461437)</desc>
    <sym>Convenience Store</sym>
    <type>food</type>
  </wpt>
  <wpt lat="36.974276" lon="-122.029556">
    <ele>10.0</ele>
    <name>128km (toilets)</name>
    <desc>OSM toilets (node/411912511)</desc>
    <sym>Restroom</sym>
    <type>toilet</type>
  </wpt>
  <wpt lat="36.974628" lon="-122.028555">
    <ele>10.0</ele>
    <name>128km (toilets)</name>
    <desc>OSM toilets (node/411912515); description=Publicly accessible restrooms inside the library, open from the time the library opens until 20 minutes prior to closing.; opening_hours=Mo-Th 10:00-17:40; Fr, Sa 10:00-16:40; Su 13:00-16:40</desc>
    <sym>Restroom</sym>
    <type>toilet</type>
  </wpt>
  <wpt lat="36.974117" lon="-122.026221">
    <ele>10.0</ele>
    <name>128km (drinking water)</name>
    <desc>OSM drinking water (node/392908061)</desc>
    <sym>Drinking Water</sym>
    <type>water</type>
  </wpt>
  <wpt lat="36.975046" lon="-122.027397">
    <ele>10.0</ele>
    <name>128km Awe Sum Organically</name>
    <desc>OSM supermarket (node/3240421235)</desc>
    <sym>Shopping Center</sym>
    <type>food</type>
  </wpt>
  <wpt lat="36.975323" lon="-122.027343">
    <ele>10.0</ele>
    <name>128km (toilets)</name>
    <desc>OSM toilets (node/392893385)</desc>
    <sym>Restroom</sym>
    <type>toilet</type>
  </wpt>
  <wpt lat="36.981490" lon="-122.029744">
    <ele>12.0</ele>
    <name>129km Specialized Experience Center</name>
    <desc>OSM bike shop (node/8163034045); opening_hours=Mo-Su 10:00-17:00; phone=+1-831-331-4827; website=https://specializedsantacruz.com/</desc>
    <sym>Mine</sym>
    <type>bikeshop</type>
  </wpt>
  <wpt lat="36.977512" lon="-122.028032">
    <ele>12.0</ele>
    <name>129km (toilets)</name>
    <desc>OSM toilets (node/10612661431); access=yes</desc>
    <sym>Restroom</sym>
    <type>toilet</type>
  </wpt>
  <wpt lat="36.974522" lon="-122.024802">
    <ele>8.0</ele>
    <name>129km Trader Joe's</name>
    <desc>OSM supermarket (node/8241788547); opening_hours=Mo-Su 08:00-21:00; phone=+1 831-425-0140; website=https://locations.traderjoes.com/ca/santa-cruz/193/</desc>
    <sym>Shopping Center</sym>
    <type>food</type>
  </wpt>
  <wpt lat="36.975547" lon="-122.026057">
    <ele>8.0</ele>
    <name>129km (toilets)</name>
    <desc>OSM toilets (node/411912513)</desc>
    <sym>Restroom</sym>
    <type>toilet</type>
  </wpt>
  <wpt lat="36.975605" lon="-122.026674">
    <ele>10.0</ele>
    <name>129km (drinking water)</name>
    <desc>OSM drinking water (node/402127083)</desc>
    <sym>Drinking Water</sym>
    <type>water</type>
  </wpt>
  <wpt lat="36.977620" lon="-122.020920">
    <ele>10.0</ele>
    <name>129km County Vehicles Only</name>
    <desc>OSM fuel+shop (node/2754813829); access=private</desc>
    <sym>Gas Station</sym>
    <type>food</type>
  </wpt>
  <wpt lat="36.979757" lon="-122.021694">
    <ele>9.0</ele>
    <name>129km Shell</name>
    <desc>OSM fuel+shop (node/395034133)</desc>
    <sym>Gas Station</sym>
    <type>food</type>
  </wpt>
  <wpt lat="36.976578" lon="-122.016054">
    <ele>9.0</ele>
    <name>130km Shopper's Corner</name>
    <desc>OSM supermarket (way/35556042); opening_hours=Mo-Su 06:00-21:00; phone=+1-831-423-1398; website=http://shopperscorner.com/</desc>
    <sym>Shopping Center</sym>
    <type>food</type>
  </wpt>
  <wpt lat="36.979000" lon="-122.014571">
    <ele>23.0</ele>
    <name>130km Whole Foods Market</name>
    <desc>OSM supermarket (way/34445819); opening_hours=Mo-Su 08:00-21:00; phone=+1 831-426-9901; toilets=yes; website=https://www.wholefoodsmarket.com/stores/santacruz</desc>
    <sym>Shopping Center</sym>
    <type>food</type>
  </wpt>
  <wpt lat="36.979137" lon="-122.014505">
    <ele>23.0</ele>
    <name>130km (toilets)</name>
    <desc>OSM toilets (node/11137490376); access=permissive; description=A code, which is changed periodically, is needed to unlock the restrooms. It can easily be obtained by asking any staff member. Access to the restrooms is generally permissive and open to the public upon request.; drinking_water=yes; fee=no; opening_hours=Mo-Su 08:00-21:00</desc>
    <sym>Restroom</sym>
    <type>toilet</type>
  </wpt>
  <wpt lat="36.978851" lon="-122.013020">
    <ele>25.0</ele>
    <name>130km The Bicycle Trip</name>
    <desc>OSM bike shop (way/256802809); opening_hours=Tu-Fr 11:00-18:00; Sa 10:00-18:00; phone=+1-831-427-2580; website=https://www.bicycletrip.com/</desc>
    <sym>Mine</sym>
    <type>bikeshop</type>
  </wpt>
  <wpt lat="36.981165" lon="-122.011110">
    <ele>26.0</ele>
    <name>130km Arco</name>
    <desc>OSM fuel+shop (way/899731800)</desc>
    <sym>Gas Station</sym>
    <type>food</type>
  </wpt>
  <wpt lat="36.981544" lon="-122.008943">
    <ele>24.0</ele>
    <name>130km Earth Cycles</name>
    <desc>OSM bike shop (node/416599026)</desc>
    <sym>Mine</sym>
    <type>bikeshop</type>
  </wpt>
  <wpt lat="36.980589" lon="-122.008291">
    <ele>23.0</ele>
    <name>130km Staff of Life</name>
    <desc>OSM supermarket (node/400699340); opening_hours=Mo-Su 08:00-21:00</desc>
    <sym>Shopping Center</sym>
    <type>food</type>
  </wpt>
  <wpt lat="36.982099" lon="-122.007504">
    <ele>24.0</ele>
    <name>130km Safeway</name>
    <desc>OSM supermarket (way/34569098); opening_hours=24/7; phone=+1 831-426-7489; website=https://local.safeway.com/safeway/ca/santa-cruz/117-morrissey-blvd.html</desc>
    <sym>Shopping Center</sym>
    <type>food</type>
  </wpt>
  <wpt lat="36.980940" lon="-122.006823">
    <ele>25.0</ele>
    <name>131km sc bike repair</name>
    <desc>OSM bike shop (node/12644140001)</desc>
    <sym>Mine</sym>
    <type>bikeshop</type>
  </wpt>
  <wpt lat="36.981999" lon="-122.005858">
    <ele>24.0</ele>
    <name>131km Grocery Outlet</name>
    <desc>OSM supermarket (way/34569113); opening_hours=Mo-Su 08:00-21:00; phone=+1-831-425-6533; website=https://groceryoutlet.com/</desc>
    <sym>Shopping Center</sym>
    <type>food</type>
  </wpt>
  <wpt lat="36.981242" lon="-122.004416">
    <ele>24.0</ele>
    <name>131km 76</name>
    <desc>OSM fuel+shop (way/894432759); website=https://www.76.com/station/U76-SEI-38007-0000887006/</desc>
    <sym>Gas Station</sym>
    <type>food</type>
  </wpt>
  <wpt lat="36.983983" lon="-121.989361">
    <ele>24.0</ele>
    <name>132km Recycled Bikes of Santa Cruz</name>
    <desc>OSM bike shop (node/1484085789)</desc>
    <sym>Mine</sym>
    <type>bikeshop</type>
  </wpt>
  <wpt lat="36.979267" lon="-121.991224">
    <ele>24.0</ele>
    <name>132km Z Ma Self Service Gasoline</name>
    <desc>OSM fuel+shop (node/431405446)</desc>
    <sym>Gas Station</sym>
    <type>food</type>
  </wpt>
  <wpt lat="36.976186" lon="-121.991077">
    <ele>25.0</ele>
    <name>132km (drinking water)</name>
    <desc>OSM drinking water (node/8272201945)</desc>
    <sym>Drinking Water</sym>
    <type>water</type>
  </wpt>
  <wpt lat="36.974542" lon="-121.987863">
    <ele>24.0</ele>
    <name>133km (drinking water)</name>
    <desc>OSM drinking water (node/8272199268)</desc>
    <sym>Drinking Water</sym>
    <type>water</type>
  </wpt>
  <wpt lat="36.975642" lon="-121.983443">
    <ele>26.0</ele>
    <name>133km Live Oak Super</name>
    <desc>OSM supermarket (node/431699198)</desc>
    <sym>Shopping Center</sym>
    <type>food</type>
  </wpt>
  <wpt lat="36.975962" lon="-121.982821">
    <ele>26.0</ele>
    <name>133km Valero</name>
    <desc>OSM fuel+shop (node/3146806429)</desc>
    <sym>Gas Station</sym>
    <type>food</type>
  </wpt>
  <wpt lat="36.978624" lon="-121.980822">
    <ele>27.0</ele>
    <name>133km (drinking water)</name>
    <desc>OSM drinking water (node/8279643286); fee=no</desc>
    <sym>Drinking Water</sym>
    <type>water</type>
  </wpt>
  <wpt lat="36.977838" lon="-121.970515">
    <ele>24.0</ele>
    <name>134km Trader Joe's</name>
    <desc>OSM supermarket (node/1742495877); opening_hours=Mo-Su 08:00-21:00; phone=+1 831-464-0115; website=https://locations.traderjoes.com/ca/capitola/64/</desc>
    <sym>Shopping Center</sym>
    <type>food</type>
  </wpt>
  <wpt lat="36.978777" lon="-121.968867">
    <ele>23.0</ele>
    <name>134km Bicycle Trip</name>
    <desc>OSM bike shop (node/4890223749); opening_hours=Tu-Fr 11:00-18:00, Sa 10:00-18:00, Su 11:00-16:00; phone=+1-831-226-5050; website=http://www.bicycletripcapitola.com</desc>
    <sym>Mine</sym>
    <type>bikeshop</type>
  </wpt>
  <wpt lat="36.971755" lon="-121.966400">
    <ele>22.0</ele>
    <name>135km New Leaf Community Markets</name>
    <desc>OSM supermarket (node/2623071064)</desc>
    <sym>Shopping Center</sym>
    <type>food</type>
  </wpt>
  <wpt lat="36.973306" lon="-121.965342">
    <ele>22.0</ele>
    <name>135km (convenience)</name>
    <desc>OSM convenience (way/768674012)</desc>
    <sym>Convenience Store</sym>
    <type>food</type>
  </wpt>
  <wpt lat="36.965262" lon="-121.964744">
    <ele>22.0</ele>
    <name>135km Family Cycling Center</name>
    <desc>OSM bike shop (node/881539260); opening_hours=Mo-Fr 10:00-18:00; Sa-Su 10:00-17:00; phone=+1-831-475-3883; website=https://www.cyclesport.com</desc>
    <sym>Mine</sym>
    <type>bikeshop</type>
  </wpt>
  <wpt lat="36.972773" lon="-121.964751">
    <ele>22.0</ele>
    <name>135km Shell</name>
    <desc>OSM convenience (node/8200403927)</desc>
    <sym>Convenience Store</sym>
    <type>food</type>
  </wpt>
  <wpt lat="36.977052" lon="-121.964644">
    <ele>22.0</ele>
    <name>135km Dollar Tree</name>
    <desc>OSM convenience (node/13837924201); opening_hours=Mo-Su 08:00-22:00</desc>
    <sym>Convenience Store</sym>
    <type>food</type>
  </wpt>
  <wpt lat="36.973369" lon="-121.964465">
    <ele>22.0</ele>
    <name>135km Chevron</name>
    <desc>OSM fuel+shop (way/881783755); phone=+1-831-475-9785</desc>
    <sym>Gas Station</sym>
    <type>food</type>
  </wpt>
  <wpt lat="36.974263" lon="-121.963582">
    <ele>25.0</ele>
    <name>135km Whole Foods Market</name>
    <desc>OSM supermarket (node/709777197); opening_hours=Mo-Su 08:00-21:00; phone=+1 831-464-2900; website=https://www.wholefoodsmarket.com/stores/capitola</desc>
    <sym>Shopping Center</sym>
    <type>food</type>
  </wpt>
  <wpt lat="36.969287" lon="-121.963597">
    <ele>25.0</ele>
    <name>135km New Leaf Community Market</name>
    <desc>OSM supermarket (node/2623068683)</desc>
    <sym>Shopping Center</sym>
    <type>food</type>
  </wpt>
  <wpt lat="36.978319" lon="-121.952957">
    <ele>9.0</ele>
    <name>136km (convenience)</name>
    <desc>OSM convenience (node/4336476831)</desc>
    <sym>Convenience Store</sym>
    <type>food</type>
  </wpt>
  <wpt lat="36.980597" lon="-121.945482">
    <ele>41.0</ele>
    <name>137km (drinking water)</name>
    <desc>OSM drinking water (node/8228347054)</desc>
    <sym>Drinking Water</sym>
    <type>water</type>
  </wpt>
  <wpt lat="36.979234" lon="-121.936480">
    <ele>44.0</ele>
    <name>138km New Brighton State Beach Campground</name>
    <desc>OSM campground (way/686493773); drinking_water=yes; fee=yes; shower=yes; toilets=yes; website=https://www.parks.ca.gov/?page_id=30490</desc>
    <sym>Campground</sym>
    <type>camp</type>
  </wpt>
  <wpt lat="36.980258" lon="-121.934782">
    <ele>52.0</ele>
    <name>138km (toilets)</name>
    <desc>OSM toilets (way/737966912)</desc>
    <sym>Restroom</sym>
    <type>toilet</type>
  </wpt>
  <wpt lat="36.981533" lon="-121.934411">
    <ele>36.0</ele>
    <name>139km (drinking water)</name>
    <desc>OSM drinking water (node/792073412)</desc>
    <sym>Drinking Water</sym>
    <type>water</type>
  </wpt>
  <wpt lat="36.980801" lon="-121.933358">
    <ele>42.0</ele>
    <name>139km (toilets)</name>
    <desc>OSM toilets (way/737966914)</desc>
    <sym>Restroom</sym>
    <type>toilet</type>
  </wpt>
  <wpt lat="36.980219" lon="-121.932186">
    <ele>48.0</ele>
    <name>139km (toilets)</name>
    <desc>OSM toilets (way/737966915)</desc>
    <sym>Restroom</sym>
    <type>toilet</type>
  </wpt>
  <wpt lat="36.981150" lon="-121.931194">
    <ele>44.0</ele>
    <name>139km (toilets)</name>
    <desc>OSM toilets (way/737966916)</desc>
    <sym>Restroom</sym>
    <type>toilet</type>
  </wpt>
  <wpt lat="36.988879" lon="-121.924079">
    <ele>44.0</ele>
    <name>140km Cabrillo Bike Coop</name>
    <desc>OSM bike shop (node/2828403849); website=https://sites.google.com/a/cabrillo.edu/cabrillobikeco-op/</desc>
    <sym>Mine</sym>
    <type>bikeshop</type>
  </wpt>
  <wpt lat="36.973857" lon="-121.917840">
    <ele>37.0</ele>
    <name>141km (campground)</name>
    <desc>OSM campground (node/1012768214)</desc>
    <sym>Campground</sym>
    <type>camp</type>
  </wpt>
  <wpt lat="36.975496" lon="-121.912211">
    <ele>37.0</ele>
    <name>141km 76</name>
    <desc>OSM fuel+shop (node/453791233)</desc>
    <sym>Gas Station</sym>
    <type>food</type>
  </wpt>
  <wpt lat="36.978581" lon="-121.908609">
    <ele>48.0</ele>
    <name>142km Safeway</name>
    <desc>OSM supermarket (node/453738678); phone=+1 831-688-2775; website=https://local.safeway.com/safeway/ca/aptos/16-rancho-del-mar.html</desc>
    <sym>Shopping Center</sym>
    <type>food</type>
  </wpt>
  <wpt lat="36.981719" lon="-121.910642">
    <ele>49.0</ele>
    <name>142km Aptos Natural Foods</name>
    <desc>OSM supermarket (node/3645875854)</desc>
    <sym>Shopping Center</sym>
    <type>food</type>
  </wpt>
  <wpt lat="36.979456" lon="-121.908561">
    <ele>49.0</ele>
    <name>142km Safeway</name>
    <desc>OSM fuel+shop (node/453736983); operator=Safeway; website=https://local.fuel.safeway.com/safeway/ca/aptos/16-rancho-del-mar.html</desc>
    <sym>Gas Station</sym>
    <type>food</type>
  </wpt>
  <wpt lat="36.979822" lon="-121.907982">
    <ele>48.0</ele>
    <name>142km Chevron</name>
    <desc>OSM fuel+shop (node/453737377)</desc>
    <sym>Gas Station</sym>
    <type>food</type>
  </wpt>
  <wpt lat="36.976158" lon="-121.904813">
    <ele>32.0</ele>
    <name>142km Aptos speed shop</name>
    <desc>OSM bike shop (node/12639369301); opening_hours=Mo-Fr 09:00-17:00</desc>
    <sym>Mine</sym>
    <type>bikeshop</type>
  </wpt>
  <wpt lat="36.977902" lon="-121.902331">
    <ele>28.0</ele>
    <name>142km Epicenter Cycling</name>
    <desc>OSM bike shop (node/3335428071)</desc>
    <sym>Mine</sym>
    <type>bikeshop</type>
  </wpt>
  <wpt lat="36.978293" lon="-121.901086">
    <ele>29.0</ele>
    <name>142km Penny Ice creamery</name>
    <desc>OSM toilets (way/1162563877); access=yes; fee=yes; operator=Penny Ice creamery</desc>
    <sym>Restroom</sym>
    <type>toilet</type>
  </wpt>
  <wpt lat="36.978451" lon="-121.900424">
    <ele>30.0</ele>
    <name>143km New Leaf Market</name>
    <desc>OSM supermarket (node/6479601177); opening_hours=08:00-21:00</desc>
    <sym>Shopping Center</sym>
    <type>food</type>
  </wpt>
  <wpt lat="36.974354" lon="-121.889494">
    <ele>40.0</ele>
    <name>144km Deluxe Foods</name>
    <desc>OSM supermarket (way/97641479)</desc>
    <sym>Shopping Center</sym>
    <type>food</type>
  </wpt>
  <wpt lat="36.974501" lon="-121.887701">
    <ele>46.0</ele>
    <name>144km Arco</name>
    <desc>OSM fuel+shop (node/395042391)</desc>
    <sym>Gas Station</sym>
    <type>food</type>
  </wpt>
  <wpt lat="36.976468" lon="-121.886515">
    <ele>42.0</ele>
    <name>144km Palm Deli</name>
    <desc>OSM supermarket (node/2047027777)</desc>
    <sym>Shopping Center</sym>
    <type>food</type>
  </wpt>
  <wpt lat="36.945388" lon="-121.871247">
    <ele>48.0</ele>
    <name>149km Camp Saint Francis</name>
    <desc>OSM campground (node/833696583); operator=Camp SEA Lab; website=https://campsealab.org/</desc>
    <sym>Campground</sym>
    <type>camp</type>
  </wpt>
  <wpt lat="36.937147" lon="-121.862794">
    <ele>29.0</ele>
    <name>150km El Patio</name>
    <desc>OSM supermarket (node/442197491)</desc>
    <sym>Shopping Center</sym>
    <type>food</type>
  </wpt>
  <wpt lat="36.929391" lon="-121.856496">
    <ele>29.0</ele>
    <name>151km (campground)</name>
    <desc>OSM campground (node/12862485801)</desc>
    <sym>Campground</sym>
    <type>camp</type>
  </wpt>
  <wpt lat="36.916469" lon="-121.848757">
    <ele>48.0</ele>
    <name>153km (campground)</name>
    <desc>OSM campground (node/1620910757)</desc>
    <sym>Campground</sym>
    <type>camp</type>
  </wpt>
  <wpt lat="36.890391" lon="-121.831124">
    <ele>37.0</ele>
    <name>156km Dunes Camp</name>
    <desc>OSM campground (node/6660283531)</desc>
    <sym>Campground</sym>
    <type>camp</type>
  </wpt>
  <wpt lat="36.888256" lon="-121.829656">
    <ele>33.0</ele>
    <name>156km Pine Hollow Camp</name>
    <desc>OSM campground (node/6660283529)</desc>
    <sym>Campground</sym>
    <type>camp</type>
  </wpt>
  <wpt lat="36.887853" lon="-121.828885">
    <ele>33.0</ele>
    <name>156km Hike and Bike Campsites</name>
    <desc>OSM campground (node/11034435349); fee=yes; operator=Sunset State Beach</desc>
    <sym>Campground</sym>
    <type>camp</type>
  </wpt>
  <wpt lat="36.831531" lon="-121.771257">
    <ele>12.0</ele>
    <name>168km 76</name>
    <desc>OSM fuel+shop (node/1183479923); website=https://www.76.com/station/U76-SEI-37985-0000886985/</desc>
    <sym>Gas Station</sym>
    <type>food</type>
  </wpt>
  <wpt lat="36.812705" lon="-121.786432">
    <ele>2.0</ele>
    <name>171km (toilets)</name>
    <desc>OSM toilets (way/350824114); description=Very poorly maintained toilets without doors on cubicles.</desc>
    <sym>Restroom</sym>
    <type>toilet</type>
  </wpt>
  <wpt lat="36.800895" lon="-121.785466">
    <ele>7.0</ele>
    <name>172km (toilets)</name>
    <desc>OSM toilets (way/223323295); fee=no</desc>
    <sym>Restroom</sym>
    <type>toilet</type>
  </wpt>
  <wpt lat="36.798452" lon="-121.783603">
    <ele>4.0</ele>
    <name>173km (convenience)</name>
    <desc>OSM convenience (node/1912129706)</desc>
    <sym>Convenience Store</sym>
    <type>food</type>
  </wpt>
  <wpt lat="36.791084" lon="-121.784037">
    <ele>4.0</ele>
    <name>174km Moss Landing Organic Market</name>
    <desc>OSM supermarket (way/984428766); phone=+1-831-633-6069</desc>
    <sym>Shopping Center</sym>
    <type>food</type>
  </wpt>
  <wpt lat="36.767533" lon="-121.760217">
    <ele>3.0</ele>
    <name>177km Primavera Market</name>
    <desc>OSM supermarket (node/7831229811)</desc>
    <sym>Shopping Center</sym>
    <type>food</type>
  </wpt>
  <wpt lat="36.765131" lon="-121.757816">
    <ele>3.0</ele>
    <name>177km Exxon</name>
    <desc>OSM fuel+shop (node/2606170128)</desc>
    <sym>Gas Station</sym>
    <type>food</type>
  </wpt>
  <wpt lat="36.761364" lon="-121.754135">
    <ele>6.0</ele>
    <name>178km Santa Fe Foods</name>
    <desc>OSM supermarket (node/7831229846)</desc>
    <sym>Shopping Center</sym>
    <type>food</type>
  </wpt>
  <wpt lat="36.760287" lon="-121.750155">
    <ele>8.0</ele>
    <name>178km (fuel+shop)</name>
    <desc>OSM fuel+shop (node/419438222)</desc>
    <sym>Gas Station</sym>
    <type>food</type>
  </wpt>
  <wpt lat="36.759573" lon="-121.749369">
    <ele>8.0</ele>
    <name>178km Chevron</name>
    <desc>OSM fuel+shop (node/12922573100)</desc>
    <sym>Gas Station</sym>
    <type>food</type>
  </wpt>
  <wpt lat="36.761299" lon="-121.749207">
    <ele>8.0</ele>
    <name>178km (drinking water)</name>
    <desc>OSM drinking water (node/5713794846)</desc>
    <sym>Drinking Water</sym>
    <type>water</type>
  </wpt>
  <wpt lat="36.760302" lon="-121.752260">
    <ele>6.0</ele>
    <name>179km Nick's Hi-Way Market</name>
    <desc>OSM supermarket (node/7831208744)</desc>
    <sym>Shopping Center</sym>
    <type>food</type>
  </wpt>
  <wpt lat="36.760584" lon="-121.751668">
    <ele>8.0</ele>
    <name>179km Eco Gas &amp; Mart</name>
    <desc>OSM convenience (way/836623746); operator=Eco Gas &amp; Mart</desc>
    <sym>Convenience Store</sym>
    <type>food</type>
  </wpt>
  <wpt lat="36.714504" lon="-121.792110">
    <ele>19.0</ele>
    <name>186km free campsite</name>
    <desc>OSM campground (node/4388132793)</desc>
    <sym>Campground</sym>
    <type>camp</type>
  </wpt>
  <wpt lat="36.712419" lon="-121.791366">
    <ele>13.0</ele>
    <name>186km Free Campsite. Sunset-Sunrise</name>
    <desc>OSM campground (node/6532816789); opening_hours=24/7</desc>
    <sym>Campground</sym>
    <type>camp</type>
  </wpt>
  <wpt lat="36.694206" lon="-121.801711">
    <ele>10.0</ele>
    <name>188km 7-Eleven</name>
    <desc>OSM convenience (way/556624911)</desc>
    <sym>Convenience Store</sym>
    <type>food</type>
  </wpt>
  <wpt lat="36.693133" lon="-121.801147">
    <ele>10.0</ele>
    <name>188km Walmart Supercenter</name>
    <desc>OSM supermarket (way/35024035); opening_hours=Mo-Su 07:00-23:00; operator=Walmart; phone=+1 831-883-9138; website=https://www.walmart.com/store/4488-marina-ca</desc>
    <sym>Shopping Center</sym>
    <type>food</type>
  </wpt>
  <wpt lat="36.687922" lon="-121.797912">
    <ele>0.0</ele>
    <name>189km Grocery Outlet</name>
    <desc>OSM supermarket (node/4505476040)</desc>
    <sym>Shopping Center</sym>
    <type>food</type>
  </wpt>
  <wpt lat="36.686766" lon="-121.798244">
    <ele>2.0</ele>
    <name>189km Marina Cycle</name>
    <desc>OSM bike shop (node/1388946951)</desc>
    <sym>Mine</sym>
    <type>bikeshop</type>
  </wpt>
  <wpt lat="36.684160" lon="-121.796420">
    <ele>2.0</ele>
    <name>189km Save Mart</name>
    <desc>OSM supermarket (node/1388946952)</desc>
    <sym>Shopping Center</sym>
    <type>food</type>
  </wpt>
  <wpt lat="36.686456" lon="-121.800393">
    <ele>2.0</ele>
    <name>189km Beacon</name>
    <desc>OSM fuel+shop (node/4505464314)</desc>
    <sym>Gas Station</sym>
    <type>food</type>
  </wpt>
  <wpt lat="36.683273" lon="-121.802773">
    <ele>10.0</ele>
    <name>189km 7-Eleven</name>
    <desc>OSM convenience (way/94174246)</desc>
    <sym>Convenience Store</sym>
    <type>food</type>
  </wpt>
  <wpt lat="36.682498" lon="-121.804008">
    <ele>10.0</ele>
    <name>190km Del Monte Asian Market</name>
    <desc>OSM supermarket (node/12594196676)</desc>
    <sym>Shopping Center</sym>
    <type>food</type>
  </wpt>
  <wpt lat="36.681344" lon="-121.804915">
    <ele>4.0</ele>
    <name>190km Tommy's FoodMart</name>
    <desc>OSM convenience (node/2606267506)</desc>
    <sym>Convenience Store</sym>
    <type>food</type>
  </wpt>
  <wpt lat="36.664285" lon="-121.809780">
    <ele>16.0</ele>
    <name>192km Trader Joe's</name>
    <desc>OSM supermarket (way/1334150342); opening_hours=Mo-Su 09:00-21:00</desc>
    <sym>Shopping Center</sym>
    <type>food</type>
  </wpt>
  <wpt lat="36.644844" lon="-121.812020">
    <ele>44.0</ele>
    <name>194km Commissary (military only)</name>
    <desc>OSM supermarket (node/5158768022); opening_hours=Tu-Sa 09:00-19:00; Su 10:00-18:00; operator=Defense Commissary Agency (DeCA); phone=+1-831-242-7668; website=https://commissaries.com</desc>
    <sym>Shopping Center</sym>
    <type>food</type>
  </wpt>
  <wpt lat="36.623247" lon="-121.842127">
    <ele>20.0</ele>
    <name>197km 7-Eleven</name>
    <desc>OSM convenience (way/326486729)</desc>
    <sym>Convenience Store</sym>
    <type>food</type>
  </wpt>
  <wpt lat="36.619862" lon="-121.843951">
    <ele>9.0</ele>
    <name>198km Lucky</name>
    <desc>OSM supermarket (node/7690700456); opening_hours=Mo-Su 06:00-22:00; website=https://www.luckysupermarkets.com/stores/sand-city-772/5082</desc>
    <sym>Shopping Center</sym>
    <type>food</type>
  </wpt>
  <wpt lat="36.608980" lon="-121.855355">
    <ele>-2.0</ele>
    <name>200km Smart &amp; Final</name>
    <desc>OSM supermarket (way/55878884); opening_hours=Mo-Su 06:00-22:00; phone=+1-831-393-0250</desc>
    <sym>Shopping Center</sym>
    <type>food</type>
  </wpt>
  <wpt lat="36.609950" lon="-121.856961">
    <ele>2.0</ele>
    <name>200km Shell</name>
    <desc>OSM convenience (way/152297419)</desc>
    <sym>Convenience Store</sym>
    <type>food</type>
  </wpt>
  <wpt lat="36.610085" lon="-121.859348">
    <ele>8.0</ele>
    <name>200km (toilets)</name>
    <desc>OSM toilets (node/9770318973)</desc>
    <sym>Restroom</sym>
    <type>toilet</type>
  </wpt>
  <wpt lat="36.603722" lon="-121.861765">
    <ele>10.0</ele>
    <name>201km Speedway</name>
    <desc>OSM convenience (way/993611258); website=https://www.speedway.com/locations/CA/Monterey/2338-Del-Monte-Ave</desc>
    <sym>Convenience Store</sym>
    <type>food</type>
  </wpt>
  <wpt lat="36.599628" lon="-121.872740">
    <ele>14.0</ele>
    <name>202km Navy Exchange (NEX)</name>
    <desc>OSM convenience (node/5158866521); opening_hours=Mo-Sa 09:00-18:00; Su 10:00-16:00; operator=Navy Exchange Service Command; phone=+1-831-373-7277; website=https://www.mynavyexchange.com/storelocator/storedetails.jsp?storeid=390</desc>
    <sym>Convenience Store</sym>
    <type>food</type>
  </wpt>
  <wpt lat="36.599939" lon="-121.872059">
    <ele>12.0</ele>
    <name>202km NEX Gas Station</name>
    <desc>OSM fuel+shop (way/1328639499); opening_hours=24/7</desc>
    <sym>Gas Station</sym>
    <type>food</type>
  </wpt>
  <wpt lat="36.599669" lon="-121.883211">
    <ele>-5.0</ele>
    <name>204km Chevron</name>
    <desc>OSM fuel+shop (relation/14019742)</desc>
    <sym>Gas Station</sym>
    <type>food</type>
  </wpt>
  <wpt lat="36.600481" lon="-121.884284">
    <ele>-2.0</ele>
    <name>204km (drinking water)</name>
    <desc>OSM drinking water (node/12530586839)</desc>
    <sym>Drinking Water</sym>
    <type>water</type>
  </wpt>
  <wpt lat="36.597769" lon="-121.886433">
    <ele>0.0</ele>
    <name>204km Monterey Recreation</name>
    <desc>OSM drinking water (node/1855131567); access=permissive; description=A fountain shaped like a lion within Dennis the Menace Playground; operator=Monterey Recreation</desc>
    <sym>Drinking Water</sym>
    <type>water</type>
  </wpt>
  <wpt lat="36.598790" lon="-121.887254">
    <ele>-2.0</ele>
    <name>204km (toilets)</name>
    <desc>OSM toilets (way/690402504); access=yes</desc>
    <sym>Restroom</sym>
    <type>toilet</type>
  </wpt>
  <wpt lat="36.601054" lon="-121.889094">
    <ele>0.0</ele>
    <name>204km (toilets)</name>
    <desc>OSM toilets (node/9197851909); opening_hours=Mo-Su 09:00-17:00</desc>
    <sym>Restroom</sym>
    <type>toilet</type>
  </wpt>
  <wpt lat="36.603384" lon="-121.889528">
    <ele>0.0</ele>
    <name>204km (drinking water)</name>
    <desc>OSM drinking water (node/12530561338)</desc>
    <sym>Drinking Water</sym>
    <type>water</type>
  </wpt>
  <wpt lat="36.602231" lon="-121.891333">
    <ele>-1.0</ele>
    <name>204km (toilets)</name>
    <desc>OSM toilets (node/2328274290); access=yes</desc>
    <sym>Restroom</sym>
    <type>toilet</type>
  </wpt>
  <wpt lat="36.601412" lon="-121.889776">
    <ele>-1.0</ele>
    <name>204km (toilets)</name>
    <desc>OSM toilets (node/12530505598)</desc>
    <sym>Restroom</sym>
    <type>toilet</type>
  </wpt>
  <wpt lat="36.598073" lon="-121.893146">
    <ele>4.0</ele>
    <name>205km Work Horse Bicycles</name>
    <desc>OSM bike shop (node/12479955701); opening_hours=Su-Mo 10:00-17:00; Tu-Fr 10:00-18:00; Sa 09:00-18:00; operator=Work Horse Bicycles; phone=+1-831-375-2144; website=https://www.workhorsebicycles.com/</desc>
    <sym>Mine</sym>
    <type>bikeshop</type>
  </wpt>
  <wpt lat="36.597559" lon="-121.894356">
    <ele>4.0</ele>
    <name>205km (drinking water)</name>
    <desc>OSM drinking water (node/8816324731); access=yes</desc>
    <sym>Drinking Water</sym>
    <type>water</type>
  </wpt>
  <wpt lat="36.596504" lon="-121.894577">
    <ele>5.0</ele>
    <name>205km Trader Joe's</name>
    <desc>OSM supermarket (node/1648518457); opening_hours=Mo-Su 08:00-21:00; phone=+1 831-372-2010; website=https://locations.traderjoes.com/ca/monterey/204/</desc>
    <sym>Shopping Center</sym>
    <type>food</type>
  </wpt>
  <wpt lat="36.595593" lon="-121.892483">
    <ele>10.0</ele>
    <name>205km Chevron</name>
    <desc>OSM convenience (way/152297422); opening_hours=24/7; phone=+18316491060</desc>
    <sym>Convenience Store</sym>
    <type>food</type>
  </wpt>
  <wpt lat="36.595054" lon="-121.892552">
    <ele>9.0</ele>
    <name>205km Shell</name>
    <desc>OSM convenience (way/152304260); opening_hours=24/7; website=https://find.shell.com/us/fuel/13254928-398-fremont-st/en_US</desc>
    <sym>Convenience Store</sym>
    <type>food</type>
  </wpt>
  <wpt lat="36.583431" lon="-121.900318">
    <ele>68.0</ele>
    <name>206km Whole Foods Market</name>
    <desc>OSM supermarket (way/151562346); opening_hours=Mo-Su 08:00-21:00; phone=+1 831-333-1600; website=https://www.wholefoodsmarket.com/stores/monterey</desc>
    <sym>Shopping Center</sym>
    <type>food</type>
  </wpt>
  <wpt lat="36.582806" lon="-121.901578">
    <ele>75.0</ele>
    <name>207km 76</name>
    <desc>OSM fuel+shop (way/255070784); website=https://www.76.com/station/U76-UNITED-PACIFIC-5686-0000880495/</desc>
    <sym>Gas Station</sym>
    <type>food</type>
  </wpt>
  <wpt lat="36.556671" lon="-121.921698">
    <ele>77.0</ele>
    <name>211km Shell</name>
    <desc>OSM fuel+shop (node/12325161955)</desc>
    <sym>Gas Station</sym>
    <type>food</type>
  </wpt>
  <wpt lat="36.555969" lon="-121.919810">
    <ele>75.0</ele>
    <name>211km Brunos Market &amp; Deli</name>
    <desc>OSM supermarket (node/6298322297); opening_hours=Mo-Su 09:00-21:00</desc>
    <sym>Shopping Center</sym>
    <type>food</type>
  </wpt>
  <wpt lat="36.555866" lon="-121.923937">
    <ele>74.0</ele>
    <name>211km First Murphy Park Public Restroom</name>
    <desc>OSM toilets (node/2285896087)</desc>
    <sym>Restroom</sym>
    <type>toilet</type>
  </wpt>
  <wpt lat="36.555583" lon="-121.920274">
    <ele>73.0</ele>
    <name>211km Devendorf Park Public Restroom</name>
    <desc>OSM toilets (node/4977622305); access=yes; description=toilettes très confortables, bien entretenues; opening_hours=24/7</desc>
    <sym>Restroom</sym>
    <type>toilet</type>
  </wpt>
  <wpt lat="36.553958" lon="-121.921618">
    <ele>66.0</ele>
    <name>211km Nielsen Bros. Market</name>
    <desc>OSM supermarket (node/8780157617); opening_hours=Mo-Su 08:00-19:00; website=https://nielsenbros.com/</desc>
    <sym>Shopping Center</sym>
    <type>food</type>
  </wpt>
  <wpt lat="36.554117" lon="-121.920425">
    <ele>66.0</ele>
    <name>211km Carmel Plaza Public Restroom</name>
    <desc>OSM toilets (node/597552209)</desc>
    <sym>Restroom</sym>
    <type>toilet</type>
  </wpt>
  <wpt lat="36.554442" lon="-121.922962">
    <ele>67.0</ele>
    <name>211km Picadilly Park Public Restroom</name>
    <desc>OSM toilets (node/9070946802); access=yes</desc>
    <sym>Restroom</sym>
    <type>toilet</type>
  </wpt>
  <wpt lat="36.542288" lon="-121.919925">
    <ele>10.0</ele>
    <name>213km (toilets)</name>
    <desc>OSM toilets (way/1498945564); access=customers</desc>
    <sym>Restroom</sym>
    <type>toilet</type>
  </wpt>
  <wpt lat="36.536433" lon="-121.911214">
    <ele>6.0</ele>
    <name>214km Safeway</name>
    <desc>OSM supermarket (way/254303342); opening_hours=24/7; phone=+1 831-625-8820; website=https://local.safeway.com/safeway/ca/carmel/5-crossroads-blvd.html</desc>
    <sym>Shopping Center</sym>
    <type>food</type>
  </wpt>
  <wpt lat="36.521918" lon="-121.928893">
    <ele>10.0</ele>
    <name>216km (toilets)</name>
    <desc>OSM toilets (way/960862652); access=yes</desc>
    <sym>Restroom</sym>
    <type>toilet</type>
  </wpt>
  <wpt lat="36.515748" lon="-121.938288">
    <ele>34.0</ele>
    <name>217km (toilets)</name>
    <desc>OSM toilets (node/1477256998)</desc>
    <sym>Restroom</sym>
    <type>toilet</type>
  </wpt>
  <wpt lat="36.515768" lon="-121.938082">
    <ele>34.0</ele>
    <name>217km (drinking water)</name>
    <desc>OSM drinking water (node/1777573351)</desc>
    <sym>Drinking Water</sym>
    <type>water</type>
  </wpt>
  <wpt lat="36.510732" lon="-121.941021">
    <ele>40.0</ele>
    <name>218km (drinking water)</name>
    <desc>OSM drinking water (node/1777573354)</desc>
    <sym>Drinking Water</sym>
    <type>water</type>
  </wpt>
  <wpt lat="36.509828" lon="-121.941096">
    <ele>39.0</ele>
    <name>218km (drinking water)</name>
    <desc>OSM drinking water (node/1990951605)</desc>
    <sym>Drinking Water</sym>
    <type>water</type>
  </wpt>
  <wpt lat="36.505332" lon="-121.936218">
    <ele>43.0</ele>
    <name>218km Carmel Highlands General Store</name>
    <desc>OSM convenience (node/12197916888)</desc>
    <sym>Convenience Store</sym>
    <type>food</type>
  </wpt>
  <wpt lat="36.454333" lon="-121.923047">
    <ele>26.0</ele>
    <name>225km (toilets)</name>
    <desc>OSM toilets (node/6290440237)</desc>
    <sym>Restroom</sym>
    <type>toilet</type>
  </wpt>
  <wpt lat="36.384800" lon="-121.902700">
    <ele>61.0</ele>
    <name>233km HAZARD Rocky Creek Bridge - one-way signal control</name>
    <desc>Caltrans one-way, signal-controlled traffic control at Rocky Creek Bridge, running 24/7 through 31 August 2026, with delays up to 15 minutes. You will be held here. Expect to share a single lane with released traffic - take the lane, do not let a queue pass you inside the control. Check QuickMap the morning you ride. SRC Caltrans D5 / Big Sur Chamber Highway 1 conditions, Aug 2026</desc>
    <sym>Danger Area</sym>
    <type>hazard</type>
  </wpt>
  <wpt lat="36.305654" lon="-121.885631">
    <ele>46.0</ele>
    <name>244km (toilets)</name>
    <desc>OSM toilets (node/8716059301)</desc>
    <sym>Restroom</sym>
    <type>toilet</type>
  </wpt>
  <wpt lat="36.287241" lon="-121.851554">
    <ele>33.0</ele>
    <name>248km (toilets)</name>
    <desc>OSM toilets (way/263316166)</desc>
    <sym>Restroom</sym>
    <type>toilet</type>
  </wpt>
  <wpt lat="36.286965" lon="-121.850328">
    <ele>33.0</ele>
    <name>248km Trail Camp</name>
    <desc>OSM campground (way/45676457); operator=Andrew Molera State Park</desc>
    <sym>Campground</sym>
    <type>camp</type>
  </wpt>
  <wpt lat="36.287594" lon="-121.849882">
    <ele>33.0</ele>
    <name>248km (toilets)</name>
    <desc>OSM toilets (way/263316161)</desc>
    <sym>Restroom</sym>
    <type>toilet</type>
  </wpt>
  <wpt lat="36.287251" lon="-121.843468">
    <ele>33.0</ele>
    <name>248km (toilets)</name>
    <desc>OSM toilets (node/3275024628); description=Two individual huts containing restrooms.</desc>
    <sym>Restroom</sym>
    <type>toilet</type>
  </wpt>
  <wpt lat="36.287165" lon="-121.843440">
    <ele>33.0</ele>
    <name>248km (drinking water)</name>
    <desc>OSM drinking water (node/2330797150)</desc>
    <sym>Drinking Water</sym>
    <type>water</type>
  </wpt>
  <wpt lat="36.279650" lon="-121.830950">
    <ele>36.0</ele>
    <name>250km Andrew Molera SP (walk-in camping)</name>
    <desc>Walk-in sites 0.5 km from the car park, north of Big Sur Village. Rougher than Pfeiffer, no showers. VERIFY it is open - Molera has had long closures.</desc>
    <sym>Campground</sym>
    <type>camp</type>
  </wpt>
  <wpt lat="36.271028" lon="-121.808677">
    <ele>53.0</ele>
    <name>252km (fuel+shop)</name>
    <desc>OSM fuel+shop (node/12362743734)</desc>
    <sym>Gas Station</sym>
    <type>food</type>
  </wpt>
  <wpt lat="36.270320" lon="-121.808367">
    <ele>52.0</ele>
    <name>252km (convenience)</name>
    <desc>OSM convenience (node/1857478531)</desc>
    <sym>Convenience Store</sym>
    <type>food</type>
  </wpt>
  <wpt lat="36.270640" lon="-121.808490">
    <ele>48.0</ele>
    <name>252km SERVICES Big Sur Village (last real resupply)</name>
    <desc>The River Inn / Ripplewood / Fernwood cluster, with a general store and delis over about 1 km of Highway 1. THE last dense resupply before a very thin 90 km. Fill everything here. Hours are seasonal and early-closing - VERIFY on the day.</desc>
    <sym>Convenience Store</sym>
    <type>services</type>
  </wpt>
  <wpt lat="36.266533" lon="-121.806124">
    <ele>74.0</ele>
    <name>253km Big Sur Campground &amp; Cabins</name>
    <desc>OSM campground (way/731899573); access=yes; fee=yes; phone=+1 831-667-2322; reservation=yes; website=https://www.bigsurcamp.com/</desc>
    <sym>Campground</sym>
    <type>camp</type>
  </wpt>
  <wpt lat="36.265817" lon="-121.804189">
    <ele>74.0</ele>
    <name>253km Riverside Campground &amp; Cabins</name>
    <desc>OSM campground (node/1183479128); access=customers; phone=+1-831-667-2414; website=https://www.riversidecampground.com/</desc>
    <sym>Campground</sym>
    <type>camp</type>
  </wpt>
  <wpt lat="36.264697" lon="-121.801437">
    <ele>75.0</ele>
    <name>253km Chevron</name>
    <desc>OSM fuel+shop (node/2618477621)</desc>
    <sym>Gas Station</sym>
    <type>food</type>
  </wpt>
  <wpt lat="36.260292" lon="-121.793459">
    <ele>83.0</ele>
    <name>254km Fernwood Camp</name>
    <desc>OSM campground (way/262005540); access=private</desc>
    <sym>Campground</sym>
    <type>camp</type>
  </wpt>
  <wpt lat="36.260861" lon="-121.793318">
    <ele>82.0</ele>
    <name>254km (convenience)</name>
    <desc>OSM convenience (node/2618506395); opening_hours=Mo-Su 08:00-22:00</desc>
    <sym>Convenience Store</sym>
    <type>food</type>
  </wpt>
  <wpt lat="36.260527" lon="-121.793683">
    <ele>82.0</ele>
    <name>254km (toilets)</name>
    <desc>OSM toilets (way/262005560)</desc>
    <sym>Restroom</sym>
    <type>toilet</type>
  </wpt>
  <wpt lat="36.259589" lon="-121.792926">
    <ele>84.0</ele>
    <name>254km (toilets)</name>
    <desc>OSM toilets (way/262005558)</desc>
    <sym>Restroom</sym>
    <type>toilet</type>
  </wpt>
  <wpt lat="36.253310" lon="-121.783300">
    <ele>90.0</ele>
    <name>255km Pfeiffer Big Sur SP - short-day fallback</name>
    <desc>In Big Sur Village, ~41 km SHORT of Limekiln (day 1 becomes 256 km - see pch_day1_alt_pfeiffer.gpx). The fallback if the light goes or the legs do. Full facilities, water, showers, and stores within walking distance. Also the sane place to stop rather than descend the Big Sur cliffs after dark.</desc>
    <sym>Campground</sym>
    <type>camp</type>
  </wpt>
  <wpt lat="36.250656" lon="-121.786220">
    <ele>90.0</ele>
    <name>256km (convenience)</name>
    <desc>OSM convenience (node/2618588520)</desc>
    <sym>Convenience Store</sym>
    <type>food</type>
  </wpt>
  <wpt lat="36.250300" lon="-121.784954">
    <ele>94.0</ele>
    <name>256km (drinking water)</name>
    <desc>OSM drinking water (node/9196009189)</desc>
    <sym>Drinking Water</sym>
    <type>water</type>
  </wpt>
  <wpt lat="36.250422" lon="-121.782854">
    <ele>106.0</ele>
    <name>256km (drinking water)</name>
    <desc>OSM drinking water (node/9195989680)</desc>
    <sym>Drinking Water</sym>
    <type>water</type>
  </wpt>
  <wpt lat="36.249491" lon="-121.781741">
    <ele>106.0</ele>
    <name>256km Hike &amp; Bike. Pfeiffer Big Sur Campground</name>
    <desc>OSM campground (node/6532837187); opening_hours=24/7</desc>
    <sym>Campground</sym>
    <type>camp</type>
  </wpt>
  <wpt lat="36.247794" lon="-121.781122">
    <ele>106.0</ele>
    <name>256km (toilets)</name>
    <desc>OSM toilets (node/12947478413)</desc>
    <sym>Restroom</sym>
    <type>toilet</type>
  </wpt>
  <wpt lat="36.247980" lon="-121.781290">
    <ele>108.0</ele>
    <name>256km SERVICES Big Sur Station (ranger station, water)</name>
    <desc>USFS/State Parks multi-agency station just south of Pfeiffer Big Sur. Water and toilets, and the people who actually know today's road status.</desc>
    <sym>Drinking Water</sym>
    <type>water</type>
  </wpt>
  <wpt lat="36.246092" lon="-121.780574">
    <ele>113.0</ele>
    <name>256km (toilets)</name>
    <desc>OSM toilets (node/2618588435)</desc>
    <sym>Restroom</sym>
    <type>toilet</type>
  </wpt>
  <wpt lat="36.246123" lon="-121.779904">
    <ele>113.0</ele>
    <name>256km (drinking water)</name>
    <desc>OSM drinking water (node/2676601975)</desc>
    <sym>Drinking Water</sym>
    <type>water</type>
  </wpt>
  <wpt lat="36.246206" lon="-121.777768">
    <ele>132.0</ele>
    <name>256km (campground)</name>
    <desc>OSM campground (node/4240755689)</desc>
    <sym>Campground</sym>
    <type>camp</type>
  </wpt>
  <wpt lat="36.245468" lon="-121.777322">
    <ele>147.0</ele>
    <name>257km Pfeiffer Big Sur</name>
    <desc>OSM campground (way/237314510)</desc>
    <sym>Campground</sym>
    <type>camp</type>
  </wpt>
  <wpt lat="36.235931" lon="-121.769112">
    <ele>233.0</ele>
    <name>258km Shell</name>
    <desc>OSM fuel+shop (node/973617725); operator=Shell</desc>
    <sym>Gas Station</sym>
    <type>food</type>
  </wpt>
  <wpt lat="36.231392" lon="-121.759989">
    <ele>290.0</ele>
    <name>259km Ventana Campground</name>
    <desc>OSM campground (way/1226974145); phone=+1-855-391-8683; website=https://www.ventanacamping.com/</desc>
    <sym>Campground</sym>
    <type>camp</type>
  </wpt>
  <wpt lat="36.230861" lon="-121.762761">
    <ele>290.0</ele>
    <name>259km (toilets)</name>
    <desc>OSM toilets (node/11377945897); access=customers</desc>
    <sym>Restroom</sym>
    <type>toilet</type>
  </wpt>
  <wpt lat="36.221810" lon="-121.759660">
    <ele>232.0</ele>
    <name>260km SERVICES Nepenthe / Cafe Kevah</name>
    <desc>Cliff-top restaurant 4 km south of Big Sur Station. Expensive, but it is food and water on a stretch that offers neither.</desc>
    <sym>Restaurant</sym>
    <type>services</type>
  </wpt>
  <wpt lat="36.203654" lon="-121.716596">
    <ele>175.0</ele>
    <name>266km (campground)</name>
    <desc>OSM campground (node/8796733508)</desc>
    <sym>Campground</sym>
    <type>camp</type>
  </wpt>
  <wpt lat="36.159795" lon="-121.668898">
    <ele>80.0</ele>
    <name>273km (drinking water)</name>
    <desc>OSM drinking water (node/10902819187)</desc>
    <sym>Drinking Water</sym>
    <type>water</type>
  </wpt>
  <wpt lat="36.156827" lon="-121.671809">
    <ele>74.0</ele>
    <name>273km (campground)</name>
    <desc>OSM campground (node/713921822)</desc>
    <sym>Campground</sym>
    <type>camp</type>
  </wpt>
  <wpt lat="36.156560" lon="-121.671517">
    <ele>70.0</ele>
    <name>273km (toilets)</name>
    <desc>OSM toilets (node/2261970558)</desc>
    <sym>Restroom</sym>
    <type>toilet</type>
  </wpt>
  <wpt lat="36.150000" lon="-121.650000">
    <ele>96.0</ele>
    <name>275km HAZARD Big Sur - no cell signal, no bike shop, no exit</name>
    <desc>From Carmel to Cambria there is no bike shop, no hospital, no transit and long stretches with no cell signal. A destroyed rear wheel here is a hitch-hike, not a phone call. Carry: 2 tubes, patches, a boot, a spare quick-link, a derailleur hanger, and enough water for 60 km.</desc>
    <sym>Danger Area</sym>
    <type>hazard</type>
  </wpt>
  <wpt lat="36.077032" lon="-121.591787">
    <ele>32.0</ele>
    <name>286km Redwood Camp</name>
    <desc>OSM campground (node/3216479552)</desc>
    <sym>Campground</sym>
    <type>camp</type>
  </wpt>
  <wpt lat="36.055952" lon="-121.589518">
    <ele>82.0</ele>
    <name>287km Free Camping. Sunset - Sunrise</name>
    <desc>OSM campground (node/6532838285); opening_hours=24/7</desc>
    <sym>Campground</sym>
    <type>camp</type>
  </wpt>
  <wpt lat="36.020790" lon="-121.550500">
    <ele>112.0</ele>
    <name>294km INFO Wild camping - where it is actually legal here</name>
    <desc>If you are stopping where you like rather than booking: dispersed camping on LOS PADRES NATIONAL FOREST land is allowed and needs no permit. The catch is geography - the strip immediately along Highway 1 through Big Sur is mostly state park or private ranch, where it is prohibited; the National Forest land (Ventana and Silver Peak Wilderness) is largely EAST of the highway and uphill, so it means getting off CA-1 and climbing. CAMPFIRES ARE BANNED until 31 Jan 2027 under a Forest Order effective 4 Jun 2026, across Los Padres including Ventana and Silver Peak; a stove is fine with a free California Campfire Permit. August is peak fire season and restrictions tighten at short notice - check before you go. Position is nominal, it applies to the whole Big Sur stretch. SRC fs.usda.gov/r05/lospadres fire-use restrictions</desc>
    <sym>Flag, Blue</sym>
    <type>info</type>
  </wpt>
  <wpt lat="36.020610" lon="-121.549260">
    <ele>124.0</ele>
    <name>294km Lucia Lodge (10 rooms/cabins)</name>
    <desc>3.6 km NORTH of Limekiln on the cliff - the indoor option closest to the ideal stopping point. Ten rooms/cabins only, so it books out. Restaurant on site.</desc>
    <sym>Lodging</sym>
    <type>lodging</type>
  </wpt>
  <wpt lat="36.020610" lon="-121.549260">
    <ele>124.0</ele>
    <name>294km SERVICES Lucia Lodge restaurant</name>
    <desc>3.6 km before Limekiln - the practical place to eat before camping, because Limekiln has no store. Seasonal hours; VERIFY.</desc>
    <sym>Restaurant</sym>
    <type>services</type>
  </wpt>
  <wpt lat="36.009276" lon="-121.518805">
    <ele>28.0</ele>
    <name>297km (toilets)</name>
    <desc>OSM toilets (way/796353595)</desc>
    <sym>Restroom</sym>
    <type>toilet</type>
  </wpt>
  <wpt lat="36.010023" lon="-121.518095">
    <ele>36.0</ele>
    <name>297km Limekiln State Park Campground</name>
    <desc>OSM campground (way/222438819); fee=yes</desc>
    <sym>Campground</sym>
    <type>camp</type>
  </wpt>
  <wpt lat="36.010590" lon="-121.518541">
    <ele>31.0</ele>
    <name>297km (toilets)</name>
    <desc>OSM toilets (node/9454049966)</desc>
    <sym>Restroom</sym>
    <type>toilet</type>
  </wpt>
  <wpt lat="36.010526" lon="-121.518493">
    <ele>31.0</ele>
    <name>297km (drinking water)</name>
    <desc>OSM drinking water (node/4581447538)</desc>
    <sym>Drinking Water</sym>
    <type>water</type>
  </wpt>
  <wpt lat="36.009980" lon="-121.518350">
    <ele>30.0</ele>
    <name>297km Limekiln SP - NIGHT 1 (hike/bike $5)</name>
    <desc>NIGHT 1 (if booking rather than camping wild). Reopened to camping 1 Apr 2026 after the Highway 1 slide closures. Hike/bike site $5/night; you must arrive on foot or by bike (no vehicle) and may stay a maximum of 2 consecutive nights. Fresh water, token hot showers ($1 / 5 min), toilets. Check-in 14:00, check-out 12:00. Sites 1-29 (Beach 1-12, Redwood 13-29). CRITICAL: California State Parks states 'Reservations are strongly encouraged for all campsites. There are no first-come, first-served campsites.' Do NOT plan to walk up. ReserveCalifornia 800-444-7275. SRC parks.ca.gov/?page_id=31154</desc>
    <sym>Campground</sym>
    <type>camp</type>
  </wpt>
  <trk>
    <name>Day 1 - San Francisco to Limekiln State Park</name>
    <trkseg>
     <trkpt lat="37.775683" lon="-122.424968"><ele>24.0</ele></trkpt>
     <trkpt lat="37.773667" lon="-122.440788"><ele>68.8</ele></trkpt>
     <trkpt lat="37.773642" lon="-122.440935"><ele>69.5</ele></trkpt>
     <trkpt lat="37.773523" lon="-122.441026"><ele>70.0</ele></trkpt>
     <trkpt lat="37.773460" lon="-122.441410"><ele>72.2</ele></trkpt>
     <trkpt lat="37.773324" lon="-122.441653"><ele>73.8</ele></trkpt>
     <trkpt lat="37.773085" lon="-122.442721"><ele>74.5</ele></trkpt>
     <trkpt lat="37.773083" lon="-122.442979"><ele>74.2</ele></trkpt>
     <trkpt lat="37.773123" lon="-122.443190"><ele>73.8</ele></trkpt>
     <trkpt lat="37.773110" lon="-122.443619"><ele>74.8</ele></trkpt>
     <trkpt lat="37.773063" lon="-122.443853"><ele>75.8</ele></trkpt>
     <trkpt lat="37.773038" lon="-122.444319"><ele>76.5</ele></trkpt>
     <trkpt lat="37.772951" lon="-122.444563"><ele>76.8</ele></trkpt>
     <trkpt lat="37.772956" lon="-122.445016"><ele>76.0</ele></trkpt>
     <trkpt lat="37.772857" lon="-122.445999"><ele>77.0</ele></trkpt>
     <trkpt lat="37.772829" lon="-122.446163"><ele>77.5</ele></trkpt>
     <trkpt lat="37.772679" lon="-122.446330"><ele>78.8</ele></trkpt>
     <trkpt lat="37.772598" lon="-122.446486"><ele>79.2</ele></trkpt>
     <trkpt lat="37.772688" lon="-122.447098"><ele>79.5</ele></trkpt>
     <trkpt lat="37.772554" lon="-122.447704"><ele>80.0</ele></trkpt>
     <trkpt lat="37.772512" lon="-122.448429"><ele>80.8</ele></trkpt>
     <trkpt lat="37.772414" lon="-122.448768"><ele>80.5</ele></trkpt>
     <trkpt lat="37.772263" lon="-122.448989"><ele>80.5</ele></trkpt>
     <trkpt lat="37.772168" lon="-122.449286"><ele>80.5</ele></trkpt>
     <trkpt lat="37.772219" lon="-122.449934"><ele>79.8</ele></trkpt>
     <trkpt lat="37.772220" lon="-122.450672"><ele>79.8</ele></trkpt>
     <trkpt lat="37.772194" lon="-122.450963"><ele>80.2</ele></trkpt>
     <trkpt lat="37.772098" lon="-122.451331"><ele>81.0</ele></trkpt>
     <trkpt lat="37.772029" lon="-122.452336"><ele>84.0</ele></trkpt>
     <trkpt lat="37.772108" lon="-122.452353"><ele>84.2</ele></trkpt>
     <trkpt lat="37.772160" lon="-122.452632"><ele>84.8</ele></trkpt>
     <trkpt lat="37.771009" lon="-122.455416"><ele>81.2</ele></trkpt>
     <trkpt lat="37.770974" lon="-122.455856"><ele>82.8</ele></trkpt>
     <trkpt lat="37.770919" lon="-122.455976"><ele>83.2</ele></trkpt>
     <trkpt lat="37.770933" lon="-122.456370"><ele>87.0</ele></trkpt>
     <trkpt lat="37.771174" lon="-122.458207"><ele>81.8</ele></trkpt>
     <trkpt lat="37.771755" lon="-122.461924"><ele>81.0</ele></trkpt>
     <trkpt lat="37.772414" lon="-122.464454"><ele>80.5</ele></trkpt>
     <trkpt lat="37.772572" lon="-122.465268"><ele>78.8</ele></trkpt>
     <trkpt lat="37.772638" lon="-122.465428"><ele>78.5</ele></trkpt>
     <trkpt lat="37.772682" lon="-122.465756"><ele>78.5</ele></trkpt>
     <trkpt lat="37.772571" lon="-122.466579"><ele>77.8</ele></trkpt>
     <trkpt lat="37.772526" lon="-122.467998"><ele>81.8</ele></trkpt>
     <trkpt lat="37.772362" lon="-122.468911"><ele>80.8</ele></trkpt>
     <trkpt lat="37.772155" lon="-122.469385"><ele>80.0</ele></trkpt>
     <trkpt lat="37.771354" lon="-122.470576"><ele>80.5</ele></trkpt>
     <trkpt lat="37.770986" lon="-122.471192"><ele>82.8</ele></trkpt>
     <trkpt lat="37.770804" lon="-122.471618"><ele>85.8</ele></trkpt>
     <trkpt lat="37.770711" lon="-122.472009"><ele>85.5</ele></trkpt>
     <trkpt lat="37.770741" lon="-122.472389"><ele>83.5</ele></trkpt>
     <trkpt lat="37.770867" lon="-122.472843"><ele>81.0</ele></trkpt>
     <trkpt lat="37.771670" lon="-122.475127"><ele>84.8</ele></trkpt>
     <trkpt lat="37.771708" lon="-122.475690"><ele>84.0</ele></trkpt>
     <trkpt lat="37.771669" lon="-122.476161"><ele>83.5</ele></trkpt>
     <trkpt lat="37.771541" lon="-122.476891"><ele>85.0</ele></trkpt>
     <trkpt lat="37.771318" lon="-122.477764"><ele>89.8</ele></trkpt>
     <trkpt lat="37.770497" lon="-122.479924"><ele>77.8</ele></trkpt>
     <trkpt lat="37.769947" lon="-122.479533"><ele>79.5</ele></trkpt>
     <trkpt lat="37.769923" lon="-122.479897"><ele>78.2</ele></trkpt>
     <trkpt lat="37.769710" lon="-122.480596"><ele>75.5</ele></trkpt>
     <trkpt lat="37.769596" lon="-122.481319"><ele>73.8</ele></trkpt>
     <trkpt lat="37.769093" lon="-122.482685"><ele>70.2</ele></trkpt>
     <trkpt lat="37.768748" lon="-122.483774"><ele>63.0</ele></trkpt>
     <trkpt lat="37.768353" lon="-122.485423"><ele>66.5</ele></trkpt>
     <trkpt lat="37.768197" lon="-122.486876"><ele>64.0</ele></trkpt>
     <trkpt lat="37.767889" lon="-122.488394"><ele>57.8</ele></trkpt>
     <trkpt lat="37.767580" lon="-122.489193"><ele>60.5</ele></trkpt>
     <trkpt lat="37.766664" lon="-122.491221"><ele>58.5</ele></trkpt>
     <trkpt lat="37.766324" lon="-122.492114"><ele>54.2</ele></trkpt>
     <trkpt lat="37.766108" lon="-122.492896"><ele>54.2</ele></trkpt>
     <trkpt lat="37.766246" lon="-122.493409"><ele>53.8</ele></trkpt>
     <trkpt lat="37.766383" lon="-122.494517"><ele>50.2</ele></trkpt>
     <trkpt lat="37.766432" lon="-122.495373"><ele>48.5</ele></trkpt>
     <trkpt lat="37.766372" lon="-122.496122"><ele>47.2</ele></trkpt>
     <trkpt lat="37.766193" lon="-122.496542"><ele>47.2</ele></trkpt>
     <trkpt lat="37.765496" lon="-122.497699"><ele>42.5</ele></trkpt>
     <trkpt lat="37.765240" lon="-122.498223"><ele>40.5</ele></trkpt>
     <trkpt lat="37.765139" lon="-122.498319"><ele>40.5</ele></trkpt>
     <trkpt lat="37.764871" lon="-122.499231"><ele>35.5</ele></trkpt>
     <trkpt lat="37.764772" lon="-122.499707"><ele>33.8</ele></trkpt>
     <trkpt lat="37.764780" lon="-122.500143"><ele>32.5</ele></trkpt>
     <trkpt lat="37.764882" lon="-122.501044"><ele>33.0</ele></trkpt>
     <trkpt lat="37.765183" lon="-122.502647"><ele>38.0</ele></trkpt>
     <trkpt lat="37.765504" lon="-122.504075"><ele>35.8</ele></trkpt>
     <trkpt lat="37.765527" lon="-122.504345"><ele>33.8</ele></trkpt>
     <trkpt lat="37.765434" lon="-122.506076"><ele>24.8</ele></trkpt>
     <trkpt lat="37.765252" lon="-122.507004"><ele>17.5</ele></trkpt>
     <trkpt lat="37.764778" lon="-122.508453"><ele>11.2</ele></trkpt>
     <trkpt lat="37.764421" lon="-122.509361"><ele>9.2</ele></trkpt>
     <trkpt lat="37.764360" lon="-122.509418"><ele>9.0</ele></trkpt>
     <trkpt lat="37.764188" lon="-122.509449"><ele>8.2</ele></trkpt>
     <trkpt lat="37.764136" lon="-122.510513"><ele>6.2</ele></trkpt>
     <trkpt lat="37.763947" lon="-122.510451"><ele>6.2</ele></trkpt>
     <trkpt lat="37.763902" lon="-122.510327"><ele>6.5</ele></trkpt>
     <trkpt lat="37.763900" lon="-122.510052"><ele>6.8</ele></trkpt>
     <trkpt lat="37.763394" lon="-122.510077"><ele>6.8</ele></trkpt>
     <trkpt lat="37.763030" lon="-122.510006"><ele>7.5</ele></trkpt>
     <trkpt lat="37.762711" lon="-122.510006"><ele>8.2</ele></trkpt>
     <trkpt lat="37.761653" lon="-122.509877"><ele>8.0</ele></trkpt>
     <trkpt lat="37.761357" lon="-122.509798"><ele>8.0</ele></trkpt>
     <trkpt lat="37.760343" lon="-122.509713"><ele>7.5</ele></trkpt>
     <trkpt lat="37.760270" lon="-122.509709"><ele>7.5</ele></trkpt>
     <trkpt lat="37.760265" lon="-122.509834"><ele>7.2</ele></trkpt>
     <trkpt lat="37.736330" lon="-122.506725"><ele>7.8</ele></trkpt>
     <trkpt lat="37.735384" lon="-122.506697"><ele>7.2</ele></trkpt>
     <trkpt lat="37.735361" lon="-122.506843"><ele>6.2</ele></trkpt>
     <trkpt lat="37.734969" lon="-122.506848"><ele>5.5</ele></trkpt>
     <trkpt lat="37.733160" lon="-122.507203"><ele>3.5</ele></trkpt>
     <trkpt lat="37.732673" lon="-122.507228"><ele>2.0</ele></trkpt>
     <trkpt lat="37.732292" lon="-122.507186"><ele>2.5</ele></trkpt>
     <trkpt lat="37.729724" lon="-122.506566"><ele>7.5</ele></trkpt>
     <trkpt lat="37.728012" lon="-122.506320"><ele>9.0</ele></trkpt>
     <trkpt lat="37.727641" lon="-122.506208"><ele>10.8</ele></trkpt>
     <trkpt lat="37.727113" lon="-122.505940"><ele>14.5</ele></trkpt>
     <trkpt lat="37.726537" lon="-122.505471"><ele>18.2</ele></trkpt>
     <trkpt lat="37.726234" lon="-122.505102"><ele>21.2</ele></trkpt>
     <trkpt lat="37.725437" lon="-122.503745"><ele>21.5</ele></trkpt>
     <trkpt lat="37.725089" lon="-122.503290"><ele>17.5</ele></trkpt>
     <trkpt lat="37.724919" lon="-122.503203"><ele>16.5</ele></trkpt>
     <trkpt lat="37.723914" lon="-122.502947"><ele>19.2</ele></trkpt>
     <trkpt lat="37.723167" lon="-122.502573"><ele>20.0</ele></trkpt>
     <trkpt lat="37.722807" lon="-122.502301"><ele>20.8</ele></trkpt>
     <trkpt lat="37.721618" lon="-122.501236"><ele>25.5</ele></trkpt>
     <trkpt lat="37.720823" lon="-122.500672"><ele>24.2</ele></trkpt>
     <trkpt lat="37.720591" lon="-122.500557"><ele>22.8</ele></trkpt>
     <trkpt lat="37.720084" lon="-122.500404"><ele>20.5</ele></trkpt>
     <trkpt lat="37.718436" lon="-122.500298"><ele>26.5</ele></trkpt>
     <trkpt lat="37.718014" lon="-122.500243"><ele>31.0</ele></trkpt>
     <trkpt lat="37.717746" lon="-122.500159"><ele>33.8</ele></trkpt>
     <trkpt lat="37.717229" lon="-122.499884"><ele>38.2</ele></trkpt>
     <trkpt lat="37.715753" lon="-122.498787"><ele>46.8</ele></trkpt>
     <trkpt lat="37.715170" lon="-122.498535"><ele>49.8</ele></trkpt>
     <trkpt lat="37.714616" lon="-122.498436"><ele>52.8</ele></trkpt>
     <trkpt lat="37.710489" lon="-122.498192"><ele>70.2</ele></trkpt>
     <trkpt lat="37.708911" lon="-122.498244"><ele>69.0</ele></trkpt>
     <trkpt lat="37.706785" lon="-122.498481"><ele>67.8</ele></trkpt>
     <trkpt lat="37.706246" lon="-122.498473"><ele>64.2</ele></trkpt>
     <trkpt lat="37.705810" lon="-122.498392"><ele>62.5</ele></trkpt>
     <trkpt lat="37.703669" lon="-122.497448"><ele>67.8</ele></trkpt>
     <trkpt lat="37.702730" lon="-122.497153"><ele>66.8</ele></trkpt>
     <trkpt lat="37.699369" lon="-122.495435"><ele>65.0</ele></trkpt>
     <trkpt lat="37.698399" lon="-122.495068"><ele>65.8</ele></trkpt>
     <trkpt lat="37.697663" lon="-122.494896"><ele>68.5</ele></trkpt>
     <trkpt lat="37.696731" lon="-122.494782"><ele>69.5</ele></trkpt>
     <trkpt lat="37.693789" lon="-122.494726"><ele>81.2</ele></trkpt>
     <trkpt lat="37.693392" lon="-122.494667"><ele>84.2</ele></trkpt>
     <trkpt lat="37.692624" lon="-122.494435"><ele>91.2</ele></trkpt>
     <trkpt lat="37.692219" lon="-122.494251"><ele>93.8</ele></trkpt>
     <trkpt lat="37.691672" lon="-122.493925"><ele>97.0</ele></trkpt>
     <trkpt lat="37.690590" lon="-122.493061"><ele>102.0</ele></trkpt>
     <trkpt lat="37.690474" lon="-122.493037"><ele>102.8</ele></trkpt>
     <trkpt lat="37.690345" lon="-122.493071"><ele>103.5</ele></trkpt>
     <trkpt lat="37.690247" lon="-122.493123"><ele>104.0</ele></trkpt>
     <trkpt lat="37.690140" lon="-122.493268"><ele>104.2</ele></trkpt>
     <trkpt lat="37.688450" lon="-122.491260"><ele>124.0</ele></trkpt>
     <trkpt lat="37.688033" lon="-122.490839"><ele>128.2</ele></trkpt>
     <trkpt lat="37.687543" lon="-122.490439"><ele>132.0</ele></trkpt>
     <trkpt lat="37.687079" lon="-122.490142"><ele>134.5</ele></trkpt>
     <trkpt lat="37.686455" lon="-122.489866"><ele>138.5</ele></trkpt>
     <trkpt lat="37.685803" lon="-122.489745"><ele>142.5</ele></trkpt>
     <trkpt lat="37.685287" lon="-122.489758"><ele>144.5</ele></trkpt>
     <trkpt lat="37.683143" lon="-122.490205"><ele>139.8</ele></trkpt>
     <trkpt lat="37.682543" lon="-122.490252"><ele>140.5</ele></trkpt>
     <trkpt lat="37.679514" lon="-122.490816"><ele>144.5</ele></trkpt>
     <trkpt lat="37.678817" lon="-122.490906"><ele>147.2</ele></trkpt>
     <trkpt lat="37.677691" lon="-122.490913"><ele>149.0</ele></trkpt>
     <trkpt lat="37.676696" lon="-122.490785"><ele>153.5</ele></trkpt>
     <trkpt lat="37.675990" lon="-122.490600"><ele>158.8</ele></trkpt>
     <trkpt lat="37.671153" lon="-122.488560"><ele>191.8</ele></trkpt>
     <trkpt lat="37.670944" lon="-122.488440"><ele>192.5</ele></trkpt>
     <trkpt lat="37.670086" lon="-122.487715"><ele>187.8</ele></trkpt>
     <trkpt lat="37.669714" lon="-122.487565"><ele>184.5</ele></trkpt>
     <trkpt lat="37.668075" lon="-122.487073"><ele>178.0</ele></trkpt>
     <trkpt lat="37.667325" lon="-122.486601"><ele>174.5</ele></trkpt>
     <trkpt lat="37.667066" lon="-122.486561"><ele>172.0</ele></trkpt>
     <trkpt lat="37.664156" lon="-122.486613"><ele>135.5</ele></trkpt>
     <trkpt lat="37.663878" lon="-122.486508"><ele>132.0</ele></trkpt>
     <trkpt lat="37.662310" lon="-122.485655"><ele>119.8</ele></trkpt>
     <trkpt lat="37.662083" lon="-122.485686"><ele>117.8</ele></trkpt>
     <trkpt lat="37.661956" lon="-122.485793"><ele>115.8</ele></trkpt>
     <trkpt lat="37.661864" lon="-122.485954"><ele>113.8</ele></trkpt>
     <trkpt lat="37.661319" lon="-122.487501"><ele>98.2</ele></trkpt>
     <trkpt lat="37.661272" lon="-122.487775"><ele>95.8</ele></trkpt>
     <trkpt lat="37.661268" lon="-122.488222"><ele>92.0</ele></trkpt>
     <trkpt lat="37.660561" lon="-122.488242"><ele>90.0</ele></trkpt>
     <trkpt lat="37.660585" lon="-122.489480"><ele>82.8</ele></trkpt>
     <trkpt lat="37.660652" lon="-122.490051"><ele>80.0</ele></trkpt>
     <trkpt lat="37.660885" lon="-122.490708"><ele>75.5</ele></trkpt>
     <trkpt lat="37.660948" lon="-122.490998"><ele>72.5</ele></trkpt>
     <trkpt lat="37.660948" lon="-122.491301"><ele>68.8</ele></trkpt>
     <trkpt lat="37.660889" lon="-122.491542"><ele>66.5</ele></trkpt>
     <trkpt lat="37.660730" lon="-122.491835"><ele>62.2</ele></trkpt>
     <trkpt lat="37.660489" lon="-122.492065"><ele>57.2</ele></trkpt>
     <trkpt lat="37.660187" lon="-122.492198"><ele>54.5</ele></trkpt>
     <trkpt lat="37.659814" lon="-122.492255"><ele>52.0</ele></trkpt>
     <trkpt lat="37.657431" lon="-122.491810"><ele>48.5</ele></trkpt>
     <trkpt lat="37.657082" lon="-122.491810"><ele>49.2</ele></trkpt>
     <trkpt lat="37.656098" lon="-122.491959"><ele>45.8</ele></trkpt>
     <trkpt lat="37.655701" lon="-122.491929"><ele>44.2</ele></trkpt>
     <trkpt lat="37.655109" lon="-122.491711"><ele>43.2</ele></trkpt>
     <trkpt lat="37.653986" lon="-122.491025"><ele>40.0</ele></trkpt>
     <trkpt lat="37.653452" lon="-122.490833"><ele>37.8</ele></trkpt>
     <trkpt lat="37.653106" lon="-122.490765"><ele>35.8</ele></trkpt>
     <trkpt lat="37.652768" lon="-122.490756"><ele>33.2</ele></trkpt>
     <trkpt lat="37.652340" lon="-122.490869"><ele>30.2</ele></trkpt>
     <trkpt lat="37.652098" lon="-122.490878"><ele>29.8</ele></trkpt>
     <trkpt lat="37.651779" lon="-122.490813"><ele>29.2</ele></trkpt>
     <trkpt lat="37.651656" lon="-122.490840"><ele>28.8</ele></trkpt>
     <trkpt lat="37.651030" lon="-122.490756"><ele>27.5</ele></trkpt>
     <trkpt lat="37.649286" lon="-122.491142"><ele>25.2</ele></trkpt>
     <trkpt lat="37.649278" lon="-122.490570"><ele>25.5</ele></trkpt>
     <trkpt lat="37.648630" lon="-122.490643"><ele>24.2</ele></trkpt>
     <trkpt lat="37.647617" lon="-122.490889"><ele>23.0</ele></trkpt>
     <trkpt lat="37.647086" lon="-122.490881"><ele>23.2</ele></trkpt>
     <trkpt lat="37.646462" lon="-122.491002"><ele>24.8</ele></trkpt>
     <trkpt lat="37.646037" lon="-122.491105"><ele>26.8</ele></trkpt>
     <trkpt lat="37.645076" lon="-122.491444"><ele>30.2</ele></trkpt>
     <trkpt lat="37.643923" lon="-122.491562"><ele>28.8</ele></trkpt>
     <trkpt lat="37.643447" lon="-122.491537"><ele>26.2</ele></trkpt>
     <trkpt lat="37.643065" lon="-122.491407"><ele>25.0</ele></trkpt>
     <trkpt lat="37.640842" lon="-122.490369"><ele>23.0</ele></trkpt>
     <trkpt lat="37.639609" lon="-122.489874"><ele>21.5</ele></trkpt>
     <trkpt lat="37.638943" lon="-122.489668"><ele>19.5</ele></trkpt>
     <trkpt lat="37.638329" lon="-122.489548"><ele>17.8</ele></trkpt>
     <trkpt lat="37.636612" lon="-122.489403"><ele>17.5</ele></trkpt>
     <trkpt lat="37.636525" lon="-122.489347"><ele>18.0</ele></trkpt>
     <trkpt lat="37.636530" lon="-122.488724"><ele>20.5</ele></trkpt>
     <trkpt lat="37.636483" lon="-122.488509"><ele>21.8</ele></trkpt>
     <trkpt lat="37.636478" lon="-122.488135"><ele>23.5</ele></trkpt>
     <trkpt lat="37.635771" lon="-122.488139"><ele>33.5</ele></trkpt>
     <trkpt lat="37.635776" lon="-122.489339"><ele>19.0</ele></trkpt>
     <trkpt lat="37.632555" lon="-122.489253"><ele>14.0</ele></trkpt>
     <trkpt lat="37.631317" lon="-122.489090"><ele>10.5</ele></trkpt>
     <trkpt lat="37.629870" lon="-122.489035"><ele>6.8</ele></trkpt>
     <trkpt lat="37.629877" lon="-122.489792"><ele>5.0</ele></trkpt>
     <trkpt lat="37.628444" lon="-122.489700"><ele>5.8</ele></trkpt>
     <trkpt lat="37.627530" lon="-122.489582"><ele>7.8</ele></trkpt>
     <trkpt lat="37.626574" lon="-122.489297"><ele>11.8</ele></trkpt>
     <trkpt lat="37.626311" lon="-122.489112"><ele>11.5</ele></trkpt>
     <trkpt lat="37.625142" lon="-122.487829"><ele>15.2</ele></trkpt>
     <trkpt lat="37.622846" lon="-122.485730"><ele>20.0</ele></trkpt>
     <trkpt lat="37.622520" lon="-122.485515"><ele>19.5</ele></trkpt>
     <trkpt lat="37.622384" lon="-122.485472"><ele>19.2</ele></trkpt>
     <trkpt lat="37.622132" lon="-122.485490"><ele>18.5</ele></trkpt>
     <trkpt lat="37.621721" lon="-122.485745"><ele>16.2</ele></trkpt>
     <trkpt lat="37.621529" lon="-122.485803"><ele>15.8</ele></trkpt>
     <trkpt lat="37.619527" lon="-122.485874"><ele>16.5</ele></trkpt>
     <trkpt lat="37.619389" lon="-122.485960"><ele>17.0</ele></trkpt>
     <trkpt lat="37.619257" lon="-122.486361"><ele>16.8</ele></trkpt>
     <trkpt lat="37.619212" lon="-122.486407"><ele>17.0</ele></trkpt>
     <trkpt lat="37.619101" lon="-122.486361"><ele>18.2</ele></trkpt>
     <trkpt lat="37.618274" lon="-122.485488"><ele>29.8</ele></trkpt>
     <trkpt lat="37.617817" lon="-122.485446"><ele>37.8</ele></trkpt>
     <trkpt lat="37.616518" lon="-122.485519"><ele>40.8</ele></trkpt>
     <trkpt lat="37.616152" lon="-122.485604"><ele>36.0</ele></trkpt>
     <trkpt lat="37.615586" lon="-122.485827"><ele>31.0</ele></trkpt>
     <trkpt lat="37.614699" lon="-122.486395"><ele>28.0</ele></trkpt>
     <trkpt lat="37.614409" lon="-122.486679"><ele>26.2</ele></trkpt>
     <trkpt lat="37.613986" lon="-122.487205"><ele>24.2</ele></trkpt>
     <trkpt lat="37.613966" lon="-122.487388"><ele>23.8</ele></trkpt>
     <trkpt lat="37.614198" lon="-122.487906"><ele>22.0</ele></trkpt>
     <trkpt lat="37.614221" lon="-122.488031"><ele>21.5</ele></trkpt>
     <trkpt lat="37.613955" lon="-122.488648"><ele>19.2</ele></trkpt>
     <trkpt lat="37.613937" lon="-122.488830"><ele>18.8</ele></trkpt>
     <trkpt lat="37.613966" lon="-122.489009"><ele>18.2</ele></trkpt>
     <trkpt lat="37.614072" lon="-122.489192"><ele>17.8</ele></trkpt>
     <trkpt lat="37.614644" lon="-122.489487"><ele>18.5</ele></trkpt>
     <trkpt lat="37.614807" lon="-122.489728"><ele>18.2</ele></trkpt>
     <trkpt lat="37.614853" lon="-122.489902"><ele>18.0</ele></trkpt>
     <trkpt lat="37.614885" lon="-122.490587"><ele>16.5</ele></trkpt>
     <trkpt lat="37.614798" lon="-122.491545"><ele>16.0</ele></trkpt>
     <trkpt lat="37.614609" lon="-122.491880"><ele>16.8</ele></trkpt>
     <trkpt lat="37.613829" lon="-122.492721"><ele>15.2</ele></trkpt>
     <trkpt lat="37.613621" lon="-122.493173"><ele>15.2</ele></trkpt>
     <trkpt lat="37.612643" lon="-122.493567"><ele>8.5</ele></trkpt>
     <trkpt lat="37.612381" lon="-122.493815"><ele>7.8</ele></trkpt>
     <trkpt lat="37.611410" lon="-122.495326"><ele>6.2</ele></trkpt>
     <trkpt lat="37.610987" lon="-122.495745"><ele>6.2</ele></trkpt>
     <trkpt lat="37.611120" lon="-122.496130"><ele>5.5</ele></trkpt>
     <trkpt lat="37.610838" lon="-122.496283"><ele>3.8</ele></trkpt>
     <trkpt lat="37.610354" lon="-122.495083"><ele>6.5</ele></trkpt>
     <trkpt lat="37.609143" lon="-122.496559"><ele>7.0</ele></trkpt>
     <trkpt lat="37.608672" lon="-122.496881"><ele>7.2</ele></trkpt>
     <trkpt lat="37.608637" lon="-122.496952"><ele>7.0</ele></trkpt>
     <trkpt lat="37.608343" lon="-122.496866"><ele>8.5</ele></trkpt>
     <trkpt lat="37.608058" lon="-122.497621"><ele>11.0</ele></trkpt>
     <trkpt lat="37.607822" lon="-122.497726"><ele>12.0</ele></trkpt>
     <trkpt lat="37.607789" lon="-122.497682"><ele>12.0</ele></trkpt>
     <trkpt lat="37.607808" lon="-122.497585"><ele>12.5</ele></trkpt>
     <trkpt lat="37.607773" lon="-122.497551"><ele>12.5</ele></trkpt>
     <trkpt lat="37.607345" lon="-122.497946"><ele>14.8</ele></trkpt>
     <trkpt lat="37.607323" lon="-122.498276"><ele>14.0</ele></trkpt>
     <trkpt lat="37.607225" lon="-122.498049"><ele>17.0</ele></trkpt>
     <trkpt lat="37.607206" lon="-122.498308"><ele>17.0</ele></trkpt>
     <trkpt lat="37.607100" lon="-122.498087"><ele>19.8</ele></trkpt>
     <trkpt lat="37.607077" lon="-122.498341"><ele>20.5</ele></trkpt>
     <trkpt lat="37.606983" lon="-122.498108"><ele>22.8</ele></trkpt>
     <trkpt lat="37.606968" lon="-122.498387"><ele>23.8</ele></trkpt>
     <trkpt lat="37.606871" lon="-122.498131"><ele>25.5</ele></trkpt>
     <trkpt lat="37.606879" lon="-122.498389"><ele>26.2</ele></trkpt>
     <trkpt lat="37.606750" lon="-122.498077"><ele>28.0</ele></trkpt>
     <trkpt lat="37.606751" lon="-122.498299"><ele>29.2</ele></trkpt>
     <trkpt lat="37.606522" lon="-122.498253"><ele>32.8</ele></trkpt>
     <trkpt lat="37.605991" lon="-122.498496"><ele>39.8</ele></trkpt>
     <trkpt lat="37.604926" lon="-122.498796"><ele>37.2</ele></trkpt>
     <trkpt lat="37.604908" lon="-122.498836"><ele>36.5</ele></trkpt>
     <trkpt lat="37.604965" lon="-122.499027"><ele>35.5</ele></trkpt>
     <trkpt lat="37.604823" lon="-122.499230"><ele>33.2</ele></trkpt>
     <trkpt lat="37.604729" lon="-122.499630"><ele>30.2</ele></trkpt>
     <trkpt lat="37.604671" lon="-122.499578"><ele>29.5</ele></trkpt>
     <trkpt lat="37.604668" lon="-122.499232"><ele>27.0</ele></trkpt>
     <trkpt lat="37.604636" lon="-122.499147"><ele>26.0</ele></trkpt>
     <trkpt lat="37.604366" lon="-122.499014"><ele>23.0</ele></trkpt>
     <trkpt lat="37.602368" lon="-122.498596"><ele>10.8</ele></trkpt>
     <trkpt lat="37.602110" lon="-122.498566"><ele>10.8</ele></trkpt>
     <trkpt lat="37.601539" lon="-122.498676"><ele>10.5</ele></trkpt>
     <trkpt lat="37.601316" lon="-122.499105"><ele>7.8</ele></trkpt>
     <trkpt lat="37.601184" lon="-122.499188"><ele>7.8</ele></trkpt>
     <trkpt lat="37.600671" lon="-122.499320"><ele>8.0</ele></trkpt>
     <trkpt lat="37.600401" lon="-122.499457"><ele>7.8</ele></trkpt>
     <trkpt lat="37.600181" lon="-122.499635"><ele>6.5</ele></trkpt>
     <trkpt lat="37.599709" lon="-122.500168"><ele>5.5</ele></trkpt>
     <trkpt lat="37.599667" lon="-122.500148"><ele>5.2</ele></trkpt>
     <trkpt lat="37.599492" lon="-122.500251"><ele>5.0</ele></trkpt>
     <trkpt lat="37.599338" lon="-122.499998"><ele>4.8</ele></trkpt>
     <trkpt lat="37.598360" lon="-122.501086"><ele>2.2</ele></trkpt>
     <trkpt lat="37.595894" lon="-122.503647"><ele>1.5</ele></trkpt>
     <trkpt lat="37.595944" lon="-122.503840"><ele>1.2</ele></trkpt>
     <trkpt lat="37.594319" lon="-122.505552"><ele>3.5</ele></trkpt>
     <trkpt lat="37.593833" lon="-122.505846"><ele>4.8</ele></trkpt>
     <trkpt lat="37.593350" lon="-122.505887"><ele>6.0</ele></trkpt>
     <trkpt lat="37.592992" lon="-122.505780"><ele>14.8</ele></trkpt>
     <trkpt lat="37.592725" lon="-122.505601"><ele>19.2</ele></trkpt>
     <trkpt lat="37.591003" lon="-122.504125"><ele>49.2</ele></trkpt>
     <trkpt lat="37.590761" lon="-122.503984"><ele>50.8</ele></trkpt>
     <trkpt lat="37.590457" lon="-122.503895"><ele>50.2</ele></trkpt>
     <trkpt lat="37.590105" lon="-122.503939"><ele>54.2</ele></trkpt>
     <trkpt lat="37.589882" lon="-122.504051"><ele>56.5</ele></trkpt>
     <trkpt lat="37.589711" lon="-122.504184"><ele>57.5</ele></trkpt>
     <trkpt lat="37.588885" lon="-122.505088"><ele>77.5</ele></trkpt>
     <trkpt lat="37.588623" lon="-122.505278"><ele>82.0</ele></trkpt>
     <trkpt lat="37.588380" lon="-122.505359"><ele>83.0</ele></trkpt>
     <trkpt lat="37.588103" lon="-122.505360"><ele>84.0</ele></trkpt>
     <trkpt lat="37.587733" lon="-122.505206"><ele>82.5</ele></trkpt>
     <trkpt lat="37.586928" lon="-122.504462"><ele>74.8</ele></trkpt>
     <trkpt lat="37.586618" lon="-122.504265"><ele>74.2</ele></trkpt>
     <trkpt lat="37.586225" lon="-122.504223"><ele>75.0</ele></trkpt>
     <trkpt lat="37.585848" lon="-122.504400"><ele>79.5</ele></trkpt>
     <trkpt lat="37.585583" lon="-122.504729"><ele>77.8</ele></trkpt>
     <trkpt lat="37.585465" lon="-122.505043"><ele>78.5</ele></trkpt>
     <trkpt lat="37.584939" lon="-122.507579"><ele>98.2</ele></trkpt>
     <trkpt lat="37.584992" lon="-122.507612"><ele>100.8</ele></trkpt>
     <trkpt lat="37.585024" lon="-122.507719"><ele>103.2</ele></trkpt>
     <trkpt lat="37.584965" lon="-122.508368"><ele>107.2</ele></trkpt>
     <trkpt lat="37.585015" lon="-122.508766"><ele>109.5</ele></trkpt>
     <trkpt lat="37.585309" lon="-122.509873"><ele>117.5</ele></trkpt>
     <trkpt lat="37.585446" lon="-122.510546"><ele>121.0</ele></trkpt>
     <trkpt lat="37.585185" lon="-122.514019"><ele>145.8</ele></trkpt>
     <trkpt lat="37.585077" lon="-122.514453"><ele>141.5</ele></trkpt>
     <trkpt lat="37.584913" lon="-122.514765"><ele>140.2</ele></trkpt>
     <trkpt lat="37.584622" lon="-122.515068"><ele>139.0</ele></trkpt>
     <trkpt lat="37.584400" lon="-122.515175"><ele>137.0</ele></trkpt>
     <trkpt lat="37.583979" lon="-122.515224"><ele>136.2</ele></trkpt>
     <trkpt lat="37.583388" lon="-122.515137"><ele>138.5</ele></trkpt>
     <trkpt lat="37.582709" lon="-122.515107"><ele>136.5</ele></trkpt>
     <trkpt lat="37.581606" lon="-122.515215"><ele>126.8</ele></trkpt>
     <trkpt lat="37.581419" lon="-122.515309"><ele>127.5</ele></trkpt>
     <trkpt lat="37.581063" lon="-122.515791"><ele>113.2</ele></trkpt>
     <trkpt lat="37.580793" lon="-122.516033"><ele>110.8</ele></trkpt>
     <trkpt lat="37.579960" lon="-122.516406"><ele>102.8</ele></trkpt>
     <trkpt lat="37.578969" lon="-122.516925"><ele>89.8</ele></trkpt>
     <trkpt lat="37.578658" lon="-122.516951"><ele>88.2</ele></trkpt>
     <trkpt lat="37.577754" lon="-122.516715"><ele>99.2</ele></trkpt>
     <trkpt lat="37.577012" lon="-122.516708"><ele>90.8</ele></trkpt>
     <trkpt lat="37.576451" lon="-122.516767"><ele>86.8</ele></trkpt>
     <trkpt lat="37.575840" lon="-122.517006"><ele>84.2</ele></trkpt>
     <trkpt lat="37.574665" lon="-122.517892"><ele>86.5</ele></trkpt>
     <trkpt lat="37.574443" lon="-122.517962"><ele>88.0</ele></trkpt>
     <trkpt lat="37.574247" lon="-122.517968"><ele>90.8</ele></trkpt>
     <trkpt lat="37.573916" lon="-122.517882"><ele>82.0</ele></trkpt>
     <trkpt lat="37.573710" lon="-122.517754"><ele>78.2</ele></trkpt>
     <trkpt lat="37.573127" lon="-122.516992"><ele>96.0</ele></trkpt>
     <trkpt lat="37.572500" lon="-122.516460"><ele>87.2</ele></trkpt>
     <trkpt lat="37.572438" lon="-122.516441"><ele>85.8</ele></trkpt>
     <trkpt lat="37.572375" lon="-122.516587"><ele>79.2</ele></trkpt>
     <trkpt lat="37.572273" lon="-122.516616"><ele>75.0</ele></trkpt>
     <trkpt lat="37.571846" lon="-122.516034"><ele>76.5</ele></trkpt>
     <trkpt lat="37.571602" lon="-122.515978"><ele>71.0</ele></trkpt>
     <trkpt lat="37.571080" lon="-122.516068"><ele>65.2</ele></trkpt>
     <trkpt lat="37.570706" lon="-122.516198"><ele>53.0</ele></trkpt>
     <trkpt lat="37.570637" lon="-122.516176"><ele>52.5</ele></trkpt>
     <trkpt lat="37.570588" lon="-122.516072"><ele>57.8</ele></trkpt>
     <trkpt lat="37.570593" lon="-122.515934"><ele>66.2</ele></trkpt>
     <trkpt lat="37.570199" lon="-122.515815"><ele>66.2</ele></trkpt>
     <trkpt lat="37.569818" lon="-122.515608"><ele>67.5</ele></trkpt>
     <trkpt lat="37.568431" lon="-122.514404"><ele>55.2</ele></trkpt>
     <trkpt lat="37.567675" lon="-122.513893"><ele>47.2</ele></trkpt>
     <trkpt lat="37.565565" lon="-122.512983"><ele>32.5</ele></trkpt>
     <trkpt lat="37.564554" lon="-122.512601"><ele>37.8</ele></trkpt>
     <trkpt lat="37.564047" lon="-122.512574"><ele>41.5</ele></trkpt>
     <trkpt lat="37.563632" lon="-122.512657"><ele>39.0</ele></trkpt>
     <trkpt lat="37.563102" lon="-122.512986"><ele>40.2</ele></trkpt>
     <trkpt lat="37.562585" lon="-122.513422"><ele>45.2</ele></trkpt>
     <trkpt lat="37.562306" lon="-122.513567"><ele>42.2</ele></trkpt>
     <trkpt lat="37.562044" lon="-122.513634"><ele>38.8</ele></trkpt>
     <trkpt lat="37.561631" lon="-122.513551"><ele>40.0</ele></trkpt>
     <trkpt lat="37.560704" lon="-122.513112"><ele>41.2</ele></trkpt>
     <trkpt lat="37.560438" lon="-122.513085"><ele>41.2</ele></trkpt>
     <trkpt lat="37.560178" lon="-122.513126"><ele>39.0</ele></trkpt>
     <trkpt lat="37.559887" lon="-122.513281"><ele>38.0</ele></trkpt>
     <trkpt lat="37.559773" lon="-122.513394"><ele>39.0</ele></trkpt>
     <trkpt lat="37.559238" lon="-122.514186"><ele>30.0</ele></trkpt>
     <trkpt lat="37.558985" lon="-122.514461"><ele>28.2</ele></trkpt>
     <trkpt lat="37.558710" lon="-122.514599"><ele>27.0</ele></trkpt>
     <trkpt lat="37.558456" lon="-122.514627"><ele>29.5</ele></trkpt>
     <trkpt lat="37.558174" lon="-122.514570"><ele>29.0</ele></trkpt>
     <trkpt lat="37.557850" lon="-122.514393"><ele>25.8</ele></trkpt>
     <trkpt lat="37.557615" lon="-122.514158"><ele>25.5</ele></trkpt>
     <trkpt lat="37.557094" lon="-122.513444"><ele>33.2</ele></trkpt>
     <trkpt lat="37.556850" lon="-122.513238"><ele>32.8</ele></trkpt>
     <trkpt lat="37.556363" lon="-122.512983"><ele>34.8</ele></trkpt>
     <trkpt lat="37.555912" lon="-122.512862"><ele>34.0</ele></trkpt>
     <trkpt lat="37.550940" lon="-122.511980"><ele>17.5</ele></trkpt>
     <trkpt lat="37.550273" lon="-122.511905"><ele>16.8</ele></trkpt>
     <trkpt lat="37.549705" lon="-122.511907"><ele>15.5</ele></trkpt>
     <trkpt lat="37.548756" lon="-122.512092"><ele>12.2</ele></trkpt>
     <trkpt lat="37.548155" lon="-122.512312"><ele>10.5</ele></trkpt>
     <trkpt lat="37.547844" lon="-122.512476"><ele>9.2</ele></trkpt>
     <trkpt lat="37.543242" lon="-122.515598"><ele>32.8</ele></trkpt>
     <trkpt lat="37.542825" lon="-122.515850"><ele>31.2</ele></trkpt>
     <trkpt lat="37.542357" lon="-122.516054"><ele>28.2</ele></trkpt>
     <trkpt lat="37.539985" lon="-122.516765"><ele>23.5</ele></trkpt>
     <trkpt lat="37.536568" lon="-122.517714"><ele>17.8</ele></trkpt>
     <trkpt lat="37.535566" lon="-122.517886"><ele>25.8</ele></trkpt>
     <trkpt lat="37.534552" lon="-122.517899"><ele>29.2</ele></trkpt>
     <trkpt lat="37.533274" lon="-122.517701"><ele>29.0</ele></trkpt>
     <trkpt lat="37.532408" lon="-122.517417"><ele>25.0</ele></trkpt>
     <trkpt lat="37.531566" lon="-122.517014"><ele>23.0</ele></trkpt>
     <trkpt lat="37.530676" lon="-122.516457"><ele>24.2</ele></trkpt>
     <trkpt lat="37.529606" lon="-122.515512"><ele>23.0</ele></trkpt>
     <trkpt lat="37.524235" lon="-122.510204"><ele>20.0</ele></trkpt>
     <trkpt lat="37.523137" lon="-122.509111"><ele>20.2</ele></trkpt>
     <trkpt lat="37.522034" lon="-122.507881"><ele>22.8</ele></trkpt>
     <trkpt lat="37.521182" lon="-122.506727"><ele>22.0</ele></trkpt>
     <trkpt lat="37.520483" lon="-122.505600"><ele>23.0</ele></trkpt>
     <trkpt lat="37.514645" lon="-122.494722"><ele>14.8</ele></trkpt>
     <trkpt lat="37.514346" lon="-122.494246"><ele>15.5</ele></trkpt>
     <trkpt lat="37.509474" lon="-122.487544"><ele>11.5</ele></trkpt>
     <trkpt lat="37.506973" lon="-122.484233"><ele>7.8</ele></trkpt>
     <trkpt lat="37.506140" lon="-122.482969"><ele>8.0</ele></trkpt>
     <trkpt lat="37.505598" lon="-122.482008"><ele>9.2</ele></trkpt>
     <trkpt lat="37.505218" lon="-122.481207"><ele>9.8</ele></trkpt>
     <trkpt lat="37.503890" lon="-122.478070"><ele>10.0</ele></trkpt>
     <trkpt lat="37.495240" lon="-122.455676"><ele>21.0</ele></trkpt>
     <trkpt lat="37.494805" lon="-122.454884"><ele>20.0</ele></trkpt>
     <trkpt lat="37.494362" lon="-122.454246"><ele>18.8</ele></trkpt>
     <trkpt lat="37.493796" lon="-122.453608"><ele>17.8</ele></trkpt>
     <trkpt lat="37.493292" lon="-122.453179"><ele>15.2</ele></trkpt>
     <trkpt lat="37.484336" lon="-122.446993"><ele>17.5</ele></trkpt>
     <trkpt lat="37.482021" lon="-122.445349"><ele>17.0</ele></trkpt>
     <trkpt lat="37.481520" lon="-122.444878"><ele>16.0</ele></trkpt>
     <trkpt lat="37.473301" lon="-122.436289"><ele>14.2</ele></trkpt>
     <trkpt lat="37.472061" lon="-122.435188"><ele>13.8</ele></trkpt>
     <trkpt lat="37.471059" lon="-122.434365"><ele>13.8</ele></trkpt>
     <trkpt lat="37.470367" lon="-122.433995"><ele>14.5</ele></trkpt>
     <trkpt lat="37.469969" lon="-122.433836"><ele>15.0</ele></trkpt>
     <trkpt lat="37.469140" lon="-122.433632"><ele>16.0</ele></trkpt>
     <trkpt lat="37.468617" lon="-122.433587"><ele>15.5</ele></trkpt>
     <trkpt lat="37.467827" lon="-122.433643"><ele>14.0</ele></trkpt>
     <trkpt lat="37.464114" lon="-122.434221"><ele>17.0</ele></trkpt>
     <trkpt lat="37.463634" lon="-122.429242"><ele>21.2</ele></trkpt>
     <trkpt lat="37.457667" lon="-122.430155"><ele>27.2</ele></trkpt>
     <trkpt lat="37.455997" lon="-122.429996"><ele>27.0</ele></trkpt>
     <trkpt lat="37.450757" lon="-122.429329"><ele>27.2</ele></trkpt>
     <trkpt lat="37.450544" lon="-122.429455"><ele>26.8</ele></trkpt>
     <trkpt lat="37.450343" lon="-122.429908"><ele>25.8</ele></trkpt>
     <trkpt lat="37.448919" lon="-122.429171"><ele>25.8</ele></trkpt>
     <trkpt lat="37.447742" lon="-122.428797"><ele>26.5</ele></trkpt>
     <trkpt lat="37.447281" lon="-122.428720"><ele>26.5</ele></trkpt>
     <trkpt lat="37.432548" lon="-122.426758"><ele>33.0</ele></trkpt>
     <trkpt lat="37.431372" lon="-122.426660"><ele>34.5</ele></trkpt>
     <trkpt lat="37.424328" lon="-122.426357"><ele>34.5</ele></trkpt>
     <trkpt lat="37.423425" lon="-122.426239"><ele>38.2</ele></trkpt>
     <trkpt lat="37.422378" lon="-122.425993"><ele>40.5</ele></trkpt>
     <trkpt lat="37.407206" lon="-122.421110"><ele>46.5</ele></trkpt>
     <trkpt lat="37.401306" lon="-122.419156"><ele>47.2</ele></trkpt>
     <trkpt lat="37.400562" lon="-122.418870"><ele>47.0</ele></trkpt>
     <trkpt lat="37.400107" lon="-122.418643"><ele>46.5</ele></trkpt>
     <trkpt lat="37.399002" lon="-122.417925"><ele>50.8</ele></trkpt>
     <trkpt lat="37.398346" lon="-122.417358"><ele>51.0</ele></trkpt>
     <trkpt lat="37.397955" lon="-122.416954"><ele>51.0</ele></trkpt>
     <trkpt lat="37.389073" lon="-122.406976"><ele>58.0</ele></trkpt>
     <trkpt lat="37.388195" lon="-122.406240"><ele>54.5</ele></trkpt>
     <trkpt lat="37.387673" lon="-122.405907"><ele>54.2</ele></trkpt>
     <trkpt lat="37.387093" lon="-122.405623"><ele>56.0</ele></trkpt>
     <trkpt lat="37.386269" lon="-122.405339"><ele>62.0</ele></trkpt>
     <trkpt lat="37.384573" lon="-122.404869"><ele>62.8</ele></trkpt>
     <trkpt lat="37.383738" lon="-122.404661"><ele>56.0</ele></trkpt>
     <trkpt lat="37.382980" lon="-122.404528"><ele>49.5</ele></trkpt>
     <trkpt lat="37.381164" lon="-122.404350"><ele>48.5</ele></trkpt>
     <trkpt lat="37.379650" lon="-122.404316"><ele>57.5</ele></trkpt>
     <trkpt lat="37.374340" lon="-122.403763"><ele>53.5</ele></trkpt>
     <trkpt lat="37.373830" lon="-122.403804"><ele>53.2</ele></trkpt>
     <trkpt lat="37.373459" lon="-122.403887"><ele>52.8</ele></trkpt>
     <trkpt lat="37.371727" lon="-122.404638"><ele>54.0</ele></trkpt>
     <trkpt lat="37.371110" lon="-122.404820"><ele>52.5</ele></trkpt>
     <trkpt lat="37.370705" lon="-122.404883"><ele>51.8</ele></trkpt>
     <trkpt lat="37.370077" lon="-122.404905"><ele>51.0</ele></trkpt>
     <trkpt lat="37.367190" lon="-122.404826"><ele>46.0</ele></trkpt>
     <trkpt lat="37.366400" lon="-122.404716"><ele>48.5</ele></trkpt>
     <trkpt lat="37.365716" lon="-122.404487"><ele>55.0</ele></trkpt>
     <trkpt lat="37.365046" lon="-122.404153"><ele>58.2</ele></trkpt>
     <trkpt lat="37.364629" lon="-122.403865"><ele>61.0</ele></trkpt>
     <trkpt lat="37.364162" lon="-122.403469"><ele>62.8</ele></trkpt>
     <trkpt lat="37.360244" lon="-122.399469"><ele>46.5</ele></trkpt>
     <trkpt lat="37.359291" lon="-122.398134"><ele>37.0</ele></trkpt>
     <trkpt lat="37.359049" lon="-122.397860"><ele>34.5</ele></trkpt>
     <trkpt lat="37.358429" lon="-122.397373"><ele>28.0</ele></trkpt>
     <trkpt lat="37.358000" lon="-122.397157"><ele>22.5</ele></trkpt>
     <trkpt lat="37.357597" lon="-122.397031"><ele>25.0</ele></trkpt>
     <trkpt lat="37.357074" lon="-122.396968"><ele>28.2</ele></trkpt>
     <trkpt lat="37.356713" lon="-122.396989"><ele>30.5</ele></trkpt>
     <trkpt lat="37.356142" lon="-122.397131"><ele>35.2</ele></trkpt>
     <trkpt lat="37.355560" lon="-122.397427"><ele>40.8</ele></trkpt>
     <trkpt lat="37.354222" lon="-122.398357"><ele>52.0</ele></trkpt>
     <trkpt lat="37.353847" lon="-122.398543"><ele>54.0</ele></trkpt>
     <trkpt lat="37.353450" lon="-122.398668"><ele>56.8</ele></trkpt>
     <trkpt lat="37.352855" lon="-122.398732"><ele>63.5</ele></trkpt>
     <trkpt lat="37.351143" lon="-122.398616"><ele>74.2</ele></trkpt>
     <trkpt lat="37.350769" lon="-122.398515"><ele>76.0</ele></trkpt>
     <trkpt lat="37.350405" lon="-122.398349"><ele>78.0</ele></trkpt>
     <trkpt lat="37.349590" lon="-122.397803"><ele>87.0</ele></trkpt>
     <trkpt lat="37.348940" lon="-122.397481"><ele>94.5</ele></trkpt>
     <trkpt lat="37.347035" lon="-122.396964"><ele>116.8</ele></trkpt>
     <trkpt lat="37.346409" lon="-122.396690"><ele>117.8</ele></trkpt>
     <trkpt lat="37.345825" lon="-122.396319"><ele>117.8</ele></trkpt>
     <trkpt lat="37.344406" lon="-122.395077"><ele>121.5</ele></trkpt>
     <trkpt lat="37.343820" lon="-122.394749"><ele>123.0</ele></trkpt>
     <trkpt lat="37.343220" lon="-122.394594"><ele>121.5</ele></trkpt>
     <trkpt lat="37.342772" lon="-122.394572"><ele>123.5</ele></trkpt>
     <trkpt lat="37.342483" lon="-122.394605"><ele>124.0</ele></trkpt>
     <trkpt lat="37.341118" lon="-122.394935"><ele>132.5</ele></trkpt>
     <trkpt lat="37.340492" lon="-122.394958"><ele>135.5</ele></trkpt>
     <trkpt lat="37.340030" lon="-122.394876"><ele>138.5</ele></trkpt>
     <trkpt lat="37.333075" lon="-122.392829"><ele>103.2</ele></trkpt>
     <trkpt lat="37.332455" lon="-122.392432"><ele>98.0</ele></trkpt>
     <trkpt lat="37.331337" lon="-122.391426"><ele>87.0</ele></trkpt>
     <trkpt lat="37.331062" lon="-122.391286"><ele>85.8</ele></trkpt>
     <trkpt lat="37.330785" lon="-122.391214"><ele>85.5</ele></trkpt>
     <trkpt lat="37.330484" lon="-122.391205"><ele>85.2</ele></trkpt>
     <trkpt lat="37.330184" lon="-122.391263"><ele>86.2</ele></trkpt>
     <trkpt lat="37.329735" lon="-122.391489"><ele>85.2</ele></trkpt>
     <trkpt lat="37.329354" lon="-122.391856"><ele>79.5</ele></trkpt>
     <trkpt lat="37.329068" lon="-122.392360"><ele>74.5</ele></trkpt>
     <trkpt lat="37.328944" lon="-122.392742"><ele>73.8</ele></trkpt>
     <trkpt lat="37.328873" lon="-122.393290"><ele>75.2</ele></trkpt>
     <trkpt lat="37.329068" lon="-122.394939"><ele>67.5</ele></trkpt>
     <trkpt lat="37.329037" lon="-122.395584"><ele>62.8</ele></trkpt>
     <trkpt lat="37.328872" lon="-122.396240"><ele>58.0</ele></trkpt>
     <trkpt lat="37.328710" lon="-122.396612"><ele>56.2</ele></trkpt>
     <trkpt lat="37.328410" lon="-122.397074"><ele>54.0</ele></trkpt>
     <trkpt lat="37.328177" lon="-122.397321"><ele>52.0</ele></trkpt>
     <trkpt lat="37.324538" lon="-122.399894"><ele>20.2</ele></trkpt>
     <trkpt lat="37.323113" lon="-122.400811"><ele>9.8</ele></trkpt>
     <trkpt lat="37.321268" lon="-122.401795"><ele>3.8</ele></trkpt>
     <trkpt lat="37.320291" lon="-122.402225"><ele>9.2</ele></trkpt>
     <trkpt lat="37.318984" lon="-122.402703"><ele>24.8</ele></trkpt>
     <trkpt lat="37.318026" lon="-122.402980"><ele>33.0</ele></trkpt>
     <trkpt lat="37.316324" lon="-122.403325"><ele>48.8</ele></trkpt>
     <trkpt lat="37.307028" lon="-122.404572"><ele>44.2</ele></trkpt>
     <trkpt lat="37.305872" lon="-122.404645"><ele>45.8</ele></trkpt>
     <trkpt lat="37.299354" lon="-122.404664"><ele>4.2</ele></trkpt>
     <trkpt lat="37.298661" lon="-122.404706"><ele>8.5</ele></trkpt>
     <trkpt lat="37.298239" lon="-122.404791"><ele>11.5</ele></trkpt>
     <trkpt lat="37.297483" lon="-122.405067"><ele>19.2</ele></trkpt>
     <trkpt lat="37.296159" lon="-122.405821"><ele>32.8</ele></trkpt>
     <trkpt lat="37.295597" lon="-122.406088"><ele>38.0</ele></trkpt>
     <trkpt lat="37.294979" lon="-122.406294"><ele>40.2</ele></trkpt>
     <trkpt lat="37.294393" lon="-122.406394"><ele>38.5</ele></trkpt>
     <trkpt lat="37.293770" lon="-122.406396"><ele>38.2</ele></trkpt>
     <trkpt lat="37.292919" lon="-122.406223"><ele>39.5</ele></trkpt>
     <trkpt lat="37.289005" lon="-122.404770"><ele>44.0</ele></trkpt>
     <trkpt lat="37.288127" lon="-122.404647"><ele>40.5</ele></trkpt>
     <trkpt lat="37.287708" lon="-122.404647"><ele>37.2</ele></trkpt>
     <trkpt lat="37.287079" lon="-122.404722"><ele>37.0</ele></trkpt>
     <trkpt lat="37.286441" lon="-122.404895"><ele>37.5</ele></trkpt>
     <trkpt lat="37.285811" lon="-122.405179"><ele>35.8</ele></trkpt>
     <trkpt lat="37.285421" lon="-122.405408"><ele>34.0</ele></trkpt>
     <trkpt lat="37.283095" lon="-122.407030"><ele>43.8</ele></trkpt>
     <trkpt lat="37.282642" lon="-122.407306"><ele>48.2</ele></trkpt>
     <trkpt lat="37.281758" lon="-122.407738"><ele>46.2</ele></trkpt>
     <trkpt lat="37.281085" lon="-122.407974"><ele>44.8</ele></trkpt>
     <trkpt lat="37.280368" lon="-122.408145"><ele>43.5</ele></trkpt>
     <trkpt lat="37.279674" lon="-122.408234"><ele>40.0</ele></trkpt>
     <trkpt lat="37.276868" lon="-122.408134"><ele>31.0</ele></trkpt>
     <trkpt lat="37.275797" lon="-122.408220"><ele>22.8</ele></trkpt>
     <trkpt lat="37.269915" lon="-122.409699"><ele>3.2</ele></trkpt>
     <trkpt lat="37.268501" lon="-122.410206"><ele>2.8</ele></trkpt>
     <trkpt lat="37.267702" lon="-122.410646"><ele>3.2</ele></trkpt>
     <trkpt lat="37.266842" lon="-122.411189"><ele>4.8</ele></trkpt>
     <trkpt lat="37.265556" lon="-122.411834"><ele>6.8</ele></trkpt>
     <trkpt lat="37.265068" lon="-122.412004"><ele>9.2</ele></trkpt>
     <trkpt lat="37.262876" lon="-122.412448"><ele>8.8</ele></trkpt>
     <trkpt lat="37.261084" lon="-122.412898"><ele>9.2</ele></trkpt>
     <trkpt lat="37.255841" lon="-122.414047"><ele>8.8</ele></trkpt>
     <trkpt lat="37.254728" lon="-122.414368"><ele>11.2</ele></trkpt>
     <trkpt lat="37.253373" lon="-122.414907"><ele>15.8</ele></trkpt>
     <trkpt lat="37.249034" lon="-122.416998"><ele>8.5</ele></trkpt>
     <trkpt lat="37.248076" lon="-122.417342"><ele>7.5</ele></trkpt>
     <trkpt lat="37.247379" lon="-122.417517"><ele>7.2</ele></trkpt>
     <trkpt lat="37.246490" lon="-122.417666"><ele>9.2</ele></trkpt>
     <trkpt lat="37.242339" lon="-122.418014"><ele>9.0</ele></trkpt>
     <trkpt lat="37.241387" lon="-122.417947"><ele>8.5</ele></trkpt>
     <trkpt lat="37.240788" lon="-122.417791"><ele>8.2</ele></trkpt>
     <trkpt lat="37.240202" lon="-122.417553"><ele>8.2</ele></trkpt>
     <trkpt lat="37.239469" lon="-122.417117"><ele>8.5</ele></trkpt>
     <trkpt lat="37.237978" lon="-122.415971"><ele>8.8</ele></trkpt>
     <trkpt lat="37.237248" lon="-122.415588"><ele>8.8</ele></trkpt>
     <trkpt lat="37.236552" lon="-122.415393"><ele>10.5</ele></trkpt>
     <trkpt lat="37.234410" lon="-122.415026"><ele>11.2</ele></trkpt>
     <trkpt lat="37.233738" lon="-122.414792"><ele>10.8</ele></trkpt>
     <trkpt lat="37.232956" lon="-122.414401"><ele>8.8</ele></trkpt>
     <trkpt lat="37.232551" lon="-122.414146"><ele>7.8</ele></trkpt>
     <trkpt lat="37.231871" lon="-122.413610"><ele>7.2</ele></trkpt>
     <trkpt lat="37.224405" lon="-122.407315"><ele>7.8</ele></trkpt>
     <trkpt lat="37.223700" lon="-122.406830"><ele>11.2</ele></trkpt>
     <trkpt lat="37.222972" lon="-122.406493"><ele>17.8</ele></trkpt>
     <trkpt lat="37.222085" lon="-122.406237"><ele>23.5</ele></trkpt>
     <trkpt lat="37.221205" lon="-122.406139"><ele>23.2</ele></trkpt>
     <trkpt lat="37.215736" lon="-122.406296"><ele>11.2</ele></trkpt>
     <trkpt lat="37.214817" lon="-122.406231"><ele>12.8</ele></trkpt>
     <trkpt lat="37.213819" lon="-122.406035"><ele>14.8</ele></trkpt>
     <trkpt lat="37.212655" lon="-122.405646"><ele>18.2</ele></trkpt>
     <trkpt lat="37.208518" lon="-122.403686"><ele>23.0</ele></trkpt>
     <trkpt lat="37.202824" lon="-122.401091"><ele>22.2</ele></trkpt>
     <trkpt lat="37.202011" lon="-122.400894"><ele>21.5</ele></trkpt>
     <trkpt lat="37.198508" lon="-122.400622"><ele>23.2</ele></trkpt>
     <trkpt lat="37.197906" lon="-122.400532"><ele>23.5</ele></trkpt>
     <trkpt lat="37.196833" lon="-122.400227"><ele>22.8</ele></trkpt>
     <trkpt lat="37.195943" lon="-122.399832"><ele>21.8</ele></trkpt>
     <trkpt lat="37.195028" lon="-122.399259"><ele>20.8</ele></trkpt>
     <trkpt lat="37.193780" lon="-122.398337"><ele>13.2</ele></trkpt>
     <trkpt lat="37.186068" lon="-122.392430"><ele>19.2</ele></trkpt>
     <trkpt lat="37.185456" lon="-122.391860"><ele>20.0</ele></trkpt>
     <trkpt lat="37.184966" lon="-122.391198"><ele>20.0</ele></trkpt>
     <trkpt lat="37.184683" lon="-122.390670"><ele>19.2</ele></trkpt>
     <trkpt lat="37.184443" lon="-122.390049"><ele>17.2</ele></trkpt>
     <trkpt lat="37.184215" lon="-122.389095"><ele>17.0</ele></trkpt>
     <trkpt lat="37.183709" lon="-122.383737"><ele>16.8</ele></trkpt>
     <trkpt lat="37.183612" lon="-122.383035"><ele>15.2</ele></trkpt>
     <trkpt lat="37.183251" lon="-122.381384"><ele>17.8</ele></trkpt>
     <trkpt lat="37.183092" lon="-122.380822"><ele>19.5</ele></trkpt>
     <trkpt lat="37.182675" lon="-122.379643"><ele>22.5</ele></trkpt>
     <trkpt lat="37.182051" lon="-122.378278"><ele>24.2</ele></trkpt>
     <trkpt lat="37.176453" lon="-122.368007"><ele>29.5</ele></trkpt>
     <trkpt lat="37.175196" lon="-122.365753"><ele>26.2</ele></trkpt>
     <trkpt lat="37.174765" lon="-122.365121"><ele>29.0</ele></trkpt>
     <trkpt lat="37.174443" lon="-122.364748"><ele>31.5</ele></trkpt>
     <trkpt lat="37.173895" lon="-122.364243"><ele>32.0</ele></trkpt>
     <trkpt lat="37.173505" lon="-122.363950"><ele>30.2</ele></trkpt>
     <trkpt lat="37.172888" lon="-122.363593"><ele>29.2</ele></trkpt>
     <trkpt lat="37.168518" lon="-122.361820"><ele>18.8</ele></trkpt>
     <trkpt lat="37.165039" lon="-122.360475"><ele>2.5</ele></trkpt>
     <trkpt lat="37.164178" lon="-122.360081"><ele>5.5</ele></trkpt>
     <trkpt lat="37.163436" lon="-122.359656"><ele>7.2</ele></trkpt>
     <trkpt lat="37.157850" lon="-122.355836"><ele>19.8</ele></trkpt>
     <trkpt lat="37.156417" lon="-122.354724"><ele>23.0</ele></trkpt>
     <trkpt lat="37.155559" lon="-122.353963"><ele>27.5</ele></trkpt>
     <trkpt lat="37.151198" lon="-122.349880"><ele>26.0</ele></trkpt>
     <trkpt lat="37.150583" lon="-122.349221"><ele>29.2</ele></trkpt>
     <trkpt lat="37.150044" lon="-122.348515"><ele>32.8</ele></trkpt>
     <trkpt lat="37.149393" lon="-122.347432"><ele>25.2</ele></trkpt>
     <trkpt lat="37.149013" lon="-122.346612"><ele>23.5</ele></trkpt>
     <trkpt lat="37.148675" lon="-122.345743"><ele>23.8</ele></trkpt>
     <trkpt lat="37.148234" lon="-122.344480"><ele>18.8</ele></trkpt>
     <trkpt lat="37.144049" lon="-122.331703"><ele>24.2</ele></trkpt>
     <trkpt lat="37.141199" lon="-122.323225"><ele>36.2</ele></trkpt>
     <trkpt lat="37.140696" lon="-122.322143"><ele>37.5</ele></trkpt>
     <trkpt lat="37.140269" lon="-122.321511"><ele>40.5</ele></trkpt>
     <trkpt lat="37.139828" lon="-122.320965"><ele>41.8</ele></trkpt>
     <trkpt lat="37.138554" lon="-122.319729"><ele>44.2</ele></trkpt>
     <trkpt lat="37.131195" lon="-122.312966"><ele>41.8</ele></trkpt>
     <trkpt lat="37.129445" lon="-122.311413"><ele>36.8</ele></trkpt>
     <trkpt lat="37.128314" lon="-122.310508"><ele>39.8</ele></trkpt>
     <trkpt lat="37.127805" lon="-122.310134"><ele>41.8</ele></trkpt>
     <trkpt lat="37.126525" lon="-122.309320"><ele>37.8</ele></trkpt>
     <trkpt lat="37.121380" lon="-122.306123"><ele>35.2</ele></trkpt>
     <trkpt lat="37.119974" lon="-122.305349"><ele>30.0</ele></trkpt>
     <trkpt lat="37.116389" lon="-122.303523"><ele>31.0</ele></trkpt>
     <trkpt lat="37.115968" lon="-122.303256"><ele>30.5</ele></trkpt>
     <trkpt lat="37.115389" lon="-122.302799"><ele>29.2</ele></trkpt>
     <trkpt lat="37.114867" lon="-122.302257"><ele>28.5</ele></trkpt>
     <trkpt lat="37.114275" lon="-122.301438"><ele>26.2</ele></trkpt>
     <trkpt lat="37.112532" lon="-122.298294"><ele>28.2</ele></trkpt>
     <trkpt lat="37.111948" lon="-122.297312"><ele>26.0</ele></trkpt>
     <trkpt lat="37.111499" lon="-122.296695"><ele>27.2</ele></trkpt>
     <trkpt lat="37.110986" lon="-122.296135"><ele>27.5</ele></trkpt>
     <trkpt lat="37.108987" lon="-122.294269"><ele>32.5</ele></trkpt>
     <trkpt lat="37.108376" lon="-122.293569"><ele>34.2</ele></trkpt>
     <trkpt lat="37.105876" lon="-122.290228"><ele>25.2</ele></trkpt>
     <trkpt lat="37.103349" lon="-122.286406"><ele>18.8</ele></trkpt>
     <trkpt lat="37.102726" lon="-122.285585"><ele>17.2</ele></trkpt>
     <trkpt lat="37.101896" lon="-122.284742"><ele>15.5</ele></trkpt>
     <trkpt lat="37.101567" lon="-122.284468"><ele>14.8</ele></trkpt>
     <trkpt lat="37.100307" lon="-122.283682"><ele>16.2</ele></trkpt>
     <trkpt lat="37.099999" lon="-122.283442"><ele>16.8</ele></trkpt>
     <trkpt lat="37.099264" lon="-122.282743"><ele>17.2</ele></trkpt>
     <trkpt lat="37.098647" lon="-122.282061"><ele>15.2</ele></trkpt>
     <trkpt lat="37.098076" lon="-122.281332"><ele>13.2</ele></trkpt>
     <trkpt lat="37.097630" lon="-122.280655"><ele>10.0</ele></trkpt>
     <trkpt lat="37.097235" lon="-122.279962"><ele>3.8</ele></trkpt>
     <trkpt lat="37.096537" lon="-122.278438"><ele>0.5</ele></trkpt>
     <trkpt lat="37.096019" lon="-122.277598"><ele>0.2</ele></trkpt>
     <trkpt lat="37.095598" lon="-122.277072"><ele>1.8</ele></trkpt>
     <trkpt lat="37.093794" lon="-122.275230"><ele>24.2</ele></trkpt>
     <trkpt lat="37.093055" lon="-122.274659"><ele>27.8</ele></trkpt>
     <trkpt lat="37.092250" lon="-122.274240"><ele>28.5</ele></trkpt>
     <trkpt lat="37.091442" lon="-122.273998"><ele>39.0</ele></trkpt>
     <trkpt lat="37.090400" lon="-122.273807"><ele>43.8</ele></trkpt>
     <trkpt lat="37.089689" lon="-122.273622"><ele>44.2</ele></trkpt>
     <trkpt lat="37.089180" lon="-122.273406"><ele>43.2</ele></trkpt>
     <trkpt lat="37.088495" lon="-122.273004"><ele>43.5</ele></trkpt>
     <trkpt lat="37.087874" lon="-122.272498"><ele>39.0</ele></trkpt>
     <trkpt lat="37.087460" lon="-122.272071"><ele>37.0</ele></trkpt>
     <trkpt lat="37.085604" lon="-122.269600"><ele>35.0</ele></trkpt>
     <trkpt lat="37.084528" lon="-122.268387"><ele>40.2</ele></trkpt>
     <trkpt lat="37.084045" lon="-122.267938"><ele>41.5</ele></trkpt>
     <trkpt lat="37.079103" lon="-122.263756"><ele>50.2</ele></trkpt>
     <trkpt lat="37.078193" lon="-122.263159"><ele>47.2</ele></trkpt>
     <trkpt lat="37.075816" lon="-122.261950"><ele>52.2</ele></trkpt>
     <trkpt lat="37.074966" lon="-122.261431"><ele>51.5</ele></trkpt>
     <trkpt lat="37.074209" lon="-122.260863"><ele>56.5</ele></trkpt>
     <trkpt lat="37.071472" lon="-122.258607"><ele>39.0</ele></trkpt>
     <trkpt lat="37.067994" lon="-122.255985"><ele>40.5</ele></trkpt>
     <trkpt lat="37.066851" lon="-122.255266"><ele>47.8</ele></trkpt>
     <trkpt lat="37.062582" lon="-122.252381"><ele>45.5</ele></trkpt>
     <trkpt lat="37.061896" lon="-122.251862"><ele>46.2</ele></trkpt>
     <trkpt lat="37.061265" lon="-122.251305"><ele>50.2</ele></trkpt>
     <trkpt lat="37.060601" lon="-122.250611"><ele>48.5</ele></trkpt>
     <trkpt lat="37.058026" lon="-122.247640"><ele>45.5</ele></trkpt>
     <trkpt lat="37.057333" lon="-122.246894"><ele>37.5</ele></trkpt>
     <trkpt lat="37.056606" lon="-122.246199"><ele>39.8</ele></trkpt>
     <trkpt lat="37.053298" lon="-122.243241"><ele>33.2</ele></trkpt>
     <trkpt lat="37.052512" lon="-122.242458"><ele>31.2</ele></trkpt>
     <trkpt lat="37.039737" lon="-122.228070"><ele>14.0</ele></trkpt>
     <trkpt lat="37.039104" lon="-122.227537"><ele>15.2</ele></trkpt>
     <trkpt lat="37.038197" lon="-122.226995"><ele>18.8</ele></trkpt>
     <trkpt lat="37.037576" lon="-122.226756"><ele>15.2</ele></trkpt>
     <trkpt lat="37.036201" lon="-122.226380"><ele>16.0</ele></trkpt>
     <trkpt lat="37.035362" lon="-122.226001"><ele>24.8</ele></trkpt>
     <trkpt lat="37.034559" lon="-122.225435"><ele>28.2</ele></trkpt>
     <trkpt lat="37.034049" lon="-122.224948"><ele>26.8</ele></trkpt>
     <trkpt lat="37.033424" lon="-122.224143"><ele>27.0</ele></trkpt>
     <trkpt lat="37.028455" lon="-122.216186"><ele>25.0</ele></trkpt>
     <trkpt lat="37.027924" lon="-122.215390"><ele>20.0</ele></trkpt>
     <trkpt lat="37.027298" lon="-122.214559"><ele>16.5</ele></trkpt>
     <trkpt lat="37.026301" lon="-122.213442"><ele>17.5</ele></trkpt>
     <trkpt lat="37.020674" lon="-122.207916"><ele>25.8</ele></trkpt>
     <trkpt lat="37.014644" lon="-122.201116"><ele>25.0</ele></trkpt>
     <trkpt lat="37.014140" lon="-122.200485"><ele>32.0</ele></trkpt>
     <trkpt lat="37.013416" lon="-122.199280"><ele>32.0</ele></trkpt>
     <trkpt lat="37.011568" lon="-122.195897"><ele>28.8</ele></trkpt>
     <trkpt lat="37.008578" lon="-122.189536"><ele>23.0</ele></trkpt>
     <trkpt lat="37.008119" lon="-122.188669"><ele>25.5</ele></trkpt>
     <trkpt lat="37.007626" lon="-122.187861"><ele>26.5</ele></trkpt>
     <trkpt lat="37.006732" lon="-122.186603"><ele>28.5</ele></trkpt>
     <trkpt lat="37.005874" lon="-122.185571"><ele>24.2</ele></trkpt>
     <trkpt lat="37.002444" lon="-122.181927"><ele>23.8</ele></trkpt>
     <trkpt lat="37.000187" lon="-122.179591"><ele>8.5</ele></trkpt>
     <trkpt lat="36.999153" lon="-122.178433"><ele>12.8</ele></trkpt>
     <trkpt lat="36.998688" lon="-122.177834"><ele>19.0</ele></trkpt>
     <trkpt lat="36.998058" lon="-122.176907"><ele>23.2</ele></trkpt>
     <trkpt lat="36.997580" lon="-122.176103"><ele>23.2</ele></trkpt>
     <trkpt lat="36.992435" lon="-122.166935"><ele>30.0</ele></trkpt>
     <trkpt lat="36.990955" lon="-122.163932"><ele>28.2</ele></trkpt>
     <trkpt lat="36.984708" lon="-122.150321"><ele>30.5</ele></trkpt>
     <trkpt lat="36.984542" lon="-122.149891"><ele>33.2</ele></trkpt>
     <trkpt lat="36.984347" lon="-122.149160"><ele>37.8</ele></trkpt>
     <trkpt lat="36.984018" lon="-122.146818"><ele>42.0</ele></trkpt>
     <trkpt lat="36.983798" lon="-122.145893"><ele>42.0</ele></trkpt>
     <trkpt lat="36.983570" lon="-122.145293"><ele>46.0</ele></trkpt>
     <trkpt lat="36.981412" lon="-122.140826"><ele>34.2</ele></trkpt>
     <trkpt lat="36.979151" lon="-122.136738"><ele>27.2</ele></trkpt>
     <trkpt lat="36.978445" lon="-122.135556"><ele>29.5</ele></trkpt>
     <trkpt lat="36.977744" lon="-122.134562"><ele>31.8</ele></trkpt>
     <trkpt lat="36.976027" lon="-122.132351"><ele>33.8</ele></trkpt>
     <trkpt lat="36.974786" lon="-122.130649"><ele>29.2</ele></trkpt>
     <trkpt lat="36.971649" lon="-122.126240"><ele>20.2</ele></trkpt>
     <trkpt lat="36.971268" lon="-122.125653"><ele>19.8</ele></trkpt>
     <trkpt lat="36.971046" lon="-122.125219"><ele>19.2</ele></trkpt>
     <trkpt lat="36.970719" lon="-122.124338"><ele>14.0</ele></trkpt>
     <trkpt lat="36.970546" lon="-122.123637"><ele>8.8</ele></trkpt>
     <trkpt lat="36.970456" lon="-122.122910"><ele>7.0</ele></trkpt>
     <trkpt lat="36.970287" lon="-122.119775"><ele>23.8</ele></trkpt>
     <trkpt lat="36.970129" lon="-122.118942"><ele>22.8</ele></trkpt>
     <trkpt lat="36.969886" lon="-122.118123"><ele>20.0</ele></trkpt>
     <trkpt lat="36.968199" lon="-122.114234"><ele>25.0</ele></trkpt>
     <trkpt lat="36.967334" lon="-122.112132"><ele>25.0</ele></trkpt>
     <trkpt lat="36.965342" lon="-122.106390"><ele>30.8</ele></trkpt>
     <trkpt lat="36.965037" lon="-122.105716"><ele>32.0</ele></trkpt>
     <trkpt lat="36.964804" lon="-122.105300"><ele>33.5</ele></trkpt>
     <trkpt lat="36.963696" lon="-122.103486"><ele>38.2</ele></trkpt>
     <trkpt lat="36.963280" lon="-122.102580"><ele>41.0</ele></trkpt>
     <trkpt lat="36.963055" lon="-122.101956"><ele>40.5</ele></trkpt>
     <trkpt lat="36.962726" lon="-122.100650"><ele>37.5</ele></trkpt>
     <trkpt lat="36.961570" lon="-122.095438"><ele>37.0</ele></trkpt>
     <trkpt lat="36.961446" lon="-122.094731"><ele>35.5</ele></trkpt>
     <trkpt lat="36.961345" lon="-122.093682"><ele>31.2</ele></trkpt>
     <trkpt lat="36.961332" lon="-122.092704"><ele>21.5</ele></trkpt>
     <trkpt lat="36.961418" lon="-122.091440"><ele>16.5</ele></trkpt>
     <trkpt lat="36.961889" lon="-122.088093"><ele>16.5</ele></trkpt>
     <trkpt lat="36.961994" lon="-122.087018"><ele>19.0</ele></trkpt>
     <trkpt lat="36.962178" lon="-122.084175"><ele>12.8</ele></trkpt>
     <trkpt lat="36.962222" lon="-122.081946"><ele>19.2</ele></trkpt>
     <trkpt lat="36.962169" lon="-122.078490"><ele>25.5</ele></trkpt>
     <trkpt lat="36.962000" lon="-122.078494"><ele>24.0</ele></trkpt>
     <trkpt lat="36.961916" lon="-122.076903"><ele>24.0</ele></trkpt>
     <trkpt lat="36.961883" lon="-122.074026"><ele>25.2</ele></trkpt>
     <trkpt lat="36.961958" lon="-122.073580"><ele>27.8</ele></trkpt>
     <trkpt lat="36.961945" lon="-122.072593"><ele>32.5</ele></trkpt>
     <trkpt lat="36.961715" lon="-122.071403"><ele>28.2</ele></trkpt>
     <trkpt lat="36.961701" lon="-122.071139"><ele>29.0</ele></trkpt>
     <trkpt lat="36.961750" lon="-122.070408"><ele>30.8</ele></trkpt>
     <trkpt lat="36.961676" lon="-122.069417"><ele>32.0</ele></trkpt>
     <trkpt lat="36.961720" lon="-122.069036"><ele>34.5</ele></trkpt>
     <trkpt lat="36.961713" lon="-122.068456"><ele>37.2</ele></trkpt>
     <trkpt lat="36.961506" lon="-122.066986"><ele>34.8</ele></trkpt>
     <trkpt lat="36.961247" lon="-122.063765"><ele>29.5</ele></trkpt>
     <trkpt lat="36.961200" lon="-122.062797"><ele>28.0</ele></trkpt>
     <trkpt lat="36.961164" lon="-122.062607"><ele>27.2</ele></trkpt>
     <trkpt lat="36.960913" lon="-122.062294"><ele>23.8</ele></trkpt>
     <trkpt lat="36.960866" lon="-122.062127"><ele>22.5</ele></trkpt>
     <trkpt lat="36.960862" lon="-122.061883"><ele>21.2</ele></trkpt>
     <trkpt lat="36.960795" lon="-122.061653"><ele>19.8</ele></trkpt>
     <trkpt lat="36.959844" lon="-122.059487"><ele>23.0</ele></trkpt>
     <trkpt lat="36.959795" lon="-122.059065"><ele>22.8</ele></trkpt>
     <trkpt lat="36.959800" lon="-122.057600"><ele>20.5</ele></trkpt>
     <trkpt lat="36.958439" lon="-122.057480"><ele>21.5</ele></trkpt>
     <trkpt lat="36.959251" lon="-122.049632"><ele>17.5</ele></trkpt>
     <trkpt lat="36.959303" lon="-122.049453"><ele>17.5</ele></trkpt>
     <trkpt lat="36.959666" lon="-122.046250"><ele>16.5</ele></trkpt>
     <trkpt lat="36.959643" lon="-122.046164"><ele>16.5</ele></trkpt>
     <trkpt lat="36.959669" lon="-122.045852"><ele>16.8</ele></trkpt>
     <trkpt lat="36.959877" lon="-122.044571"><ele>15.2</ele></trkpt>
     <trkpt lat="36.960240" lon="-122.043410"><ele>13.8</ele></trkpt>
     <trkpt lat="36.960664" lon="-122.042395"><ele>15.8</ele></trkpt>
     <trkpt lat="36.960595" lon="-122.042265"><ele>15.0</ele></trkpt>
     <trkpt lat="36.960874" lon="-122.041986"><ele>15.0</ele></trkpt>
     <trkpt lat="36.962306" lon="-122.039576"><ele>19.8</ele></trkpt>
     <trkpt lat="36.962895" lon="-122.038477"><ele>20.8</ele></trkpt>
     <trkpt lat="36.963102" lon="-122.038252"><ele>21.0</ele></trkpt>
     <trkpt lat="36.963147" lon="-122.038155"><ele>21.0</ele></trkpt>
     <trkpt lat="36.963091" lon="-122.038048"><ele>20.5</ele></trkpt>
     <trkpt lat="36.963541" lon="-122.037581"><ele>19.5</ele></trkpt>
     <trkpt lat="36.963528" lon="-122.037422"><ele>19.2</ele></trkpt>
     <trkpt lat="36.963689" lon="-122.037163"><ele>19.2</ele></trkpt>
     <trkpt lat="36.963768" lon="-122.036907"><ele>18.8</ele></trkpt>
     <trkpt lat="36.963842" lon="-122.036190"><ele>19.2</ele></trkpt>
     <trkpt lat="36.963417" lon="-122.035528"><ele>19.8</ele></trkpt>
     <trkpt lat="36.963552" lon="-122.035419"><ele>19.5</ele></trkpt>
     <trkpt lat="36.969006" lon="-122.034872"><ele>21.5</ele></trkpt>
     <trkpt lat="36.970631" lon="-122.034504"><ele>23.0</ele></trkpt>
     <trkpt lat="36.972090" lon="-122.034092"><ele>24.2</ele></trkpt>
     <trkpt lat="36.971806" lon="-122.032723"><ele>18.8</ele></trkpt>
     <trkpt lat="36.971881" lon="-122.032552"><ele>18.0</ele></trkpt>
     <trkpt lat="36.972253" lon="-122.032172"><ele>15.5</ele></trkpt>
     <trkpt lat="36.972342" lon="-122.032015"><ele>14.2</ele></trkpt>
     <trkpt lat="36.972626" lon="-122.030646"><ele>9.5</ele></trkpt>
     <trkpt lat="36.974050" lon="-122.030963"><ele>10.2</ele></trkpt>
     <trkpt lat="36.974449" lon="-122.030927"><ele>11.0</ele></trkpt>
     <trkpt lat="36.974814" lon="-122.029064"><ele>9.5</ele></trkpt>
     <trkpt lat="36.975143" lon="-122.029105"><ele>10.8</ele></trkpt>
     <trkpt lat="36.975419" lon="-122.029031"><ele>10.2</ele></trkpt>
     <trkpt lat="36.975583" lon="-122.028936"><ele>9.8</ele></trkpt>
     <trkpt lat="36.976791" lon="-122.027790"><ele>11.5</ele></trkpt>
     <trkpt lat="36.976884" lon="-122.027655"><ele>11.8</ele></trkpt>
     <trkpt lat="36.976899" lon="-122.027098"><ele>9.8</ele></trkpt>
     <trkpt lat="36.977043" lon="-122.026527"><ele>7.8</ele></trkpt>
     <trkpt lat="36.978830" lon="-122.023606"><ele>10.2</ele></trkpt>
     <trkpt lat="36.978933" lon="-122.023378"><ele>12.2</ele></trkpt>
     <trkpt lat="36.979480" lon="-122.021331"><ele>8.5</ele></trkpt>
     <trkpt lat="36.979860" lon="-122.020373"><ele>7.0</ele></trkpt>
     <trkpt lat="36.980198" lon="-122.019275"><ele>7.8</ele></trkpt>
     <trkpt lat="36.980301" lon="-122.019024"><ele>7.8</ele></trkpt>
     <trkpt lat="36.980396" lon="-122.018941"><ele>7.8</ele></trkpt>
     <trkpt lat="36.980684" lon="-122.018124"><ele>7.5</ele></trkpt>
     <trkpt lat="36.980857" lon="-122.017242"><ele>8.8</ele></trkpt>
     <trkpt lat="36.980847" lon="-122.017099"><ele>9.2</ele></trkpt>
     <trkpt lat="36.980997" lon="-122.016115"><ele>15.8</ele></trkpt>
     <trkpt lat="36.981340" lon="-122.014566"><ele>25.2</ele></trkpt>
     <trkpt lat="36.981364" lon="-122.014193"><ele>26.0</ele></trkpt>
     <trkpt lat="36.981431" lon="-122.013963"><ele>25.5</ele></trkpt>
     <trkpt lat="36.981382" lon="-122.008276"><ele>23.5</ele></trkpt>
     <trkpt lat="36.981028" lon="-122.008149"><ele>23.2</ele></trkpt>
     <trkpt lat="36.980977" lon="-122.007959"><ele>23.5</ele></trkpt>
     <trkpt lat="36.981347" lon="-122.006569"><ele>24.8</ele></trkpt>
     <trkpt lat="36.981451" lon="-122.005689"><ele>24.2</ele></trkpt>
     <trkpt lat="36.981508" lon="-122.004255"><ele>24.0</ele></trkpt>
     <trkpt lat="36.981439" lon="-122.001583"><ele>22.5</ele></trkpt>
     <trkpt lat="36.981675" lon="-121.998767"><ele>22.5</ele></trkpt>
     <trkpt lat="36.981779" lon="-121.998003"><ele>20.8</ele></trkpt>
     <trkpt lat="36.981894" lon="-121.997557"><ele>19.2</ele></trkpt>
     <trkpt lat="36.981931" lon="-121.997044"><ele>16.2</ele></trkpt>
     <trkpt lat="36.981817" lon="-121.996675"><ele>14.0</ele></trkpt>
     <trkpt lat="36.981733" lon="-121.996537"><ele>14.2</ele></trkpt>
     <trkpt lat="36.981410" lon="-121.996257"><ele>14.5</ele></trkpt>
     <trkpt lat="36.980723" lon="-121.995955"><ele>11.8</ele></trkpt>
     <trkpt lat="36.980475" lon="-121.995789"><ele>10.2</ele></trkpt>
     <trkpt lat="36.980098" lon="-121.995404"><ele>10.5</ele></trkpt>
     <trkpt lat="36.979781" lon="-121.994928"><ele>12.8</ele></trkpt>
     <trkpt lat="36.979684" lon="-121.994701"><ele>14.0</ele></trkpt>
     <trkpt lat="36.979694" lon="-121.994596"><ele>14.5</ele></trkpt>
     <trkpt lat="36.979556" lon="-121.994092"><ele>16.5</ele></trkpt>
     <trkpt lat="36.979445" lon="-121.993273"><ele>18.0</ele></trkpt>
     <trkpt lat="36.979427" lon="-121.992955"><ele>19.8</ele></trkpt>
     <trkpt lat="36.979469" lon="-121.992881"><ele>20.5</ele></trkpt>
     <trkpt lat="36.979441" lon="-121.992526"><ele>22.2</ele></trkpt>
     <trkpt lat="36.979358" lon="-121.992106"><ele>23.0</ele></trkpt>
     <trkpt lat="36.979262" lon="-121.991823"><ele>23.5</ele></trkpt>
     <trkpt lat="36.978860" lon="-121.991035"><ele>24.5</ele></trkpt>
     <trkpt lat="36.978862" lon="-121.990942"><ele>24.8</ele></trkpt>
     <trkpt lat="36.978279" lon="-121.989815"><ele>25.5</ele></trkpt>
     <trkpt lat="36.978205" lon="-121.989779"><ele>25.2</ele></trkpt>
     <trkpt lat="36.977699" lon="-121.988792"><ele>23.8</ele></trkpt>
     <trkpt lat="36.977652" lon="-121.988618"><ele>23.5</ele></trkpt>
     <trkpt lat="36.977134" lon="-121.987548"><ele>22.8</ele></trkpt>
     <trkpt lat="36.976840" lon="-121.986406"><ele>25.2</ele></trkpt>
     <trkpt lat="36.976338" lon="-121.984759"><ele>23.8</ele></trkpt>
     <trkpt lat="36.976206" lon="-121.984440"><ele>24.2</ele></trkpt>
     <trkpt lat="36.976122" lon="-121.984032"><ele>24.8</ele></trkpt>
     <trkpt lat="36.976051" lon="-121.983975"><ele>25.0</ele></trkpt>
     <trkpt lat="36.975767" lon="-121.982948"><ele>26.2</ele></trkpt>
     <trkpt lat="36.975699" lon="-121.982153"><ele>26.8</ele></trkpt>
     <trkpt lat="36.975734" lon="-121.982056"><ele>26.8</ele></trkpt>
     <trkpt lat="36.975692" lon="-121.981553"><ele>26.8</ele></trkpt>
     <trkpt lat="36.975631" lon="-121.981492"><ele>26.8</ele></trkpt>
     <trkpt lat="36.975516" lon="-121.979959"><ele>26.0</ele></trkpt>
     <trkpt lat="36.975551" lon="-121.979864"><ele>26.2</ele></trkpt>
     <trkpt lat="36.975494" lon="-121.979165"><ele>26.2</ele></trkpt>
     <trkpt lat="36.975454" lon="-121.979100"><ele>26.2</ele></trkpt>
     <trkpt lat="36.975427" lon="-121.978296"><ele>26.8</ele></trkpt>
     <trkpt lat="36.975392" lon="-121.978139"><ele>26.5</ele></trkpt>
     <trkpt lat="36.975416" lon="-121.977945"><ele>26.0</ele></trkpt>
     <trkpt lat="36.975306" lon="-121.976830"><ele>23.5</ele></trkpt>
     <trkpt lat="36.975144" lon="-121.976291"><ele>23.2</ele></trkpt>
     <trkpt lat="36.974752" lon="-121.975618"><ele>21.8</ele></trkpt>
     <trkpt lat="36.973982" lon="-121.974658"><ele>20.0</ele></trkpt>
     <trkpt lat="36.973814" lon="-121.974284"><ele>20.5</ele></trkpt>
     <trkpt lat="36.973740" lon="-121.973988"><ele>21.2</ele></trkpt>
     <trkpt lat="36.973677" lon="-121.973614"><ele>22.0</ele></trkpt>
     <trkpt lat="36.973650" lon="-121.973133"><ele>23.2</ele></trkpt>
     <trkpt lat="36.973678" lon="-121.962592"><ele>25.8</ele></trkpt>
     <trkpt lat="36.973679" lon="-121.962488"><ele>25.8</ele></trkpt>
     <trkpt lat="36.973728" lon="-121.962385"><ele>25.8</ele></trkpt>
     <trkpt lat="36.973693" lon="-121.959907"><ele>25.2</ele></trkpt>
     <trkpt lat="36.973739" lon="-121.959670"><ele>25.5</ele></trkpt>
     <trkpt lat="36.973742" lon="-121.955375"><ele>22.5</ele></trkpt>
     <trkpt lat="36.973624" lon="-121.955076"><ele>21.5</ele></trkpt>
     <trkpt lat="36.973010" lon="-121.954112"><ele>9.5</ele></trkpt>
     <trkpt lat="36.972878" lon="-121.953962"><ele>8.8</ele></trkpt>
     <trkpt lat="36.972580" lon="-121.953740"><ele>7.8</ele></trkpt>
     <trkpt lat="36.972159" lon="-121.953569"><ele>6.2</ele></trkpt>
     <trkpt lat="36.972544" lon="-121.952816"><ele>2.0</ele></trkpt>
     <trkpt lat="36.973097" lon="-121.951998"><ele>3.2</ele></trkpt>
     <trkpt lat="36.973129" lon="-121.952121"><ele>3.2</ele></trkpt>
     <trkpt lat="36.973353" lon="-121.952445"><ele>3.2</ele></trkpt>
     <trkpt lat="36.973798" lon="-121.953065"><ele>4.8</ele></trkpt>
     <trkpt lat="36.974130" lon="-121.953441"><ele>4.5</ele></trkpt>
     <trkpt lat="36.974863" lon="-121.953725"><ele>5.5</ele></trkpt>
     <trkpt lat="36.975202" lon="-121.953751"><ele>7.2</ele></trkpt>
     <trkpt lat="36.975496" lon="-121.953715"><ele>9.2</ele></trkpt>
     <trkpt lat="36.975202" lon="-121.953751"><ele>7.2</ele></trkpt>
     <trkpt lat="36.974863" lon="-121.953725"><ele>5.5</ele></trkpt>
     <trkpt lat="36.974239" lon="-121.953496"><ele>4.8</ele></trkpt>
     <trkpt lat="36.974088" lon="-121.953410"><ele>4.5</ele></trkpt>
     <trkpt lat="36.973798" lon="-121.953065"><ele>4.8</ele></trkpt>
     <trkpt lat="36.974355" lon="-121.952639"><ele>11.2</ele></trkpt>
     <trkpt lat="36.974422" lon="-121.952348"><ele>12.0</ele></trkpt>
     <trkpt lat="36.974779" lon="-121.951714"><ele>12.5</ele></trkpt>
     <trkpt lat="36.974954" lon="-121.951058"><ele>16.5</ele></trkpt>
     <trkpt lat="36.974903" lon="-121.950380"><ele>19.5</ele></trkpt>
     <trkpt lat="36.975630" lon="-121.950247"><ele>19.0</ele></trkpt>
     <trkpt lat="36.977223" lon="-121.943352"><ele>37.5</ele></trkpt>
     <trkpt lat="36.977620" lon="-121.941900"><ele>31.8</ele></trkpt>
     <trkpt lat="36.977851" lon="-121.941342"><ele>30.2</ele></trkpt>
     <trkpt lat="36.978508" lon="-121.940155"><ele>30.8</ele></trkpt>
     <trkpt lat="36.979148" lon="-121.939401"><ele>32.8</ele></trkpt>
     <trkpt lat="36.979741" lon="-121.938834"><ele>38.5</ele></trkpt>
     <trkpt lat="36.980263" lon="-121.938492"><ele>45.8</ele></trkpt>
     <trkpt lat="36.982293" lon="-121.937824"><ele>40.8</ele></trkpt>
     <trkpt lat="36.982304" lon="-121.937581"><ele>37.5</ele></trkpt>
     <trkpt lat="36.982368" lon="-121.937457"><ele>36.0</ele></trkpt>
     <trkpt lat="36.982884" lon="-121.937245"><ele>34.5</ele></trkpt>
     <trkpt lat="36.983112" lon="-121.937071"><ele>32.8</ele></trkpt>
     <trkpt lat="36.983292" lon="-121.936843"><ele>30.0</ele></trkpt>
     <trkpt lat="36.983497" lon="-121.936342"><ele>30.5</ele></trkpt>
     <trkpt lat="36.983601" lon="-121.935627"><ele>34.0</ele></trkpt>
     <trkpt lat="36.983677" lon="-121.933180"><ele>42.0</ele></trkpt>
     <trkpt lat="36.983654" lon="-121.932296"><ele>46.0</ele></trkpt>
     <trkpt lat="36.983556" lon="-121.931441"><ele>48.2</ele></trkpt>
     <trkpt lat="36.983260" lon="-121.929679"><ele>43.8</ele></trkpt>
     <trkpt lat="36.982446" lon="-121.923585"><ele>43.5</ele></trkpt>
     <trkpt lat="36.982386" lon="-121.922834"><ele>44.2</ele></trkpt>
     <trkpt lat="36.982033" lon="-121.920342"><ele>43.0</ele></trkpt>
     <trkpt lat="36.981856" lon="-121.919466"><ele>43.5</ele></trkpt>
     <trkpt lat="36.981635" lon="-121.918610"><ele>45.2</ele></trkpt>
     <trkpt lat="36.981147" lon="-121.917196"><ele>47.5</ele></trkpt>
     <trkpt lat="36.980708" lon="-121.916228"><ele>46.5</ele></trkpt>
     <trkpt lat="36.979427" lon="-121.913768"><ele>49.0</ele></trkpt>
     <trkpt lat="36.978626" lon="-121.912485"><ele>45.5</ele></trkpt>
     <trkpt lat="36.978420" lon="-121.912250"><ele>45.5</ele></trkpt>
     <trkpt lat="36.978194" lon="-121.912112"><ele>45.2</ele></trkpt>
     <trkpt lat="36.977912" lon="-121.912057"><ele>44.8</ele></trkpt>
     <trkpt lat="36.975735" lon="-121.912052"><ele>37.2</ele></trkpt>
     <trkpt lat="36.975667" lon="-121.911809"><ele>36.5</ele></trkpt>
     <trkpt lat="36.975647" lon="-121.911702"><ele>36.2</ele></trkpt>
     <trkpt lat="36.976605" lon="-121.911484"><ele>40.8</ele></trkpt>
     <trkpt lat="36.976928" lon="-121.911315"><ele>42.0</ele></trkpt>
     <trkpt lat="36.979491" lon="-121.909012"><ele>49.0</ele></trkpt>
     <trkpt lat="36.979714" lon="-121.908774"><ele>49.2</ele></trkpt>
     <trkpt lat="36.979732" lon="-121.908524"><ele>49.0</ele></trkpt>
     <trkpt lat="36.979659" lon="-121.908283"><ele>48.5</ele></trkpt>
     <trkpt lat="36.978688" lon="-121.907428"><ele>44.0</ele></trkpt>
     <trkpt lat="36.976986" lon="-121.905665"><ele>35.8</ele></trkpt>
     <trkpt lat="36.976612" lon="-121.905050"><ele>34.0</ele></trkpt>
     <trkpt lat="36.976351" lon="-121.904353"><ele>27.8</ele></trkpt>
     <trkpt lat="36.976298" lon="-121.903857"><ele>25.8</ele></trkpt>
     <trkpt lat="36.976360" lon="-121.903483"><ele>24.5</ele></trkpt>
     <trkpt lat="36.976499" lon="-121.903167"><ele>24.0</ele></trkpt>
     <trkpt lat="36.977031" lon="-121.902469"><ele>28.5</ele></trkpt>
     <trkpt lat="36.977128" lon="-121.902267"><ele>28.5</ele></trkpt>
     <trkpt lat="36.977205" lon="-121.901775"><ele>27.0</ele></trkpt>
     <trkpt lat="36.977209" lon="-121.901153"><ele>29.2</ele></trkpt>
     <trkpt lat="36.977105" lon="-121.900687"><ele>30.0</ele></trkpt>
     <trkpt lat="36.976948" lon="-121.900359"><ele>29.5</ele></trkpt>
     <trkpt lat="36.976230" lon="-121.899419"><ele>28.5</ele></trkpt>
     <trkpt lat="36.976073" lon="-121.899156"><ele>30.0</ele></trkpt>
     <trkpt lat="36.975668" lon="-121.897925"><ele>31.2</ele></trkpt>
     <trkpt lat="36.975620" lon="-121.897418"><ele>31.5</ele></trkpt>
     <trkpt lat="36.975642" lon="-121.896314"><ele>36.8</ele></trkpt>
     <trkpt lat="36.975694" lon="-121.895940"><ele>41.0</ele></trkpt>
     <trkpt lat="36.975849" lon="-121.895439"><ele>41.0</ele></trkpt>
     <trkpt lat="36.975878" lon="-121.895103"><ele>41.0</ele></trkpt>
     <trkpt lat="36.975839" lon="-121.894883"><ele>40.8</ele></trkpt>
     <trkpt lat="36.975546" lon="-121.894123"><ele>34.8</ele></trkpt>
     <trkpt lat="36.975491" lon="-121.893754"><ele>34.2</ele></trkpt>
     <trkpt lat="36.975681" lon="-121.890267"><ele>39.8</ele></trkpt>
     <trkpt lat="36.975668" lon="-121.888984"><ele>41.2</ele></trkpt>
     <trkpt lat="36.975563" lon="-121.886938"><ele>45.5</ele></trkpt>
     <trkpt lat="36.975589" lon="-121.886598"><ele>44.2</ele></trkpt>
     <trkpt lat="36.975690" lon="-121.886255"><ele>44.0</ele></trkpt>
     <trkpt lat="36.975846" lon="-121.885988"><ele>43.2</ele></trkpt>
     <trkpt lat="36.976000" lon="-121.885837"><ele>42.5</ele></trkpt>
     <trkpt lat="36.976434" lon="-121.885579"><ele>42.0</ele></trkpt>
     <trkpt lat="36.976506" lon="-121.885411"><ele>42.5</ele></trkpt>
     <trkpt lat="36.976508" lon="-121.885306"><ele>42.8</ele></trkpt>
     <trkpt lat="36.976392" lon="-121.884991"><ele>43.2</ele></trkpt>
     <trkpt lat="36.976001" lon="-121.884490"><ele>44.2</ele></trkpt>
     <trkpt lat="36.975608" lon="-121.884838"><ele>42.2</ele></trkpt>
     <trkpt lat="36.975349" lon="-121.884863"><ele>42.0</ele></trkpt>
     <trkpt lat="36.975061" lon="-121.884648"><ele>42.0</ele></trkpt>
     <trkpt lat="36.974833" lon="-121.884357"><ele>41.8</ele></trkpt>
     <trkpt lat="36.974690" lon="-121.884096"><ele>42.0</ele></trkpt>
     <trkpt lat="36.974100" lon="-121.882706"><ele>48.0</ele></trkpt>
     <trkpt lat="36.973515" lon="-121.881003"><ele>42.5</ele></trkpt>
     <trkpt lat="36.973201" lon="-121.879830"><ele>41.8</ele></trkpt>
     <trkpt lat="36.971776" lon="-121.875931"><ele>42.0</ele></trkpt>
     <trkpt lat="36.971338" lon="-121.874455"><ele>50.5</ele></trkpt>
     <trkpt lat="36.971372" lon="-121.872939"><ele>52.2</ele></trkpt>
     <trkpt lat="36.971433" lon="-121.872640"><ele>51.2</ele></trkpt>
     <trkpt lat="36.971534" lon="-121.872405"><ele>50.5</ele></trkpt>
     <trkpt lat="36.971736" lon="-121.872138"><ele>49.8</ele></trkpt>
     <trkpt lat="36.972108" lon="-121.871862"><ele>51.2</ele></trkpt>
     <trkpt lat="36.972133" lon="-121.871635"><ele>48.8</ele></trkpt>
     <trkpt lat="36.972082" lon="-121.871498"><ele>48.2</ele></trkpt>
     <trkpt lat="36.971711" lon="-121.871721"><ele>45.8</ele></trkpt>
     <trkpt lat="36.971141" lon="-121.872168"><ele>47.5</ele></trkpt>
     <trkpt lat="36.970871" lon="-121.872464"><ele>47.0</ele></trkpt>
     <trkpt lat="36.970384" lon="-121.873138"><ele>51.0</ele></trkpt>
     <trkpt lat="36.969650" lon="-121.874573"><ele>58.8</ele></trkpt>
     <trkpt lat="36.969537" lon="-121.874386"><ele>60.2</ele></trkpt>
     <trkpt lat="36.969468" lon="-121.874079"><ele>61.8</ele></trkpt>
     <trkpt lat="36.969507" lon="-121.873401"><ele>62.5</ele></trkpt>
     <trkpt lat="36.969419" lon="-121.872814"><ele>64.0</ele></trkpt>
     <trkpt lat="36.969297" lon="-121.872515"><ele>66.2</ele></trkpt>
     <trkpt lat="36.968852" lon="-121.871755"><ele>66.5</ele></trkpt>
     <trkpt lat="36.967926" lon="-121.870596"><ele>72.8</ele></trkpt>
     <trkpt lat="36.966536" lon="-121.869154"><ele>84.0</ele></trkpt>
     <trkpt lat="36.966109" lon="-121.868775"><ele>93.0</ele></trkpt>
     <trkpt lat="36.965736" lon="-121.868558"><ele>94.2</ele></trkpt>
     <trkpt lat="36.965351" lon="-121.868466"><ele>96.2</ele></trkpt>
     <trkpt lat="36.964916" lon="-121.868516"><ele>99.5</ele></trkpt>
     <trkpt lat="36.964528" lon="-121.868743"><ele>98.8</ele></trkpt>
     <trkpt lat="36.964053" lon="-121.868953"><ele>92.5</ele></trkpt>
     <trkpt lat="36.963388" lon="-121.869041"><ele>80.0</ele></trkpt>
     <trkpt lat="36.962933" lon="-121.868935"><ele>77.8</ele></trkpt>
     <trkpt lat="36.961369" lon="-121.868149"><ele>71.8</ele></trkpt>
     <trkpt lat="36.960933" lon="-121.867821"><ele>71.2</ele></trkpt>
     <trkpt lat="36.957821" lon="-121.865066"><ele>55.8</ele></trkpt>
     <trkpt lat="36.957647" lon="-121.864890"><ele>53.8</ele></trkpt>
     <trkpt lat="36.957436" lon="-121.864503"><ele>51.5</ele></trkpt>
     <trkpt lat="36.957311" lon="-121.864073"><ele>50.2</ele></trkpt>
     <trkpt lat="36.956627" lon="-121.864295"><ele>54.8</ele></trkpt>
     <trkpt lat="36.956184" lon="-121.864327"><ele>55.2</ele></trkpt>
     <trkpt lat="36.952915" lon="-121.864216"><ele>47.8</ele></trkpt>
     <trkpt lat="36.951418" lon="-121.864115"><ele>47.2</ele></trkpt>
     <trkpt lat="36.950595" lon="-121.863930"><ele>48.0</ele></trkpt>
     <trkpt lat="36.949018" lon="-121.863412"><ele>40.2</ele></trkpt>
     <trkpt lat="36.946597" lon="-121.862897"><ele>50.0</ele></trkpt>
     <trkpt lat="36.946359" lon="-121.862736"><ele>52.5</ele></trkpt>
     <trkpt lat="36.946124" lon="-121.862493"><ele>54.5</ele></trkpt>
     <trkpt lat="36.945232" lon="-121.861120"><ele>38.2</ele></trkpt>
     <trkpt lat="36.944937" lon="-121.860837"><ele>33.8</ele></trkpt>
     <trkpt lat="36.944683" lon="-121.860759"><ele>33.8</ele></trkpt>
     <trkpt lat="36.944275" lon="-121.860798"><ele>31.8</ele></trkpt>
     <trkpt lat="36.943860" lon="-121.860740"><ele>31.8</ele></trkpt>
     <trkpt lat="36.943518" lon="-121.860585"><ele>32.5</ele></trkpt>
     <trkpt lat="36.943181" lon="-121.860322"><ele>33.0</ele></trkpt>
     <trkpt lat="36.942874" lon="-121.860222"><ele>34.8</ele></trkpt>
     <trkpt lat="36.941437" lon="-121.860266"><ele>39.8</ele></trkpt>
     <trkpt lat="36.941167" lon="-121.860173"><ele>41.0</ele></trkpt>
     <trkpt lat="36.940882" lon="-121.859936"><ele>43.0</ele></trkpt>
     <trkpt lat="36.940733" lon="-121.859718"><ele>43.2</ele></trkpt>
     <trkpt lat="36.940620" lon="-121.859384"><ele>43.2</ele></trkpt>
     <trkpt lat="36.940506" lon="-121.858647"><ele>41.8</ele></trkpt>
     <trkpt lat="36.940395" lon="-121.858431"><ele>40.5</ele></trkpt>
     <trkpt lat="36.940100" lon="-121.858165"><ele>38.8</ele></trkpt>
     <trkpt lat="36.939557" lon="-121.857842"><ele>39.0</ele></trkpt>
     <trkpt lat="36.939317" lon="-121.857815"><ele>39.0</ele></trkpt>
     <trkpt lat="36.939162" lon="-121.857856"><ele>39.2</ele></trkpt>
     <trkpt lat="36.937667" lon="-121.858691"><ele>33.2</ele></trkpt>
     <trkpt lat="36.937468" lon="-121.858870"><ele>31.8</ele></trkpt>
     <trkpt lat="36.937120" lon="-121.859333"><ele>29.5</ele></trkpt>
     <trkpt lat="36.936902" lon="-121.859513"><ele>29.0</ele></trkpt>
     <trkpt lat="36.936700" lon="-121.859608"><ele>29.0</ele></trkpt>
     <trkpt lat="36.936463" lon="-121.859649"><ele>29.5</ele></trkpt>
     <trkpt lat="36.934837" lon="-121.859695"><ele>35.5</ele></trkpt>
     <trkpt lat="36.932945" lon="-121.860097"><ele>27.5</ele></trkpt>
     <trkpt lat="36.932089" lon="-121.860605"><ele>20.8</ele></trkpt>
     <trkpt lat="36.931880" lon="-121.860617"><ele>20.5</ele></trkpt>
     <trkpt lat="36.931596" lon="-121.860490"><ele>22.2</ele></trkpt>
     <trkpt lat="36.931349" lon="-121.860156"><ele>26.5</ele></trkpt>
     <trkpt lat="36.928057" lon="-121.852030"><ele>31.8</ele></trkpt>
     <trkpt lat="36.926798" lon="-121.848814"><ele>36.5</ele></trkpt>
     <trkpt lat="36.926538" lon="-121.848274"><ele>38.0</ele></trkpt>
     <trkpt lat="36.923532" lon="-121.843117"><ele>47.5</ele></trkpt>
     <trkpt lat="36.923362" lon="-121.842691"><ele>46.8</ele></trkpt>
     <trkpt lat="36.922158" lon="-121.838729"><ele>63.2</ele></trkpt>
     <trkpt lat="36.922036" lon="-121.838395"><ele>62.5</ele></trkpt>
     <trkpt lat="36.921787" lon="-121.837893"><ele>57.0</ele></trkpt>
     <trkpt lat="36.921581" lon="-121.837576"><ele>53.2</ele></trkpt>
     <trkpt lat="36.921426" lon="-121.837390"><ele>53.8</ele></trkpt>
     <trkpt lat="36.920321" lon="-121.836446"><ele>56.5</ele></trkpt>
     <trkpt lat="36.919761" lon="-121.836232"><ele>56.0</ele></trkpt>
     <trkpt lat="36.919409" lon="-121.835999"><ele>55.8</ele></trkpt>
     <trkpt lat="36.917970" lon="-121.834028"><ele>70.8</ele></trkpt>
     <trkpt lat="36.917096" lon="-121.832712"><ele>78.0</ele></trkpt>
     <trkpt lat="36.916142" lon="-121.831699"><ele>75.2</ele></trkpt>
     <trkpt lat="36.911389" lon="-121.829688"><ele>68.5</ele></trkpt>
     <trkpt lat="36.909056" lon="-121.828644"><ele>63.5</ele></trkpt>
     <trkpt lat="36.907122" lon="-121.827868"><ele>59.2</ele></trkpt>
     <trkpt lat="36.906152" lon="-121.827371"><ele>55.8</ele></trkpt>
     <trkpt lat="36.905410" lon="-121.826922"><ele>53.5</ele></trkpt>
     <trkpt lat="36.904748" lon="-121.826465"><ele>50.2</ele></trkpt>
     <trkpt lat="36.903787" lon="-121.825716"><ele>46.0</ele></trkpt>
     <trkpt lat="36.902030" lon="-121.824099"><ele>49.8</ele></trkpt>
     <trkpt lat="36.898234" lon="-121.820442"><ele>37.2</ele></trkpt>
     <trkpt lat="36.897775" lon="-121.819816"><ele>33.2</ele></trkpt>
     <trkpt lat="36.895400" lon="-121.814906"><ele>30.0</ele></trkpt>
     <trkpt lat="36.894789" lon="-121.813731"><ele>28.0</ele></trkpt>
     <trkpt lat="36.893903" lon="-121.812632"><ele>25.8</ele></trkpt>
     <trkpt lat="36.891507" lon="-121.809954"><ele>19.0</ele></trkpt>
     <trkpt lat="36.888147" lon="-121.806681"><ele>15.5</ele></trkpt>
     <trkpt lat="36.887972" lon="-121.806237"><ele>12.8</ele></trkpt>
     <trkpt lat="36.887629" lon="-121.803946"><ele>-1.2</ele></trkpt>
     <trkpt lat="36.887409" lon="-121.803113"><ele>1.0</ele></trkpt>
     <trkpt lat="36.886970" lon="-121.802298"><ele>-0.5</ele></trkpt>
     <trkpt lat="36.886386" lon="-121.801560"><ele>-0.2</ele></trkpt>
     <trkpt lat="36.883566" lon="-121.798910"><ele>-0.8</ele></trkpt>
     <trkpt lat="36.883318" lon="-121.798539"><ele>-1.0</ele></trkpt>
     <trkpt lat="36.883100" lon="-121.797667"><ele>-0.5</ele></trkpt>
     <trkpt lat="36.882992" lon="-121.797518"><ele>-0.8</ele></trkpt>
     <trkpt lat="36.884423" lon="-121.795586"><ele>-2.8</ele></trkpt>
     <trkpt lat="36.878060" lon="-121.792160"><ele>0.5</ele></trkpt>
     <trkpt lat="36.877418" lon="-121.791716"><ele>1.0</ele></trkpt>
     <trkpt lat="36.876672" lon="-121.791007"><ele>1.0</ele></trkpt>
     <trkpt lat="36.871137" lon="-121.785415"><ele>2.5</ele></trkpt>
     <trkpt lat="36.868425" lon="-121.789070"><ele>2.2</ele></trkpt>
     <trkpt lat="36.867429" lon="-121.792490"><ele>2.0</ele></trkpt>
     <trkpt lat="36.867388" lon="-121.792884"><ele>3.0</ele></trkpt>
     <trkpt lat="36.867437" lon="-121.793392"><ele>2.2</ele></trkpt>
     <trkpt lat="36.867420" lon="-121.794034"><ele>3.8</ele></trkpt>
     <trkpt lat="36.867271" lon="-121.794785"><ele>5.8</ele></trkpt>
     <trkpt lat="36.867061" lon="-121.795246"><ele>5.8</ele></trkpt>
     <trkpt lat="36.866547" lon="-121.796027"><ele>4.2</ele></trkpt>
     <trkpt lat="36.866357" lon="-121.796236"><ele>4.8</ele></trkpt>
     <trkpt lat="36.864024" lon="-121.798170"><ele>0.2</ele></trkpt>
     <trkpt lat="36.862945" lon="-121.798884"><ele>0.2</ele></trkpt>
     <trkpt lat="36.862694" lon="-121.798832"><ele>0.8</ele></trkpt>
     <trkpt lat="36.862587" lon="-121.798705"><ele>1.2</ele></trkpt>
     <trkpt lat="36.862325" lon="-121.797940"><ele>3.2</ele></trkpt>
     <trkpt lat="36.861672" lon="-121.796447"><ele>8.0</ele></trkpt>
     <trkpt lat="36.860979" lon="-121.795054"><ele>10.8</ele></trkpt>
     <trkpt lat="36.860794" lon="-121.794871"><ele>11.5</ele></trkpt>
     <trkpt lat="36.860381" lon="-121.794757"><ele>19.8</ele></trkpt>
     <trkpt lat="36.860025" lon="-121.794741"><ele>27.5</ele></trkpt>
     <trkpt lat="36.859412" lon="-121.794801"><ele>30.0</ele></trkpt>
     <trkpt lat="36.859136" lon="-121.794880"><ele>30.5</ele></trkpt>
     <trkpt lat="36.858541" lon="-121.795234"><ele>28.8</ele></trkpt>
     <trkpt lat="36.856316" lon="-121.796354"><ele>18.8</ele></trkpt>
     <trkpt lat="36.856130" lon="-121.795886"><ele>19.2</ele></trkpt>
     <trkpt lat="36.852106" lon="-121.783837"><ele>42.5</ele></trkpt>
     <trkpt lat="36.853714" lon="-121.780093"><ele>46.5</ele></trkpt>
     <trkpt lat="36.853761" lon="-121.779742"><ele>47.8</ele></trkpt>
     <trkpt lat="36.853816" lon="-121.771096"><ele>50.2</ele></trkpt>
     <trkpt lat="36.845903" lon="-121.771151"><ele>52.2</ele></trkpt>
     <trkpt lat="36.839083" lon="-121.770995"><ele>39.2</ele></trkpt>
     <trkpt lat="36.831755" lon="-121.770999"><ele>11.8</ele></trkpt>
     <trkpt lat="36.830974" lon="-121.771037"><ele>8.5</ele></trkpt>
     <trkpt lat="36.830238" lon="-121.771249"><ele>7.5</ele></trkpt>
     <trkpt lat="36.829432" lon="-121.771687"><ele>4.2</ele></trkpt>
     <trkpt lat="36.828762" lon="-121.772269"><ele>2.2</ele></trkpt>
     <trkpt lat="36.825669" lon="-121.775926"><ele>4.2</ele></trkpt>
     <trkpt lat="36.824749" lon="-121.777149"><ele>2.2</ele></trkpt>
     <trkpt lat="36.824332" lon="-121.777864"><ele>1.8</ele></trkpt>
     <trkpt lat="36.823798" lon="-121.778989"><ele>6.0</ele></trkpt>
     <trkpt lat="36.821879" lon="-121.783539"><ele>9.2</ele></trkpt>
     <trkpt lat="36.821692" lon="-121.783915"><ele>9.2</ele></trkpt>
     <trkpt lat="36.821369" lon="-121.784420"><ele>5.8</ele></trkpt>
     <trkpt lat="36.820919" lon="-121.784947"><ele>0.8</ele></trkpt>
     <trkpt lat="36.820350" lon="-121.785426"><ele>1.8</ele></trkpt>
     <trkpt lat="36.819723" lon="-121.785758"><ele>2.2</ele></trkpt>
     <trkpt lat="36.819103" lon="-121.785953"><ele>1.2</ele></trkpt>
     <trkpt lat="36.818480" lon="-121.786013"><ele>2.5</ele></trkpt>
     <trkpt lat="36.818009" lon="-121.785996"><ele>3.0</ele></trkpt>
     <trkpt lat="36.812055" lon="-121.785520"><ele>0.8</ele></trkpt>
     <trkpt lat="36.811242" lon="-121.785293"><ele>-0.8</ele></trkpt>
     <trkpt lat="36.808879" lon="-121.784290"><ele>0.0</ele></trkpt>
     <trkpt lat="36.808410" lon="-121.784136"><ele>0.0</ele></trkpt>
     <trkpt lat="36.807419" lon="-121.783918"><ele>4.5</ele></trkpt>
     <trkpt lat="36.806102" lon="-121.783743"><ele>16.0</ele></trkpt>
     <trkpt lat="36.805110" lon="-121.783747"><ele>11.5</ele></trkpt>
     <trkpt lat="36.803775" lon="-121.783846"><ele>7.0</ele></trkpt>
     <trkpt lat="36.803158" lon="-121.783840"><ele>6.0</ele></trkpt>
     <trkpt lat="36.800543" lon="-121.783362"><ele>6.8</ele></trkpt>
     <trkpt lat="36.799285" lon="-121.783181"><ele>5.8</ele></trkpt>
     <trkpt lat="36.798423" lon="-121.783215"><ele>3.5</ele></trkpt>
     <trkpt lat="36.792190" lon="-121.783739"><ele>1.8</ele></trkpt>
     <trkpt lat="36.791015" lon="-121.783610"><ele>4.5</ele></trkpt>
     <trkpt lat="36.790464" lon="-121.783435"><ele>5.2</ele></trkpt>
     <trkpt lat="36.783226" lon="-121.780401"><ele>1.5</ele></trkpt>
     <trkpt lat="36.782782" lon="-121.780156"><ele>2.2</ele></trkpt>
     <trkpt lat="36.782418" lon="-121.779895"><ele>3.0</ele></trkpt>
     <trkpt lat="36.781499" lon="-121.779015"><ele>2.8</ele></trkpt>
     <trkpt lat="36.780399" lon="-121.777791"><ele>1.5</ele></trkpt>
     <trkpt lat="36.776956" lon="-121.773690"><ele>2.2</ele></trkpt>
     <trkpt lat="36.776206" lon="-121.772736"><ele>3.2</ele></trkpt>
     <trkpt lat="36.771759" lon="-121.766261"><ele>0.5</ele></trkpt>
     <trkpt lat="36.771210" lon="-121.765697"><ele>0.2</ele></trkpt>
     <trkpt lat="36.770792" lon="-121.765428"><ele>0.5</ele></trkpt>
     <trkpt lat="36.770823" lon="-121.765071"><ele>0.8</ele></trkpt>
     <trkpt lat="36.770741" lon="-121.764837"><ele>1.0</ele></trkpt>
     <trkpt lat="36.770627" lon="-121.764661"><ele>1.0</ele></trkpt>
     <trkpt lat="36.762600" lon="-121.753800"><ele>5.8</ele></trkpt>
     <trkpt lat="36.764082" lon="-121.752122"><ele>3.0</ele></trkpt>
     <trkpt lat="36.763394" lon="-121.751196"><ele>6.5</ele></trkpt>
     <trkpt lat="36.761904" lon="-121.752869"><ele>6.0</ele></trkpt>
     <trkpt lat="36.760950" lon="-121.751577"><ele>8.2</ele></trkpt>
     <trkpt lat="36.760627" lon="-121.752318"><ele>6.2</ele></trkpt>
     <trkpt lat="36.759475" lon="-121.754614"><ele>0.2</ele></trkpt>
     <trkpt lat="36.759400" lon="-121.755006"><ele>0.2</ele></trkpt>
     <trkpt lat="36.758805" lon="-121.756115"><ele>1.0</ele></trkpt>
     <trkpt lat="36.758273" lon="-121.757010"><ele>-0.2</ele></trkpt>
     <trkpt lat="36.756352" lon="-121.759804"><ele>1.2</ele></trkpt>
     <trkpt lat="36.754250" lon="-121.762701"><ele>0.2</ele></trkpt>
     <trkpt lat="36.753717" lon="-121.763291"><ele>-1.2</ele></trkpt>
     <trkpt lat="36.749028" lon="-121.768007"><ele>4.0</ele></trkpt>
     <trkpt lat="36.746466" lon="-121.770335"><ele>1.5</ele></trkpt>
     <trkpt lat="36.746082" lon="-121.770631"><ele>2.5</ele></trkpt>
     <trkpt lat="36.745928" lon="-121.770729"><ele>3.2</ele></trkpt>
     <trkpt lat="36.745843" lon="-121.770694"><ele>3.2</ele></trkpt>
     <trkpt lat="36.744523" lon="-121.769525"><ele>0.2</ele></trkpt>
     <trkpt lat="36.743448" lon="-121.768645"><ele>1.2</ele></trkpt>
     <trkpt lat="36.743215" lon="-121.768545"><ele>1.8</ele></trkpt>
     <trkpt lat="36.741200" lon="-121.766355"><ele>4.2</ele></trkpt>
     <trkpt lat="36.740051" lon="-121.768309"><ele>1.8</ele></trkpt>
     <trkpt lat="36.735361" lon="-121.776740"><ele>2.5</ele></trkpt>
     <trkpt lat="36.734169" lon="-121.778658"><ele>5.0</ele></trkpt>
     <trkpt lat="36.734042" lon="-121.778925"><ele>5.5</ele></trkpt>
     <trkpt lat="36.733823" lon="-121.779708"><ele>5.8</ele></trkpt>
     <trkpt lat="36.733622" lon="-121.780132"><ele>5.5</ele></trkpt>
     <trkpt lat="36.733281" lon="-121.780613"><ele>4.8</ele></trkpt>
     <trkpt lat="36.726930" lon="-121.787403"><ele>4.5</ele></trkpt>
     <trkpt lat="36.726372" lon="-121.787946"><ele>3.0</ele></trkpt>
     <trkpt lat="36.726017" lon="-121.788168"><ele>3.0</ele></trkpt>
     <trkpt lat="36.725404" lon="-121.788362"><ele>5.0</ele></trkpt>
     <trkpt lat="36.724315" lon="-121.788364"><ele>6.8</ele></trkpt>
     <trkpt lat="36.724045" lon="-121.788523"><ele>6.2</ele></trkpt>
     <trkpt lat="36.723790" lon="-121.788877"><ele>5.2</ele></trkpt>
     <trkpt lat="36.722509" lon="-121.788281"><ele>7.2</ele></trkpt>
     <trkpt lat="36.722229" lon="-121.788359"><ele>8.5</ele></trkpt>
     <trkpt lat="36.721977" lon="-121.788208"><ele>11.2</ele></trkpt>
     <trkpt lat="36.721242" lon="-121.787952"><ele>14.5</ele></trkpt>
     <trkpt lat="36.720766" lon="-121.787878"><ele>15.0</ele></trkpt>
     <trkpt lat="36.720119" lon="-121.787849"><ele>13.8</ele></trkpt>
     <trkpt lat="36.718201" lon="-121.788064"><ele>19.0</ele></trkpt>
     <trkpt lat="36.716719" lon="-121.788047"><ele>18.2</ele></trkpt>
     <trkpt lat="36.716352" lon="-121.788112"><ele>18.0</ele></trkpt>
     <trkpt lat="36.714134" lon="-121.788246"><ele>19.0</ele></trkpt>
     <trkpt lat="36.713264" lon="-121.788354"><ele>17.8</ele></trkpt>
     <trkpt lat="36.712022" lon="-121.788428"><ele>13.2</ele></trkpt>
     <trkpt lat="36.711028" lon="-121.788562"><ele>8.8</ele></trkpt>
     <trkpt lat="36.709718" lon="-121.788509"><ele>13.8</ele></trkpt>
     <trkpt lat="36.708488" lon="-121.788676"><ele>14.2</ele></trkpt>
     <trkpt lat="36.705630" lon="-121.788734"><ele>9.5</ele></trkpt>
     <trkpt lat="36.705489" lon="-121.788780"><ele>9.5</ele></trkpt>
     <trkpt lat="36.705284" lon="-121.788970"><ele>9.2</ele></trkpt>
     <trkpt lat="36.704405" lon="-121.788900"><ele>9.8</ele></trkpt>
     <trkpt lat="36.703676" lon="-121.789121"><ele>9.5</ele></trkpt>
     <trkpt lat="36.703168" lon="-121.789336"><ele>9.5</ele></trkpt>
     <trkpt lat="36.702424" lon="-121.789880"><ele>8.8</ele></trkpt>
     <trkpt lat="36.700141" lon="-121.791869"><ele>7.5</ele></trkpt>
     <trkpt lat="36.699676" lon="-121.792201"><ele>6.5</ele></trkpt>
     <trkpt lat="36.699606" lon="-121.792087"><ele>6.5</ele></trkpt>
     <trkpt lat="36.696148" lon="-121.795101"><ele>11.2</ele></trkpt>
     <trkpt lat="36.694853" lon="-121.796276"><ele>13.2</ele></trkpt>
     <trkpt lat="36.694754" lon="-121.796404"><ele>13.2</ele></trkpt>
     <trkpt lat="36.693818" lon="-121.797209"><ele>11.2</ele></trkpt>
     <trkpt lat="36.693744" lon="-121.797351"><ele>11.2</ele></trkpt>
     <trkpt lat="36.693736" lon="-121.797456"><ele>11.0</ele></trkpt>
     <trkpt lat="36.693669" lon="-121.797538"><ele>11.0</ele></trkpt>
     <trkpt lat="36.693416" lon="-121.797575"><ele>11.5</ele></trkpt>
     <trkpt lat="36.692861" lon="-121.797940"><ele>10.2</ele></trkpt>
     <trkpt lat="36.692310" lon="-121.798163"><ele>10.2</ele></trkpt>
     <trkpt lat="36.691680" lon="-121.798250"><ele>12.0</ele></trkpt>
     <trkpt lat="36.690323" lon="-121.798289"><ele>12.2</ele></trkpt>
     <trkpt lat="36.689960" lon="-121.798337"><ele>11.5</ele></trkpt>
     <trkpt lat="36.689150" lon="-121.798604"><ele>0.5</ele></trkpt>
     <trkpt lat="36.688560" lon="-121.798948"><ele>-0.5</ele></trkpt>
     <trkpt lat="36.688077" lon="-121.799353"><ele>0.0</ele></trkpt>
     <trkpt lat="36.683472" lon="-121.803704"><ele>9.8</ele></trkpt>
     <trkpt lat="36.683513" lon="-121.803812"><ele>9.8</ele></trkpt>
     <trkpt lat="36.683323" lon="-121.804039"><ele>10.0</ele></trkpt>
     <trkpt lat="36.682791" lon="-121.804457"><ele>9.5</ele></trkpt>
     <trkpt lat="36.681263" lon="-121.805858"><ele>4.8</ele></trkpt>
     <trkpt lat="36.678745" lon="-121.807643"><ele>11.0</ele></trkpt>
     <trkpt lat="36.677464" lon="-121.808459"><ele>13.2</ele></trkpt>
     <trkpt lat="36.676107" lon="-121.809195"><ele>15.5</ele></trkpt>
     <trkpt lat="36.674592" lon="-121.810278"><ele>12.2</ele></trkpt>
     <trkpt lat="36.672015" lon="-121.811963"><ele>12.8</ele></trkpt>
     <trkpt lat="36.669639" lon="-121.813673"><ele>13.0</ele></trkpt>
     <trkpt lat="36.666929" lon="-121.815024"><ele>14.2</ele></trkpt>
     <trkpt lat="36.664032" lon="-121.816123"><ele>15.5</ele></trkpt>
     <trkpt lat="36.662505" lon="-121.816541"><ele>19.8</ele></trkpt>
     <trkpt lat="36.659990" lon="-121.816855"><ele>19.0</ele></trkpt>
     <trkpt lat="36.656671" lon="-121.817196"><ele>28.2</ele></trkpt>
     <trkpt lat="36.655474" lon="-121.817087"><ele>30.5</ele></trkpt>
     <trkpt lat="36.655057" lon="-121.816962"><ele>31.5</ele></trkpt>
     <trkpt lat="36.654961" lon="-121.816859"><ele>31.8</ele></trkpt>
     <trkpt lat="36.654722" lon="-121.816877"><ele>31.8</ele></trkpt>
     <trkpt lat="36.654348" lon="-121.816756"><ele>32.5</ele></trkpt>
     <trkpt lat="36.651507" lon="-121.815441"><ele>35.8</ele></trkpt>
     <trkpt lat="36.650885" lon="-121.815237"><ele>36.0</ele></trkpt>
     <trkpt lat="36.650439" lon="-121.815148"><ele>37.0</ele></trkpt>
     <trkpt lat="36.649780" lon="-121.815079"><ele>38.2</ele></trkpt>
     <trkpt lat="36.649199" lon="-121.815117"><ele>38.8</ele></trkpt>
     <trkpt lat="36.648859" lon="-121.815208"><ele>40.0</ele></trkpt>
     <trkpt lat="36.648313" lon="-121.815557"><ele>42.8</ele></trkpt>
     <trkpt lat="36.647891" lon="-121.815949"><ele>44.2</ele></trkpt>
     <trkpt lat="36.647534" lon="-121.816474"><ele>43.5</ele></trkpt>
     <trkpt lat="36.647365" lon="-121.817075"><ele>41.5</ele></trkpt>
     <trkpt lat="36.647121" lon="-121.817754"><ele>41.0</ele></trkpt>
     <trkpt lat="36.646625" lon="-121.818747"><ele>39.8</ele></trkpt>
     <trkpt lat="36.646416" lon="-121.819063"><ele>37.0</ele></trkpt>
     <trkpt lat="36.645113" lon="-121.820634"><ele>34.5</ele></trkpt>
     <trkpt lat="36.642234" lon="-121.825469"><ele>28.2</ele></trkpt>
     <trkpt lat="36.641633" lon="-121.826323"><ele>28.2</ele></trkpt>
     <trkpt lat="36.637819" lon="-121.830491"><ele>26.8</ele></trkpt>
     <trkpt lat="36.636777" lon="-121.831489"><ele>27.0</ele></trkpt>
     <trkpt lat="36.635968" lon="-121.832047"><ele>31.2</ele></trkpt>
     <trkpt lat="36.634956" lon="-121.832578"><ele>30.0</ele></trkpt>
     <trkpt lat="36.633880" lon="-121.833324"><ele>29.2</ele></trkpt>
     <trkpt lat="36.629503" lon="-121.837510"><ele>18.5</ele></trkpt>
     <trkpt lat="36.627565" lon="-121.839251"><ele>14.5</ele></trkpt>
     <trkpt lat="36.627285" lon="-121.839455"><ele>14.0</ele></trkpt>
     <trkpt lat="36.626708" lon="-121.839681"><ele>16.0</ele></trkpt>
     <trkpt lat="36.626290" lon="-121.840029"><ele>18.8</ele></trkpt>
     <trkpt lat="36.625356" lon="-121.840931"><ele>23.8</ele></trkpt>
     <trkpt lat="36.624814" lon="-121.841269"><ele>23.0</ele></trkpt>
     <trkpt lat="36.624485" lon="-121.841403"><ele>22.0</ele></trkpt>
     <trkpt lat="36.624161" lon="-121.841455"><ele>21.5</ele></trkpt>
     <trkpt lat="36.623906" lon="-121.841414"><ele>21.0</ele></trkpt>
     <trkpt lat="36.623922" lon="-121.841601"><ele>20.5</ele></trkpt>
     <trkpt lat="36.624091" lon="-121.841726"><ele>22.0</ele></trkpt>
     <trkpt lat="36.624671" lon="-121.841671"><ele>22.0</ele></trkpt>
     <trkpt lat="36.624745" lon="-121.841749"><ele>23.0</ele></trkpt>
     <trkpt lat="36.624757" lon="-121.841836"><ele>24.5</ele></trkpt>
     <trkpt lat="36.624144" lon="-121.843013"><ele>30.5</ele></trkpt>
     <trkpt lat="36.624145" lon="-121.843159"><ele>30.5</ele></trkpt>
     <trkpt lat="36.624215" lon="-121.843293"><ele>30.8</ele></trkpt>
     <trkpt lat="36.624194" lon="-121.843693"><ele>30.2</ele></trkpt>
     <trkpt lat="36.623767" lon="-121.844480"><ele>27.8</ele></trkpt>
     <trkpt lat="36.623595" lon="-121.845061"><ele>24.8</ele></trkpt>
     <trkpt lat="36.623505" lon="-121.845222"><ele>22.0</ele></trkpt>
     <trkpt lat="36.623271" lon="-121.845469"><ele>18.8</ele></trkpt>
     <trkpt lat="36.621767" lon="-121.846637"><ele>17.5</ele></trkpt>
     <trkpt lat="36.620322" lon="-121.847411"><ele>11.0</ele></trkpt>
     <trkpt lat="36.620213" lon="-121.847298"><ele>11.5</ele></trkpt>
     <trkpt lat="36.619993" lon="-121.845895"><ele>9.2</ele></trkpt>
     <trkpt lat="36.619350" lon="-121.846259"><ele>7.8</ele></trkpt>
     <trkpt lat="36.618883" lon="-121.846265"><ele>6.5</ele></trkpt>
     <trkpt lat="36.618256" lon="-121.846609"><ele>8.2</ele></trkpt>
     <trkpt lat="36.617683" lon="-121.846836"><ele>8.5</ele></trkpt>
     <trkpt lat="36.617524" lon="-121.846805"><ele>8.0</ele></trkpt>
     <trkpt lat="36.616919" lon="-121.846414"><ele>7.8</ele></trkpt>
     <trkpt lat="36.616631" lon="-121.846533"><ele>8.8</ele></trkpt>
     <trkpt lat="36.616922" lon="-121.847261"><ele>15.2</ele></trkpt>
     <trkpt lat="36.618098" lon="-121.849358"><ele>12.0</ele></trkpt>
     <trkpt lat="36.616755" lon="-121.850230"><ele>10.0</ele></trkpt>
     <trkpt lat="36.615849" lon="-121.851029"><ele>4.5</ele></trkpt>
     <trkpt lat="36.615379" lon="-121.851548"><ele>7.8</ele></trkpt>
     <trkpt lat="36.612524" lon="-121.855113"><ele>-6.5</ele></trkpt>
     <trkpt lat="36.611849" lon="-121.856199"><ele>0.0</ele></trkpt>
     <trkpt lat="36.611180" lon="-121.857706"><ele>-0.5</ele></trkpt>
     <trkpt lat="36.611137" lon="-121.857993"><ele>0.5</ele></trkpt>
     <trkpt lat="36.611073" lon="-121.858028"><ele>1.0</ele></trkpt>
     <trkpt lat="36.611004" lon="-121.858166"><ele>1.8</ele></trkpt>
     <trkpt lat="36.610808" lon="-121.858075"><ele>2.2</ele></trkpt>
     <trkpt lat="36.610636" lon="-121.858371"><ele>3.0</ele></trkpt>
     <trkpt lat="36.610216" lon="-121.858833"><ele>5.2</ele></trkpt>
     <trkpt lat="36.609542" lon="-121.859772"><ele>1.2</ele></trkpt>
     <trkpt lat="36.609520" lon="-121.860077"><ele>-0.2</ele></trkpt>
     <trkpt lat="36.609693" lon="-121.860511"><ele>-2.0</ele></trkpt>
     <trkpt lat="36.609698" lon="-121.860733"><ele>-3.0</ele></trkpt>
     <trkpt lat="36.609169" lon="-121.861684"><ele>-2.2</ele></trkpt>
     <trkpt lat="36.608841" lon="-121.861892"><ele>-2.5</ele></trkpt>
     <trkpt lat="36.608516" lon="-121.861905"><ele>-3.8</ele></trkpt>
     <trkpt lat="36.608238" lon="-121.861754"><ele>-4.5</ele></trkpt>
     <trkpt lat="36.607870" lon="-121.861404"><ele>1.8</ele></trkpt>
     <trkpt lat="36.607653" lon="-121.861327"><ele>4.2</ele></trkpt>
     <trkpt lat="36.607482" lon="-121.861358"><ele>5.0</ele></trkpt>
     <trkpt lat="36.607360" lon="-121.861430"><ele>4.2</ele></trkpt>
     <trkpt lat="36.607221" lon="-121.861601"><ele>3.8</ele></trkpt>
     <trkpt lat="36.607014" lon="-121.861988"><ele>7.2</ele></trkpt>
     <trkpt lat="36.606835" lon="-121.862103"><ele>9.8</ele></trkpt>
     <trkpt lat="36.606588" lon="-121.862073"><ele>11.5</ele></trkpt>
     <trkpt lat="36.606197" lon="-121.861758"><ele>11.8</ele></trkpt>
     <trkpt lat="36.605561" lon="-121.861769"><ele>13.0</ele></trkpt>
     <trkpt lat="36.605329" lon="-121.861849"><ele>12.2</ele></trkpt>
     <trkpt lat="36.604900" lon="-121.862204"><ele>11.5</ele></trkpt>
     <trkpt lat="36.604716" lon="-121.862487"><ele>10.5</ele></trkpt>
     <trkpt lat="36.604077" lon="-121.864254"><ele>8.8</ele></trkpt>
     <trkpt lat="36.603789" lon="-121.864733"><ele>9.0</ele></trkpt>
     <trkpt lat="36.603656" lon="-121.864794"><ele>7.5</ele></trkpt>
     <trkpt lat="36.603520" lon="-121.864696"><ele>5.5</ele></trkpt>
     <trkpt lat="36.603510" lon="-121.864521"><ele>4.8</ele></trkpt>
     <trkpt lat="36.603872" lon="-121.864006"><ele>6.5</ele></trkpt>
     <trkpt lat="36.603990" lon="-121.863621"><ele>7.2</ele></trkpt>
     <trkpt lat="36.603909" lon="-121.863468"><ele>6.8</ele></trkpt>
     <trkpt lat="36.603708" lon="-121.863326"><ele>5.8</ele></trkpt>
     <trkpt lat="36.603611" lon="-121.863566"><ele>5.0</ele></trkpt>
     <trkpt lat="36.603596" lon="-121.863778"><ele>4.5</ele></trkpt>
     <trkpt lat="36.602854" lon="-121.865393"><ele>4.5</ele></trkpt>
     <trkpt lat="36.602755" lon="-121.865735"><ele>5.0</ele></trkpt>
     <trkpt lat="36.602377" lon="-121.866495"><ele>6.8</ele></trkpt>
     <trkpt lat="36.602369" lon="-121.866581"><ele>7.0</ele></trkpt>
     <trkpt lat="36.602225" lon="-121.866884"><ele>7.8</ele></trkpt>
     <trkpt lat="36.602136" lon="-121.866952"><ele>7.5</ele></trkpt>
     <trkpt lat="36.601264" lon="-121.868797"><ele>4.8</ele></trkpt>
     <trkpt lat="36.601102" lon="-121.869070"><ele>5.5</ele></trkpt>
     <trkpt lat="36.600860" lon="-121.870069"><ele>9.8</ele></trkpt>
     <trkpt lat="36.600810" lon="-121.870669"><ele>9.0</ele></trkpt>
     <trkpt lat="36.600857" lon="-121.871059"><ele>9.5</ele></trkpt>
     <trkpt lat="36.600657" lon="-121.872115"><ele>11.5</ele></trkpt>
     <trkpt lat="36.600560" lon="-121.873039"><ele>13.8</ele></trkpt>
     <trkpt lat="36.600469" lon="-121.873408"><ele>14.5</ele></trkpt>
     <trkpt lat="36.600291" lon="-121.875003"><ele>7.0</ele></trkpt>
     <trkpt lat="36.600231" lon="-121.875642"><ele>13.8</ele></trkpt>
     <trkpt lat="36.600440" lon="-121.882321"><ele>-3.5</ele></trkpt>
     <trkpt lat="36.600532" lon="-121.882992"><ele>-5.0</ele></trkpt>
     <trkpt lat="36.600499" lon="-121.883668"><ele>-4.0</ele></trkpt>
     <trkpt lat="36.600589" lon="-121.884661"><ele>0.0</ele></trkpt>
     <trkpt lat="36.600563" lon="-121.885645"><ele>0.0</ele></trkpt>
     <trkpt lat="36.600635" lon="-121.886550"><ele>-0.8</ele></trkpt>
     <trkpt lat="36.600640" lon="-121.887011"><ele>-1.8</ele></trkpt>
     <trkpt lat="36.600577" lon="-121.887286"><ele>-2.0</ele></trkpt>
     <trkpt lat="36.600580" lon="-121.887443"><ele>-2.5</ele></trkpt>
     <trkpt lat="36.600638" lon="-121.887606"><ele>-2.2</ele></trkpt>
     <trkpt lat="36.600785" lon="-121.888420"><ele>-0.8</ele></trkpt>
     <trkpt lat="36.600920" lon="-121.888802"><ele>-0.5</ele></trkpt>
     <trkpt lat="36.601005" lon="-121.889361"><ele>-0.5</ele></trkpt>
     <trkpt lat="36.600963" lon="-121.889622"><ele>-0.5</ele></trkpt>
     <trkpt lat="36.601009" lon="-121.889931"><ele>-0.8</ele></trkpt>
     <trkpt lat="36.598008" lon="-121.890479"><ele>1.0</ele></trkpt>
     <trkpt lat="36.597917" lon="-121.891932"><ele>1.8</ele></trkpt>
     <trkpt lat="36.597832" lon="-121.892706"><ele>3.5</ele></trkpt>
     <trkpt lat="36.595969" lon="-121.892094"><ele>9.2</ele></trkpt>
     <trkpt lat="36.594361" lon="-121.892271"><ele>12.2</ele></trkpt>
     <trkpt lat="36.594143" lon="-121.892310"><ele>13.5</ele></trkpt>
     <trkpt lat="36.593869" lon="-121.892439"><ele>14.2</ele></trkpt>
     <trkpt lat="36.593584" lon="-121.892667"><ele>15.5</ele></trkpt>
     <trkpt lat="36.592699" lon="-121.893641"><ele>21.0</ele></trkpt>
     <trkpt lat="36.592623" lon="-121.893523"><ele>22.0</ele></trkpt>
     <trkpt lat="36.592538" lon="-121.893481"><ele>22.8</ele></trkpt>
     <trkpt lat="36.592205" lon="-121.893641"><ele>23.8</ele></trkpt>
     <trkpt lat="36.591495" lon="-121.894330"><ele>28.0</ele></trkpt>
     <trkpt lat="36.591106" lon="-121.894748"><ele>28.5</ele></trkpt>
     <trkpt lat="36.590706" lon="-121.895274"><ele>31.0</ele></trkpt>
     <trkpt lat="36.590230" lon="-121.896088"><ele>43.0</ele></trkpt>
     <trkpt lat="36.589941" lon="-121.896385"><ele>47.8</ele></trkpt>
     <trkpt lat="36.589796" lon="-121.896367"><ele>47.5</ele></trkpt>
     <trkpt lat="36.589671" lon="-121.896412"><ele>47.8</ele></trkpt>
     <trkpt lat="36.589484" lon="-121.896575"><ele>49.2</ele></trkpt>
     <trkpt lat="36.588592" lon="-121.897675"><ele>53.5</ele></trkpt>
     <trkpt lat="36.588383" lon="-121.898066"><ele>54.2</ele></trkpt>
     <trkpt lat="36.587997" lon="-121.898412"><ele>55.2</ele></trkpt>
     <trkpt lat="36.587814" lon="-121.898710"><ele>55.5</ele></trkpt>
     <trkpt lat="36.587453" lon="-121.898913"><ele>56.5</ele></trkpt>
     <trkpt lat="36.587070" lon="-121.899291"><ele>56.2</ele></trkpt>
     <trkpt lat="36.586698" lon="-121.899348"><ele>56.2</ele></trkpt>
     <trkpt lat="36.586586" lon="-121.899327"><ele>56.5</ele></trkpt>
     <trkpt lat="36.586131" lon="-121.899609"><ele>58.8</ele></trkpt>
     <trkpt lat="36.585662" lon="-121.900164"><ele>61.0</ele></trkpt>
     <trkpt lat="36.585066" lon="-121.900544"><ele>62.8</ele></trkpt>
     <trkpt lat="36.584619" lon="-121.900718"><ele>64.2</ele></trkpt>
     <trkpt lat="36.584483" lon="-121.900811"><ele>64.8</ele></trkpt>
     <trkpt lat="36.584261" lon="-121.900859"><ele>65.0</ele></trkpt>
     <trkpt lat="36.583971" lon="-121.901106"><ele>67.5</ele></trkpt>
     <trkpt lat="36.583535" lon="-121.901370"><ele>72.8</ele></trkpt>
     <trkpt lat="36.583214" lon="-121.901633"><ele>76.5</ele></trkpt>
     <trkpt lat="36.582211" lon="-121.899898"><ele>77.2</ele></trkpt>
     <trkpt lat="36.581654" lon="-121.899335"><ele>80.0</ele></trkpt>
     <trkpt lat="36.581625" lon="-121.899259"><ele>80.0</ele></trkpt>
     <trkpt lat="36.581313" lon="-121.899077"><ele>87.8</ele></trkpt>
     <trkpt lat="36.581340" lon="-121.900122"><ele>97.5</ele></trkpt>
     <trkpt lat="36.581310" lon="-121.900295"><ele>99.8</ele></trkpt>
     <trkpt lat="36.581178" lon="-121.900644"><ele>106.0</ele></trkpt>
     <trkpt lat="36.580656" lon="-121.901738"><ele>115.2</ele></trkpt>
     <trkpt lat="36.580513" lon="-121.902166"><ele>117.5</ele></trkpt>
     <trkpt lat="36.580388" lon="-121.902788"><ele>117.5</ele></trkpt>
     <trkpt lat="36.580315" lon="-121.902973"><ele>118.0</ele></trkpt>
     <trkpt lat="36.579592" lon="-121.904074"><ele>120.5</ele></trkpt>
     <trkpt lat="36.578271" lon="-121.906626"><ele>134.0</ele></trkpt>
     <trkpt lat="36.578246" lon="-121.906806"><ele>135.5</ele></trkpt>
     <trkpt lat="36.578010" lon="-121.907261"><ele>142.2</ele></trkpt>
     <trkpt lat="36.575695" lon="-121.910914"><ele>175.5</ele></trkpt>
     <trkpt lat="36.575092" lon="-121.911630"><ele>177.0</ele></trkpt>
     <trkpt lat="36.574667" lon="-121.911998"><ele>173.2</ele></trkpt>
     <trkpt lat="36.574440" lon="-121.912089"><ele>172.8</ele></trkpt>
     <trkpt lat="36.574724" lon="-121.912370"><ele>168.8</ele></trkpt>
     <trkpt lat="36.575050" lon="-121.912593"><ele>166.5</ele></trkpt>
     <trkpt lat="36.575320" lon="-121.912621"><ele>171.0</ele></trkpt>
     <trkpt lat="36.575409" lon="-121.912682"><ele>172.2</ele></trkpt>
     <trkpt lat="36.575441" lon="-121.912754"><ele>172.5</ele></trkpt>
     <trkpt lat="36.575424" lon="-121.912907"><ele>171.8</ele></trkpt>
     <trkpt lat="36.575244" lon="-121.913072"><ele>168.8</ele></trkpt>
     <trkpt lat="36.575033" lon="-121.913111"><ele>165.5</ele></trkpt>
     <trkpt lat="36.574687" lon="-121.912992"><ele>164.0</ele></trkpt>
     <trkpt lat="36.574509" lon="-121.913069"><ele>162.5</ele></trkpt>
     <trkpt lat="36.574174" lon="-121.913006"><ele>161.5</ele></trkpt>
     <trkpt lat="36.573347" lon="-121.913151"><ele>162.0</ele></trkpt>
     <trkpt lat="36.572985" lon="-121.913174"><ele>161.5</ele></trkpt>
     <trkpt lat="36.570906" lon="-121.912878"><ele>171.5</ele></trkpt>
     <trkpt lat="36.568690" lon="-121.912689"><ele>183.2</ele></trkpt>
     <trkpt lat="36.567768" lon="-121.912760"><ele>183.0</ele></trkpt>
     <trkpt lat="36.567138" lon="-121.912958"><ele>181.2</ele></trkpt>
     <trkpt lat="36.566551" lon="-121.913295"><ele>179.0</ele></trkpt>
     <trkpt lat="36.566308" lon="-121.913534"><ele>178.0</ele></trkpt>
     <trkpt lat="36.566098" lon="-121.913877"><ele>176.2</ele></trkpt>
     <trkpt lat="36.565865" lon="-121.914397"><ele>171.5</ele></trkpt>
     <trkpt lat="36.565497" lon="-121.915622"><ele>158.5</ele></trkpt>
     <trkpt lat="36.565475" lon="-121.916299"><ele>151.5</ele></trkpt>
     <trkpt lat="36.565511" lon="-121.917501"><ele>144.2</ele></trkpt>
     <trkpt lat="36.565454" lon="-121.917867"><ele>141.5</ele></trkpt>
     <trkpt lat="36.564925" lon="-121.919527"><ele>128.8</ele></trkpt>
     <trkpt lat="36.563997" lon="-121.918756"><ele>125.0</ele></trkpt>
     <trkpt lat="36.563775" lon="-121.918665"><ele>124.8</ele></trkpt>
     <trkpt lat="36.563468" lon="-121.918677"><ele>124.8</ele></trkpt>
     <trkpt lat="36.563185" lon="-121.918834"><ele>124.5</ele></trkpt>
     <trkpt lat="36.562507" lon="-121.919560"><ele>118.0</ele></trkpt>
     <trkpt lat="36.561910" lon="-121.919978"><ele>110.2</ele></trkpt>
     <trkpt lat="36.561650" lon="-121.920064"><ele>108.0</ele></trkpt>
     <trkpt lat="36.560902" lon="-121.920112"><ele>103.5</ele></trkpt>
     <trkpt lat="36.560819" lon="-121.920166"><ele>102.8</ele></trkpt>
     <trkpt lat="36.560618" lon="-121.920325"><ele>102.8</ele></trkpt>
     <trkpt lat="36.560311" lon="-121.920776"><ele>100.2</ele></trkpt>
     <trkpt lat="36.559667" lon="-121.921101"><ele>95.2</ele></trkpt>
     <trkpt lat="36.559061" lon="-121.921860"><ele>82.5</ele></trkpt>
     <trkpt lat="36.546383" lon="-121.921804"><ele>43.0</ele></trkpt>
     <trkpt lat="36.546363" lon="-121.921017"><ele>43.8</ele></trkpt>
     <trkpt lat="36.545928" lon="-121.920654"><ele>41.5</ele></trkpt>
     <trkpt lat="36.545728" lon="-121.920277"><ele>38.8</ele></trkpt>
     <trkpt lat="36.545523" lon="-121.920015"><ele>37.2</ele></trkpt>
     <trkpt lat="36.545378" lon="-121.919890"><ele>36.2</ele></trkpt>
     <trkpt lat="36.544872" lon="-121.919653"><ele>30.8</ele></trkpt>
     <trkpt lat="36.544417" lon="-121.919586"><ele>23.5</ele></trkpt>
     <trkpt lat="36.543774" lon="-121.919570"><ele>16.5</ele></trkpt>
     <trkpt lat="36.543543" lon="-121.919482"><ele>14.0</ele></trkpt>
     <trkpt lat="36.543184" lon="-121.919138"><ele>10.8</ele></trkpt>
     <trkpt lat="36.542903" lon="-121.918702"><ele>9.5</ele></trkpt>
     <trkpt lat="36.542826" lon="-121.918487"><ele>9.2</ele></trkpt>
     <trkpt lat="36.541489" lon="-121.916097"><ele>7.0</ele></trkpt>
     <trkpt lat="36.540808" lon="-121.915048"><ele>8.5</ele></trkpt>
     <trkpt lat="36.540672" lon="-121.914654"><ele>9.5</ele></trkpt>
     <trkpt lat="36.540633" lon="-121.914413"><ele>10.2</ele></trkpt>
     <trkpt lat="36.540629" lon="-121.913995"><ele>11.2</ele></trkpt>
     <trkpt lat="36.540705" lon="-121.913167"><ele>12.2</ele></trkpt>
     <trkpt lat="36.540618" lon="-121.912526"><ele>12.8</ele></trkpt>
     <trkpt lat="36.540537" lon="-121.912301"><ele>10.8</ele></trkpt>
     <trkpt lat="36.540042" lon="-121.911356"><ele>5.2</ele></trkpt>
     <trkpt lat="36.539394" lon="-121.910195"><ele>0.5</ele></trkpt>
     <trkpt lat="36.538316" lon="-121.911065"><ele>2.8</ele></trkpt>
     <trkpt lat="36.537313" lon="-121.911591"><ele>5.8</ele></trkpt>
     <trkpt lat="36.536774" lon="-121.911961"><ele>5.5</ele></trkpt>
     <trkpt lat="36.534368" lon="-121.914415"><ele>4.5</ele></trkpt>
     <trkpt lat="36.530799" lon="-121.917404"><ele>11.8</ele></trkpt>
     <trkpt lat="36.529471" lon="-121.918625"><ele>18.0</ele></trkpt>
     <trkpt lat="36.527757" lon="-121.920570"><ele>39.0</ele></trkpt>
     <trkpt lat="36.522470" lon="-121.927117"><ele>1.2</ele></trkpt>
     <trkpt lat="36.521769" lon="-121.928146"><ele>4.2</ele></trkpt>
     <trkpt lat="36.521403" lon="-121.928797"><ele>9.5</ele></trkpt>
     <trkpt lat="36.519158" lon="-121.933310"><ele>21.0</ele></trkpt>
     <trkpt lat="36.518626" lon="-121.934154"><ele>23.5</ele></trkpt>
     <trkpt lat="36.517975" lon="-121.935001"><ele>25.5</ele></trkpt>
     <trkpt lat="36.517118" lon="-121.935847"><ele>30.8</ele></trkpt>
     <trkpt lat="36.516022" lon="-121.936687"><ele>32.0</ele></trkpt>
     <trkpt lat="36.515085" lon="-121.937228"><ele>34.0</ele></trkpt>
     <trkpt lat="36.513911" lon="-121.937707"><ele>38.0</ele></trkpt>
     <trkpt lat="36.513484" lon="-121.937832"><ele>37.8</ele></trkpt>
     <trkpt lat="36.512897" lon="-121.937949"><ele>37.0</ele></trkpt>
     <trkpt lat="36.511819" lon="-121.938049"><ele>38.2</ele></trkpt>
     <trkpt lat="36.510742" lon="-121.938097"><ele>40.0</ele></trkpt>
     <trkpt lat="36.510278" lon="-121.938085"><ele>39.2</ele></trkpt>
     <trkpt lat="36.510009" lon="-121.938015"><ele>39.5</ele></trkpt>
     <trkpt lat="36.509661" lon="-121.937877"><ele>41.5</ele></trkpt>
     <trkpt lat="36.509106" lon="-121.937504"><ele>45.0</ele></trkpt>
     <trkpt lat="36.508633" lon="-121.936998"><ele>42.8</ele></trkpt>
     <trkpt lat="36.508141" lon="-121.936279"><ele>42.5</ele></trkpt>
     <trkpt lat="36.507727" lon="-121.935991"><ele>42.8</ele></trkpt>
     <trkpt lat="36.507273" lon="-121.935935"><ele>44.0</ele></trkpt>
     <trkpt lat="36.505937" lon="-121.936095"><ele>47.2</ele></trkpt>
     <trkpt lat="36.505683" lon="-121.936205"><ele>45.8</ele></trkpt>
     <trkpt lat="36.505269" lon="-121.936536"><ele>42.2</ele></trkpt>
     <trkpt lat="36.504334" lon="-121.937550"><ele>30.5</ele></trkpt>
     <trkpt lat="36.504027" lon="-121.937765"><ele>27.5</ele></trkpt>
     <trkpt lat="36.503692" lon="-121.937861"><ele>27.0</ele></trkpt>
     <trkpt lat="36.503504" lon="-121.937847"><ele>28.5</ele></trkpt>
     <trkpt lat="36.503161" lon="-121.937691"><ele>33.5</ele></trkpt>
     <trkpt lat="36.502962" lon="-121.937639"><ele>35.0</ele></trkpt>
     <trkpt lat="36.502798" lon="-121.937651"><ele>34.8</ele></trkpt>
     <trkpt lat="36.501884" lon="-121.938119"><ele>26.8</ele></trkpt>
     <trkpt lat="36.501661" lon="-121.938138"><ele>27.8</ele></trkpt>
     <trkpt lat="36.501349" lon="-121.938041"><ele>30.2</ele></trkpt>
     <trkpt lat="36.499750" lon="-121.937032"><ele>31.2</ele></trkpt>
     <trkpt lat="36.498881" lon="-121.935895"><ele>34.8</ele></trkpt>
     <trkpt lat="36.498533" lon="-121.935679"><ele>34.5</ele></trkpt>
     <trkpt lat="36.498257" lon="-121.935655"><ele>32.5</ele></trkpt>
     <trkpt lat="36.497993" lon="-121.935751"><ele>32.5</ele></trkpt>
     <trkpt lat="36.497229" lon="-121.936378"><ele>38.8</ele></trkpt>
     <trkpt lat="36.496765" lon="-121.936633"><ele>47.0</ele></trkpt>
     <trkpt lat="36.494233" lon="-121.937674"><ele>56.0</ele></trkpt>
     <trkpt lat="36.493796" lon="-121.937733"><ele>61.2</ele></trkpt>
     <trkpt lat="36.493248" lon="-121.937654"><ele>70.2</ele></trkpt>
     <trkpt lat="36.492927" lon="-121.937656"><ele>71.8</ele></trkpt>
     <trkpt lat="36.492499" lon="-121.937824"><ele>71.2</ele></trkpt>
     <trkpt lat="36.492004" lon="-121.938128"><ele>70.2</ele></trkpt>
     <trkpt lat="36.491609" lon="-121.938249"><ele>70.8</ele></trkpt>
     <trkpt lat="36.491343" lon="-121.938284"><ele>68.8</ele></trkpt>
     <trkpt lat="36.490263" lon="-121.938243"><ele>63.0</ele></trkpt>
     <trkpt lat="36.489694" lon="-121.938147"><ele>59.8</ele></trkpt>
     <trkpt lat="36.488397" lon="-121.937791"><ele>52.2</ele></trkpt>
     <trkpt lat="36.487815" lon="-121.937722"><ele>52.5</ele></trkpt>
     <trkpt lat="36.485322" lon="-121.937839"><ele>47.8</ele></trkpt>
     <trkpt lat="36.484822" lon="-121.937798"><ele>44.8</ele></trkpt>
     <trkpt lat="36.484284" lon="-121.937629"><ele>40.0</ele></trkpt>
     <trkpt lat="36.483325" lon="-121.937209"><ele>33.8</ele></trkpt>
     <trkpt lat="36.482836" lon="-121.937120"><ele>30.8</ele></trkpt>
     <trkpt lat="36.481123" lon="-121.937174"><ele>26.8</ele></trkpt>
     <trkpt lat="36.480255" lon="-121.937120"><ele>31.0</ele></trkpt>
     <trkpt lat="36.479322" lon="-121.936769"><ele>26.8</ele></trkpt>
     <trkpt lat="36.478785" lon="-121.936483"><ele>27.0</ele></trkpt>
     <trkpt lat="36.478109" lon="-121.936268"><ele>28.5</ele></trkpt>
     <trkpt lat="36.475079" lon="-121.935730"><ele>30.2</ele></trkpt>
     <trkpt lat="36.472691" lon="-121.935255"><ele>27.5</ele></trkpt>
     <trkpt lat="36.471750" lon="-121.934813"><ele>32.0</ele></trkpt>
     <trkpt lat="36.471072" lon="-121.934328"><ele>28.2</ele></trkpt>
     <trkpt lat="36.469948" lon="-121.933195"><ele>30.5</ele></trkpt>
     <trkpt lat="36.469016" lon="-121.932156"><ele>28.8</ele></trkpt>
     <trkpt lat="36.468467" lon="-121.931322"><ele>25.8</ele></trkpt>
     <trkpt lat="36.467731" lon="-121.929998"><ele>26.8</ele></trkpt>
     <trkpt lat="36.467283" lon="-121.929494"><ele>21.2</ele></trkpt>
     <trkpt lat="36.466747" lon="-121.929020"><ele>20.5</ele></trkpt>
     <trkpt lat="36.464369" lon="-121.927309"><ele>31.5</ele></trkpt>
     <trkpt lat="36.461719" lon="-121.925482"><ele>41.0</ele></trkpt>
     <trkpt lat="36.460959" lon="-121.925050"><ele>39.8</ele></trkpt>
     <trkpt lat="36.460155" lon="-121.924690"><ele>36.0</ele></trkpt>
     <trkpt lat="36.459154" lon="-121.924349"><ele>38.0</ele></trkpt>
     <trkpt lat="36.458213" lon="-121.924139"><ele>31.8</ele></trkpt>
     <trkpt lat="36.455450" lon="-121.923892"><ele>22.0</ele></trkpt>
     <trkpt lat="36.454425" lon="-121.924026"><ele>26.0</ele></trkpt>
     <trkpt lat="36.453776" lon="-121.924243"><ele>28.8</ele></trkpt>
     <trkpt lat="36.453139" lon="-121.924592"><ele>34.5</ele></trkpt>
     <trkpt lat="36.452630" lon="-121.925000"><ele>40.2</ele></trkpt>
     <trkpt lat="36.451608" lon="-121.925970"><ele>57.0</ele></trkpt>
     <trkpt lat="36.451222" lon="-121.926229"><ele>55.8</ele></trkpt>
     <trkpt lat="36.450937" lon="-121.926359"><ele>52.0</ele></trkpt>
     <trkpt lat="36.450331" lon="-121.926548"><ele>43.2</ele></trkpt>
     <trkpt lat="36.449823" lon="-121.926600"><ele>38.2</ele></trkpt>
     <trkpt lat="36.449207" lon="-121.926505"><ele>40.2</ele></trkpt>
     <trkpt lat="36.448826" lon="-121.926375"><ele>40.2</ele></trkpt>
     <trkpt lat="36.448505" lon="-121.926225"><ele>41.0</ele></trkpt>
     <trkpt lat="36.436202" lon="-121.919206"><ele>34.2</ele></trkpt>
     <trkpt lat="36.435314" lon="-121.918830"><ele>35.5</ele></trkpt>
     <trkpt lat="36.433817" lon="-121.918356"><ele>35.8</ele></trkpt>
     <trkpt lat="36.433003" lon="-121.917937"><ele>36.0</ele></trkpt>
     <trkpt lat="36.432205" lon="-121.917428"><ele>37.8</ele></trkpt>
     <trkpt lat="36.431770" lon="-121.917088"><ele>43.8</ele></trkpt>
     <trkpt lat="36.429592" lon="-121.915029"><ele>58.2</ele></trkpt>
     <trkpt lat="36.428433" lon="-121.914108"><ele>59.2</ele></trkpt>
     <trkpt lat="36.427692" lon="-121.913630"><ele>58.2</ele></trkpt>
     <trkpt lat="36.426918" lon="-121.913221"><ele>56.0</ele></trkpt>
     <trkpt lat="36.425357" lon="-121.912649"><ele>44.5</ele></trkpt>
     <trkpt lat="36.424359" lon="-121.912435"><ele>45.2</ele></trkpt>
     <trkpt lat="36.423337" lon="-121.912327"><ele>38.2</ele></trkpt>
     <trkpt lat="36.422715" lon="-121.912315"><ele>31.2</ele></trkpt>
     <trkpt lat="36.421656" lon="-121.912396"><ele>26.0</ele></trkpt>
     <trkpt lat="36.420807" lon="-121.912567"><ele>32.5</ele></trkpt>
     <trkpt lat="36.420012" lon="-121.912794"><ele>32.2</ele></trkpt>
     <trkpt lat="36.418149" lon="-121.913479"><ele>26.0</ele></trkpt>
     <trkpt lat="36.417258" lon="-121.913882"><ele>27.5</ele></trkpt>
     <trkpt lat="36.415624" lon="-121.914360"><ele>38.2</ele></trkpt>
     <trkpt lat="36.414910" lon="-121.914369"><ele>38.5</ele></trkpt>
     <trkpt lat="36.412339" lon="-121.913935"><ele>33.5</ele></trkpt>
     <trkpt lat="36.411880" lon="-121.914030"><ele>35.2</ele></trkpt>
     <trkpt lat="36.411245" lon="-121.914432"><ele>39.5</ele></trkpt>
     <trkpt lat="36.410870" lon="-121.914603"><ele>45.8</ele></trkpt>
     <trkpt lat="36.410444" lon="-121.914667"><ele>40.8</ele></trkpt>
     <trkpt lat="36.410153" lon="-121.914603"><ele>39.5</ele></trkpt>
     <trkpt lat="36.409876" lon="-121.914468"><ele>39.2</ele></trkpt>
     <trkpt lat="36.409622" lon="-121.914257"><ele>40.0</ele></trkpt>
     <trkpt lat="36.407578" lon="-121.912031"><ele>44.0</ele></trkpt>
     <trkpt lat="36.406620" lon="-121.911195"><ele>44.2</ele></trkpt>
     <trkpt lat="36.405657" lon="-121.910645"><ele>47.8</ele></trkpt>
     <trkpt lat="36.403789" lon="-121.909842"><ele>62.0</ele></trkpt>
     <trkpt lat="36.403327" lon="-121.909531"><ele>71.0</ele></trkpt>
     <trkpt lat="36.402983" lon="-121.909196"><ele>64.0</ele></trkpt>
     <trkpt lat="36.401702" lon="-121.907184"><ele>55.5</ele></trkpt>
     <trkpt lat="36.400199" lon="-121.905511"><ele>46.0</ele></trkpt>
     <trkpt lat="36.399295" lon="-121.904573"><ele>42.5</ele></trkpt>
     <trkpt lat="36.398408" lon="-121.903875"><ele>38.0</ele></trkpt>
     <trkpt lat="36.397681" lon="-121.903496"><ele>38.2</ele></trkpt>
     <trkpt lat="36.397121" lon="-121.903290"><ele>40.2</ele></trkpt>
     <trkpt lat="36.389668" lon="-121.901475"><ele>73.5</ele></trkpt>
     <trkpt lat="36.385990" lon="-121.900647"><ele>56.8</ele></trkpt>
     <trkpt lat="36.384691" lon="-121.900294"><ele>61.0</ele></trkpt>
     <trkpt lat="36.383918" lon="-121.900160"><ele>61.5</ele></trkpt>
     <trkpt lat="36.383241" lon="-121.900169"><ele>63.8</ele></trkpt>
     <trkpt lat="36.382325" lon="-121.900351"><ele>54.8</ele></trkpt>
     <trkpt lat="36.381697" lon="-121.900602"><ele>43.0</ele></trkpt>
     <trkpt lat="36.380879" lon="-121.901063"><ele>38.2</ele></trkpt>
     <trkpt lat="36.380372" lon="-121.901424"><ele>35.2</ele></trkpt>
     <trkpt lat="36.379947" lon="-121.901916"><ele>29.5</ele></trkpt>
     <trkpt lat="36.378742" lon="-121.903138"><ele>28.2</ele></trkpt>
     <trkpt lat="36.378070" lon="-121.903775"><ele>44.5</ele></trkpt>
     <trkpt lat="36.377837" lon="-121.903917"><ele>44.8</ele></trkpt>
     <trkpt lat="36.377531" lon="-121.904025"><ele>50.0</ele></trkpt>
     <trkpt lat="36.376719" lon="-121.904070"><ele>64.8</ele></trkpt>
     <trkpt lat="36.376450" lon="-121.904211"><ele>67.0</ele></trkpt>
     <trkpt lat="36.375819" lon="-121.904682"><ele>52.0</ele></trkpt>
     <trkpt lat="36.375562" lon="-121.904794"><ele>53.2</ele></trkpt>
     <trkpt lat="36.375361" lon="-121.904833"><ele>58.8</ele></trkpt>
     <trkpt lat="36.374820" lon="-121.904761"><ele>78.8</ele></trkpt>
     <trkpt lat="36.374319" lon="-121.904916"><ele>72.5</ele></trkpt>
     <trkpt lat="36.373993" lon="-121.904967"><ele>71.0</ele></trkpt>
     <trkpt lat="36.373844" lon="-121.904973"><ele>71.2</ele></trkpt>
     <trkpt lat="36.373492" lon="-121.904836"><ele>76.0</ele></trkpt>
     <trkpt lat="36.373224" lon="-121.904562"><ele>77.5</ele></trkpt>
     <trkpt lat="36.372502" lon="-121.902594"><ele>80.8</ele></trkpt>
     <trkpt lat="36.372397" lon="-121.902422"><ele>80.5</ele></trkpt>
     <trkpt lat="36.372183" lon="-121.902221"><ele>80.2</ele></trkpt>
     <trkpt lat="36.371726" lon="-121.901981"><ele>79.8</ele></trkpt>
     <trkpt lat="36.370614" lon="-121.901590"><ele>78.8</ele></trkpt>
     <trkpt lat="36.370486" lon="-121.901602"><ele>78.8</ele></trkpt>
     <trkpt lat="36.369762" lon="-121.901862"><ele>78.0</ele></trkpt>
     <trkpt lat="36.369575" lon="-121.901888"><ele>78.0</ele></trkpt>
     <trkpt lat="36.369303" lon="-121.901856"><ele>82.0</ele></trkpt>
     <trkpt lat="36.368983" lon="-121.901652"><ele>87.0</ele></trkpt>
     <trkpt lat="36.368088" lon="-121.900657"><ele>96.8</ele></trkpt>
     <trkpt lat="36.367445" lon="-121.900211"><ele>100.2</ele></trkpt>
     <trkpt lat="36.367231" lon="-121.900102"><ele>103.2</ele></trkpt>
     <trkpt lat="36.364948" lon="-121.899392"><ele>119.0</ele></trkpt>
     <trkpt lat="36.364695" lon="-121.899368"><ele>120.5</ele></trkpt>
     <trkpt lat="36.364197" lon="-121.899457"><ele>121.5</ele></trkpt>
     <trkpt lat="36.363204" lon="-121.900037"><ele>125.0</ele></trkpt>
     <trkpt lat="36.362668" lon="-121.900260"><ele>129.0</ele></trkpt>
     <trkpt lat="36.361150" lon="-121.900552"><ele>138.8</ele></trkpt>
     <trkpt lat="36.360589" lon="-121.900611"><ele>142.5</ele></trkpt>
     <trkpt lat="36.360230" lon="-121.900572"><ele>143.8</ele></trkpt>
     <trkpt lat="36.359598" lon="-121.900275"><ele>151.0</ele></trkpt>
     <trkpt lat="36.359284" lon="-121.900183"><ele>155.0</ele></trkpt>
     <trkpt lat="36.358968" lon="-121.900190"><ele>158.5</ele></trkpt>
     <trkpt lat="36.358665" lon="-121.900279"><ele>160.8</ele></trkpt>
     <trkpt lat="36.358450" lon="-121.900389"><ele>161.2</ele></trkpt>
     <trkpt lat="36.358255" lon="-121.900556"><ele>163.2</ele></trkpt>
     <trkpt lat="36.358049" lon="-121.900846"><ele>171.2</ele></trkpt>
     <trkpt lat="36.357831" lon="-121.901354"><ele>173.5</ele></trkpt>
     <trkpt lat="36.357594" lon="-121.902369"><ele>161.8</ele></trkpt>
     <trkpt lat="36.357502" lon="-121.902530"><ele>161.8</ele></trkpt>
     <trkpt lat="36.357255" lon="-121.902714"><ele>156.2</ele></trkpt>
     <trkpt lat="36.356964" lon="-121.902701"><ele>158.0</ele></trkpt>
     <trkpt lat="36.356022" lon="-121.902165"><ele>170.0</ele></trkpt>
     <trkpt lat="36.355824" lon="-121.902091"><ele>171.8</ele></trkpt>
     <trkpt lat="36.355365" lon="-121.902016"><ele>154.2</ele></trkpt>
     <trkpt lat="36.354831" lon="-121.901709"><ele>143.8</ele></trkpt>
     <trkpt lat="36.354560" lon="-121.901599"><ele>140.0</ele></trkpt>
     <trkpt lat="36.353858" lon="-121.901493"><ele>114.2</ele></trkpt>
     <trkpt lat="36.353609" lon="-121.901389"><ele>108.2</ele></trkpt>
     <trkpt lat="36.353422" lon="-121.901241"><ele>106.8</ele></trkpt>
     <trkpt lat="36.352960" lon="-121.900419"><ele>132.0</ele></trkpt>
     <trkpt lat="36.352376" lon="-121.899850"><ele>121.5</ele></trkpt>
     <trkpt lat="36.352261" lon="-121.899538"><ele>133.5</ele></trkpt>
     <trkpt lat="36.352163" lon="-121.898295"><ele>156.5</ele></trkpt>
     <trkpt lat="36.352061" lon="-121.898030"><ele>154.8</ele></trkpt>
     <trkpt lat="36.351899" lon="-121.897822"><ele>151.0</ele></trkpt>
     <trkpt lat="36.351665" lon="-121.897725"><ele>144.2</ele></trkpt>
     <trkpt lat="36.351158" lon="-121.897802"><ele>119.0</ele></trkpt>
     <trkpt lat="36.350922" lon="-121.897783"><ele>108.0</ele></trkpt>
     <trkpt lat="36.350729" lon="-121.897674"><ele>102.8</ele></trkpt>
     <trkpt lat="36.350184" lon="-121.897229"><ele>95.0</ele></trkpt>
     <trkpt lat="36.349749" lon="-121.896977"><ele>89.2</ele></trkpt>
     <trkpt lat="36.348358" lon="-121.896512"><ele>82.5</ele></trkpt>
     <trkpt lat="36.347629" lon="-121.896081"><ele>91.0</ele></trkpt>
     <trkpt lat="36.347289" lon="-121.895742"><ele>99.8</ele></trkpt>
     <trkpt lat="36.346902" lon="-121.895067"><ele>137.2</ele></trkpt>
     <trkpt lat="36.346697" lon="-121.894935"><ele>137.8</ele></trkpt>
     <trkpt lat="36.346201" lon="-121.894798"><ele>111.2</ele></trkpt>
     <trkpt lat="36.345881" lon="-121.894541"><ele>104.8</ele></trkpt>
     <trkpt lat="36.345451" lon="-121.893615"><ele>108.5</ele></trkpt>
     <trkpt lat="36.344987" lon="-121.893293"><ele>96.5</ele></trkpt>
     <trkpt lat="36.344762" lon="-121.893029"><ele>101.0</ele></trkpt>
     <trkpt lat="36.344553" lon="-121.892677"><ele>107.2</ele></trkpt>
     <trkpt lat="36.344318" lon="-121.892156"><ele>111.2</ele></trkpt>
     <trkpt lat="36.344115" lon="-121.891938"><ele>110.2</ele></trkpt>
     <trkpt lat="36.343702" lon="-121.891816"><ele>109.5</ele></trkpt>
     <trkpt lat="36.343133" lon="-121.891929"><ele>96.8</ele></trkpt>
     <trkpt lat="36.342864" lon="-121.891895"><ele>90.8</ele></trkpt>
     <trkpt lat="36.342660" lon="-121.891781"><ele>90.0</ele></trkpt>
     <trkpt lat="36.342385" lon="-121.891509"><ele>92.5</ele></trkpt>
     <trkpt lat="36.342149" lon="-121.891355"><ele>91.0</ele></trkpt>
     <trkpt lat="36.341694" lon="-121.891255"><ele>83.2</ele></trkpt>
     <trkpt lat="36.341284" lon="-121.890973"><ele>85.0</ele></trkpt>
     <trkpt lat="36.341149" lon="-121.890804"><ele>88.8</ele></trkpt>
     <trkpt lat="36.340956" lon="-121.890714"><ele>89.5</ele></trkpt>
     <trkpt lat="36.340755" lon="-121.890699"><ele>88.0</ele></trkpt>
     <trkpt lat="36.340386" lon="-121.890738"><ele>86.0</ele></trkpt>
     <trkpt lat="36.339743" lon="-121.891019"><ele>76.0</ele></trkpt>
     <trkpt lat="36.338995" lon="-121.891217"><ele>69.5</ele></trkpt>
     <trkpt lat="36.338256" lon="-121.891225"><ele>70.2</ele></trkpt>
     <trkpt lat="36.337475" lon="-121.891553"><ele>59.5</ele></trkpt>
     <trkpt lat="36.337174" lon="-121.891596"><ele>56.2</ele></trkpt>
     <trkpt lat="36.336827" lon="-121.891555"><ele>54.5</ele></trkpt>
     <trkpt lat="36.336642" lon="-121.891468"><ele>54.2</ele></trkpt>
     <trkpt lat="36.336378" lon="-121.891242"><ele>50.0</ele></trkpt>
     <trkpt lat="36.335371" lon="-121.889740"><ele>47.5</ele></trkpt>
     <trkpt lat="36.335072" lon="-121.889056"><ele>44.0</ele></trkpt>
     <trkpt lat="36.334776" lon="-121.888024"><ele>42.0</ele></trkpt>
     <trkpt lat="36.333907" lon="-121.886052"><ele>27.0</ele></trkpt>
     <trkpt lat="36.333641" lon="-121.885650"><ele>26.0</ele></trkpt>
     <trkpt lat="36.333402" lon="-121.885458"><ele>20.8</ele></trkpt>
     <trkpt lat="36.333137" lon="-121.885344"><ele>19.0</ele></trkpt>
     <trkpt lat="36.332875" lon="-121.885312"><ele>17.5</ele></trkpt>
     <trkpt lat="36.332499" lon="-121.885395"><ele>15.2</ele></trkpt>
     <trkpt lat="36.332166" lon="-121.885609"><ele>13.0</ele></trkpt>
     <trkpt lat="36.332034" lon="-121.885734"><ele>12.2</ele></trkpt>
     <trkpt lat="36.331837" lon="-121.886034"><ele>12.2</ele></trkpt>
     <trkpt lat="36.331718" lon="-121.886375"><ele>15.2</ele></trkpt>
     <trkpt lat="36.331682" lon="-121.886768"><ele>18.5</ele></trkpt>
     <trkpt lat="36.331760" lon="-121.888440"><ele>27.0</ele></trkpt>
     <trkpt lat="36.332060" lon="-121.889913"><ele>30.5</ele></trkpt>
     <trkpt lat="36.332035" lon="-121.890378"><ele>30.8</ele></trkpt>
     <trkpt lat="36.331860" lon="-121.890799"><ele>33.5</ele></trkpt>
     <trkpt lat="36.331359" lon="-121.891261"><ele>36.2</ele></trkpt>
     <trkpt lat="36.327493" lon="-121.894043"><ele>40.0</ele></trkpt>
     <trkpt lat="36.327129" lon="-121.894249"><ele>43.2</ele></trkpt>
     <trkpt lat="36.326772" lon="-121.894298"><ele>47.0</ele></trkpt>
     <trkpt lat="36.326382" lon="-121.894226"><ele>45.5</ele></trkpt>
     <trkpt lat="36.325753" lon="-121.893786"><ele>54.0</ele></trkpt>
     <trkpt lat="36.325420" lon="-121.893662"><ele>61.8</ele></trkpt>
     <trkpt lat="36.325183" lon="-121.893675"><ele>63.2</ele></trkpt>
     <trkpt lat="36.324504" lon="-121.893869"><ele>60.8</ele></trkpt>
     <trkpt lat="36.324139" lon="-121.893837"><ele>65.0</ele></trkpt>
     <trkpt lat="36.323919" lon="-121.893708"><ele>67.0</ele></trkpt>
     <trkpt lat="36.323522" lon="-121.893197"><ele>76.0</ele></trkpt>
     <trkpt lat="36.323356" lon="-121.893049"><ele>77.5</ele></trkpt>
     <trkpt lat="36.323152" lon="-121.892992"><ele>81.2</ele></trkpt>
     <trkpt lat="36.322897" lon="-121.892985"><ele>85.2</ele></trkpt>
     <trkpt lat="36.322231" lon="-121.893154"><ele>82.5</ele></trkpt>
     <trkpt lat="36.321962" lon="-121.893132"><ele>80.0</ele></trkpt>
     <trkpt lat="36.321697" lon="-121.893049"><ele>79.0</ele></trkpt>
     <trkpt lat="36.321016" lon="-121.892668"><ele>77.0</ele></trkpt>
     <trkpt lat="36.320716" lon="-121.892558"><ele>75.8</ele></trkpt>
     <trkpt lat="36.320241" lon="-121.892484"><ele>72.2</ele></trkpt>
     <trkpt lat="36.319577" lon="-121.892524"><ele>64.8</ele></trkpt>
     <trkpt lat="36.318896" lon="-121.892419"><ele>61.8</ele></trkpt>
     <trkpt lat="36.316147" lon="-121.891474"><ele>54.0</ele></trkpt>
     <trkpt lat="36.315639" lon="-121.891209"><ele>51.5</ele></trkpt>
     <trkpt lat="36.314830" lon="-121.890620"><ele>48.5</ele></trkpt>
     <trkpt lat="36.307034" lon="-121.883764"><ele>46.2</ele></trkpt>
     <trkpt lat="36.306634" lon="-121.883366"><ele>46.2</ele></trkpt>
     <trkpt lat="36.303213" lon="-121.880339"><ele>47.8</ele></trkpt>
     <trkpt lat="36.302545" lon="-121.879671"><ele>44.2</ele></trkpt>
     <trkpt lat="36.301609" lon="-121.878566"><ele>39.0</ele></trkpt>
     <trkpt lat="36.300641" lon="-121.877171"><ele>41.0</ele></trkpt>
     <trkpt lat="36.299833" lon="-121.875729"><ele>45.8</ele></trkpt>
     <trkpt lat="36.289166" lon="-121.853751"><ele>33.8</ele></trkpt>
     <trkpt lat="36.288865" lon="-121.852672"><ele>33.5</ele></trkpt>
     <trkpt lat="36.288785" lon="-121.852013"><ele>33.0</ele></trkpt>
     <trkpt lat="36.288782" lon="-121.851212"><ele>33.0</ele></trkpt>
     <trkpt lat="36.288925" lon="-121.848147"><ele>31.0</ele></trkpt>
     <trkpt lat="36.288889" lon="-121.846599"><ele>33.2</ele></trkpt>
     <trkpt lat="36.288619" lon="-121.844904"><ele>28.2</ele></trkpt>
     <trkpt lat="36.288266" lon="-121.843774"><ele>28.5</ele></trkpt>
     <trkpt lat="36.287943" lon="-121.843124"><ele>32.8</ele></trkpt>
     <trkpt lat="36.287596" lon="-121.842554"><ele>36.2</ele></trkpt>
     <trkpt lat="36.287174" lon="-121.842026"><ele>39.0</ele></trkpt>
     <trkpt lat="36.286812" lon="-121.841654"><ele>38.5</ele></trkpt>
     <trkpt lat="36.286334" lon="-121.841271"><ele>38.5</ele></trkpt>
     <trkpt lat="36.285435" lon="-121.840762"><ele>37.8</ele></trkpt>
     <trkpt lat="36.285052" lon="-121.840496"><ele>41.5</ele></trkpt>
     <trkpt lat="36.284755" lon="-121.840210"><ele>44.5</ele></trkpt>
     <trkpt lat="36.284487" lon="-121.839863"><ele>44.8</ele></trkpt>
     <trkpt lat="36.284252" lon="-121.839469"><ele>43.0</ele></trkpt>
     <trkpt lat="36.284058" lon="-121.839020"><ele>41.0</ele></trkpt>
     <trkpt lat="36.282765" lon="-121.834920"><ele>37.5</ele></trkpt>
     <trkpt lat="36.282525" lon="-121.834233"><ele>35.2</ele></trkpt>
     <trkpt lat="36.282209" lon="-121.833515"><ele>35.0</ele></trkpt>
     <trkpt lat="36.281661" lon="-121.832677"><ele>33.0</ele></trkpt>
     <trkpt lat="36.276450" lon="-121.825691"><ele>40.2</ele></trkpt>
     <trkpt lat="36.276079" lon="-121.825107"><ele>38.8</ele></trkpt>
     <trkpt lat="36.275737" lon="-121.824248"><ele>37.2</ele></trkpt>
     <trkpt lat="36.275533" lon="-121.823375"><ele>43.5</ele></trkpt>
     <trkpt lat="36.275469" lon="-121.822533"><ele>50.5</ele></trkpt>
     <trkpt lat="36.275519" lon="-121.820948"><ele>49.8</ele></trkpt>
     <trkpt lat="36.275438" lon="-121.820365"><ele>51.8</ele></trkpt>
     <trkpt lat="36.275086" lon="-121.819369"><ele>49.0</ele></trkpt>
     <trkpt lat="36.274771" lon="-121.818949"><ele>53.0</ele></trkpt>
     <trkpt lat="36.273484" lon="-121.817763"><ele>52.0</ele></trkpt>
     <trkpt lat="36.273013" lon="-121.817098"><ele>48.2</ele></trkpt>
     <trkpt lat="36.272755" lon="-121.816485"><ele>46.2</ele></trkpt>
     <trkpt lat="36.272596" lon="-121.815858"><ele>48.0</ele></trkpt>
     <trkpt lat="36.272546" lon="-121.815276"><ele>48.2</ele></trkpt>
     <trkpt lat="36.272612" lon="-121.814489"><ele>50.0</ele></trkpt>
     <trkpt lat="36.272807" lon="-121.813614"><ele>57.0</ele></trkpt>
     <trkpt lat="36.272837" lon="-121.812878"><ele>58.8</ele></trkpt>
     <trkpt lat="36.272792" lon="-121.812139"><ele>58.2</ele></trkpt>
     <trkpt lat="36.272657" lon="-121.811574"><ele>55.0</ele></trkpt>
     <trkpt lat="36.271840" lon="-121.809557"><ele>55.8</ele></trkpt>
     <trkpt lat="36.271401" lon="-121.808827"><ele>53.0</ele></trkpt>
     <trkpt lat="36.270849" lon="-121.808262"><ele>51.2</ele></trkpt>
     <trkpt lat="36.270470" lon="-121.808002"><ele>57.0</ele></trkpt>
     <trkpt lat="36.270408" lon="-121.808156"><ele>52.2</ele></trkpt>
     <trkpt lat="36.270679" lon="-121.808296"><ele>49.5</ele></trkpt>
     <trkpt lat="36.270686" lon="-121.808347"><ele>48.5</ele></trkpt>
     <trkpt lat="36.270679" lon="-121.808296"><ele>49.5</ele></trkpt>
     <trkpt lat="36.270512" lon="-121.808184"><ele>52.0</ele></trkpt>
     <trkpt lat="36.270319" lon="-121.808155"><ele>52.0</ele></trkpt>
     <trkpt lat="36.270274" lon="-121.808082"><ele>53.8</ele></trkpt>
     <trkpt lat="36.270393" lon="-121.807954"><ele>58.0</ele></trkpt>
     <trkpt lat="36.269521" lon="-121.807512"><ele>62.8</ele></trkpt>
     <trkpt lat="36.269197" lon="-121.807205"><ele>66.5</ele></trkpt>
     <trkpt lat="36.268976" lon="-121.806949"><ele>69.5</ele></trkpt>
     <trkpt lat="36.268742" lon="-121.806550"><ele>70.5</ele></trkpt>
     <trkpt lat="36.268519" lon="-121.806114"><ele>68.0</ele></trkpt>
     <trkpt lat="36.268152" lon="-121.805190"><ele>72.8</ele></trkpt>
     <trkpt lat="36.267741" lon="-121.804548"><ele>76.0</ele></trkpt>
     <trkpt lat="36.267390" lon="-121.804247"><ele>74.0</ele></trkpt>
     <trkpt lat="36.265708" lon="-121.803117"><ele>73.2</ele></trkpt>
     <trkpt lat="36.264935" lon="-121.802307"><ele>76.5</ele></trkpt>
     <trkpt lat="36.264648" lon="-121.801857"><ele>75.2</ele></trkpt>
     <trkpt lat="36.264439" lon="-121.801425"><ele>75.8</ele></trkpt>
     <trkpt lat="36.264239" lon="-121.800780"><ele>75.0</ele></trkpt>
     <trkpt lat="36.264146" lon="-121.800303"><ele>78.5</ele></trkpt>
     <trkpt lat="36.264124" lon="-121.799772"><ele>82.5</ele></trkpt>
     <trkpt lat="36.264321" lon="-121.796406"><ele>78.5</ele></trkpt>
     <trkpt lat="36.264308" lon="-121.795928"><ele>77.8</ele></trkpt>
     <trkpt lat="36.264041" lon="-121.795184"><ele>81.0</ele></trkpt>
     <trkpt lat="36.263898" lon="-121.794977"><ele>83.5</ele></trkpt>
     <trkpt lat="36.263543" lon="-121.794647"><ele>88.0</ele></trkpt>
     <trkpt lat="36.263293" lon="-121.794487"><ele>88.5</ele></trkpt>
     <trkpt lat="36.261383" lon="-121.793483"><ele>83.5</ele></trkpt>
     <trkpt lat="36.261092" lon="-121.793216"><ele>82.5</ele></trkpt>
     <trkpt lat="36.260846" lon="-121.792918"><ele>82.8</ele></trkpt>
     <trkpt lat="36.260578" lon="-121.792360"><ele>83.5</ele></trkpt>
     <trkpt lat="36.260207" lon="-121.790682"><ele>84.5</ele></trkpt>
     <trkpt lat="36.260082" lon="-121.790207"><ele>84.8</ele></trkpt>
     <trkpt lat="36.259898" lon="-121.789752"><ele>86.2</ele></trkpt>
     <trkpt lat="36.259332" lon="-121.788922"><ele>89.8</ele></trkpt>
     <trkpt lat="36.259068" lon="-121.788710"><ele>88.8</ele></trkpt>
     <trkpt lat="36.258733" lon="-121.788511"><ele>87.0</ele></trkpt>
     <trkpt lat="36.258356" lon="-121.788381"><ele>81.0</ele></trkpt>
     <trkpt lat="36.257768" lon="-121.788330"><ele>75.5</ele></trkpt>
     <trkpt lat="36.255820" lon="-121.788342"><ele>82.8</ele></trkpt>
     <trkpt lat="36.255483" lon="-121.788297"><ele>81.0</ele></trkpt>
     <trkpt lat="36.255141" lon="-121.788185"><ele>80.5</ele></trkpt>
     <trkpt lat="36.254515" lon="-121.787770"><ele>81.2</ele></trkpt>
     <trkpt lat="36.254114" lon="-121.787562"><ele>77.5</ele></trkpt>
     <trkpt lat="36.253761" lon="-121.787439"><ele>83.2</ele></trkpt>
     <trkpt lat="36.253276" lon="-121.787343"><ele>90.0</ele></trkpt>
     <trkpt lat="36.252191" lon="-121.787328"><ele>85.5</ele></trkpt>
     <trkpt lat="36.251588" lon="-121.787204"><ele>86.0</ele></trkpt>
     <trkpt lat="36.250766" lon="-121.786810"><ele>88.5</ele></trkpt>
     <trkpt lat="36.249945" lon="-121.786059"><ele>91.8</ele></trkpt>
     <trkpt lat="36.249622" lon="-121.785673"><ele>93.8</ele></trkpt>
     <trkpt lat="36.249224" lon="-121.784850"><ele>91.8</ele></trkpt>
     <trkpt lat="36.248692" lon="-121.783522"><ele>108.8</ele></trkpt>
     <trkpt lat="36.248428" lon="-121.783001"><ele>107.8</ele></trkpt>
     <trkpt lat="36.248054" lon="-121.782368"><ele>106.0</ele></trkpt>
     <trkpt lat="36.247755" lon="-121.782056"><ele>107.5</ele></trkpt>
     <trkpt lat="36.247253" lon="-121.781641"><ele>106.5</ele></trkpt>
     <trkpt lat="36.244726" lon="-121.780767"><ele>131.5</ele></trkpt>
     <trkpt lat="36.244157" lon="-121.780402"><ele>135.2</ele></trkpt>
     <trkpt lat="36.243360" lon="-121.779568"><ele>147.0</ele></trkpt>
     <trkpt lat="36.243073" lon="-121.779341"><ele>149.0</ele></trkpt>
     <trkpt lat="36.241636" lon="-121.778619"><ele>157.2</ele></trkpt>
     <trkpt lat="36.240785" lon="-121.777876"><ele>154.8</ele></trkpt>
     <trkpt lat="36.240190" lon="-121.777058"><ele>171.8</ele></trkpt>
     <trkpt lat="36.239362" lon="-121.775307"><ele>193.8</ele></trkpt>
     <trkpt lat="36.238865" lon="-121.773970"><ele>197.0</ele></trkpt>
     <trkpt lat="36.238748" lon="-121.773509"><ele>199.0</ele></trkpt>
     <trkpt lat="36.238572" lon="-121.772482"><ele>201.2</ele></trkpt>
     <trkpt lat="36.238357" lon="-121.771919"><ele>205.2</ele></trkpt>
     <trkpt lat="36.238245" lon="-121.771728"><ele>207.8</ele></trkpt>
     <trkpt lat="36.237284" lon="-121.770526"><ele>217.8</ele></trkpt>
     <trkpt lat="36.236465" lon="-121.769250"><ele>230.5</ele></trkpt>
     <trkpt lat="36.236168" lon="-121.768897"><ele>232.8</ele></trkpt>
     <trkpt lat="36.235472" lon="-121.768314"><ele>243.0</ele></trkpt>
     <trkpt lat="36.234710" lon="-121.767775"><ele>255.8</ele></trkpt>
     <trkpt lat="36.233749" lon="-121.767231"><ele>267.2</ele></trkpt>
     <trkpt lat="36.232798" lon="-121.766891"><ele>277.2</ele></trkpt>
     <trkpt lat="36.232427" lon="-121.766695"><ele>280.5</ele></trkpt>
     <trkpt lat="36.231385" lon="-121.765604"><ele>287.2</ele></trkpt>
     <trkpt lat="36.230249" lon="-121.764845"><ele>290.2</ele></trkpt>
     <trkpt lat="36.229755" lon="-121.764709"><ele>292.2</ele></trkpt>
     <trkpt lat="36.228742" lon="-121.764761"><ele>301.5</ele></trkpt>
     <trkpt lat="36.228363" lon="-121.764741"><ele>304.8</ele></trkpt>
     <trkpt lat="36.228089" lon="-121.764630"><ele>303.2</ele></trkpt>
     <trkpt lat="36.227219" lon="-121.763901"><ele>292.8</ele></trkpt>
     <trkpt lat="36.226770" lon="-121.763013"><ele>289.5</ele></trkpt>
     <trkpt lat="36.226614" lon="-121.762806"><ele>290.0</ele></trkpt>
     <trkpt lat="36.226339" lon="-121.762593"><ele>288.8</ele></trkpt>
     <trkpt lat="36.225785" lon="-121.762356"><ele>281.5</ele></trkpt>
     <trkpt lat="36.225531" lon="-121.762042"><ele>278.2</ele></trkpt>
     <trkpt lat="36.225429" lon="-121.761779"><ele>275.8</ele></trkpt>
     <trkpt lat="36.225414" lon="-121.761270"><ele>272.2</ele></trkpt>
     <trkpt lat="36.225458" lon="-121.761062"><ele>272.2</ele></trkpt>
     <trkpt lat="36.225652" lon="-121.760564"><ele>278.0</ele></trkpt>
     <trkpt lat="36.225674" lon="-121.760252"><ele>278.5</ele></trkpt>
     <trkpt lat="36.225554" lon="-121.759966"><ele>273.8</ele></trkpt>
     <trkpt lat="36.225155" lon="-121.759577"><ele>263.8</ele></trkpt>
     <trkpt lat="36.225018" lon="-121.759391"><ele>261.0</ele></trkpt>
     <trkpt lat="36.224898" lon="-121.759060"><ele>262.8</ele></trkpt>
     <trkpt lat="36.224818" lon="-121.758559"><ele>264.8</ele></trkpt>
     <trkpt lat="36.224653" lon="-121.758260"><ele>265.8</ele></trkpt>
     <trkpt lat="36.224419" lon="-121.758105"><ele>266.8</ele></trkpt>
     <trkpt lat="36.224260" lon="-121.758081"><ele>265.8</ele></trkpt>
     <trkpt lat="36.224099" lon="-121.758117"><ele>263.0</ele></trkpt>
     <trkpt lat="36.223867" lon="-121.758255"><ele>257.5</ele></trkpt>
     <trkpt lat="36.223264" lon="-121.758963"><ele>239.5</ele></trkpt>
     <trkpt lat="36.223070" lon="-121.759111"><ele>236.0</ele></trkpt>
     <trkpt lat="36.222873" lon="-121.759155"><ele>234.8</ele></trkpt>
     <trkpt lat="36.222606" lon="-121.759048"><ele>234.0</ele></trkpt>
     <trkpt lat="36.222487" lon="-121.758912"><ele>232.2</ele></trkpt>
     <trkpt lat="36.222403" lon="-121.758737"><ele>228.8</ele></trkpt>
     <trkpt lat="36.222352" lon="-121.757796"><ele>222.0</ele></trkpt>
     <trkpt lat="36.222255" lon="-121.757442"><ele>218.5</ele></trkpt>
     <trkpt lat="36.222158" lon="-121.757244"><ele>218.5</ele></trkpt>
     <trkpt lat="36.221374" lon="-121.756081"><ele>215.5</ele></trkpt>
     <trkpt lat="36.221094" lon="-121.755420"><ele>218.8</ele></trkpt>
     <trkpt lat="36.220808" lon="-121.754484"><ele>220.8</ele></trkpt>
     <trkpt lat="36.220656" lon="-121.754214"><ele>224.0</ele></trkpt>
     <trkpt lat="36.220448" lon="-121.754073"><ele>227.0</ele></trkpt>
     <trkpt lat="36.220094" lon="-121.754088"><ele>225.0</ele></trkpt>
     <trkpt lat="36.219927" lon="-121.754157"><ele>221.2</ele></trkpt>
     <trkpt lat="36.219721" lon="-121.754385"><ele>215.8</ele></trkpt>
     <trkpt lat="36.219246" lon="-121.754764"><ele>205.8</ele></trkpt>
     <trkpt lat="36.218959" lon="-121.754802"><ele>199.5</ele></trkpt>
     <trkpt lat="36.218679" lon="-121.754707"><ele>194.2</ele></trkpt>
     <trkpt lat="36.218455" lon="-121.754506"><ele>191.2</ele></trkpt>
     <trkpt lat="36.218339" lon="-121.754314"><ele>190.2</ele></trkpt>
     <trkpt lat="36.217985" lon="-121.753219"><ele>190.8</ele></trkpt>
     <trkpt lat="36.217272" lon="-121.751934"><ele>184.5</ele></trkpt>
     <trkpt lat="36.217199" lon="-121.751470"><ele>186.0</ele></trkpt>
     <trkpt lat="36.217235" lon="-121.750601"><ele>192.5</ele></trkpt>
     <trkpt lat="36.217170" lon="-121.750434"><ele>194.5</ele></trkpt>
     <trkpt lat="36.217008" lon="-121.750255"><ele>197.2</ele></trkpt>
     <trkpt lat="36.216791" lon="-121.750141"><ele>200.2</ele></trkpt>
     <trkpt lat="36.216650" lon="-121.750140"><ele>200.0</ele></trkpt>
     <trkpt lat="36.216120" lon="-121.750347"><ele>192.0</ele></trkpt>
     <trkpt lat="36.215681" lon="-121.750584"><ele>180.8</ele></trkpt>
     <trkpt lat="36.215396" lon="-121.750645"><ele>174.5</ele></trkpt>
     <trkpt lat="36.215123" lon="-121.750555"><ele>171.8</ele></trkpt>
     <trkpt lat="36.214944" lon="-121.750359"><ele>169.8</ele></trkpt>
     <trkpt lat="36.214831" lon="-121.750009"><ele>168.2</ele></trkpt>
     <trkpt lat="36.214698" lon="-121.749351"><ele>171.2</ele></trkpt>
     <trkpt lat="36.214529" lon="-121.748898"><ele>165.8</ele></trkpt>
     <trkpt lat="36.214481" lon="-121.748618"><ele>166.2</ele></trkpt>
     <trkpt lat="36.214493" lon="-121.748015"><ele>172.2</ele></trkpt>
     <trkpt lat="36.214432" lon="-121.747732"><ele>172.0</ele></trkpt>
     <trkpt lat="36.214323" lon="-121.747520"><ele>170.2</ele></trkpt>
     <trkpt lat="36.214172" lon="-121.747349"><ele>173.8</ele></trkpt>
     <trkpt lat="36.213611" lon="-121.747006"><ele>167.0</ele></trkpt>
     <trkpt lat="36.213447" lon="-121.746819"><ele>168.8</ele></trkpt>
     <trkpt lat="36.212363" lon="-121.744492"><ele>186.2</ele></trkpt>
     <trkpt lat="36.212210" lon="-121.743915"><ele>186.0</ele></trkpt>
     <trkpt lat="36.212264" lon="-121.743642"><ele>188.2</ele></trkpt>
     <trkpt lat="36.212524" lon="-121.743114"><ele>202.2</ele></trkpt>
     <trkpt lat="36.212526" lon="-121.742908"><ele>204.2</ele></trkpt>
     <trkpt lat="36.212457" lon="-121.742652"><ele>203.8</ele></trkpt>
     <trkpt lat="36.212325" lon="-121.742476"><ele>202.0</ele></trkpt>
     <trkpt lat="36.212164" lon="-121.742395"><ele>200.2</ele></trkpt>
     <trkpt lat="36.211238" lon="-121.742192"><ele>185.0</ele></trkpt>
     <trkpt lat="36.210928" lon="-121.742056"><ele>183.2</ele></trkpt>
     <trkpt lat="36.210691" lon="-121.741854"><ele>181.5</ele></trkpt>
     <trkpt lat="36.210537" lon="-121.741585"><ele>181.5</ele></trkpt>
     <trkpt lat="36.210123" lon="-121.739811"><ele>182.0</ele></trkpt>
     <trkpt lat="36.210014" lon="-121.739551"><ele>181.2</ele></trkpt>
     <trkpt lat="36.209818" lon="-121.739269"><ele>179.2</ele></trkpt>
     <trkpt lat="36.208489" lon="-121.738031"><ele>173.5</ele></trkpt>
     <trkpt lat="36.208285" lon="-121.737750"><ele>173.8</ele></trkpt>
     <trkpt lat="36.208220" lon="-121.737598"><ele>175.0</ele></trkpt>
     <trkpt lat="36.208199" lon="-121.737293"><ele>173.8</ele></trkpt>
     <trkpt lat="36.208522" lon="-121.736616"><ele>187.8</ele></trkpt>
     <trkpt lat="36.208588" lon="-121.736402"><ele>191.2</ele></trkpt>
     <trkpt lat="36.208590" lon="-121.736178"><ele>190.2</ele></trkpt>
     <trkpt lat="36.208474" lon="-121.735480"><ele>177.5</ele></trkpt>
     <trkpt lat="36.208498" lon="-121.735210"><ele>178.0</ele></trkpt>
     <trkpt lat="36.208642" lon="-121.734857"><ele>188.0</ele></trkpt>
     <trkpt lat="36.208716" lon="-121.734532"><ele>194.8</ele></trkpt>
     <trkpt lat="36.208669" lon="-121.734227"><ele>194.8</ele></trkpt>
     <trkpt lat="36.208553" lon="-121.734021"><ele>197.2</ele></trkpt>
     <trkpt lat="36.208400" lon="-121.733914"><ele>198.5</ele></trkpt>
     <trkpt lat="36.208083" lon="-121.733918"><ele>203.0</ele></trkpt>
     <trkpt lat="36.207110" lon="-121.734360"><ele>207.2</ele></trkpt>
     <trkpt lat="36.206825" lon="-121.734596"><ele>207.2</ele></trkpt>
     <trkpt lat="36.206477" lon="-121.735023"><ele>198.0</ele></trkpt>
     <trkpt lat="36.205887" lon="-121.735387"><ele>201.0</ele></trkpt>
     <trkpt lat="36.205528" lon="-121.735371"><ele>191.2</ele></trkpt>
     <trkpt lat="36.205330" lon="-121.735224"><ele>187.8</ele></trkpt>
     <trkpt lat="36.204837" lon="-121.734270"><ele>189.5</ele></trkpt>
     <trkpt lat="36.204748" lon="-121.733979"><ele>186.5</ele></trkpt>
     <trkpt lat="36.204612" lon="-121.732949"><ele>182.8</ele></trkpt>
     <trkpt lat="36.204627" lon="-121.732734"><ele>184.0</ele></trkpt>
     <trkpt lat="36.204681" lon="-121.732574"><ele>189.0</ele></trkpt>
     <trkpt lat="36.204989" lon="-121.732136"><ele>208.8</ele></trkpt>
     <trkpt lat="36.205100" lon="-121.731847"><ele>209.2</ele></trkpt>
     <trkpt lat="36.205117" lon="-121.731517"><ele>208.5</ele></trkpt>
     <trkpt lat="36.205011" lon="-121.731206"><ele>205.8</ele></trkpt>
     <trkpt lat="36.204919" lon="-121.731071"><ele>202.0</ele></trkpt>
     <trkpt lat="36.204411" lon="-121.730631"><ele>185.8</ele></trkpt>
     <trkpt lat="36.204248" lon="-121.730400"><ele>186.0</ele></trkpt>
     <trkpt lat="36.204136" lon="-121.730114"><ele>191.2</ele></trkpt>
     <trkpt lat="36.203986" lon="-121.729867"><ele>198.2</ele></trkpt>
     <trkpt lat="36.203620" lon="-121.729504"><ele>201.8</ele></trkpt>
     <trkpt lat="36.203394" lon="-121.729364"><ele>196.0</ele></trkpt>
     <trkpt lat="36.202121" lon="-121.729011"><ele>155.8</ele></trkpt>
     <trkpt lat="36.201893" lon="-121.728844"><ele>153.5</ele></trkpt>
     <trkpt lat="36.201715" lon="-121.728583"><ele>157.2</ele></trkpt>
     <trkpt lat="36.201646" lon="-121.728342"><ele>165.0</ele></trkpt>
     <trkpt lat="36.201621" lon="-121.728078"><ele>160.0</ele></trkpt>
     <trkpt lat="36.201684" lon="-121.727726"><ele>159.2</ele></trkpt>
     <trkpt lat="36.202023" lon="-121.727019"><ele>173.8</ele></trkpt>
     <trkpt lat="36.202053" lon="-121.726703"><ele>171.8</ele></trkpt>
     <trkpt lat="36.201985" lon="-121.726165"><ele>168.5</ele></trkpt>
     <trkpt lat="36.201863" lon="-121.725811"><ele>164.2</ele></trkpt>
     <trkpt lat="36.201767" lon="-121.725668"><ele>163.8</ele></trkpt>
     <trkpt lat="36.201582" lon="-121.725510"><ele>162.2</ele></trkpt>
     <trkpt lat="36.201218" lon="-121.725371"><ele>156.8</ele></trkpt>
     <trkpt lat="36.200995" lon="-121.725228"><ele>156.8</ele></trkpt>
     <trkpt lat="36.200821" lon="-121.724998"><ele>162.0</ele></trkpt>
     <trkpt lat="36.200686" lon="-121.724696"><ele>157.5</ele></trkpt>
     <trkpt lat="36.200644" lon="-121.724412"><ele>158.8</ele></trkpt>
     <trkpt lat="36.200597" lon="-121.723216"><ele>169.5</ele></trkpt>
     <trkpt lat="36.200487" lon="-121.722529"><ele>170.0</ele></trkpt>
     <trkpt lat="36.200316" lon="-121.721937"><ele>170.5</ele></trkpt>
     <trkpt lat="36.199807" lon="-121.720565"><ele>175.0</ele></trkpt>
     <trkpt lat="36.199641" lon="-121.720251"><ele>175.0</ele></trkpt>
     <trkpt lat="36.199063" lon="-121.719617"><ele>175.5</ele></trkpt>
     <trkpt lat="36.198862" lon="-121.719297"><ele>175.2</ele></trkpt>
     <trkpt lat="36.198508" lon="-121.718136"><ele>178.0</ele></trkpt>
     <trkpt lat="36.198383" lon="-121.717858"><ele>180.2</ele></trkpt>
     <trkpt lat="36.198225" lon="-121.717694"><ele>180.0</ele></trkpt>
     <trkpt lat="36.197937" lon="-121.717564"><ele>176.0</ele></trkpt>
     <trkpt lat="36.197282" lon="-121.717390"><ele>160.0</ele></trkpt>
     <trkpt lat="36.197075" lon="-121.717184"><ele>157.5</ele></trkpt>
     <trkpt lat="36.196900" lon="-121.716750"><ele>165.2</ele></trkpt>
     <trkpt lat="36.196672" lon="-121.715665"><ele>184.5</ele></trkpt>
     <trkpt lat="36.196535" lon="-121.715377"><ele>186.8</ele></trkpt>
     <trkpt lat="36.196013" lon="-121.714666"><ele>186.0</ele></trkpt>
     <trkpt lat="36.195409" lon="-121.714165"><ele>177.5</ele></trkpt>
     <trkpt lat="36.195268" lon="-121.713989"><ele>172.0</ele></trkpt>
     <trkpt lat="36.195173" lon="-121.713702"><ele>170.0</ele></trkpt>
     <trkpt lat="36.195164" lon="-121.713351"><ele>173.0</ele></trkpt>
     <trkpt lat="36.195345" lon="-121.712915"><ele>169.0</ele></trkpt>
     <trkpt lat="36.195525" lon="-121.712740"><ele>170.0</ele></trkpt>
     <trkpt lat="36.196338" lon="-121.712245"><ele>185.8</ele></trkpt>
     <trkpt lat="36.196623" lon="-121.711959"><ele>187.0</ele></trkpt>
     <trkpt lat="36.196736" lon="-121.711714"><ele>184.2</ele></trkpt>
     <trkpt lat="36.196762" lon="-121.711516"><ele>183.5</ele></trkpt>
     <trkpt lat="36.196733" lon="-121.711343"><ele>181.5</ele></trkpt>
     <trkpt lat="36.196626" lon="-121.711121"><ele>179.8</ele></trkpt>
     <trkpt lat="36.196350" lon="-121.710913"><ele>180.2</ele></trkpt>
     <trkpt lat="36.195766" lon="-121.710689"><ele>181.0</ele></trkpt>
     <trkpt lat="36.195533" lon="-121.710640"><ele>183.2</ele></trkpt>
     <trkpt lat="36.194770" lon="-121.710681"><ele>183.0</ele></trkpt>
     <trkpt lat="36.194165" lon="-121.710823"><ele>170.5</ele></trkpt>
     <trkpt lat="36.193879" lon="-121.710845"><ele>174.5</ele></trkpt>
     <trkpt lat="36.192950" lon="-121.710872"><ele>180.5</ele></trkpt>
     <trkpt lat="36.192665" lon="-121.710777"><ele>180.8</ele></trkpt>
     <trkpt lat="36.192487" lon="-121.710624"><ele>181.8</ele></trkpt>
     <trkpt lat="36.192353" lon="-121.710431"><ele>178.0</ele></trkpt>
     <trkpt lat="36.192100" lon="-121.709643"><ele>188.0</ele></trkpt>
     <trkpt lat="36.191986" lon="-121.709457"><ele>189.2</ele></trkpt>
     <trkpt lat="36.191384" lon="-121.708912"><ele>184.0</ele></trkpt>
     <trkpt lat="36.191146" lon="-121.708550"><ele>185.0</ele></trkpt>
     <trkpt lat="36.190863" lon="-121.707905"><ele>189.0</ele></trkpt>
     <trkpt lat="36.190691" lon="-121.707674"><ele>188.2</ele></trkpt>
     <trkpt lat="36.189675" lon="-121.706798"><ele>184.5</ele></trkpt>
     <trkpt lat="36.189065" lon="-121.706472"><ele>185.2</ele></trkpt>
     <trkpt lat="36.188429" lon="-121.705988"><ele>193.0</ele></trkpt>
     <trkpt lat="36.188177" lon="-121.705889"><ele>189.5</ele></trkpt>
     <trkpt lat="36.187541" lon="-121.705855"><ele>170.2</ele></trkpt>
     <trkpt lat="36.187276" lon="-121.705707"><ele>171.2</ele></trkpt>
     <trkpt lat="36.186824" lon="-121.705174"><ele>180.0</ele></trkpt>
     <trkpt lat="36.186524" lon="-121.704737"><ele>177.2</ele></trkpt>
     <trkpt lat="36.186099" lon="-121.703768"><ele>181.0</ele></trkpt>
     <trkpt lat="36.185804" lon="-121.703279"><ele>183.2</ele></trkpt>
     <trkpt lat="36.184788" lon="-121.701833"><ele>173.0</ele></trkpt>
     <trkpt lat="36.184255" lon="-121.701395"><ele>170.0</ele></trkpt>
     <trkpt lat="36.183393" lon="-121.700819"><ele>158.5</ele></trkpt>
     <trkpt lat="36.183121" lon="-121.700591"><ele>158.5</ele></trkpt>
     <trkpt lat="36.182805" lon="-121.700231"><ele>168.0</ele></trkpt>
     <trkpt lat="36.182554" lon="-121.700055"><ele>172.5</ele></trkpt>
     <trkpt lat="36.182076" lon="-121.699912"><ele>178.5</ele></trkpt>
     <trkpt lat="36.181295" lon="-121.699809"><ele>173.2</ele></trkpt>
     <trkpt lat="36.180557" lon="-121.699883"><ele>148.5</ele></trkpt>
     <trkpt lat="36.180246" lon="-121.699843"><ele>140.8</ele></trkpt>
     <trkpt lat="36.179046" lon="-121.699099"><ele>138.8</ele></trkpt>
     <trkpt lat="36.178234" lon="-121.698683"><ele>136.8</ele></trkpt>
     <trkpt lat="36.178092" lon="-121.698631"><ele>135.2</ele></trkpt>
     <trkpt lat="36.177278" lon="-121.698644"><ele>108.0</ele></trkpt>
     <trkpt lat="36.176937" lon="-121.698482"><ele>111.2</ele></trkpt>
     <trkpt lat="36.176812" lon="-121.698285"><ele>116.0</ele></trkpt>
     <trkpt lat="36.176768" lon="-121.697971"><ele>108.2</ele></trkpt>
     <trkpt lat="36.176808" lon="-121.697793"><ele>106.8</ele></trkpt>
     <trkpt lat="36.177089" lon="-121.697182"><ele>114.0</ele></trkpt>
     <trkpt lat="36.177161" lon="-121.696509"><ele>110.0</ele></trkpt>
     <trkpt lat="36.177149" lon="-121.696108"><ele>109.8</ele></trkpt>
     <trkpt lat="36.176973" lon="-121.695654"><ele>96.0</ele></trkpt>
     <trkpt lat="36.176919" lon="-121.695400"><ele>92.5</ele></trkpt>
     <trkpt lat="36.176941" lon="-121.695135"><ele>95.2</ele></trkpt>
     <trkpt lat="36.177150" lon="-121.694233"><ele>95.2</ele></trkpt>
     <trkpt lat="36.177143" lon="-121.693943"><ele>91.2</ele></trkpt>
     <trkpt lat="36.177093" lon="-121.693757"><ele>87.8</ele></trkpt>
     <trkpt lat="36.176935" lon="-121.693519"><ele>83.0</ele></trkpt>
     <trkpt lat="36.176768" lon="-121.693384"><ele>81.2</ele></trkpt>
     <trkpt lat="36.176618" lon="-121.693326"><ele>84.0</ele></trkpt>
     <trkpt lat="36.176374" lon="-121.693322"><ele>97.8</ele></trkpt>
     <trkpt lat="36.176099" lon="-121.693470"><ele>105.2</ele></trkpt>
     <trkpt lat="36.175579" lon="-121.694070"><ele>79.5</ele></trkpt>
     <trkpt lat="36.175355" lon="-121.694177"><ele>75.8</ele></trkpt>
     <trkpt lat="36.175002" lon="-121.694193"><ele>79.8</ele></trkpt>
     <trkpt lat="36.174872" lon="-121.694119"><ele>76.8</ele></trkpt>
     <trkpt lat="36.174735" lon="-121.693948"><ele>78.8</ele></trkpt>
     <trkpt lat="36.174470" lon="-121.693203"><ele>102.8</ele></trkpt>
     <trkpt lat="36.174307" lon="-121.692942"><ele>105.8</ele></trkpt>
     <trkpt lat="36.174124" lon="-121.692788"><ele>103.8</ele></trkpt>
     <trkpt lat="36.173611" lon="-121.692514"><ele>97.5</ele></trkpt>
     <trkpt lat="36.173471" lon="-121.692332"><ele>97.8</ele></trkpt>
     <trkpt lat="36.173403" lon="-121.692214"><ele>97.8</ele></trkpt>
     <trkpt lat="36.173303" lon="-121.691868"><ele>100.2</ele></trkpt>
     <trkpt lat="36.173004" lon="-121.690386"><ele>119.8</ele></trkpt>
     <trkpt lat="36.172764" lon="-121.689980"><ele>117.2</ele></trkpt>
     <trkpt lat="36.172305" lon="-121.689553"><ele>111.2</ele></trkpt>
     <trkpt lat="36.172156" lon="-121.689379"><ele>110.5</ele></trkpt>
     <trkpt lat="36.172044" lon="-121.689157"><ele>112.8</ele></trkpt>
     <trkpt lat="36.171983" lon="-121.688889"><ele>114.8</ele></trkpt>
     <trkpt lat="36.171968" lon="-121.688025"><ele>129.5</ele></trkpt>
     <trkpt lat="36.171853" lon="-121.687522"><ele>132.2</ele></trkpt>
     <trkpt lat="36.171730" lon="-121.687234"><ele>135.8</ele></trkpt>
     <trkpt lat="36.171511" lon="-121.686890"><ele>136.5</ele></trkpt>
     <trkpt lat="36.170981" lon="-121.686263"><ele>133.5</ele></trkpt>
     <trkpt lat="36.170603" lon="-121.685603"><ele>138.8</ele></trkpt>
     <trkpt lat="36.170353" lon="-121.685296"><ele>142.5</ele></trkpt>
     <trkpt lat="36.169964" lon="-121.684984"><ele>141.5</ele></trkpt>
     <trkpt lat="36.169838" lon="-121.684784"><ele>138.2</ele></trkpt>
     <trkpt lat="36.169738" lon="-121.684411"><ele>138.0</ele></trkpt>
     <trkpt lat="36.169766" lon="-121.683665"><ele>143.0</ele></trkpt>
     <trkpt lat="36.169704" lon="-121.683316"><ele>140.2</ele></trkpt>
     <trkpt lat="36.169578" lon="-121.683051"><ele>139.5</ele></trkpt>
     <trkpt lat="36.169095" lon="-121.682497"><ele>135.0</ele></trkpt>
     <trkpt lat="36.168986" lon="-121.682309"><ele>133.2</ele></trkpt>
     <trkpt lat="36.168352" lon="-121.680272"><ele>135.2</ele></trkpt>
     <trkpt lat="36.168152" lon="-121.679220"><ele>131.2</ele></trkpt>
     <trkpt lat="36.168048" lon="-121.678926"><ele>132.5</ele></trkpt>
     <trkpt lat="36.167736" lon="-121.678397"><ele>130.2</ele></trkpt>
     <trkpt lat="36.165624" lon="-121.676440"><ele>116.5</ele></trkpt>
     <trkpt lat="36.165111" lon="-121.675919"><ele>120.2</ele></trkpt>
     <trkpt lat="36.164005" lon="-121.674373"><ele>109.2</ele></trkpt>
     <trkpt lat="36.163752" lon="-121.674107"><ele>109.0</ele></trkpt>
     <trkpt lat="36.163489" lon="-121.673903"><ele>112.5</ele></trkpt>
     <trkpt lat="36.162308" lon="-121.673498"><ele>97.5</ele></trkpt>
     <trkpt lat="36.162116" lon="-121.673387"><ele>97.8</ele></trkpt>
     <trkpt lat="36.161654" lon="-121.672942"><ele>103.5</ele></trkpt>
     <trkpt lat="36.161435" lon="-121.672819"><ele>103.8</ele></trkpt>
     <trkpt lat="36.161089" lon="-121.672729"><ele>100.5</ele></trkpt>
     <trkpt lat="36.160418" lon="-121.672676"><ele>88.8</ele></trkpt>
     <trkpt lat="36.160177" lon="-121.672606"><ele>85.8</ele></trkpt>
     <trkpt lat="36.159982" lon="-121.672483"><ele>84.2</ele></trkpt>
     <trkpt lat="36.159683" lon="-121.672115"><ele>76.8</ele></trkpt>
     <trkpt lat="36.159373" lon="-121.671351"><ele>81.5</ele></trkpt>
     <trkpt lat="36.159204" lon="-121.671029"><ele>82.0</ele></trkpt>
     <trkpt lat="36.159038" lon="-121.670782"><ele>82.5</ele></trkpt>
     <trkpt lat="36.158695" lon="-121.670506"><ele>76.0</ele></trkpt>
     <trkpt lat="36.157982" lon="-121.670313"><ele>79.0</ele></trkpt>
     <trkpt lat="36.157175" lon="-121.670482"><ele>78.2</ele></trkpt>
     <trkpt lat="36.156984" lon="-121.670485"><ele>74.2</ele></trkpt>
     <trkpt lat="36.156564" lon="-121.670343"><ele>65.0</ele></trkpt>
     <trkpt lat="36.156302" lon="-121.670136"><ele>57.0</ele></trkpt>
     <trkpt lat="36.156143" lon="-121.669957"><ele>53.8</ele></trkpt>
     <trkpt lat="36.155139" lon="-121.668407"><ele>54.5</ele></trkpt>
     <trkpt lat="36.154069" lon="-121.666535"><ele>58.5</ele></trkpt>
     <trkpt lat="36.153703" lon="-121.666015"><ele>60.2</ele></trkpt>
     <trkpt lat="36.153072" lon="-121.665332"><ele>61.5</ele></trkpt>
     <trkpt lat="36.150410" lon="-121.663206"><ele>68.2</ele></trkpt>
     <trkpt lat="36.150012" lon="-121.662813"><ele>72.0</ele></trkpt>
     <trkpt lat="36.149642" lon="-121.662354"><ele>75.5</ele></trkpt>
     <trkpt lat="36.148659" lon="-121.661034"><ele>84.2</ele></trkpt>
     <trkpt lat="36.148456" lon="-121.660691"><ele>90.2</ele></trkpt>
     <trkpt lat="36.148308" lon="-121.660342"><ele>95.2</ele></trkpt>
     <trkpt lat="36.147929" lon="-121.659265"><ele>95.0</ele></trkpt>
     <trkpt lat="36.147632" lon="-121.658768"><ele>95.0</ele></trkpt>
     <trkpt lat="36.147040" lon="-121.657979"><ele>97.5</ele></trkpt>
     <trkpt lat="36.146741" lon="-121.657749"><ele>96.2</ele></trkpt>
     <trkpt lat="36.146016" lon="-121.657484"><ele>92.5</ele></trkpt>
     <trkpt lat="36.145759" lon="-121.657334"><ele>91.5</ele></trkpt>
     <trkpt lat="36.145430" lon="-121.657105"><ele>89.2</ele></trkpt>
     <trkpt lat="36.145038" lon="-121.656747"><ele>92.5</ele></trkpt>
     <trkpt lat="36.143356" lon="-121.655015"><ele>97.5</ele></trkpt>
     <trkpt lat="36.142551" lon="-121.654101"><ele>98.8</ele></trkpt>
     <trkpt lat="36.136318" lon="-121.647745"><ele>104.2</ele></trkpt>
     <trkpt lat="36.135815" lon="-121.647308"><ele>95.2</ele></trkpt>
     <trkpt lat="36.134836" lon="-121.646692"><ele>101.8</ele></trkpt>
     <trkpt lat="36.132140" lon="-121.645163"><ele>94.8</ele></trkpt>
     <trkpt lat="36.129629" lon="-121.643568"><ele>81.0</ele></trkpt>
     <trkpt lat="36.128425" lon="-121.642467"><ele>71.0</ele></trkpt>
     <trkpt lat="36.127633" lon="-121.641579"><ele>69.0</ele></trkpt>
     <trkpt lat="36.127065" lon="-121.640728"><ele>75.8</ele></trkpt>
     <trkpt lat="36.125704" lon="-121.638210"><ele>71.2</ele></trkpt>
     <trkpt lat="36.125045" lon="-121.637218"><ele>70.0</ele></trkpt>
     <trkpt lat="36.122816" lon="-121.634171"><ele>84.8</ele></trkpt>
     <trkpt lat="36.121175" lon="-121.631381"><ele>118.8</ele></trkpt>
     <trkpt lat="36.120949" lon="-121.631049"><ele>123.2</ele></trkpt>
     <trkpt lat="36.120700" lon="-121.630774"><ele>130.0</ele></trkpt>
     <trkpt lat="36.120433" lon="-121.630597"><ele>134.0</ele></trkpt>
     <trkpt lat="36.119648" lon="-121.630328"><ele>134.2</ele></trkpt>
     <trkpt lat="36.117522" lon="-121.630038"><ele>130.2</ele></trkpt>
     <trkpt lat="36.116058" lon="-121.629531"><ele>126.5</ele></trkpt>
     <trkpt lat="36.114073" lon="-121.629124"><ele>121.0</ele></trkpt>
     <trkpt lat="36.113044" lon="-121.628774"><ele>113.2</ele></trkpt>
     <trkpt lat="36.112462" lon="-121.628509"><ele>107.0</ele></trkpt>
     <trkpt lat="36.110400" lon="-121.627180"><ele>90.5</ele></trkpt>
     <trkpt lat="36.110020" lon="-121.626716"><ele>91.8</ele></trkpt>
     <trkpt lat="36.109557" lon="-121.625788"><ele>97.0</ele></trkpt>
     <trkpt lat="36.109247" lon="-121.625365"><ele>96.5</ele></trkpt>
     <trkpt lat="36.108851" lon="-121.625114"><ele>97.0</ele></trkpt>
     <trkpt lat="36.108317" lon="-121.624956"><ele>94.2</ele></trkpt>
     <trkpt lat="36.107827" lon="-121.624660"><ele>93.0</ele></trkpt>
     <trkpt lat="36.107439" lon="-121.624247"><ele>91.0</ele></trkpt>
     <trkpt lat="36.107145" lon="-121.623771"><ele>90.2</ele></trkpt>
     <trkpt lat="36.106788" lon="-121.623364"><ele>94.0</ele></trkpt>
     <trkpt lat="36.106566" lon="-121.623195"><ele>96.2</ele></trkpt>
     <trkpt lat="36.106043" lon="-121.622939"><ele>100.8</ele></trkpt>
     <trkpt lat="36.105065" lon="-121.622652"><ele>107.2</ele></trkpt>
     <trkpt lat="36.104587" lon="-121.622453"><ele>103.2</ele></trkpt>
     <trkpt lat="36.102973" lon="-121.621180"><ele>103.2</ele></trkpt>
     <trkpt lat="36.101078" lon="-121.620462"><ele>89.5</ele></trkpt>
     <trkpt lat="36.100306" lon="-121.620331"><ele>84.8</ele></trkpt>
     <trkpt lat="36.099524" lon="-121.620378"><ele>79.0</ele></trkpt>
     <trkpt lat="36.098988" lon="-121.620333"><ele>76.5</ele></trkpt>
     <trkpt lat="36.097332" lon="-121.619682"><ele>83.0</ele></trkpt>
     <trkpt lat="36.095524" lon="-121.619505"><ele>79.2</ele></trkpt>
     <trkpt lat="36.094864" lon="-121.619390"><ele>78.8</ele></trkpt>
     <trkpt lat="36.094428" lon="-121.619245"><ele>76.5</ele></trkpt>
     <trkpt lat="36.093313" lon="-121.618757"><ele>68.0</ele></trkpt>
     <trkpt lat="36.091650" lon="-121.618461"><ele>62.5</ele></trkpt>
     <trkpt lat="36.091326" lon="-121.618295"><ele>62.5</ele></trkpt>
     <trkpt lat="36.090586" lon="-121.617702"><ele>84.8</ele></trkpt>
     <trkpt lat="36.090149" lon="-121.617511"><ele>89.0</ele></trkpt>
     <trkpt lat="36.089744" lon="-121.617529"><ele>86.5</ele></trkpt>
     <trkpt lat="36.089068" lon="-121.617736"><ele>74.0</ele></trkpt>
     <trkpt lat="36.088833" lon="-121.617757"><ele>72.8</ele></trkpt>
     <trkpt lat="36.088422" lon="-121.617733"><ele>75.2</ele></trkpt>
     <trkpt lat="36.087735" lon="-121.617590"><ele>88.8</ele></trkpt>
     <trkpt lat="36.087217" lon="-121.617596"><ele>83.0</ele></trkpt>
     <trkpt lat="36.086947" lon="-121.617521"><ele>82.8</ele></trkpt>
     <trkpt lat="36.086681" lon="-121.617384"><ele>82.2</ele></trkpt>
     <trkpt lat="36.086403" lon="-121.617142"><ele>76.8</ele></trkpt>
     <trkpt lat="36.086204" lon="-121.616839"><ele>75.8</ele></trkpt>
     <trkpt lat="36.086071" lon="-121.616497"><ele>77.5</ele></trkpt>
     <trkpt lat="36.085907" lon="-121.615759"><ele>86.0</ele></trkpt>
     <trkpt lat="36.085812" lon="-121.615512"><ele>88.0</ele></trkpt>
     <trkpt lat="36.085646" lon="-121.615240"><ele>87.8</ele></trkpt>
     <trkpt lat="36.085313" lon="-121.614899"><ele>82.8</ele></trkpt>
     <trkpt lat="36.084576" lon="-121.614292"><ele>76.5</ele></trkpt>
     <trkpt lat="36.084101" lon="-121.613842"><ele>82.5</ele></trkpt>
     <trkpt lat="36.083774" lon="-121.613599"><ele>87.0</ele></trkpt>
     <trkpt lat="36.083481" lon="-121.613458"><ele>85.2</ele></trkpt>
     <trkpt lat="36.083151" lon="-121.613435"><ele>75.5</ele></trkpt>
     <trkpt lat="36.082814" lon="-121.613341"><ele>71.2</ele></trkpt>
     <trkpt lat="36.081336" lon="-121.612505"><ele>70.2</ele></trkpt>
     <trkpt lat="36.080622" lon="-121.611991"><ele>65.2</ele></trkpt>
     <trkpt lat="36.080161" lon="-121.611534"><ele>69.8</ele></trkpt>
     <trkpt lat="36.079681" lon="-121.611165"><ele>70.8</ele></trkpt>
     <trkpt lat="36.079110" lon="-121.610925"><ele>63.5</ele></trkpt>
     <trkpt lat="36.078669" lon="-121.610575"><ele>62.5</ele></trkpt>
     <trkpt lat="36.078374" lon="-121.610190"><ele>65.2</ele></trkpt>
     <trkpt lat="36.077840" lon="-121.609331"><ele>62.5</ele></trkpt>
     <trkpt lat="36.076621" lon="-121.607055"><ele>74.8</ele></trkpt>
     <trkpt lat="36.076332" lon="-121.606617"><ele>79.2</ele></trkpt>
     <trkpt lat="36.076096" lon="-121.606405"><ele>82.8</ele></trkpt>
     <trkpt lat="36.075766" lon="-121.606287"><ele>83.5</ele></trkpt>
     <trkpt lat="36.075296" lon="-121.606252"><ele>89.0</ele></trkpt>
     <trkpt lat="36.074346" lon="-121.606609"><ele>70.0</ele></trkpt>
     <trkpt lat="36.074144" lon="-121.606649"><ele>66.5</ele></trkpt>
     <trkpt lat="36.073939" lon="-121.606629"><ele>64.0</ele></trkpt>
     <trkpt lat="36.073515" lon="-121.606467"><ele>64.2</ele></trkpt>
     <trkpt lat="36.072608" lon="-121.605881"><ele>58.5</ele></trkpt>
     <trkpt lat="36.072365" lon="-121.605661"><ele>54.5</ele></trkpt>
     <trkpt lat="36.072126" lon="-121.605308"><ele>50.0</ele></trkpt>
     <trkpt lat="36.071400" lon="-121.603503"><ele>52.8</ele></trkpt>
     <trkpt lat="36.070505" lon="-121.601726"><ele>41.5</ele></trkpt>
     <trkpt lat="36.070324" lon="-121.601219"><ele>31.0</ele></trkpt>
     <trkpt lat="36.069762" lon="-121.599044"><ele>20.0</ele></trkpt>
     <trkpt lat="36.069651" lon="-121.598754"><ele>26.5</ele></trkpt>
     <trkpt lat="36.069262" lon="-121.598086"><ele>35.0</ele></trkpt>
     <trkpt lat="36.068213" lon="-121.596616"><ele>32.5</ele></trkpt>
     <trkpt lat="36.067240" lon="-121.595122"><ele>43.8</ele></trkpt>
     <trkpt lat="36.066988" lon="-121.594615"><ele>49.0</ele></trkpt>
     <trkpt lat="36.066106" lon="-121.592502"><ele>65.5</ele></trkpt>
     <trkpt lat="36.065958" lon="-121.592248"><ele>68.8</ele></trkpt>
     <trkpt lat="36.065745" lon="-121.592072"><ele>67.5</ele></trkpt>
     <trkpt lat="36.065278" lon="-121.591958"><ele>58.8</ele></trkpt>
     <trkpt lat="36.064814" lon="-121.591778"><ele>56.2</ele></trkpt>
     <trkpt lat="36.063668" lon="-121.591206"><ele>61.5</ele></trkpt>
     <trkpt lat="36.063330" lon="-121.591131"><ele>61.8</ele></trkpt>
     <trkpt lat="36.063048" lon="-121.591123"><ele>61.5</ele></trkpt>
     <trkpt lat="36.061693" lon="-121.591250"><ele>58.2</ele></trkpt>
     <trkpt lat="36.061287" lon="-121.591222"><ele>60.2</ele></trkpt>
     <trkpt lat="36.058052" lon="-121.590449"><ele>75.5</ele></trkpt>
     <trkpt lat="36.056559" lon="-121.590029"><ele>82.5</ele></trkpt>
     <trkpt lat="36.056183" lon="-121.589840"><ele>82.0</ele></trkpt>
     <trkpt lat="36.055856" lon="-121.589572"><ele>81.5</ele></trkpt>
     <trkpt lat="36.055699" lon="-121.589384"><ele>79.0</ele></trkpt>
     <trkpt lat="36.054878" lon="-121.587930"><ele>86.0</ele></trkpt>
     <trkpt lat="36.054645" lon="-121.587716"><ele>89.5</ele></trkpt>
     <trkpt lat="36.054259" lon="-121.587616"><ele>84.5</ele></trkpt>
     <trkpt lat="36.051921" lon="-121.587390"><ele>87.5</ele></trkpt>
     <trkpt lat="36.051493" lon="-121.587463"><ele>87.2</ele></trkpt>
     <trkpt lat="36.051302" lon="-121.587586"><ele>87.0</ele></trkpt>
     <trkpt lat="36.051072" lon="-121.587831"><ele>84.5</ele></trkpt>
     <trkpt lat="36.050293" lon="-121.589301"><ele>68.8</ele></trkpt>
     <trkpt lat="36.050086" lon="-121.589584"><ele>66.5</ele></trkpt>
     <trkpt lat="36.049883" lon="-121.589725"><ele>65.5</ele></trkpt>
     <trkpt lat="36.049671" lon="-121.589792"><ele>65.0</ele></trkpt>
     <trkpt lat="36.049531" lon="-121.589813"><ele>65.5</ele></trkpt>
     <trkpt lat="36.049231" lon="-121.589718"><ele>72.0</ele></trkpt>
     <trkpt lat="36.049003" lon="-121.589487"><ele>73.0</ele></trkpt>
     <trkpt lat="36.048144" lon="-121.588200"><ele>74.0</ele></trkpt>
     <trkpt lat="36.046476" lon="-121.586388"><ele>67.0</ele></trkpt>
     <trkpt lat="36.045694" lon="-121.585667"><ele>64.8</ele></trkpt>
     <trkpt lat="36.043383" lon="-121.583722"><ele>52.8</ele></trkpt>
     <trkpt lat="36.041199" lon="-121.581493"><ele>61.5</ele></trkpt>
     <trkpt lat="36.040617" lon="-121.580990"><ele>67.8</ele></trkpt>
     <trkpt lat="36.039998" lon="-121.580658"><ele>69.5</ele></trkpt>
     <trkpt lat="36.039117" lon="-121.580413"><ele>70.8</ele></trkpt>
     <trkpt lat="36.038258" lon="-121.580115"><ele>75.0</ele></trkpt>
     <trkpt lat="36.037252" lon="-121.579598"><ele>74.5</ele></trkpt>
     <trkpt lat="36.035437" lon="-121.578310"><ele>85.5</ele></trkpt>
     <trkpt lat="36.033376" lon="-121.576748"><ele>91.0</ele></trkpt>
     <trkpt lat="36.031904" lon="-121.575820"><ele>90.8</ele></trkpt>
     <trkpt lat="36.030432" lon="-121.574604"><ele>99.8</ele></trkpt>
     <trkpt lat="36.026750" lon="-121.572992"><ele>87.8</ele></trkpt>
     <trkpt lat="36.026164" lon="-121.572689"><ele>85.0</ele></trkpt>
     <trkpt lat="36.025395" lon="-121.572131"><ele>79.2</ele></trkpt>
     <trkpt lat="36.024159" lon="-121.570960"><ele>78.0</ele></trkpt>
     <trkpt lat="36.023840" lon="-121.570554"><ele>76.8</ele></trkpt>
     <trkpt lat="36.023143" lon="-121.569430"><ele>74.2</ele></trkpt>
     <trkpt lat="36.021411" lon="-121.565567"><ele>73.8</ele></trkpt>
     <trkpt lat="36.021236" lon="-121.565111"><ele>74.0</ele></trkpt>
     <trkpt lat="36.021165" lon="-121.564651"><ele>72.8</ele></trkpt>
     <trkpt lat="36.021212" lon="-121.563961"><ele>73.8</ele></trkpt>
     <trkpt lat="36.021714" lon="-121.562124"><ele>89.0</ele></trkpt>
     <trkpt lat="36.021898" lon="-121.561017"><ele>98.8</ele></trkpt>
     <trkpt lat="36.021893" lon="-121.560511"><ele>99.8</ele></trkpt>
     <trkpt lat="36.021773" lon="-121.559168"><ele>109.0</ele></trkpt>
     <trkpt lat="36.021995" lon="-121.554597"><ele>106.8</ele></trkpt>
     <trkpt lat="36.021939" lon="-121.554142"><ele>106.8</ele></trkpt>
     <trkpt lat="36.021745" lon="-121.553174"><ele>107.0</ele></trkpt>
     <trkpt lat="36.021604" lon="-121.552862"><ele>108.5</ele></trkpt>
     <trkpt lat="36.021433" lon="-121.552597"><ele>108.8</ele></trkpt>
     <trkpt lat="36.021042" lon="-121.552258"><ele>105.2</ele></trkpt>
     <trkpt lat="36.020766" lon="-121.551945"><ele>104.8</ele></trkpt>
     <trkpt lat="36.020617" lon="-121.551708"><ele>106.8</ele></trkpt>
     <trkpt lat="36.020553" lon="-121.551473"><ele>107.2</ele></trkpt>
     <trkpt lat="36.020530" lon="-121.550916"><ele>110.2</ele></trkpt>
     <trkpt lat="36.020905" lon="-121.548906"><ele>123.5</ele></trkpt>
     <trkpt lat="36.020949" lon="-121.548373"><ele>124.5</ele></trkpt>
     <trkpt lat="36.020842" lon="-121.547488"><ele>124.2</ele></trkpt>
     <trkpt lat="36.020474" lon="-121.546033"><ele>123.0</ele></trkpt>
     <trkpt lat="36.020382" lon="-121.545293"><ele>127.5</ele></trkpt>
     <trkpt lat="36.020359" lon="-121.544669"><ele>131.8</ele></trkpt>
     <trkpt lat="36.020518" lon="-121.543317"><ele>135.0</ele></trkpt>
     <trkpt lat="36.020516" lon="-121.542767"><ele>147.0</ele></trkpt>
     <trkpt lat="36.020465" lon="-121.542385"><ele>154.2</ele></trkpt>
     <trkpt lat="36.019212" lon="-121.538559"><ele>155.2</ele></trkpt>
     <trkpt lat="36.018474" lon="-121.536537"><ele>136.5</ele></trkpt>
     <trkpt lat="36.018307" lon="-121.536220"><ele>134.5</ele></trkpt>
     <trkpt lat="36.018094" lon="-121.535924"><ele>132.2</ele></trkpt>
     <trkpt lat="36.017049" lon="-121.534907"><ele>123.8</ele></trkpt>
     <trkpt lat="36.016840" lon="-121.534617"><ele>122.8</ele></trkpt>
     <trkpt lat="36.016560" lon="-121.534094"><ele>119.2</ele></trkpt>
     <trkpt lat="36.016210" lon="-121.533300"><ele>114.0</ele></trkpt>
     <trkpt lat="36.016108" lon="-121.533011"><ele>113.5</ele></trkpt>
     <trkpt lat="36.015180" lon="-121.529188"><ele>98.8</ele></trkpt>
     <trkpt lat="36.014889" lon="-121.528518"><ele>96.0</ele></trkpt>
     <trkpt lat="36.014586" lon="-121.528053"><ele>91.0</ele></trkpt>
     <trkpt lat="36.014314" lon="-121.527765"><ele>83.2</ele></trkpt>
     <trkpt lat="36.013353" lon="-121.526915"><ele>71.5</ele></trkpt>
     <trkpt lat="36.011248" lon="-121.524907"><ele>39.8</ele></trkpt>
     <trkpt lat="36.010167" lon="-121.524018"><ele>35.0</ele></trkpt>
     <trkpt lat="36.010039" lon="-121.523849"><ele>35.5</ele></trkpt>
     <trkpt lat="36.009898" lon="-121.523539"><ele>39.8</ele></trkpt>
     <trkpt lat="36.009714" lon="-121.522670"><ele>45.8</ele></trkpt>
     <trkpt lat="36.009686" lon="-121.522338"><ele>45.5</ele></trkpt>
     <trkpt lat="36.009703" lon="-121.521300"><ele>44.5</ele></trkpt>
     <trkpt lat="36.009672" lon="-121.520868"><ele>43.8</ele></trkpt>
     <trkpt lat="36.009582" lon="-121.520394"><ele>39.2</ele></trkpt>
     <trkpt lat="36.009009" lon="-121.518858"><ele>27.8</ele></trkpt>
     <trkpt lat="36.008887" lon="-121.518634"><ele>26.0</ele></trkpt>
     <trkpt lat="36.008545" lon="-121.518204"><ele>22.8</ele></trkpt>
     <trkpt lat="36.008648" lon="-121.518165"><ele>23.8</ele></trkpt>
     <trkpt lat="36.008766" lon="-121.518268"><ele>22.2</ele></trkpt>
     <trkpt lat="36.008900" lon="-121.518220"><ele>23.5</ele></trkpt>
     <trkpt lat="36.009025" lon="-121.518070"><ele>28.2</ele></trkpt>
     <trkpt lat="36.009187" lon="-121.517957"><ele>33.2</ele></trkpt>
     <trkpt lat="36.009408" lon="-121.517914"><ele>38.0</ele></trkpt>
     <trkpt lat="36.009933" lon="-121.518139"><ele>36.8</ele></trkpt>
     <trkpt lat="36.010114" lon="-121.518343"><ele>30.8</ele></trkpt>
     <trkpt lat="36.009992" lon="-121.518381"><ele>30.2</ele></trkpt>
    </trkseg>
  </trk>
</gpx>
